,text
0,I go to bed. Joella tucks me in. I get my jammies on. I go to bed. I go to school. put on my clothes. and watch TV. and I drive. and they bring me to school.
1,my mom picks me up. I go home with my mom. and I go to bed. my mom close the shades. then I eat cookies.
2,two princesses first and two babies. and a mother and a father and a sister and a brother and nothing else. they all go for a walk in the park.
3,a princess and a queen and a castle. and two princesses and then two babies. and a sister and a brother. and a kitty cat and a mama and a dog. they go in a park. and they got dunking doughnuts. all finished.
4,a princess and then a prince married her. and then they got cats. and then some dogs. no more.
5,once there was a princess. and then a prince married her. and then we had babies. and then we had the mother and a castle.
6,once there was a princess. and then a king married her. and then we got babies. and then there was a pony. there was black pony. and then there was black beauty. and then that's the end.
7,once there was a princess. then she had babies. they had supper. and then they had pizza.
8,"once there was a princess. and then she got babies. there were two, one is Kita and one is Shita."
9,once there was a princess. and then she got married. and then Ariel comes. and then Ariel got babies. that's the end.
10,once there was a princess. and then a king married her. they got babies.
11,once there was a princess. then she got married. then they got a castle. then they got babies. that's the end.
12,"once there was a princess. then a ballerina came. then a monster came. then there was a king. the princess, the ballerina and the king played together. the monster walked away. then Ariel came. that's all."
13,once there was a princess. then she got married to a prince. then she got babies. then a bad guy came. and then there was Tina. the bad guy knocked the house down. and made a new house. Tina played with the babies.
14,once there was a princess. then she got babies. and then she got married. and then she got a castle. and then they got puppies. and then they got kittens. that's the end.
15,once there was Maureen. then there was me. then there was Claire. then there was Joella. that's the end.
16,once there was a princess. there was a queen. and then there was a dog. and then there was a queen again. then there was a cat. that's the end.
17,once there was a princess. and then there was a prince. then there was a queen and a castle. the prince and princess get married. and the queen rided on a pony. she had a lot of ponies and a unicorn.
18,once there was a princess. and there was a queen. the princess and the queen got married. that's the end.
19,once there was a princess. and then she got married to a prince. and then a unicorn comed. and then there was a queen. and then there was a pony. and that's the end.
20,once there was a princess. and then there was a prince. and then they got married. and there was a pony. and then there was a unicorn. that's the end.
21,once there was me. and then there was Claire. and then there was Maureen. and then there was my sister. and then there was my cat. and then there was my fish. and then we ate cookies.
22,once there was a princess. and then there was a prince. and then there were the babies. and then they rode bikes. and then they went in the car. then there was a unicorn and a pony. they all rided on them. the babies went to sleep. that's the end.
23,"one day while daddy was at work, me and mommy and Maia went to the ice cream store. and had ice cream for a treat. but I don't know what kind mine was."
24,once a princess and then a king. and then they went to a castle. they didn't know who lived there. so they went out of the castle. and then that's the end.
25,once upon a time there was a princess. and then a princess came. and then a king and then a fairy. and then that's the end.
26,"could Kyra come over with her big sister? we'll play Sillies. and after we play Sillies, we'll play Gaga's. and after we play gagas, we'll play beebees. and that's the end."
27,once there was mommy. and then my sister came. then my daddy came. and then myself came. and then we goed to get ice cream.
28,once there was a princess and a prince and a fairy. they were silly. they went sailing. they had a boat. they sailed everywhere where the wolf sailed. the wolf had a boat too. he won the race.
29,once there was princess. and then there was a queen. and then there was a prince. and that's the end.
30,once there was a deer. and a baby deer came. and the baby goed on her mother's back. then the sister deer goed in the house. and they celebrated Hanukkah.
31,once there was my mommy. and then me came. and then my sister came. and then my father came. and then we just goed to the ice cream store. and then that's it.
32,"my mama, my dada. my mama layed on top of my dada. and me came in. and then my sister came in. then we goed to the ice cream store. and then we get ice cream. and then we go home. and then that's the end."
33,we missed breakfast today. we went to school. my mama dropped me off. and my dada picked me up. then we had a pillow fight with my dada. then we ate dinner.
34,once there was my mama. and then there was my dada. then there was my sister. and then there was me. and then there was my babysitter. and then we be mousies. and that's the end.
35,once there was nothing. and then there was a deer. and I saw it. and I petted it. then I took my mom to see it. and then I took my dad to see it. then I took my mom to Ware. and in Ware there was a little girl by herself. and it was me. the end.
36,once there was my bear. and I bring it to school. he googoo at school because he is so silly. and then he goes home. and then we go to bed. and then I put my bear next to my head on my shoulder. and I go to sleep. then we wake up. the end.
37,"mama, me, Goo-goo. I'm Goo-goo. then we go to ice cream. and then I throw the ice cream in my face. and then I go home. and wipe it off. and then me climb a tree. and then me go to see a show. and then me go home. and then me go to sleep. and then we all ride on a duck. and then we go home."
38,"once there was mommy. and then I came. and then when I was a baby we picked Maia up from school. and then dad came home from work. and then me and my mom goed to sleep. and we goed to Alaska. and then we came home. and we had breakfast. and then me go to school. and then when we came home from school, we had a little snack. and then we ate breakfast. and then we waked up. and we played some games. and then we did a little snack. and then we had a little, little night time. and then we waked up. and we did a little, little breakfast. and then we goed for a long, long sleep. that's the end."
39,I was going up the stairs to see my mom and dad. and at the top of the stairs there was a big red dog. but I wasn't scared. so I climbed on his back. and he took me to bed. my mom and dad snuggled together. and I snuggled with the dog. and in the morning the dog ate dog food. and I and my sister and my mom and dad ate people food. and at the other nighttime we goed back to the same thing that happens at nighttime. and then the dog leaved that morning after breakfast. and then we go to school. we came home. that's the end.
40,once upon a time there was a little mouse. the little mouse had pillows. and she slept in the pillows. she played marble games. she ate peanut butter toast and macaroni.
41,sister bear was up in the playhouse jumping rope. brother bear was scooting along on his scooter. Lizzie Bruin came up with sister. she jumped rope with sister.
42,once upon a time there was princess. her name was Sally. another princess and prince met her. and then they had babies. they were a boy and a girl. they did not play at all. they just lay there. they did not fall. their mommy loved them. and they had a daddy too.
43,once upon a time there was a princess. and a prince met her. and he got in a fight with the princess and prince. then they got along. and that's the end.
44,once upon a time there lived a princess and a prince. they had dogs and kittens all over the place. and they had lots of toys to play with. they had kids all over the place too. then they went out for a walk. the end.
45,"once there was a princess. and she lived in a castle. another prince met her. and he had a sleepover. and he went to a playground with the princess. and the princess said "". byebye. when the prince left."
46,once upon a time there lived a princess. and she lived in a castle. she got married. and then she had babies. then she married again. then a bad guy came. the bad guy kicked down their house. and then he made them a new house. the princess and the baby had a pillow fight. the bad guy run away. and did something to another house.
47,once upon a time there was a king. and then he lived in a castle. and then Julia came to Leigh's house. and they were having a party. and it was Leigh's party. and they had cake and stuff. that's the end.
48,"once there was a princess. and then she lived in a castle. a fairy married her. and then they had babies. then they went to go and get ice cream. the baby didn't know what kind of ice cream it was. then they went to a new home. they had a house there. and they had a mouse in the house. and they had lots of puppies, kitty cats and dogs."
49,once there lived a princess. he lived in a castle. he went out for a walk. and he met some people. and she walked along with the princess until they met a fairy. and the fairy walked along a little bit until she disappeared. and then the other people walked along with them. and then a truck came. and then the princess and the prince got married. that's the end.
50,once there lived a princess. and he lived in a castle. and got married. and they got babies. and then they went out for a walk. and they got peed by a dog. and then they went home. and that's the end.
51,once there was a princess. and two babies came. they belonged to the princess. they had lots of puppies and cats and doggies. they went out for a walk. they found another princess. and then they found a prince. that's all.
52,once there lived a princess. she met a prince. they got married. and they had babies. and then they had lots of kitties and dogs and puppies and cats. everybody went for a walk in the park. and that's it.
53,once there lived a princess. and she went out for a walk. and met a prince. then she went back home. and then she got married. and they had babies. and then they had lots of doggies and kitties. and then another princess came along. and that's the end.
54,once upon a time there was a princess. she went for a walk. she went back home. got married. had babies. then they had lots of doggies and kitties. and that's the end.
55,once there lived a princess. she went for a walk. and then she met a prince. they got married. and they had babies. they had lots of doggies and kitties.
56,once there lived a princess. she went for a walk. and she met a prince. and they went back home. and they got married. and then they had babies. they had lots of doggies and kitties. that's the end.
57,once there was a princess. and she went for a walk. she met a prince. and they went home. and then they got married. then they had babies and lots of doggies and kitties. that's it.
58,once there was a princess. and she went for a walk. and she met a prince. and she went back home. she got married. and they had babies. and they had lots of kitties and doggies. and that's the end.
59,once there lived a princess. and she went for a walk. and then she met a prince. and they went back home. and they got married. and then they had babies. and then there were lots of puppies and kitties. and that's the end.
60,once there lived a princess. and she went for a walk. and then she met a prince. and they went back home. and they got married. and then they had babies. and then there were lots of puppies and kitties. and that's the end.
61,once upon a time there was a princess. she went for a walk. and she met a prince. and she went home. and she had babies. and she got married. and then she had some more babies. then she had lots of doggies and kitties and puppies and kittens. then they did nothing. that's the end.
62,once there was a little prince. and there was some children who didn't love the prince because the prince was so nasty. and then she wasn't fearless because the children weren't so fearless too. and then she had beautiful hair. and she married the prince. and then nothing happened.
63,"once there was a prince. and it had a baby. and she had a silly grandmother because there was ants in the house. and all the ants were in the house because they sneaked in by the door, the little tiny screen door. and then they married. and they had babies. and they had babies because they were happy to have babies. and then they lived happily ever after. now it's the end."
64,once there was a little boy and girl. and then their mommy and daddy came. and showed that they were in a haunted house. and they goed home. and they slept in their beds. they thought they were in their house. but they weren't. then they writed on a piece on paper. and then they saw a witch. she put the people in jail. that's the end.
65,"once there was a princess. and then the prince came. then they got married. and then they had babies. they lived in a castle. the babies get sick. and then they go to the doctors. when they are better, they go to the playground. and then they go to the fair. then they crawl around in the house. and then that's the end."
66,"once there was a princess. and then the prince came. and then they got married. then they all had babies. the sister grew up. and the brother didn't. he was sick. he had a bad throat. all of them got married, even the little brother. then they had dogs and kittens, all kinds of animals, pigeons and rabbits and dogs and camels. and then the sun came out. and all of them had presents. they were puppy dogs and kittens. and then they played with them. and they had other toys too."
67,one time there was a princess. then there was a prince. then they got married. then they had babies. then they had all different animals. then they played with the dogs and kittens and the rabbits. then they played with the other animals. then they got a new grandma and some cousins. then they got married again. and then they saw something in the house. and that was a playing machine. then they had candy. that's the end.
68,once there was a princess. and then there was a prince. they got married. a unicorn came and a mermaid. the little mermaid played with the children. they all went out by themselves. and then they looked because there was a monster. but it was really a dog. then they had pizza in the castle.
69,there was a princess. she got married to her boyfriend. then they had babies. and their names were Kelly and John. then a bad guy comed. the bad guy stealed the babies. but then he gave them back. then John and Kelly went to school with a backpack. then they go to the farm. and catch some raccoons.
70,once there was a princess. and then a fairy came. then a prince came. and the princess and the prince had babies. the fairy watched them. then a bad guy comed. the princess played with the babies. the bad guy was not nasty. but he did not have a home. he lived with the princess and the fairy. then they got dressed.
71,"once there was princess. and then there was a prince. they got on a trip. they got on an airplane and a bus. then all the sisters came down. then they had lots of animals, kitties and dogs and cats."
72,once there was a princess. and then there was a prince. they lived in a castle when they got married. a queen lived with them and some knights. they had some babies. and then they goed home to the castle. they had some puppies and dogs and some cats. they got married again. and the cat and the dog got married. then they all had their birthday. and they goed to the fair.
73,once there was a princess. and then there was a prince. and then they got married. they had babies. then they all go to the fair. and they jump on the jumping giraffe.
74,"once upon a time there was beautiful little princess. then a prince came. the princess girl grew up. and they married. and they had two babies, a boy and a girl. another prince came. and married the other girl. they had a puppy and a little cat."
75,"once there was a princess. and she had no father. and she just lived alone with her sisters. and one day a prince came who said "". do you want to marry me? then they had babies. and the babies got sick. and the mama and papa taked care of them."
76,once there was a princess. and then a prince came. and then they had babies. and then they went out for a walk. and in the walk they met ponies. my story's done.
77,"once there was a princess. and a prince came. and then they had two babies, two twin girl babies. and then the prince and the princess got married. and the girl babies grew up to be ballerinas. and then they had pizza for dinner. and the prince got married to the two ballerinas. and they all went on a walk. and met two ponies, a girl and a boy. and then another princess came. and she married another prince. and then the princess pony got married to the prince pony. and the grown up ballerina went for a walk by herself with the other ballerina and the princess. and they went to the park."
78,once there was Ariel. then Eric came. Ursula came. and then got married with Eric. and then Ariel returned to Eric's ship. the Seawitch only married halfway. then Ariel stayed with Eric for a long time. and then they got two puppies and two cats.
79,once there was me. and then my dad came. and my mom came. and then my friend came. her name was Mariel. and then my friend went. and then dad went to work. it was a long time ago. and then I have my birthday. and then I went to school. and after school I had a vacation. and I visit my grandma and grandpa and aunts and uncles. and that's the end.
80,once there was me. then my dad came. my dad went to work. and my mom came back from work. and then my dad came back from work. and he played with me. and we went to the ice cream store. then it was night time. and when I woke up I went to my friend's house. her name was Zoe. I went home. I had my dinner. and I went to bed. then I went to my friend's Mariel's house.
81,once there was a princess. and then a mouse came. a witch came. and made the mouse a prince. and then a girl mouse came. and then a prince mouse came. the prince and princess had two girl babies. and then they went on a walk to the playground. and then they slept. and then they made a garden. and that's the end.
82,once there was me. then Marcy came with Joel. then my mom came back from work. then dad came back from work. and Marcy and Joel had dinner with me. and we had pizza for dinner. then I had a sleepover with Joel. then we woke up in the morning. and Marcy went home while Joel was on the sleepover. and then when I woke up I went to Joel's. then Marcy reads us a story. and then she drives us to school. mom picks us up. and Joel had another sleepover with me. and we had pizza and noodles for dinner.
83,once there was a princess. and then a prince came. and they went to marry at the church. then they had babies. then my friend Julia and me and my mom went to visit the princess and the prince at the castle.
84,once there was me. and then it was Halloween. and we went trick-or-treating. and every house we did was in our neighborhood. and then it was winter. the snow was falling. and my mom and dad came. and I visited Mariel and Zoe.
85,"once upon a time there lived a princess in a faraway castle in a kingdom. and there was a queen, a king, a prince and the princess. and in that castle lived two young daughters. the princess had a baby. and she got married again to the prince. and they had lunch. the lunch was pizza. then unicorns came. one was a prince and one a princess. and they carried babies on their backs. then the princess had another baby. and they got married one more time. and the pony got married."
86,"once there was a deer and her name was Sally. and then there was a mother and a father. she just had one friend. and her name was Sally again, two deer Sallys. so the next day her mother died. and then she went to the woodchucks. there was a tree. and it could talk. and she got a mom with lipstick. that's all."
87,"once there was a princess. then a prince came. babies, we had babies. then they got married again. then they went to the park. then they got a pony. and then they got married again. and then my family came to visit. and then they got a dog and a kitty cat. and then the kitty got babies. then the dog got puppies. and that's the end."
88,"once there was me. then my friend came, Leigh. and then there was my mom. then my dad. and then my birthday. we went to bed and ate some dinner. and then that's all."
89,once there was a ballerina. and a bunny came. then a prince and a princess came. the bunny was the ballerina's pet. and it got married to a prince bunny. the princess person had babies.
90,once there was Kaira and me. then my dad and my mom came. Kaira and I played together. and mom and dad worked.
91,once there was a princess. and then a prince came. and they got married. and they got babies. and the princess and the prince got married again. then they met a fairy. and they got a kitty and a dog. and went on a walk. and then they went to school. and that's the end.
92,once there was a pony. and her name was Flower. she met her friend for a sleepover. and then they went home to her mom and dad. all her friends came over and her aunts and uncles. they all had lunch together.
93,once there was Annie. and then there was Leigh. then Tina's dad came. and then Annie and me and daddy went out to play. then we met a princess. and her name was Rosie. they all went out to play together. and then Tina's baby came. the end.
94,once upon a time there was a princess and a prince and babies. one day they got married. and had babies again. the babies played with the babies. the end.
95,once there was babies. and then a princess and a prince came. and then three ponies came. and then another princess came into the playground and the fair. and they played until they met a new friend. and then they met two more ponies. and then they met two kids. and then they went biking in the forest. and then they went biking again. and they had breakfast and dinner. and then they went to the store. and they went biking again. then they went to the fair again. they jumped on the jump-up giraffe. that's the end.
96,once there was a princess. and then a prince came and a baby. one baby and that was a girl. and Sparkle Pony came. and then they went biking. and ate dinner and breakfast. and went to a fair. that's the end.
97,"a family story. once there was my mamma and my dada. my dad went to Boston. and then he came back. then I went to my friends' house, Marielle and Zoe. when I came back home, mommy was there and daddy. we went to the park with Marielle and Zoe. when we came back home, we had lunch and dinner and a sleepover. then we went to the park and the fair. we went on a merry-go-round and a slide and on the Jumping Giraffe. then we ate pizza for dinner. and we had another sleepover."
98,"once there was my mom. and then my dad drove her to work and me to school. I played with all my friends. and when we went home, I invited my friend. and she was a princess. then a prince came. they got married. we went to Boston with them. and then we drove to Winchester. we played at Winchester. and then they had babies. we went to the fair. and we went on an airplane ride. we went on the merry-go-round and the Jumping Giraffe. we peeled bananas and ate lunch. we went to my friend Lisa's and Joel. and the prince and princess had more babies. we had lunch again and breakfast and dinner. and we had a sleepover to go there."
99,once there was me and my mommy and my daddy. and then daddy went for two days to Boston. and then he came back. and daddy came back again. and Tina went to school. and then Tina turned seven and a half. and then I went to Wildwood. the end.
100,"Kelly went to the fair. she went on a tiny merry-go-round. her mom let her go to the mouse hole. and she picked her up. her sister came. her name is Jenny. and Jenny played with Kelly. then Jenny's friend came, Lucy-Ann. they had dinner and a sleepover. and then her dad came."
101,"once there was me. we watched the moon go by. and twinkle the stars around it. we went to bed. and then it was morning. it was my birthday that morning. and it was nice and hot and sunny. it was August. I invited Leigh, Sally, Alice, Annie, and Kaira. and we had cake and ice cream. and then I had a sleepover with all my friends. and then we had lunch and cake and breakfast and supper. and then we went biking. and then we went on a nice cool walk. and that's the end. and my mom and dad got married. they had a baby."
102,"once there was me. it's Kelly's voice because Kelly's telling the story. and I went sledding on a steep, windy hill. and I got all wet. and it was a steep windy hill at school. and I loved it. and we drank hot chocolate. Kelly's whole family drank hot chocolate. and me too, I got a big cup of it. and I zoomed into my bedroom. and had a little nappy. and then it was night time. and she snuck out of the house. and went into the mouses' cave. and played with the little baby mouses. and had dinner there. and had a sleepover. and then jumped right up and down on her bed, her trampoline bed. and then she got a kitty and a dog and a puppy and a cat. and then she went back home with her mom and dad and her sister and brother. and then she went to a party. and it was the mouses' party. she ate cake and ice cream and dinner. and then she had a nice dinner at her home. and then she went to bed. in the night time she got up because she couldn't sleep anymore. and then it was morning. she played on the merry-go-round. and then went to bed. and then had her nap. and then played on the merry-go-round. and jumped on the jump-on giraffe with everyone. everyone in her family and the mouses. the end."
103,"once there was Kinsley. and Kaira came and had a sleepover with me and Kinsley. and Kaira and me and Kinsley played together. and then we went to the fair. jumped on the jump-on giraffe. and played with the circus. and then Wesley came and Sally. and it was my birthday. and then I invited Alice, Sally, Wesley, Kaira and Kinsley. and we ate cake and ice cream. and then we watched the circus clown. everyone in my family, my mom and dad and all my friends. my friends were there to watch the circus. and then it was Christmas. and then I played in my Christmas suit upstairs. this was at Nanna's and Grandpa's. and then Kinsley needed to go home. and I had a visit with Kinsley. and then in the morning I came to my house. and I ate dinner and went to bed. and then Kelly Jenny came. and Kelly Jenny played with the mice friends. and everyone jumped on the jump-on giraffe, even my mom and dad. the end."
104,once there was me and my mom and dad. and then Kelly came. I visited with Kelly. and my parents visited with Kelly's parents. and then Marielle came over and Zoe and Wesley and Sally. it was my birthday. I was five. and I ate cake with all my friends. but snack was spaghetti and pizza. and then my mom and dad cut the cake. and then I went to Wildwood. and I went on that bus home. and then it was night. and I slept with Kelly and my friends. and then in the morning Kelly went home. but my friends stayed. and then I visited Marielle. and I played in the park. got some ice cream. and then it was night time. I went to bed. and then it was Christmas. I went to Nanna's. and in the morning I got new pink sneakers with flowers and bows on them. and that's the end.
105,"once there was my baby. and I played with her. and at night time I put her to bed. and I rocked her. and I went into my high bed. then it was morning. and I ate breakfast. then I played with my baby sister. and then we went to Boston. Wesley came. and she played with me and the baby. and we had a sleepover. we played together, my baby and me and Wesley. and then who came but Kelly! we all played together. and Kelly played with the mice friends too. my mom and dad came. and we had ice cream. then Sally came. and we all played together, me, Sally, the baby, Wesley and Kelly."
106,once there was Kelly. and she played on the playground. and then she went to the fair with Jenny. and they went on the merry-go-round. and then they jumped on the jump-up giraffe. and then Kelly and Jenny ate up all the food in the grocery store. they ate hot dogs and beans and some cheese noodles to get healthy. and then ate some chocolate chip cookies and some chocolate. and then it was nighttime and Jenny and Kelly went to bed. and then they played with the mice friends. and then it was morning. and Kelly and Jenny went to their friend Lucy's house. and ate breakfast. and played there. and then they went home. and read their books in separate rooms. and then they went to grandma's house. and then in the morning they woke up. and played. the end.
107,once there was Kelly. and then Kelly went to the park. and then Kelly went to the fair. and then Kelly had some ice cream. and then Kelly went home and had a nap. and then she played in her doll house. and then Kelly visit the mice friends. and then she ate chocolate ice cream again. and then she made the mice friends some ice cream. and then it was her birthday. and then her mother gave her chocolate cake with pink and green decorations and pink and purple candles. and then it was Christmas. she got lessons how to fight bad people off. and then she played with all her toys. and then she played around in her tree house. and then it was Halloween. and she was a princess for Halloween. and then Jenny came. and Jenny took her to the fair. and then they went on the ferris wheel. and Kelly went on a pink horse with a purple mane and blue and black spots. and then she put on her sparkly star bonnet with her sparkly star suit. and then she visit the mice. and they had a sleep-over there.
108,"once upon a time there was my baby brother, and my mom, and my dad and me. and my brother was just learning how to crawl because I was crawling sometimes to show him how. and we went for a trip to show my grandma how my brother was crawling. and my grandma loved my brother crawling, because she was so happy that she wanted to have my brother do it again. so I tried to make him. but he wouldn't. and that's the end."
109,once upon a time there was my grandma and my grandpa. and they came to my house. and they slept over at my house. and the next morning first my dad had breakfast. then I had breakfast. and then my grandpa had breakfast. and then my grandma. and my mom had breakfast. and she was the very last one.
110,"once upon a time there was the little mermaid's father. and sometimes Ariel got into trouble. and one time her father didn't let her bring human stuff into the castle. and she always loved human stuff. and one day she went somewhere. and she found a human bracelet. and she put it on. and when she wanted to take it off, she tried. but she couldn't. and she was so sad that she found the key. but she couldn't get it off cuz it didn't work. and then a big troll came. and ate the little mermaid up. but then the troll had a big tummy ache. that's the end."
111,"once upon a time there was me and Leah and my dad and my mom. and one day we went out for a family walk. and then we went back home because we were hungry. and then after we ate, we went out to the movie place. and the movie was called Beauty and the Beast. and then after we watched the movie we went home. and called up my grandma and grandpa. and we asked if we could come and visit them. and they said "". yes. and then we drived to the airport. and got on a plane. and when we got there grandpa came to the airport to pick us up. and then they bringed us to their house. and we had dinner. and then that's the end."
112,"once upon a time. this is about my trip to Florida, it's gonna be a long story. first my daddy picked me up. and my mom and my brother were waiting for me in the car. then we drived to the airport. and it was very long, cuz it was very long from here to the airport. and then we got to the airport. and we waited for our plane to come. and then it finally came. and then we went on it. and my ears started to hurt. and I didn't have any gum cuz right after it hurted it didn't hurt anymore. I talked to my parents. and I played with my brother whose name is Spencer. and that's the end. that's how I went to my grandma's. and that's the end. and that's a very long story."
113,once upon a time there was my silly markers. they were silly because they walked. and then there was some funny beads. they were funny because they were alive. and then there was a butterfly. and it met a ballerina. and the ballerina was pretty. she was pretty because she only danced around where ever she went. then the ballerina went home. and the butterfly picked a flower for the sun. then he flew up to the sun. and gave it to the sun.
114,"once upon a time there was Leigh. and she was sleeping. she dreamed that the next day that it was her birthday. and that was true. so she dreamed of it. and the next morning she was so excited. and then she took a bath to keep her nice and clean. then she picked out a party dress. and she got it off her hanger. and then she got dressed in it. and then she showed her mama how beautiful she looked. and she said "". gosh. and she said gosh because she looked like beauty. and then all her party guests arrived. and she was so happy cuz she turning five. and then it was time to eat cake and ice cream. and then it was time to open the presents. and that's the end."
115,"once upon a time there was me and then my mom, my dad, and my brother. we went for a walk. and then we came back. it was time to make dinner. and then our family ate it. then it was time to go to bed. the next morning we ate breakfast. then we played. and then we went to school. Spencer was grown up. and he went to school too. we ate lunch at school. we all had a nap at school. my mom and my dad and my brother and me we all slept. we didn't all lay there. the kids slept at school. and mom and dad slept at work. and then my mom and my dad and my brother and me we all went home. when we got home it was time to cook dinner. then we all went to sleep."
116,once upon a time there was my mom and my dad and me. and there was my brother. and my family was silly because we were always hurting each other. there were only two people hurting each other. the person who did it laughed. and the person who got hurt laughed because the person who did it thought the person would cry. but they laughed. that's why it's funny. the end.
117,once upon a time there was me and my mom and my dad and my little brother. my mom had a baby in her tummy. and Julia was the oldest kid in the family. soon my baby brother came out of my mom's tummy. and I love my baby brother. one day my brother fell. and my mom and dad did not care that he bumped his head. but I did care. and then I rubbed my brother's head. and gave him a kiss on the head. and a hug on his head. after my two brothers growed a little bigger my whole family went on a trip to Colorado. I and my mom and my dad taught my two little brothers how to ski. and then we went on another airplane. and we went to visit my grandma and grandpa's house. we went to visit our cousins too. then we went on the airplane again. and we went home. we had supper. and then we went to bed. the next morning we had breakfast. and then we did our trip all over again.
118,"once upon a time there was me and my dadda and my mama and my two little brothers. then one day we went to the fair. my mommy and my daddy and my two brothers were going to get a little snack. since I was ten I could go to places all by myself. I went on a roller coaster. and when I got off I met a little girl that was my same age. and her name was Leigh. I went to my mom and dad with my friend I just met. and I asked if we could sleepover. they said "". for a week. and then I was excited because it was a very long time. then we went home from the fair. and we ate dinner. and then we went to bed. the next morning when we woke up, we had breakfast. and then we went to the fair again. first we went to have a snack because it was a very long drive. then we went on the roller coaster, the whole family and my friend. we went on lots of more rides. but they are not going to be in the story. the last ride was on the Jumping Giraffe. and then we went home."
119,"once upon a time there was me and my mom and my dad and my brother. one day there was a show with Disney-On-Ice on it. and I saw it on TV. my dad went on a trip. and when he came back he said "". you can go and see it. because I told him about it. the next day when we woke up we had breakfast. and then after a little while a babysitter came to watch Spencer, cause it was just me my mom and my dad who went to the show. we saw it a little bit and then it was intermission time. we went to the bathroom because I had to go potty. then we watched some more of it. and then we went home. and that's the end."
120,"once upon a time there was Kelly. and one night when everyone in her family was sleeping, Kelly snuck out of her bed into her brother's room. and climbed out of her brother's window. and then she took the wood bench. and she made little jewelry boxes for the mice. and then she took the wood bench back to her house. and then she put it back in her room. and she took the jewelry. and brought it to the little mouse hole. and they were sleeping. and she took the jewelry. and snuck it into all the little jewelry boxes. and then she told her brother all about it the next morning. and that's the end."
121,"once upon a time there was me and my mom, my dad and my two brothers. in the summer time was my birthday. it was summer time on July thirteen. and that means it was my birthday. and my mom and dad went away when a babysitter was watching my two brothers and me. and my mom and dad went away because they were gonna get me a surprise birthday present. and I invited Leigh and Alice and Jacob. and my surprise birthday present from my mommy and dad was a pretty, shiny, glow-in-the-dark bow to wear in my hair. and then the party was over. and it was night time. and it was time for me to go to sleep. but I couldn't go to sleep because it was exciting in the day for me. but then I went to sleep. and then I had breakfast. and that's the end."
122,"once upon a time there was my mom and my dad and my two brothers. and they were all grown up, except they were four. and I was already five. and I was in kindergarten at Fort River. and my friends Amy and Sally and Sally and Rachel were there with me. and they're my friends. we played together. and then we took a nap. and then I turned six years old. and it was my birthday. and I got a pretty, pink bow. and then I went to sleep. and then I had breakfast. and that's the end."
123,once upon a time there was my mommy and my daddy and my two Spencers and my goo-goo toy and my ha-ha toy. and then there was me and my friend Leigh. we played goo-goo and gaa-gaa twice. the end.
124,"once upon a time there was my Mama and my Dada, and my brother Spencer, and my other brother, Jordan. and there was me. and it was my birthday. and I was turning five. and my Mom and Dad and my brothers got me a car that I go in that was a toy car. but it moved. and you didn't have to move with your feet. but you put batteries in it. and it moved by itself. and it was a Barbie car with Barbies all around it. and you could dress the Barbies on the car with stickers. and I liked it very much. and that's the end. and we had a birthday cake. and now that's really the end."
125,"once upon a time there was me. and I was five. and could go and take walks by myself. and when I was taking my walk, I met a fairy. and she walked with me too. and as me and the fairy were walking we met a princess. and then we had birthday cake. we had three birthday cakes, one for me, one for the fairy, and one for the princess. and then we went in the car. and drived to the library. and picked out some books. and then we brought the books home. and then we looked at the books. and then we looked at the books. we looked at the books twice. and the next morning we had breakfast. and we went to our grandma's house. and that's the end."
126,there was once a silly man. but he wanted to have a silly baby. but he didn't know where to get one. and then a sister came along with a mom. and they were both silly. and they were gonna get a silly baby. and that's all.
127,once there was a silly princess. and it was the king's birthday. and there was silly stuff. and that's the end.
128,once there was person. and then words came along. and that's all of the story.
129,"once there was a silly Leigh. and then she started singing a silly song. then someone sneaked in the house when no one was there. and then the people who lived in that house came home. and then the people went back to somebody else's house cause they were scared. the silly Leigh watched them go to somebody else's house. and then the silly Leigh came back from the other person's house. and then the silly Leigh turned back into the plain Leigh. and then a walking table walked and said "". hello silly Leigh. and then the silly Leigh kicked the walking table. then some walking beads came."
130,once there was a walking silly. and then they came upon a table where people were eating some soup.
131,"once there was me. and then my mommy came. and Michael came to visit. and Peter flied in an airplane to his dad Ezra. and then after he went to Ezra's house, he went to his mother Susie's house. and then Susie and Jack and we all went home to Pelham. and then we had dinner and lunch. and then we went to bed."
132,once there was Micah. and then there was my mommy. then mommy went to school. and then my daddy went to Fort River. then me went to school by myself with no one. and no one was home.
133,once there was Leigh. and then there was Peter. and then there was Kate. and then there was Dabledoo. and then there was Silly. and then myself went to school with Michael and Peter and Kate. nothing else.
134,once there was Nina. and then there was my mommy. and then there was Nina's birthday. and then Peter came. and Peter gave Tina a present. then there was a biga-bonka-dinka-doodle. and then there was myself.
135,once there was Peter. then there was my brother. and then we went to school. and then there was Leigh. then we came home. and then there was myself again. then they had a baby. it was Leigh's baby.
136,once there was my dada. then there was my mama. and then it was Leigh. and then a walking button came. and then a walking bucket. they did a jumping contest. the button won. then they did another jumping contest. and the bucket won. then my daddy went to school. then my mama went to school. then I went to school. then Micah went to school.
137,"once there was my mama. and then there was myself. and then there was my brother. and then there was my daddy. and then there was my Jamie. and then there was Kelsey. and then there was Jeff and Sue. and then there was my daddy again. and then they played on the playground, on the horsey, the climber. and climbed on the rocks. then they sat down. and read books. after we were done, we went home. we had lunch and dinner. and then we went to bed. then all of them climbed up a ladder and down a ladder. then there was Leigh again. and everybody ate lunch again. they ate supper. they had a sleepover. and then everybody went home. and Leigh and everyone went to school."
138,once there was me. and then there was my daddy. then there was my brother. it was Leigh's birthday. she went downstairs. and then they went to the playground. and then they went home. then they had lunch. and then they went to bed. and then they walked around at night. and they looked at the stars. and then there was my brother. that's the end.
139,once there was me. and then there was a dog. and then there was a princess. and the princess got married to a prince. and then there was Michael. and then there was my mama. and then there was a bad guy. and the bad guy died. then they went to the playground. and they went on the horsey. and then they went home. and then there was myself again. and then we went to the playground again. and then they went home. had cereal. and had dinner. and then they went to bed.
140,once there was a princess. and then there was Kate. then there was Peter. then there was Micah. then there was Michael again. then there was Leigh. and then there was a walking pillow who talked. and he was called bucket. then there was a can.
141,"once there was a goose. then there was a moose. then there was a princess. the princess met a prince. then they found a princess. and the princess said "". hi, can I marry you? and the prince said "". sure. so they got married."
142,once there was a princess. and there was a prince. then there was the king's birthday. they played some games. and the king got presents. he got a little doll that talked. then he went home. and said dohh. the prince and the princess just sat there. and read the newspaper.
143,once there was a princess and a prince. and then the prince married the princess. and then they went home to the castle.
144,"once there was my mama. and then there was my daddy. and then there was me. and then there was my brother. and then my mommy was having a baby. and then it came out. it was a girl. then a princess came. and my mommy, my daddy, my brother and me and the baby and the princess went to a fair. Julia came to our house. and she stayed there for a sleepover. the princess and everybody went to bed. that's all."
145,once upon a time lived a princess. and then they lived with a prince. and then they wanted to have a baby. and the princess had a fat tummy because she was having a baby. and then it came out. and then she had another baby. that's the end.
146,once there was a melon bed. and then in the melon bed there lived two cobras named Nag and Nagarina. then Ricki-ticki came. he's a mongoose. Ricki-ticki lived with the boy and the boy's mommy and daddy. and then one evil day the cobras decided an evil plan. to shoot a force field over the melon bed so Ricki-ticki couldn't get any of their eggs. and then the cobras wanted to go kill Ricki-ticki. and then they went hunting for Ricki-ticki. and then they came to a house. and then Nag and Nagarina slithered up a tube into the bathroom. and then they waited until the father came in with his firestick. and then the man came in with his firestick. and then the father and the snakes had a fight. and then the two snakes bit the father. and the father died. and then they sneaked into the living room where the mommy was sewing. and then quickly and quietly the snakes bit the mommy. and then the snakes sneaked into Teddy's nursery. they bit Teddy. and then they went out into the garden to try and fight Ricki-ticki. the two cobras striked. and bit Ricki-ticki-tavi. and then Nagarina and Nag hatched their baby snakes.
147,"once there was Micah. and then there was Joan. and then there was Jared, Burt, and then Gaga. and there was Jeremy and Abraham. and there was Alex. and then they played. and my mama played with me."
148,"once puffin paddled along the pond. the raccoon walked along. the puffin started flying when he saw raccoon. and then he came to the pond. and puffin was swimming in there. and then puffin knew it wasn't afraid. and then raccoon just standed there. and then puffin waddled off. and then raccoon came to a forest. and then he came home to his forest, a different forest. then raccoon went home to the other forest, walked through. and found puffin swimming in the pond. and then puffin stopped. and said "". hello. to raccoon. and then raccoon came through the forest he lived in. and then went to the strange forest. and went to his cousin's house. and then he came back to his forest. and then puffin went swimming off. and then he waddled on the rocks. then puffin went for a swim again. and then raccoon came to where puffin was swimming. and then raccoon went back home."
149,"once there was my mama. and then we went to school. we came home and played silly-silly two times. and then we played seesaw. and then we went to bed. then Santa Claus came. and put presents in the boots. then came morning. and we went downstairs. and we opened all our presents. and we said "". wow wow wow."
150,once there was a princess. and then a prince came. then a ladybug came. and popped through the chimney and into the ladybug jar. and the princess and the prince got married. and then they had babies. and then they were a boy and a girl. that's the end.
151,once there was princess. then a prince came. then they got married. and then they had babies. and then they made a snowman in the snow. and then they had the babies' first birthday.
152,once there was Wesley. and then there was my mom. and then there was my dad. and then there was my baby brother. and then we went to New York to see some people we didn't know and one of my godmothers. and then Julia came over to my house. and that's the end.
153,once there was princess. then a prince came. then they got married. and then they had babies. then their grandparents came. and then that was the end.
154,once there was me. then my baby brother came. I call him Doodrew. and then a princess visited. and she went away back to her castle. and she married a prince. and they went to the jewelry store to buy rings. first they bought an engaged ring. and then they bought a wedding ring. and then they went home. and then they had babies. and then they ate their dinner. they went to bed. and then they woke up in the middle of the night. and they went up to the porch. and then just in the middle of the night Julia came. and she found us up in the porch. and she watched the moon with me. then we ate breakfast.
155,once there was a princess and a ballerina. and they danced together. and then the princess had to leave because she had to go home. then the ballerina called to see if she could visit the princess. and the princess said yes. she came over to her house. and they played and danced.
156,once there was a mouse. and then there was me. and then my cousin Elizabeth. and my daddy was in the basement. and he made a little jack-in-the-box for me. and then I went to the ice cream store. and I got chocolate ice cream. and I went back home. and me and Elizabeth walked to the park. and we kept on playing on the slide. and then we came to a fair. and we went on the merry-go-round and the ferris wheel and the roller coaster. then we had to go home. and then we went to catch butterflies. and we caught a very one with pink all over and black in the middle. and then we let the butterfly go.
157,once there was Wesley. then there was Sally. then there was Tina. we went for a walk. we went to a fair. we went on the merry-go-round. and on the upside-down-sidewards-backwards ferris wheel. and we went on the jump-up giraffe. and when the person blew his whistle it was time for us to get off the jump-up giraffe. then we went on the roller coaster. we were scared. we got off and went in the haunted house. we found a lot of treasure. and then we went home. and we had our dinner cuz the sun setted. and me and Sarah went to bed. mommy told a William and Rose story. and we fell asleep. mommy and daddy watched television downstairs. and that's the end.
158,once there was a ballerina. then there was a butterfly and a lady beetle. the butterfly flew into the sky. the bug just crawled around. the ballerina just stands on top of the sky because she had wings.
159,once there was a ballerina. then there was a prince. then a princess came. they got married. then they had a little girl. then the little girl invited some of her friends over. and they had a pillow fight. and then they had some macaroni and cheese. and then they had hot chocolate with marshmallows. then they saw a unicorn on top of the roof. then there was pillow on top of the ceiling. and that's the end.
160,"once there was a silly pillow. then there was a walking duplo. then there was a walking stuffed animal. then there was me "". what are my toys doing? then Andrew turned upside down. then Andrew turned right side up again. and there was a walking newspaper sitting on the floor having a party for the duplo."
161,once there was Clara. and then there was the prince. and then there was Sally. and then there were dancing snowflakes. and then the ceiling popped. the ceiling popped because it was a balloon. and then a lego landed on Sally's head. and then there was Pop-pop. that's a porcupine. that was the end.
162,"once upon a time Kelly snuck out of her room. and slid down the stairs on her slide. and it was winter. and Kelly went outside with just her snow pants and sweater and her boots. she got onto her sister's bicycle. it was four inches tall. she fell into the mouse's hole, right into the nest. and she climbed up. and slipped in the mouse's bed instead. she went home in the morning. the end."
163,about Kelly. one night Kelly woke up. and snuck right into her brother's room. she snuck out of her brother's window. and she went down to the bakery. she went right inside the pretzel dough. the baker came down. and he put the pretzel Kelly was in right into the oven. next morning Kelly's sister came down to the bakery. and took the pretzel that Kelly was in. and she gave it to Kelly's brother. he bit right where Kelly's pinky was. Kelly yelled ouch. her brother bit a hole so she could scramble out of the pretzel. the end.
164,told by Kelly. once upon a time when I was only a baby I snuck out of my crib. and I slid down the stairs head first. later I turned seven and a half. and I went to the Wicky-Wacky School. I went to the playground. and I swang on the swings. they were tiny swings. and after that I jumped into the mouse holes with the treasure boxes. they weren't really painted yet. then I went home.
165,"once upon a time Kelly was in her bed. and she was throwing up. and she was throwing up for the whole last night too. and she ate some ginger ale in her bed. and then she had some toast with some medicine cuz she was very sick. and the next morning she went to the doctor's to make sure she would never got it again. and she was all better. and then she had her breakfast, because she hadn't had her breakfast before she went to the doctor's. and then she went to Hawaii. then she saw volcano. and she was scared so she went back home. and then it was dinner time. her sister gives her a new merry-go-round cuz she threw up on her old one. the end."
166,once there was a sticky. then there was a sticker. that sticker was filled up with glue. then the sticker stuck the sticky right down to the floor. then there was a ballerina. and she put the sticky underwater. and the sticky died. and that's the end.
167,once there was Kelly. and she played on the playground. and then she went to the fair with Jenny. and they went on the merry-go-round. and then they jumped on the jump-up giraffe. and then Kelly and Jenny ate up all the food in the grocery store. they ate hot dogs and beans and some cheese noodles to get healthy. and then ate some chocolate chip cookies and some chocolate. and then it was nighttime and Jenny and Kelly went to bed. and then they played with the mice friends. and then it was morning. and Kelly and Jenny went to their friend Lucy's house. and ate breakfast. and played there. and then they went home. and read their books in separate rooms. and then they went to grandma's house. and then in the morning they woke up. and played. the end.
168,once there was a princess. then she met a prince. and then they got married. and that's the end.
169,once there was a prince. and then a princess came. then they got married. and then they had babies. and that's the end.
170,once there was princess. and then a prince came. and then they got married. and then they had babies. and that's the end.
171,once there was a princess. and then a prince came. and then they got married. and then they had babies. and that's the end.
172,once there was a princess. and then a prince came. then they got married. and then they had babies. the babies grew up to be a beautiful princess. the end.
173,once there was a princess. and she lived in a beautiful castle. then a prince came. and then they got married. and had babies. and that's the end.
174,once there was a princess. and then a prince came. and they got married. and they had babies. and then they went camping. they went on a walk. and then there was a fairy on the walk. and she walked along with them for a little ways. and then she disappeared. that's the end.
175,once there was a princess. and it was a bunny. and then a prince bunny came. and they got married. they had bunny babies.
176,once there was a princess. and then a prince came. and then they got married. and they had babies. and that's the end.
177,once there was a princess. and then a prince came. they got married. they had babies. they went camping. then those babies both grew up to be a beautiful princess. then they went for a walk. and they met a fairy. and the fairy walked with them a little of the way. and then the fairy went to her home. then the other families started walking home.
178,once there was a bunny. and the bunny was a princess. and then a prince bunny came. they got married. and they had babies. and the babies grew up to be beautiful ballerinas. and they did a beautiful dance.
179,once there was a person. then a boy person came. then they got married. then they got a cat and a dog. the cat had kittens and the dog had puppies. the people had a baby.
180,once there was a princess. and she met a fairy. and then they went to the fair. and then they got married. and then the princess decided to marry someone else. but it was too late. so she couldn't marry the prince. and that's the end.
181,"once there was me and my mom and my dad. and then we went on a walk in the woods. and then a dragon came. and a princess was watching. and then the princess went back to her castle to tell the king. and the king thought she was lying. and so he said "". off with her head. but the princess hid. and then the people that chop off heads went into the woods. and then they got eaten by the dragon. and then when the dragon was swallowing them, me and mama and Jeff got to get out of the dragon. the end."
182,once there was a princess. and she went to the fair. at the fair she met a new friend. they played at the fair together. and then they went home. and they had a sleepover. then they woke up. and they played together.
183,once there was a princess. and the princess went to the fair. and then she met another princess. and then they had sleepovers. and then they played together. and then they went to the fair again. and they went on the roller coaster. and then they went on the jump-on-giraffe. and then they went home and had sleepovers. and then the princess said she had to go back to her house. and that's the end.
184,once there was a princess. and she went to a fair. and at the fair she met a prince. and then they made friends. and then they went on the ferris wheel together. and they went on the roller coaster. and then they got married. and then the princess said she had to go home. and the prince went home to his house also. and that's the end.
185,the Ninja turtles came and Slash. Slash fights. the turtles fight. the turtles win.
186,little deer. there's a man with a thunderstick and a frog. and they go hunting. the fox comes. he has a big nose. and he's the grandpa. then the man with the thunderstick. he shoots the deer. and the fox had babies after that.
187,it's about little deer. there's a man. he's a hunter with a thunderstick.
188,"little deer. the man with the thunderstick shoots the deer. and they live ever, ever after."
189,it's about Ninja Turtles. then they fighted. then they go to the bad guys's house. and they fight there. then they eat pizza. then they go and fight again. then they go to the bad guys's house. and they fight again.
190,"it's about Spot. he chews a shoe. he puts it in his mouth. he eats it. then he gets swelled, after he chews a ball. the end."
191,"Thomas the Tank Engine is double trouble. bunker coal falls on his head. then they had to clean him up. after that the breakdown train gets fire. after that James is falling into mud. and then after that, that's the end."
192,it's about a ninja. and then they fight. and then they get pizza. then they fight. then after that that's the end.
193,my whistle. I make a whistle screech.
194,"it's about Ninjas. they fight with Superman, Batman and Roc Steady. they go to the sewer. and they eat pizza. and they fight again."
195,Super Shredder fights with ninjas. and then they do it again. and they fight again. the end.
196,about Super Shredder. they attack. and then they fight him. they're the Ninjas.
197,there was Super Shredder. they fight with the ninjas. and they eat pizza. and that's the end.
198,Captain Hook fights with Peter Pan. and there was a crocodile. Captain Hook killed the crocodile.
199,Super Shredder. he fights with the ninja turtles. and they eat pizza. then that's the end.
200,"it's an engine one, that's about Henry and Gordon. Henry gets stuck in a tunnel. and that's the end."
201,Ninja turtles. they fight. they eat pizza. then they go to the swing. then they fight. then they go to the battlefield. then they crush down rocks. then they eat pizza again. that's the end.
202,It's about Ninja turtles. and then they fight. and they eat pizza. and that's the end.
203,it's about Ninja turtles. they eat pizza. then they fight with Bebop and Roc Steady. and then they go to the battlefield. and that's the end.
204,it's about ninja turtles. then they fight with Bebop and Roc Steady. then they go to the battlefield. now they're going to do something. and that's the end.
205,it's about pirates. they fight. and that's the end.
206,there is a walking table. there was a gun. the hunter had the gun. the walking table died. the hunter ate him. then the hunter shot the trees. the end.
207,Fusspot and Shredder fight. when they are all done they have supper. then they see mommy and daddy.
208,Ninja Turtles and Shredder. they fight with Shredder. and the Ninjas die. the bad guys put firecrackers in Splinter's mouth. the bad guys eat pizza. that's the end.
209,Spiderman kicks the Joker. then the Joker dies. then there's Batman. then Superman comes. then they eat pizza. then Superman kicks the Joker down. then Batman dies. then the Joker fights with the Penguin. and the Penguin dies. and there's Shredder. he gets guns. he shoots the Joker. the end.
210,Shredder comes and Rock Steady. they shoot at the ninjas because they want to eat them. Shredder eats Donatello and Rock Steady eats Raphael. Slash comes. and eats Michelangelo.
211,"once there was ninja turtles. there was Super Shredder and regular Shredder. then Rock Steady came too. and then they shoot the ninja turtles. and then they die, the ninja turtles die. and then they eat them. and then that's the end."
212,once there were ninja turtles. then Shredder came. and then Rock Steady came. and then Super Shredder came. and then they shoot the ninjas dead.
213,"Ninja Turtles. Shredder came. Shredder died. he came back alive. and he turned into Super Shredder. he drank ninja turtle ooze. he said "". shoot the ninja turtles, Rock Steady. Rock Steady did. the ninja turtles died. Shredder and Rock Steady eat them."
214,there were ninja turtles. and then Shredder beats them up. there are five fights. and then there is a tiger. then Michelangelo comes. and the tiger eats him up. then a lion comes. and he eats the other Michelangelo. and another tiger comes. and he eats Raphael. and then another tiger comes. and eats Leonardo.
215,"Ninja turtles. then Shredder comes. then Super Shredder comes. then Donatello comes. Michelangelo comes. then Raphael, then Splinter, then Crang comes. then the bad guys eat the turtles. then a dragon comes."
216,"my story is about ninja turtles. then bad guys come. then Rock Steady comes. and Crane comes. Pizza Face, he's a mean guy. then Batman comes. then Shredder comes. then they eat pizza. then the ninja turtles die. then there's eleven fights. then a tiger comes. and then a lion comes. and the ninja turtles come back to life. and the bad guys pour poison on them. then another lion comes. then there's Rock-and-Roll Michelangelo. then Splinter. then the bad guys come again. the end."
217,Ninja Turtles. once there was a python. then a Foot Soldier came with his B-B Guns. then another python came. then another Foot Soldier came. then a Bad Guy came. then a Devil came. then the hideous monsters came. then they have eleven birthdays. then somebody came with a B-B Gun. the end. then there's another end.
218,Ninja Turtles. then Shredder came. then another Shredder came. then another Shredder came. then another Shredder came. then a lion came. then a python came. then another python came. then another python came. then another one and another one ... then another python came. then the pythons died. then another python came. and he died too. then another python came. then another python came. then another python came. and he died too. then another python came. and he died too. then a tiger came. then Captain Hook came. then another Captain Hook came. then Peter Pan came. then that's the end.
219,"once there was a family. then the family went out. and a robber came. and stole all of the family's things. then a bad guy came. and kicked him. then Count Dracula setted. then the robber went back to his house. the Wolfman came. and he set up a trap. another Count Dracula setted another trap. then Count Dracula tried to spook out all of the spooks. then a bad guy came. and he blowed off the family's head. then Count Dracula went back up to his castle with his bats. then Spiderman came. and trapped all of the bad guys and Count Dracula in his webs. then General Trag came. and killed them again. then all of the bad guys escaped. and then all the bad guys killed all the good guys. then another Spiderman came. and trapped all the bad guys except two, Count Dracula and his bats and Wolfman. and then there's a birthday party for all the characters. Count Dracula and the bats and Wolfman had blood juice. the end."
220,Captain Hook fights. Peter Pan comes with a sword. then the bad guys came.
221,Robin and the bad guys had swords and guns and stuff like that in the water. that killed the ducks. and they died. Robin punched the bad guys in the face. and the bad guys died.
222,Peter Pan. Captain Hook. and knights with guns. one got crushed onto the water. and crushed onto spiders. and a knight crushed onto the chair. not all of them crushed onto the chair. one fighted.
223,Peter Pan and a cowboy fight. snakes came and indians. they had some birthday cake. it was the cowboy's birthday. Peter Pan fighted some more.
224,"Bad guys. Peter Pan. they fight. Robin Hood, a walking pillow came. and that's the end."
225,Black knights came. and then Peter Pan came. then Peter Pan falls down to the lobsters. the end.
226,the black knights are fighting. then Peter Pan came. and then a walking pillow came and a dragon. and that's the end.
227,Peter Pan. knights came with guns and shields. then Robin Hood came with a bow and arrow. then a rocking chair came. then a walking pillow came. the end.
228,a bad guy came with a gun and a shield. and then Robin Hood came with a bow and arrow. Peter Pan came with a sword. two black knights came with a shield and a gun. and a prince came. and then that's the end.
229,Peter Pan comes and fights. he fights the knights with swords and shields. then a walking pillow came. and a black knight came. they all fighted. and that's the end.
230,Bad guys came. a walking pillow came. then Robin Hood came with a bow and arrow. then Peter Pan came with a sword. then Superman came. they fighted. then that's the end.
231,Peter Pan. Peter Pan fighted. and knights fighted. and a walking pillow came. and a walking chair came. and that's the end.
232,"Robin Hood, Bad guy. and then a black knight came. and then a walking pillow came. that's the end. they fight."
233,then Robin Hood came. and a knight came. then a walking pillow came. and that's the end.
234,a dragon came. then a alligator came. then a knight came. then a black knight came. that's the end.
235,then Batman came. then Robin came. then Catwoman came. that's the end. they fighted.
236,then the knight came. then Robin Hood came. then the Batman came. then Joker came. then Joker died. and then they fighted. then that's the end.
237,once there was Robin Hood. then Joker died. then a black knight came and fighted. and then that's the end.
238,I want Robin Hood. then the bad guys came with a spear and two swords and all the horses. then Robin Hood comes to spear the bad guys. and then Captain Hook comes to get Robin Hood. then Peter Pan comes. then the bad guys come. Robin Hood fell in the woods. there was a scary monster that talked to him. but the bad guys talk to the scary monster.
239,big Robin Hood came to fight. once there was a knight. and then a Batman came. then Joker came and died. and then Cat Woman comes. then that's the end. then they killed him. that's the end.
240,once there was Peter Pan. and then a knight came. and Captain Hook. he fighted. and the knight and Peter Pan fighted. Cat Woman and Joker fighted too.
241,then ninja turtle came. then a black knight came. then Robin Hood came. and then they fighted. then a rabbit came. and then that's the end.
242,then Robin Hood came to fight. then a knight to fight. then Cat Woman came to die. then Joker dies again. then that's the end.
243,Peter Pan comes and fights. and then a knight comes and fights. then Captain Hook came. then the Sheriff came. then that's the end.
244,then Peter Pan come. and then Black Knight come. then Joker die because he fighted the Black Knight. then the Catwoman came. she fighted the Black Knight. and she died. then a walking pillow came. and the sheriff came. he fighted the Black Knight. and the sheriff died. the end.
245,then Superman comes. then a Superhero comes. then a pterodactyl comes. and then Vision comes. they fight eleven times. then a hippopotamus comes. then night time comes. they eat pizza. they fight twelve times. then they sleep again. and then they fight eleven times. and then Vision kills everyone of the superheroes except Superman and himself. the end.
246,then a Knight came. then Spiderman came. then Batman came. and then they fighted. then Catwoman came. then Joker came. and then a Buffalo came. and then that's the end.
247,then a knight with guns that shoot a lot. then a walking pillow came. then Joker came and Catwoman. then they died. there was two Catwomans. then the Catwoman came. then Spiderman came. and had a lot of webs. then Superman came. then they fighted. that's the end.
248,then a knight came. and Robin Hood came. and Catwoman came. then Joker came. they fighted because they did not like Catwoman and Joker. they liked Batman. they went home and ate pizza. the knight and Batman did not like Robin Hood's mean face. we'll fight you because of your face.
249,Peter Pan. he goes.
250,Peter Pan and Captain Hook. fight.
251,Peter Pan. Peter Pan fights with the crocodile. Captain Hook fights with Peter Pan.
252,"one bad man, one indian, one Spiderman. they eat pizza. they fight. the end."
253,"one indian, one Batman and one Spiderman, one bad guy. eat pizza."
254,"one indian, one Batman, one Ninja Turtle, one bad guy. they eat pizza. and fight. the end."
255,one indian and one bad guy and one crocodile. I want one Peter Pan. Peter Pan eats pizza. one Ninja Turtle. the end.
256,one crocodile and Peter Pan and bad guys. and there are walking pillows. the crocodile eat one indian. one indian eats pizza. and the Ninja Turtle eats pizza too.
257,"one bad guy and one indian, two Ninja Turtles and one crocodile. two Ninja Turtles eat pizza. one walking pillow and one walking chair. no more."
258,"one indian, one Ninja Turtle, one crocodile. fight. eat pizza. one Robin Hood. the end."
259,"one crocodile, one Batman and one indian. they fight an indian. an indian die. okay, the end."
260,"one indian and one Batman, one Flash, one Robin Hood. eat pizza. and one Ninja Turtle. they fight. Ninja Turtle kicks the Batman. another fight, crocodile, tigers and Aladdin. the end."
261,"one rocking chair, Aladdin, walking chair, two indians, two Ninja Turtles. fight, two fights. eat pizza. one Batman, one Spiderman. the end."
262,"Aladdin, one indian, one ninja, one tiger, one Batman. they fight. the indian fight the tiger. the tiger dies. eat pizza."
263,"one indian, one Batman, one Ninja Turtle, two bad guys, one tiger and one crocodile. they fight. and tiger dies. and then they fight another fight. and one good guy. and crocodile die. and they eat pizza. and fight again. the end."
264,one bad guy and one good guy. the two fight. two ninja turtles come. and one Superman comes. the two eat pizza.
265,"one indian and one Batman, one tiger and two crocodiles. they eat pizza. and they fight. two crocodiles died. another fight and another fight. Batman fight. the end."
266,one indian and nobody dies. one crocodile and six ninja turtles. they eat pizza. and then they fight. and another fight and another fight. I like fight. the indian eats more pizza.
267,one crocodile and two indians and two ninja turtles. they fight and another fight and another fight. then they sleep. and eat pizza. and one Batman. he fights. no more.
268,two ninja turtles and one indian and one Robin Hood and one Peter Pan and Spiderman. they fight and another fight and another fight. two crocodile come and one lion. they eat pizza. and then they have another fight.
269,five ninja turtles. they fight and another fight and another fight. they eat pizza. one crocodile comes. and there is another fight. Batman comes. and there is another fight. the crocodile dies.
270,"one crocodile, two ninja turtles, two bad guys, one indian. Indian go to fight. one Spiderman. Spiderman dies. Indian go to sleep. one Batman come. and fight with the indian. another sleep. eat pizza. and fight. the end."
271,one indian and two ninja turtles. and fight and another fight and another. and sleep and another sleep. and fight. and another sleep. and wake up. and fight. and eat pizza. and fight. the end.
272,"one indian, one lamp, one genie, one Aladdin. they fight. then Robin Hood is coming. Aladdin sleep. and two ninja turtles. they eat pizza. another eat pizza. Ninja turtles and Aladdin fight. Ninja turtles die. the end."
273,"one ninja turtle, two indians. one crocodile dies. he just slips. and Batman come. fight two ninja turtles. one ninja turtle die. another ninja turtle come. the end."
274,one Peter Pan fly to Neverland. Peter Pan and Captain Hook fight. throw to ocean. tik-tok tik-tok crocodile comes. and eats Captain Hook. two indians. the end.
275,"one Ninja Turtle, and one indian, and two Ninja Turtles. one Ninja Turtle die. another Ninja Turtle coming. and they fight. and another Ninja Turtle die. another Ninja Turtle come and fight. and a indian die. another indian come. and eat pizza. and sleep. the end."
276,one Peter Pan and one Robin Hood. they fight. Catwoman comes. she fights Robin Hood. and Catwoman dies. the end.
277,"one indian, two ninja turtles. Indian fight the ninja turtles. and one ninja turtle die. they sleep. eat pizza and another sleep. the end."
278,one ninja turtle. he eats pizza. then Batman comes. they sleep. and eat pizza. one bad guy fights the ninja turtle. the bad guy dies. eleven sleeps. the end.
279,one ninja fights the indian. but now indian dies. Batman fights the mummies. the end.
280,"one indian, one ninja turtle. the ninja die. another indian come. Ninja turtle fight the indian. and the indian die. one Spiderman and one Batman and one Superman. the end."
281,one Indian came. and fight the Ninja Turtles. and the end.
282,"one Ninja Turtle, Iceman. one Shredder cuts the Ninja Turtle. another Ninja Turtle fights the Iceman. one Catwoman die. the end."
283,"Indian, now Cobra Snake, and a Ninja Turtle. then Cobra Snake eat the Ninja Turtle. the end."
284,Aladdin. he goes to the secret tiger head. he got the lamp. Ninja Turtles fight Aladdin. he is sleeping. and a bad guy throws him into the sea.
285,the ninja's were at their house. bad guys came. the ninja's jumped up on the wall with their swords. and hanged there. and then they jumped down. and fight the bad guys.
286,pirates fight in the water. balloons came to pull them up from the water. but they fell down. the bad pirates fight. and Donatello wins.
287,Ninjas were at their home. there was a wall. and then a bad guy came. and crunched it down. and then they fighted. and that's the end.
288,Bad guys go to the river. and then the turtles came. and they fighted. and then they went back to their house. and then bad guys came to their house. and then they fighted again. and then they went up to bed. and sleeped. and then they got up. and went to breakfast. and it was pizza. and then it was the end. and then they went to sleep again.
289,pirates go to the river. and they fight. then a ninja came. and kicked one of the pirates into the river. and it made a big splash. and then they went back to their house. and fighted. and the pirates fighted with them.
290,"pirates go to the river. one, two bad guys fight Donatello. and he has a big stick. and he flips the bad guys over into the river. and they fall in the mud and the water. and then the ninjas go to their house. and the bad guys go with them. and they fight. and that's the end."
291,Bad guys go to the river. and then they went in. and chopped the ninja's house down. then a bad guy came in the door. and a ninja kicked the bad guy out of the door. and then they fighted. that's the end.
292,"they, the pirates, went to a house. and it was a beasties house. and then they opened the door. and they fighted. and ninja's lived with them. and then they fighted. and that's the end."
293,pirates go to the river. and then bad guys came. and kicked one into the water. and then they fighted. and Captain Hook fighted. and a ninja came. and fighted. and it's the end.
294,pirates went to the river. then a ninja kicks one into the river. and they fall a hundred deep. and then they fighted. and that's the end.
295,pirates go to the river. and then the bad guys came. and they fight. then they go to their house. and eat pizza. that's the end.
296,Ninjas came to the sewer. they fight. they fight with the Footsoldiers and Shredder and Bebop and Roc Steady. and that's all.
297,pirates go to the river. and then Ninjas come. and they fight. and then they go to the house. and have pizza. and that's the end.
298,pirates go to the river. then they went to a house. and then they crashed down the house. then ninjas were there. and then they fighted. and then they went to the Raphael Field. and then they fighted again. and then they went back to the sewer. that's the end.
299,pirates go to the river. and then they crash down an old house. then they went upstairs. and then a ninja was there. and the ninja kicked the pirates down the stairs. and they walked back up. and they fighted. and that's the end.
300,pirates go in the woods. and then they fight with the ninjas. they eat pizza at the sewers. and then Splinter comes. he's a good guy.
301,Bad guys go to the house. they went to their home. and ninjas got in there and they fighted. and when they fighted they were at a river. and the bad guys falled in. and all of them climbed out. and one fell in the mud. and he got all muddy. and he had to change in the bathroom.
302,Bad guys go to the river. and then ninjas come. and then they fighted with the sticks and everything. and that's the end.
303,Bad guys go to a house. then ninjas came. and they fight. and Shredder and Bebop came. and they fighted again. and then they fighted again. and Bebop and Roc Steady and Shredder died. all of the bad guys died. and then they eat pizza. and that's the end.
304,Ninjas. and then they fighted with bad Roc Steady and Bebop and Shredder. and then the ninjas went home and had pizza. and then Roc Steady and Bebop and Shredder came. and then they fighted again. That's all.
305,"Ninja turtles fight with Rock Steady, Bebop and Shredder. the Turtles pushed the bad guys in the river. then the bad guys climb out. and go to the battlefield. then they all fight at the battlefield."
306,"Ninjas fight with Rock Steady, Bebop and Shredder at the battlefield. they went to the sewers to eat pizza. that's all."
307,Ninja Turtles eat pizza. and then Bebop and Roc Steady and Shredder came. and then they all went to the battlefield. and they fighted. and then the Ninja Turtles pushed rocks on the bad guys. that's the end.
308,Ninja Turtles. Ninja Turtles eat pizza. then they fight with Roc Steady and Bebop and Shredder. and Shredder died. then he came back. and fighted again. and then he went to the battlefield. and fighted. then ate pizza. that's the end.
309,"once there were Ninja Turtles. they fighted Catwoman. they fighted Roc Steady, Bebop and Shredder. then they had some pizza. they went food shopping. they buyed the best food. and they buyed a birthday cake. they went back in the sewer. and went to bed. after their nap, they ate the cake. and then they had some ice cream. they liked it. they got more cake and ice cream."
310,my mama. I came. and then we drive to school. and then we play at the house. and then my mama goes to her class. and then I'm a baby.
311,Batman is here. he fights Catwoman and Joker and the bad captain and the bad maties. they go down in their submarine. then Batman goes back in the Batmobile to the Batcave. they fight again. Batman wins. and Robin wins because Robin knows karate chops.
312,Superman fights Lex Luther. then the Flash came. and fighted with Superman. Batman came and fighted. and tied his utility belt around the bad guy. it's the end.
313,Superman fights Lex Luther. and then the Flash comes. and kicks Lex Luther in the face because Lex Luther was doing bad things to the city. the end.
314,"Ninja Turtles fight Roc Steady, Bebop and Shredder. and then they go home to the sewers. and eat pizza. and then they eat cake and ice cream. the end."
315,Batman fights Joker and Catwoman and Penguin and Riddler. then they fight again. and that's the end.
316,Ninjas eat pizza. then they fight Rock Steady and Bebop and Shredder. and then they fight again. and then Shredder dies. and then he turns into Super Shredder. and gets back alive. that's the end.
317,Ninja Turtles fight Shredder and Bebop and Rock Steady. then they eat pizza. then they fight again. then they go down to the sewer. and fight Crang. that's the end.
318,"Ninja Turtles fight Rock Steady, Bebop and Shredder. then the ninja turtles go into the sewer. and eat pizza. then they fight again. then Shredder turns into Super Shredder. the end."
319,Ninja turtles fight Rock Steady and Bebop and Super Shredder and plain Shredder. they fight one more time. they eat pizza in the sewers. and then they fight again. they rest. now it's the end.
320,"Peter Pan fights the maties of Captain Hook. then all of them, even Captain Hook, eats ice cream and cake. they are not really friends."
321,my mama marries Rick. and then she bore me. that's the end.
322,"Ninja's fight Rock Steady, Bebop, Shredder and the Foot Soldiers. and then after a long fight, they eat pizza. only the ninja turtles eat pizza. that's the end. and then they went to sleep. and had ice cream and cake. and then they had cookies too, chocolate chip cookies."
323,Batman and Robin fights the Joker. and then Cyclops. Cyclops is a superhero too. and there's a button on his back. and when you push it his eyes light up. and then the Flash comes. and Spiderman sprays his webs at the bad guys. that's the end.
324,"Robin Hood and Little John walk in the forest. they splashed into the water. the Sheriff and his Soldiers came. and Robin Hood stuck up his hat. and the Sheriff shot an arrow in his hat. and they jumped into a tree. Robin Hood pulled his bow and arrow out of his hat. Robin Hood saw the King. then they tricked the King with a costume on. and they stealed the gold for the poor. then the Sheriff of Nottingham stole some gold for Prince John from the Little Bunny. Robin Hood gave the Little Bunny his bow and arrow and his hat. then the Little Bunny went to try it out. and shot it into Prince John's yard. and Maid Marion got the bow and arrow. and the Little Bunny said "". Oh no. that's all. then Robin Hood and Maid Marion get married."
325,first Shredder came. he made a new invention that shoots the rays out of the invention. the rays go very slow. and they can pull anything towards it. the ninja turtles came in. and they had a battle. then Shredder went to the battlefield. he had a new car. the ninja turtles stopped him. the ninja's won the fight.
326,"first the ninja turtles go to the battle. then Shredder comes. and they have a battle. then Roc Steady and Bebop come. but they were funny, cause they crashed into each other. then Shredder left. and Bebop and Roc Steady had a battle. and then the turtles went to the sewers. and then they had pizza. and Shredder came to the sewers. and had a battle. and Roc Steady and Bebop were there. and Roc Steady's horn was stuck to the side of the ceiling. then Shredder went to the Technodrome. and he died there because the turtles had a battle with him."
327,there was the Planeteers. but then the bad guys came. then the Planeteers sended all their rings together. some of the bad guys were animals. one is a pg. he is trying to pollute the world. then the Planeteers stop him.
328,Slash comes. and he goes to the river to cool him off. but the ninja turtles stopped him. and then Superman came. Spiderman comes with Superman. then Spiderman and Superman got in a fight with the turtles. then Bebop and Roc Steady come. then Crane comes. then the ninja turtles go to their home. and have pizza. then the ninja turtles come again. and they fight Bebop and Roc Steady. then the ninja turtles go to the battlefield. and they get their van. the ninja turtles go to sleep.
329,the mosquito story. then one mosquito went to his home. he lives there. after this is the end. it's a very short story.
330,it's gonna be Ninja Turtles. first Raphael is at his home eating pizza. and then Leonardo comes. and then the other ninja turtles came. and then Bebop and Roc Steady. and then Shredder and Crane came to the sewers. and then they fighted. and then they went to the battlefield. they fighted there at the battlefield. then all of them went to sleep. and that's the end.
331,a story about Ninja Turtles. first there was Leonardo. and then Donatello came to help Leonardo fight. and then Raphael came. and Michaelangelo came also to help Donatello fight. and then Shredder came. and then Captain America fighted. and then Super Wren came. and Super Wren helped Donatello to fight using his powers. and then they rest. and then Shredder and Super Wren are the only ones there. and they fight. and then that's the end.
332,first Shredder came. then Super Wren came. and then Leonardo came. and then Raphael came. and then Donatello came. and they fighted. it was a long fight. and then they rested. and then they fighted again. then they had a sleepover. and then they fighted again. Spiderman and another Super Wren came. the end.
333,Leonardo and Raphael came to the sewers. and then Donatello came. and Super Wren came. and then three more Super Wrens come. and then Shredder comes. they all fighted. and it's a long fight. and then they fight again. and then they fight four more times. then Super Wren goes away to a different part in the sewers. and he fights Bebop and Rock Steady. then all of them have a birthday party. and they are all happy.
334,"first there were ninja turtles. then the Stone Protectors came. and the Battle Trolls came. and Superman and Super Wren came. they all fighted. and then they fight again and again. after three more fights, there is a birthday party. it is Super Wren's birthday. he got all kinds of weapons for presents. and the Stone Cutters gave him all kinds of stones. the Battle Trolls gave him all kinds of fighting clothes."
335,"Ninja Turtles. walking trees come with faces and arms and hand. and then Super Wren comes. he fights Shredder because Shredder wanted to take all the Super Wren's power. but he didn't. and then the Stone Protectors came. and then the Battle Trolls came. and then the ninja turtles came. they all fight. and then they fight again. after five fights, they have two birthday parties. and then Shredder dies. he comes back alive as Super Shredder. and then Super Wren fights him with his powers. the end."
336,"it's about super heroes. first Super Wren came. then Vision came. and then Walking Trees, and Walking Walls, and Walking Pictures came. and then a princess came. and then Shredder and Bebop and Rock Steady came. then Crang came. he's an alien whose called Crang. and he lost his body when he's executed to earth. and then Super Wren and Vision came. and then Batman and Robin came. and they fight. and after ten more fights, they have ten birthday parties. and then eleven more fights. and then that's the end."
337,"first there was a giant mouse. Spiderman who can turn into a vision. and then Shredder came. and then Superwren came. and Leonardo came. and two bad guys came. they fighted. and after eleven more fights, they have eleven birthdays. and then eleven more birthdays. then they have one more of eleven fights. that's the end."
338,once there was a tarantula. and then Vision came. and the devil from Fantasia came. they had three of eleven fights with the bad guys. Vision killed all the bad guys except the devil. the devil from Fantasia escaped. the devil went back into night time. and he turned himself back into the mountain.
339,first Vision came. and then Tarantula came. eleven more Visions came. and an alligator came. they had three of eleven fights and the eleven Visions. and the one Vision killed all the bad guys except Jaws.
340,first there was Superman. then Vision came. then eleven more Visions came. then eleven Shredders came. then they fight. and they have eleven fights. then they eat pizza. then they have three more fights. then the bad guys die. and then two robbers came. Superman and Vision fight the robbers. the robbers die. and Vision and Superman rest. that's the end.
341,Superheroes fight a living volcano with a few Shredders. the superheroes are Vision and Superman. the volcano chases Vision and Superman. but Superman looks inside the volcano. and he tells Vision to use his powers on the volcano so the volcano can explode.
342,then Superman comes. then a Superhero comes. then a pterodactyl comes. and then Vision comes. they fight eleven times. then a hippopotamus comes. then night time comes. they eat pizza. they fight twelve times. then they sleep again. and then they fight eleven times. and then Vision kills everyone of the superheroes except Superman and himself. the end.
343,first Vision came. then Spiderman came. Spiderman spreaded a web over a bad guy. then Vision used a power. and knocked the bad guy into the water of the pond. then eleven bad guys and eleven Visions and eleven Spidermen came. and they fight with eleven fights. and then there's eleven birthdays. that's the end.
344,first there was a tarantula. then Spiderman tamed the tarantula. then the bad guys. there's eleven bad guys. then Spiderman makes himself turn into eleven Spidermen. and they fight eleven fights. then eleven birthdays. and eleven fights again. and eleven fights again. and then there's a birthday for all the characters. that's the end.
345,"once there was Night_on_Bald_Mountain. next there was hundreds and hundreds and hundreds of Spidermen. then the Mountain shook with lightning. and then Batman and Robin came. then the whole big Mountain turned into the Black Devil. then all of the Ninja Turtles and Splinter came, before the fight. the Black Devil of Fantasia called his hideous monsters. and then they fight with eleven fights. then it was getting to be morning. then it was getting to be more of the eleven fights. then it was morning. then all of the Black Devil and his hideous monsters vanished back into the night. and there's eleven birthdays for all of the characters. then the Black Devil made the lightning and fire mix together. and then it was morning, so he wrapped his wings around himself. and turned back into the Mountain. and that's the end."
346,"first there were walking houses. then walking trees came. they said "". hello. they were friends. then Vision and Spiderman came. then Dracula and the Devil from Fantasia came. and then they fight with one hundred and eleven fights. then eleven fights again. and that's the end."
347,first there was Jaws the Shark. then there was Spiderman. then the Phantom came from the Phantom of the Opera. they fight and Spiderman makes a web. and throws it over one of the Bad Guys but not Jaws. then Jaws dunked his head under water. and sailed away. that's the end. Jaws escaped.
348,"once there was a family. then the family went out. and a robber came. and stole all of the family's things. then a bad guy came. and kicked him. then Count Dracula setted. then the robber went back to his house. the Wolfman came. and he set up a trap. another Count Dracula setted another trap. then Count Dracula tried to spook out all of the spooks. then a bad guy came. and he blowed off the family's head. then Count Dracula went back up to his castle with his bats. then Spiderman came. and trapped all of the bad guys and Count Dracula in his webs. then General Trag came. and killed them again. then all of the bad guys escaped. and then all the bad guys killed all the good guys. then another Spiderman came. and trapped all the bad guys except two, Count Dracula and his bats and Wolfman. and then there's a birthday party for all the characters. Count Dracula and the bats and Wolfman had blood juice. the end."
349,"first there was dinosaurs. then Tyrannosaurs Rex came. and Spiderman fought him off. then Spiderman fought all the other dinosaurs off in a big fight. then Spiderman took a rest. then Spiderman woke up. then he fighted the bad guys away with a very giant big fight. the bad guys died. but more bad guys came. and a robber came. they fighted a giant, giant, giant, giant, giant, big fight. then Spiderman said "". Yahooh! because he flew in the air with a flip in the air."
350,the teenage mutant ninja turtles came. they came with Master Splinter. then Slash came to the battlefield. then Roc Steady and Bebop came. then the footsoldiers came. and then the footsoldiers got bashed. then Shredder came. and he died. and then Super Shredder came. and he threw the turtles in the water. and they didn't know how to swim.
351,the turtles came to the battlefield. Slash came. then the footsoldiers came. they fighted. and then the footsoldiers got crunched. then plain Shredder came. and he died. then Super Shredder came. and he picked the turtles up. and threw them in the water. and they didn't know how to swim.
352,the Nuchino's and the Ninja's came to the battlefield. Slash came. Batman came. Slash tried to get Batman. Batman shooted his rope out of his special gun. and he hanged on the bar. and jumped down. and kicked Slash into the water.
353,"the Teenaged Mutant Ninja turtles come to the battlefield. then Batman comes. then Slash comes and Bebop and Roc Steady. and they bumped heads. and then Batman came. and he kicked Slash into the water. and he didn't know how to swim. byebye, Slash. and then he died."
354,once there was an ant. then a tarantula came. and then all these animals were trying to kill tarantula. and the animals in the whole wide world were trying to kill tarantula. but then the tarantula ate them all up. and then the tarantula was still skinny.
355,once Super Shredder came. and then skull armored Captain Hook came. then vampires came. then Rasp came. then they all fighted. then Rasp jumped on one of the vampires. that's the end. the vampire that gets jumped on turns into a ghost.
356,once there was Super Shredder. and then came a tarantula. and then they all fighted with the good guys. and then they ate pizza. and that's the end.
357,once there was the Teenage Mutant Ninja Turtles. then Shredder and his Footsoldiers and Bebop and Roc Steady came. and then plain Shredder turned into Super Shredder. and that's the end.
358,once there was Hothead. he can blow fire. he never dies. and he can never get strangled or choked. he can stretch his neck. and he has horns. the turtles came in. and they started fighting. and all the turtles died because Hothead won the battle.
359,"once there was a snake necked turtle. and he ate up a whole lot. he ate three oranges, two butterflies and two pears. he was stuffed. and went into the water."
360,once there was a tarantula. and then his friend came. he was a brontosaurus. then the bad guy came. and the brontosaurus fighted the bad guy. the tarantula builded a spider web. and the bad guy died.
361,this guy came. and he fighted with the bad guy. and the bad guy won. he was the Phantom of the Opera. he went back to his castle. and he sitted in his secret chair.
362,once there was a cave. in that cave lived a tarantula. and then a dragon came. the dragon broke the cave. the tarantula came out. and fighted the dragon. and then the dragon died because the tarantula won the battle. the tarantula got a new cave. and that's all.
363,once there was a spider. then there was a tarantula. then a brontosaurus came. and then an alligator came. so they went swimming. and this happened in Florida in the Everglades.
364,once there was Darth Vader. and then Luke came. and then Luke and Vader fighted with their light sabers. and Luke dies in the fight. and that's the end.
365,once there was a tarantula and a brontosaurus. and then there was a bad guy. they fighted. the tarantula bit the bad guy. and the bad guy died. the brontosaurus went home with the tarantula.
366,once there was an alligator. and then there was a giant squid. the giant squid grabbed the alligator. and the alligator bit the giant squid. but the squid didn't die. then a bad giant squid came. and then the alligator and the bad giant squid fighted. and the bad squid died.
367,Plain Shredder. then the Turtles came. then they killed Shredder and the foot soldiers and the Rock Soldiers and Crang and Bebop and Rock Steady. and then Shredder came back alive. and then they blew Shredder away. and then Shredder drank the mutagen. and turned into Super Shredder. and then Super Shredder came back to where the turtles were. and then he picked up all the turtles. and he threw them into the sea. and sharks ate the turtles.
368,"once there was Ninja Turtles. then there was regular Shredder. Razah is a big werewolf. Tohka is a big snapping turtle. the ninja turtles blew plain Shredder away. and then regular Shredder turned into Super Shredder by drinking the ooze. and then Super Shredder, Razah, Tohka and the foot soldiers fight the ninja turtles. and the turtles die."
369,once there was a melon bed. and then in the melon bed there lived two cobras named Nag and Nagarina. then Ricki-ticki came. he's a mongoose. Ricki-ticki lived with the boy and the boy's mommy and daddy. and then one evil day the cobras decided an evil plan. to shoot a force field over the melon bed so Ricki-ticki couldn't get any of their eggs. and then the cobras wanted to go kill Ricki-ticki. and then they went hunting for Ricki-ticki. and then they came to a house. and then Nag and Nagarina slithered up a tube into the bathroom. and then they waited until the father came in with his firestick. and then the man came in with his firestick. and then the father and the snakes had a fight. and then the two snakes bit the father. and the father died. and then they sneaked into the living room where the mommy was sewing. and then quickly and quietly the snakes bit the mommy. and then the snakes sneaked into Teddy's nursery. they bit Teddy. and then they went out into the garden to try and fight Ricki-ticki. the two cobras striked. and bit Ricki-ticki-tavi. and then Nagarina and Nag hatched their baby snakes.
370,once there was Conan. and Rasthamon came. they fighted. Conan died. and Rasthamon shot lightening into Conan's eyes with his ring. that's the end.
371,once there was Dracula. and the good guy came to fight Dracula. then Dracula blew him away. and then he turned into a bat. and it was night time. and then Dracula sucked twenty people's blood. then the good guy came back to fight Dracula. but Dracula was not there. and then he returned. then count Dracula killed the good guy by sucking his blood. and then the mother Dracula came out. that's the end.
372,once there was a tarantula. and then Vision came. and the devil from Fantasia came. they had three of eleven fights with the bad guys. Vision killed all the bad guys except the devil. the devil from Fantasia escaped. the devil went back into night time. and he turned himself back into the mountain.
373,first Vision came. and then Tarantula came. eleven more Visions came. and an alligator came. they had three of eleven fights and the eleven Visions. and the one Vision killed all the bad guys except Jaws.
374,"once there was Night_on_Bald_Mountain. next there was hundreds and hundreds and hundreds of Spidermen. then the Mountain shook with lightning. and then Batman and Robin came. then the whole big Mountain turned into the Black Devil. then all of the Ninja Turtles and Splinter came, before the fight. the Black Devil of Fantasia called his hideous monsters. and then they fight with eleven fights. then it was getting to be morning. then it was getting to be more of the eleven fights. then it was morning. then all of the Black Devil and his hideous monsters vanished back into the night. and there's eleven birthdays for all of the characters. then the Black Devil made the lightning and fire mix together. and then it was morning, so he wrapped his wings around himself. and turned back into the Mountain. and that's the end."
375,first there was Jaws the Shark. then there was Spiderman. then the Phantom came from the Phantom of the Opera. they fight and Spiderman makes a web. and throws it over one of the Bad Guys but not Jaws. then Jaws dunked his head under water. and sailed away. that's the end. Jaws escaped.
376,"once there was a family. then the family went out. and a robber came. and stole all of the family's things. then a bad guy came. and kicked him. then Count Dracula setted. then the robber went back to his house. the Wolfman came. and he set up a trap. another Count Dracula setted another trap. then Count Dracula tried to spook out all of the spooks. then a bad guy came. and he blowed off the family's head. then Count Dracula went back up to his castle with his bats. then Spiderman came. and trapped all of the bad guys and Count Dracula in his webs. then General Trag came. and killed them again. then all of the bad guys escaped. and then all the bad guys killed all the good guys. then another Spiderman came. and trapped all the bad guys except two, Count Dracula and his bats and Wolfman. and then there's a birthday party for all the characters. Count Dracula and the bats and Wolfman had blood juice. the end."
377,"once upon a time there was three ninja turtles. and then came Bebop and Roc Steady. they fight the turtles. and the turtles win. then came a boy named Jacob. he had a magic leaf in his hand. and Batman came, after the boy came. and they fighted all together. then Bebop, Roc Steady and Shredder came. and the magic coral gets back to the ninja turtles. the magic leaf stays with the boy. he feeds it to his moose camel. then the camel gets mortified into the ground."
378,first there was a tree. then came ninja turtles. then the ninja turtles kicked the tree. and then came Spiderman. and then Spiderman and Bebop came to the battlefield. and they fighted. and that's the end.
379,once there was Robin Hood. then there was the bow and arrow. he had a bow and arrow. then they sailed away with a crocodile and a few of his men and Robin.
380,once upon a time there was the Black Knights. and then there came the Good Knights. and they fighted. and when they fighted the bad ones winned. then there was the greedy Captain. and that's the end.
381,once there was dinosaurs. then there was knights in a castle. the dinosaurs are the knights pets. and the greedy captain of the guards of the knights stealed all the food and gold. the dinosaurs helped the captain. and ate the good guys. then lions and bulls raced into the fight. the bad knights came into the fight. and the bad guys won.
382,once there was a bad guy. then the good guys came to fight him. the bad guy won. then Ninja Turtles came. and they ate pizza with the bad guy.
383,"once upon a time there was a spider. it was a tarantula. then a dragon came. when the dragon came, they had a party. and at the party there was fighting with swords and a knight. then came the dragon's mommy. she said "". come home. the end."
384,"once upon a time there was a alligator. and then the alligator walked over to the man. and then the man said "". take me to the bad guys' palace. and the alligator did. but the guy who asked the alligator, he's the good guy. and then came the Ninja Turtles. and then the bad guys die. they eat pizza. and that's the end."
385,"once there was Shredder. and he drank the potions that was in a jar that had potion named on it. And then the turtles came. and they fighted Rock Steady and Bebop and plain Shredder. and when he drank the potion, he turned into super Shredder. and then he threw the Ninja Turtles into the sea. and the Ninja Turtles eat some pizza. and then Bebop and Rock Steady came. and they fighted. and then they went to the sea. and go for a swim. and have some pizza. and then the Ninja Turtles were still fighting Super Shredder. that's the end."
386,once there was a king. and then some knights came. and some bad guys came. all of them fighted. and the bad guys died. the king and the knights had some pizza and some cake.
387,once there was an indian. then some Rock Steadies came. and some Bebops came. there are two Rock Steadies and two Bebops. the end.
388,"first there was a hunter. and he killed a deer. then there was an indian who shot a bow and arrow through a buffalo. they took the skins of the animals. and let them dry on a rectangle made of sticks. then they cut the deer and the buffalo up. and put them in a kettle. and cooked them for dinner. then they ate the buffalo and the deer. they put the buffalo horns on the chief's helmet. they took the deer horns off. and hang them from their belts. then they put their belts on. and their helmets for battle. and they fighted. the indians fight the hunters. then the indians stole the true love of the bear, that was the mother bear. then they go back to their teepees."
389,Batman fights. then Spiderman comes to help Batman fight. then Joker and Catwoman die. Spiderman shoots the web at Penguin. and then Penguin's trapped. Batman punches Iceman. and then Spiderman kicks Logman in the leg. Robin comes. and then we have eleven fights. and then eleven birthdays. and then all the bad guys die. we go swimming. they eat ice cream. and then that's the end.
390,once there was Robin Hood. and then Maid Marian comed. and then they married. and then they stayed together. then Robin Hood saved Maid Marian. the end.
391,"Raphael, Leonardo are ninjas. they eat green slime. then they fight with Shredder and Bebop. they go to a rodeo. and it's great. they are watching."
392,the ninja turtles came to the sewers. and then Batman came. and then Superman. then they fighted. and then they went to their sewer all together. and then they fight again. and then they go to the sewer. that's the end.
393,once Robin Hood came to the forest. and then Peter Pan came. they met and went to a party with a party dude. that's a ninja. then they had pizza. and went to the sewer. and had a fight with Roc Steady and Bebop. they fighted two times and again.
394,"once there was Peter Pan. and two Peter Pans. they're both good. Michael said "". I'm going to be the crocodile. OK but you're not going to eat meat. said Abraham "". then somebody has to be Wendy. they fly to the bad Never Land. and Peter Pan fights Wendy. Captain Hook captures Wendy. and we kill Captain Hook and Wendy. and then the crocodile eats them after we kill them. that's all."
395,"once Peter Pan came. and then Wendy, she's a girl. and then Captain Hook captured her. then Peter Pan saved her. and then Peter Pan fighted with Captain Hook. then the lost boys came. and fighted with Peter with Captain Hook. and then the alligator swallows Captain Hook."
396,once there was three black knights. and then a princess came. and then three bad black knights came. and they fighted. only the bad black knights went to have some soup. and then they fighted again with the good black knights. and then the princess married one of the good black knights. then a cobra snake came. and it was the pet of the good black knights.
397,once upon a time there was a cowboy. then a python came. the python was the cowboys' pet. and then they fighted with the indians. and there was three indians and three cowboys. and the python squeezed the indians. and they died.
398,once there was dinosaurs. then there was knights in a castle. the dinosaurs are the knights pets. and the greedy captain of the guards of the knights stealed all the food and gold. the dinosaurs helped the captain. and ate the good guys. then lions and bulls raced into the fight. the bad knights came into the fight. and the bad guys won.
399,once upon a time there was some cowboys and cobra snakes. the snakes were the cowboys pets. and they found a thief. and they fighted it. and the cowboys won. and they brought him home. then they found some gold. and they put it in their treasure box. the thief was a rat. and the cobras ate him. the cowboys found a machine gun. and fighted the indians because they wanted their land. the indians died. and the cowboys fighted down their tent. they were bad cowboys.
400,once upon a time there was a castle. and a prince lived in it. a princess came along. and they married. the prince went hunting in the forest. and he found some army guys. and he fighted them. the army guys died. the princess was waiting at the castle. the prince came back. and they went to a fair. and then they went on their honeymoon. the end.
401,once there was a captain. then he visited the cobras. and the cobras and the captains fighted indians. and then they fighted. and then they went to have some wine. the end.
402,the boy who had a magic sword. once there was a boy. and he turned invisible. he cut through the metal chains of the bad guy castle with his magic sword. his friend came along with his magic sword. and he helped the boy fight with the bad guys. both boys killed all the bad guys again and again.
403,"first there was a hunter. and he killed a deer. then there was an indian who shot a bow and arrow through a buffalo. they took the skins of the animals. and let them dry on a rectangle made of sticks. then they cut the deer and the buffalo up. and put them in a kettle. and cooked them for dinner. then they ate the buffalo and the deer. they put the buffalo horns on the chief's helmet. they took the deer horns off. and hang them from their belts. then they put their belts on. and their helmets for battle. and they fighted. the indians fight the hunters. then the indians stole the true love of the bear, that was the mother bear. then they go back to their teepees."
404,the Joker had a bomb in his hand. and then he throwed it. and the bomb exploded. then Batman came. and he fighted the Joker. and the Joker died. and then Batman went back to his Batcave.
405,the turtles eat pizza. they went in their turtle blimp. they stopped at the Technodrome. they went inside. and found Shredder. they fight Shredder. then he died.
406,"once there were Ninja Turtles. they fighted Catwoman. they fighted Roc Steady, Bebop and Shredder. then they had some pizza. they went food shopping. they buyed the best food. and they buyed a birthday cake. they went back in the sewer. and went to bed. after their nap, they ate the cake. and then they had some ice cream. they liked it. they got more cake and ice cream."
407,teacher went to school when she was little. she played at school. she had friends. and she had snack at school. she went outside. and she played with her friends. her favorite thing was to take a nap in the afternoon. and then she went outside again. and then she went home.
408,Ninja Turtles. Ninja Turtles fight Bebop and Roc Steady. then they went to eat some pizza. then they took a nap. then they fighted again. and Shredder died. the Turtles were happy. Shredder is their villain. the end.
409,"once there was swimming. Toad and Frog splashed in the water. Frog made big splashes. and Toad made little ones. Toad said to Frog "". could you go and shoo the turtle away? and Frog said to turtle "". could you go away? Toad doesn't want you to see his bathing suit. the turtle told the lizard. the lizard told the dragonflies. and then the dragonflies told the snake. and the snake told the mouse. all the animals watched Toad get out of the water. the dragonflies, the lizard, the snake and the mouse laughed. Toad did not like it."
410,the Ninja Turtles fight. they went to their house. they eat pizza. then they fight again. all the Turtles went swimming. they went back home. and eat ice cream. then they took a nap. then they lived happily ever after.
411,"Batman fighted the Penguin. then he went back to his Batcave in his Batmobile. then he went back out in disguise. he took his costume off. he was in disguise as Bruce Wayne. he didn't want the people to know. so he took his Batman costume off in the Batcave. then he ate some ice cream. his only job is to help people. he went back to his Batcave. then the bat signal was on. and he put his bat costume back on. then he fighted the Penguin again. and then the Penguin died. then he was the hero. then Robin came out. and he fighted Catwoman. then the Catwoman got away. then Robin found Catwoman. and Batman fighted Catwoman. and Robin helped Batman. then Catwoman died, because Robin and Batman got her. and then Robin went swimming. Batman stayed in the Batcave. then there was another fight by the Joker and the Riddler. then Batman and Robin came out. and fighted them. Joker died. and the Riddler got away. then Robin and Batman got the Riddler. and Riddler died."
412,my mommy went to school at this school. she played with all her friends. her favorite was puzzles. GR was my mommy's teacher. the kids went outside and played. and then they went to sing. had a story. went to eat lunch. and then they took a nap. then they played again. and then they had another story. the Grinch Stole Christmas was her favorite. then they went outside again. and then they went home.
413,"Trisha ate cat food. she went to sleep. when she was asleep, she grew babies. they were just born. and they had some ice cream. and then they were friends. then they played some games. and then the babies grew up. and moved to Disney World where Owen was. and then they went to sleep. the end."
414,"Ninja Turtles fight Bebop, Roc Steady and Shredder. and then Shredder dies. and the Turtles go to the sewers. and eat ice cream and pizza. then they fight again. and then one turtle dies, Michael Angelo. then there's three Turtles left. and the other Turtles win. they fight again. and then they went back to eat cake and pizza. then they went swimming. and then they took a nap. they wake up. then Master Splinter said "". there's another fight. Shredder's alive again. Donatello stabs his bow into Bebop's stomach. and Bebop dies. and then Raphael puts his sharp sword into Roc Steady's tummy. and then he died too. and then Leonardo stabbed his real sharp sword into Shredders' tummy. and then they're all dead except for the Turtles. the Turtles winned. the end."
415,"my mommy. my mommy went to school. she played with her friends. she ate snack. and then she went outside. then she had lunch. her mommy had packed it. it was Gaby, my grandma. then my mommy took a nap. then she got up. and played with her friends. then she went home. the end."
416,"Batman. Batman went to fight Penguin, Joker, the Riddler, Catwoman and Iceman. Robin came to help Batman fight. Iceman blew ice at Batman and Robin. they punched the ice. but they were trapped. Flash came. and poured water on the ice. and Batman and Robin punched their way out. but Penguin had a trap that could trap forces. and he trapped Batman and Robin. then all the superheroes came but they got trapped too. then they all pushed their way out of the trap. then everybody fighted. and all the bad guys died. the superheroes had a birthday because they all had won."
417,"my mommy flew on an airplane to go to Disney World. actually she went to Disney World. and then she went to Toon Town. then she went to sleep. she woke up. and she ate breakfast. I came out of my mommy's tummy. first there was fireworks. and we saw them. then Joel came. and Joel spend over the night. then we woke up. and ate breakfast. then we took a nap. we ate dinner. we went to bed. Joel and me woke up, ate breakfast. then we played in Disney World with Mickey Mouse. then that's the end."
418,Ninja turtles fight Shredder. Shredder dies. but drinks the mutagen. and turns into Super Shredder. but the turtles came. the bad Shredder threw all the turtles into a brick wall. but then two more ninja turtles came. and they fight Shredder. then Super Shredder and all the other bad guys died. the ninja turtles had ice cream. the end.
419,"a Batman story. first Robin came, Boy Wonder. then Batman came. Robin shoots two missiles. Batman shoots his missile. and one of the missiles Robin shoots hits Penguin. the other one hit Catwoman. and Catwoman fell down. she died. and Joker died. and then the Penguin died."
420,Batman fights. then Spiderman comes to help Batman fight. then Joker and Catwoman die. Spiderman shoots the web at Penguin. and then Penguin's trapped. Batman punches Iceman. and then Spiderman kicks Logman in the leg. Robin comes. and then we have eleven fights. and then eleven birthdays. and then all the bad guys die. we go swimming. they eat ice cream. and then that's the end.
421,Robin Hood. Robin Hood and Little John walked into the forest. then they splashed into the water. the Sheriff comes with his soldiers. and they shot at them. and then Robin Hood sticked his hat up. Robin Hood and Little John riding through the forest. they jumped into a tree. they saw the King. they put on a costume with a crystal ball. they were holding it. and then they tricked the King. and ran away with the gold. the Sheriff of Nottingham is coming for Friar Tuck. and then Robin Hood came. and he was in disguise again. and the Sheriff of Nottingham escaped. and then Robin Hood got out of his costume. and said Happy_Birthday to the little Bunny. then Robin Hood gave the little Bunny his Robin Hood hat and his bow and arrow. the little Bunny tried the hat and the bow and arrow out. and then the little Bunny shoot the bow and arrow into Prince John's yard who was the King. then they had a big tournament. and then Robin Hood was in disguise. and shoot his bow and arrow. then they took the mask off. and they had a little fight. then they had a big fight. and Robin Hood fell into the water. and then Little John and the Bunny thought Robin Hood was really dead. but he wasn't. and then Robin Hood got married to Maid Marion.
422,"Robin Hood and Little John walk in the forest. they splashed into the water. the Sheriff and his Soldiers came. and Robin Hood stuck up his hat. and the Sheriff shot an arrow in his hat. and they jumped into a tree. Robin Hood pulled his bow and arrow out of his hat. Robin Hood saw the King. then they tricked the King with a costume on. and they stealed the gold for the poor. then the Sheriff of Nottingham stole some gold for Prince John from the Little Bunny. Robin Hood gave the Little Bunny his bow and arrow and his hat. then the Little Bunny went to try it out. and shot it into Prince John's yard. and Maid Marion got the bow and arrow. and the Little Bunny said "". Oh no. that's all. then Robin Hood and Maid Marion get married."
423,Secret of the Ooze Two. they fight. then they eat pizza. and Master Splinter comes. and then he shows them an ooze. somebody threw trash on the ground. and Shredder's hand stuck out. and then Shredder went to his hideout with the Foot Soldiers. the Foot Soldiers found a dandelion. then the Turtles were watching April on TV. the Foot Soldiers brought the dandelion to Shredder. the Turtles found a new home. and Raphael watched a human wrestle. Raphael got trapped by Shredder. there was a little fight because the other Turtles came to rescue Raphael. they went down to the sewers to make a potion. and then they fighted again. and they fighted the Foot Soldiers in the music room. Shredder came. he drank the mutagen. and turned into Super Shredder. then Shredder died. then the Turtles said Cowabunga!
424,Lee Tai went to my house. we played. then we ate a snack. then she sleeped over. we ate breakfast. we went to Disney World. and we saw Mickey Mouse. then Joel came over too. and slept over. we got up. and watched TV. we ate cupcakes. then we played. then Leah came over and Abraham. they slept over. then we got up. and watched TV. then we ate cupcakes. then we played. the end.
425,the crocodile and the mouse and the monkey and Splinter. they fight. they eat pizza. the stars come out. the sun rises on their head. and they get up. they eat pizza. that's the end.
426,the crocodile and the mouse and the monkey eat pizza. that's the end.
427,there was a princess. and then there was a prince. they ate some pizza. they go for a picnic. they go for a walk in the woods.
428,once upon a time there was a princess and a king. that's the end.
429,there is a cat and a wolf and a mouse. they are friends. they go to a camp overnight. the end.
430,a frog and a wolf and a cat and a mouse. they fight. the wolf turns into a princess. that's it.
431,there's a wolf. it turns into a princess. that's the end.
432,there's a fox. and the fox turns into a princess. that's the end.
433,the princess that turns into a fox. that's it.
434,he was a good monster. and then there was a princess and a prince. the end.
435,there was a monster and a kitty cat and a prince and a princess. they all went to sleep. they all played Ring_around_the_roses.
436,"there's a cat. there's a dog. a bullfrog, a princess, a witch. they went to a fair. and they went home. and they goed to the jungle. they went back home. and they met a snake. the end."
437,a fairy. the fairy went to sleep. and it had a dress too. and there was a bunny. a baby angel came. the bunny went to sleep. the angel left her baby behind. and the bunny guarded the baby and happily after. a princess came. the end.
438,there was a cat. and then there was a dog. and then there was a bee. then there was a peacock. then there was Kathleen. then they played. the end.
439,there was a rabbit. then there was Kathleen. that's me! and then there was Oon-Kyung. then came along Joel. that's the end.
440,then there was a bunny. and then there was a walking pillow. then there was a donkey. they went to the moving store. they were trying to buy things. but they were moving around because the store was moving. outside the store there was a walking carrot. the bunny hopped. and ate it up. the donkey and the walking pillow played Round_and_round_the_rosies. there is a head. and it walks. they play Ring_around_the_rosies. along came a walking door. and they all played. the end.
441,once upon a time there was a bunny. and then came a Peter Pan. and then there came a hopping pillow. and then there came a horse. then there was another horse. and it was a baby horse. they all played Ring_around_the_rosie. and then went to sleep. and then ate breakfast. and they played Ring_around_the_rosie. and then they ate dinner. and went to sleep. and then they woke up in the morning. and they went to the whole new world. they picked flowers. the end.
442,"first there was a bunny. and then came a walking pillow. and then there came a pg. and then there came a horse. and then there came a sheep. they played Ring_around_the_rosie. and then they went to sleep. and then they woke up. they play outside. and after that, they made necklaces. they played Ring_around_the_moon. they made ga_ga_goo_goo. and they did a coo coo coo coo. then they played jump rope. the end."
443,once upon a time there was a cookie. then a walking pillow came.
444,first there was a fire star. and then there was a goo_goo_ga_ga. then there was a truck driver. a fish. someone caught the fish. someone was Alex. they ate breakfast. and they went to the store. but the store was moving. they went to a horse farm. and then they went to jail. then they went to bed. the end.
445,once upon a time there was a bear. then there was a witch. then there was a walking pillow. and the witch ate the walking pillow up. a Dunkin' Doodle came. and then the Dunkin' Doodle walked to a princess castle. the princess went to sleep. and then the princess went to a fair. they saw a kerchief. there wasn't a fox. they played Ring_around_the rosie. the end.
446,once upon a time there was a unicorn. and that's the end.
447,my story is about a cat and a rabbit and a dog and me. they all played Ring_around_the_rosie. and ate supper. the end.
448,the crocodile and the fox. they fight. they eat. they go to bed. and then the end.
449,the prince and the baby and the crocodile. the ninja turtle comes out. and then they fight. the ninja turtle. then the end.
450,the prince and the baby and the wolf and the crocodile fight. then they go to bed. the baby was not fighting. the baby was sleeping in the house. the end.
451,"the prince and the princess. they go for a walk. they buy food, silly food. and they have eyes. and it's so funny. and then the princess went back in the castle. and the end."
452,there was a princess. then there was a guy walking by. and then he stole the princess' house. and the prince came. and they went home. the end.
453,once there was a princess. and then there was a prince. and then there was a baby fox. and there was a wolf and a baby wolf. the prince and the princess rided on a slide. and there was a snake. and he went on a snake slide. and they all got a necklace. the baby fox was running around. and playing.
454,once there was a princess. then there was a ninja turtle. they all went for a walk. they saw a snake. and they made friends. the end.
455,once there was a princess. and then there was a prince. the two took a walk. and ran away. then they saw a nice fox. they all went to the mall. they saw pizza. and they ate it up. and then they had a drink. and then the end.
456,once there was a princess. and there was a fox. they married each other. then there were two Ninja Turtles. they fighted and fighted and fighted. and they ate pizza. the princess and the fox went to the mall. they ate pizza too. the end.
457,once upon a time there was a princess. and then there was a man. and a lady walked by. and another prince. and then there was a chicken. and then there was a fox. they all runned away. the end.
458,once there was a snake. then there was a fox. the fox and the snake were riding in a car. then there was a baby fox and a baby snake. then the baby fox. and all they stopped. and a bunny rabbit was hopping. then there was a baby bunny rabbit. they all are riding in the car. the end.
459,once upon a time there was a little bed. it can fly. and then a little girl came along. and then she met a bear. and then there were footsteps. they saw a princess. and then they got married to each other. and then they bought dancing shoes. and then a pair of shoes walked along a path. a flower grew. and then something magic happened. that was the flower came alive. and then it came dark. and then a ghost came. all of the people go to the park except the flower and the ghost and the pair of shoes.
460,"once upon a time a wolf came along. and then a bunny came. and then they got married. and then a father came. and then the father said "". have you seen my child? and then a car came along with legs. and then a candle came. and there was night time. the moon came out. and after it was night time, it was morning. and the rocking chair came. the candle turned into the princess. then they all went to the zoo. and then they played ball. and then the stars came out."
461,once upon a time there were dinosaurs. then there was a prince. they had lots of doggies and kitties. and a truck came along. and then they all went home. and married themselves. and then a bunny came. and then they had a tea party. and then they all went out for a ride. and then they went to a fair. then the stars came out. and then it was morning. and the sun came out. then they ate pizza and ice cream. the end.
462,once there was a bunny. then there was a kitty. they played together. they ate chocolate. they found some doggies and kitties. they all went to a zoo. they found a princess at the zoo. the princess went home. there were bad guys in a cave. and then it was nighttime. then it was morning. then they ate pizza. then they had silly cereal. the end.
463,once there was a chair. and then there was a prince. and then there was a princess. then they went for a walk in the woods. then there was a lollipop growing. and then there was a kitty and a dog. they married themselves. they went on a vacation. they went home to the castle. they went to the mall. the end.
464,once there was a prince. and there was a rabbit. they were friends. there was bad guys. they fighted with the prince and the rabbit. then the prince and the princess went for a walk. and the bad guys went for a vacation. then there was a flower. the flower fell down. the end.
465,once there was a mermaid. and then there was a prince. they went for a picnic. they found somebody in the water. they went for a ride. then they went on a boat. they went to a playground. and then they went to their house. they made a necklace. the end.
466,once there was a prince. then there was a princess. then there was a shirt. then they goed swimming. then there was ice. then there was a jar of paint. they went for a ride in a wagon. then they played Ring_around_the_roses. then they played Merry_go_round_the_mulberry_bush. then they goed home. they ate waffles. they painted. and drawed a picture. and they made earrings. they weared them. the shirt got lost. then there was a talking pen. then they made beads and goo_goo_ga_ga. they scribbled with one paint. and they lived happily ever after.
467,"once there was a princess. then she goes for a walk. then there was a prince. then they found a kitty cat. then they went home. at home they jumped and played. then they went out shopping. and they found some silly cereal. then they ate silly dinner. the cat went around the house. and found a talking pencil. the pencil said "". good morning. and the cat said hi. the prince and the princess and the kitty cat and the pencil played Ring_around_the_roses. the end."
468,"there was a princess. she goed to the ocean. and she went in the water. but it was land. then there was a mermaid. she came out of the land. and then she went back in the land. then the mermaid and the princess went home. they scrubbed their head with a crayon. then they jumped. and played. then they talked to their own head. and touched their head with their tongue. then a talking frog was coming by. he was wearing talking sunglasses. he was saying "". sun, sun, sun. then they all eat pizza. then a talking pencil falls down. and dies. everybody is crying. the end."
469,"once there was talking scissors. they said "". goo goo goo goo. then there was play-doh run around the room so that nobody could catch it. then a mermaid came out of land. and then there was a talking pencil. the end."
470,once there was a mermaid. then she goed out of land which is in land. then there was a princess walking by the land water. then there was a talking pencil and a goo_goo_ga_ga. they went for a walk. and they said goo_goo_goo to each other. then there was a necklace walking by. the necklace and the talking pencil went on vacation when it wasn't winter.
471,once there was a snowflake. and the snowflake came with ice down to the ground. the snowflake talked to the ice. and then there was a talking mouth. the mouth spit it out. the snowflake walked away. it went to Africa. it melted. and then teacher cried because it melted. then there were flowers when it was summer in Africa. the flowers found treasures. and they goo_goo_ga_ga_ed over the treasures. that little puddle from the snowflake turned into ice. then there was a ga_ga_goo_goo. the talking mouth went on vacation. and then they all played Ring_around_the_roses. the end.
472,"once there was a unicorn. and then there was a talking pencil. then there was a talking crayon. and then there was a little, little baby. and then there was a nothing. then a unicorn came out of land. the sun rised. then there was a goo_goo_ga_ga. they went for a walk. then um, then um, then then um. they did that. then they goed home. the end."
473,"once there was a fairy. then there was a princess. there was a unicorn. then they were out of water. but they were in water. then there was a robber. there was an elephant. they go for a walk, even the water that was out of water. they saw the sunshine. after that they saw the sun set. the robber stealed the piano. and he stealed the orange. and the robber stole the elephant. the end."
474,"once there was some silly PlayDoh that ran all around the room so nobody could catch it. and there was Nanna. and she chased it. and tried to catch it. then there was a mermaid coming out of water. then there was Keely. we chased the PlayDoh. the mermaid was playing out of water. Keely and Nanna could not catch the PlayDoh. the end. but it's really not the end. there was a talking pencil. it said "". doo-doo-di-di-dee-day. they made a necklace. and they went for a vacation. they all ran around. and they were so happy that they almost fell down. they had a couple of paints that they could paint with on vacation. the mermaid swam in the water. the end."
475,once there was a princess. then there was a prince. they married each other. they went for a ride. and then they went for a vacation. and they saw a bunny. they took the bunny home. there was silly Play-Doh running around so no one could catch it. and there was a pony. there was children all around trying to get to the silly Play-Doh. and the children made a necklace. and then there was a bear that was nice. she was in the woods. the end.
476,once there was a princess. then there was a prince. the princess had a baby. they went for a walk in the woods. and they saw a bear. they went for a vacation. and they painted themselves. then they saw some grass. and then they rided on a boat. the end.
477,once there was a talking pencil. and then there was a baby. and then there was a talking table. then there was an angel. they married. there were some girls and some boys. then they ate pizza. they saw some silly oranges in the store. then they danced with the silly oranges. they saw a sunset. then they goed and goed to sleep. then they saw a talking bunny. then they hopped with the bunny. then they ate breakfast. and then they ate dinner. the end.
478,once there was a telephone. and the telephone ran all around the room so nobody could catch it. and then there was Moira and Kinsley. and there was Kaira and Nanna. they went for a walk. and they came back from the walk. and then they went on a vacation. they came back from vacation. and then it was nighttime. and they went to sleep. they made a necklace. they ate dinner. they went to sleep. and they woke up. and got dressed. the end.
479,once there was a walking heart. and then there was two rabbits hopping along the road. then there was an owl. and they went home. and then they went to sleep. they woke up. and then they made a necklace. they saw a deer. the heart liked the deer. the end.
480,once there was a witch. then there was a goo goo. and then the goo goo jumps on the witch's head. and then they went to sleep. and goo sleeped on the witch's head. and the witch slept on the goo's head the next night. and then there was a spider on the floor. then they went for a walk. and then there was a bunny hopping along the path. then the spider went outside. the end.
481,once there was a goo goo. then there was a walking heart a long time ago. then there was a walking pillow. and then there was a ga_ga. then there was a bunny that hopped on its head. then there was a bear that growled on his head. they play Ring_around_the rosie on their head. the end.
482,once there was a bunny. then there was another bunny. they went outside. then a princess came. and then everybody gathered leaves. they broke the leaves in little pieces. and put them in a bowl. and put some water in it. then a mermaid came. they had the leaves for dessert. they all went to sleep. and then the bunnies got lost. and a walking pillow came. and the walking pillow found them. the end.
483,once upon a time there was a bear. then there was a witch. then there was a walking pillow. and the witch ate the walking pillow up. a Dunkin' Doodle came. and then the Dunkin' Doodle walked to a princess castle. the princess went to sleep. and then the princess went to a fair. they saw a kerchief. there wasn't a fox. they played Ring_around_the rosie. the end.
484,once upon a time have a dinosaur triceratops. and then Tyrranosaurus Rex came. and eating dinosaur Rex came. and then they fighted. and Rex find his treasure box. and inside have his egg. and then there was a queen's dog. and Rex fight all the dinosaur. and all the dinosaur die. and then they went home. the end.
485,once there was a princess. then there was some babies. then there was a prince. then there was a queen. and the queen got married. she married the prince. and then there was kitty cats and dogs. the end.
486,once there was a princess. then there was a prince. they got married. then they went shopping. then they had cookies. then they had breakfast. then it was nighttime. then it was morning. then there was ninja turtles. the end.
487,once there was Kelly. then there was a princess. then Kelly and the princess got married. there was ninja turtles. then they fighted. they had pizza. then they watched TV. then there was a dragon. the end.
488,once there was a princess. she went on a walk. she met a prince. they got married. they got babies. then they went on a trip. then they went on a picnic. then they flied kites. then the stars came out. then they went happily ever after. that's all.
489,once there was a baby. the baby lost a tooth. they went home. then they went to the castle. then they went on a plane ride. then they went to the park. then they went on the pedal boats. the baby lived with the princess and the prince. then there was ninja turtles. then there was Bebop. then there was Rocksteady. then they all lived happily ever after.
490,once there was a bumpbumpbump. and then there was two walking shoes. then there was a doggie. the doggie flopped around because it was a stuffed animal. then there was a walking and a talking pillow. then there was a human. and her name was Kaira. and then there was another human. and her name was Kinsley. and then there was another human. that human was Joella. they bowed. and they lived happily ever after.
491,once there was a bunny. then there was a baby bunny. then there was a kangaroo. then there was a baby kangaroo. then there was a baby wolf and a mama wolf. then there was a princess. they went for a walk in the forest. they drawed a picture. then they read books. and then they had nap time. then they had breakfast. then they had soda. they played with blocks. they had rest time again. the end.
492,once there was a princess. and then there was a kitty. they went to school. then they went up a mountain. and then they went down a mountain. then there was a prince and king. then there was a big O. the O went for a walk. the prince and the king went on a trip. they draw pictures on the trip. and they painted. then the kitty and the princess went on a hot air balloon. and got married. the kitty was a girl cat. the end.
493,once there was a dolphin. then there was a princess. then there was a dog. then there was a kitty. then there was Joella. they have pizza. the end.
494,once there was a ga_ga_goo_goo. then there was a gaga_geegee. then there was a princess. then there was another princess. then there was a prince. then there was another prince. then the end.
495,once there was a horse. then there was a unicorn. then there was a princess. they went to a fair. the unicorn had a birthday. then the horse had a birthday. then the princess had a birthday. it was nighttime. the stars came out. they went to Dunkin' Donuts. they made masks for Halloween. they went to the castle. they saw a witch. there was a dragon. they went to the meadow. they went to the zoo. they had feast. they played with legos. the end.
496,once there was a dolphin. then there was a mask. the mask is for the dolphin. there was the Halloween fair at the Common School. there was a silly pillow. it walked. the dolphin did a swim race. they went to the meadow. there was a unicorn and a horse. they went back to the fair with the silly pillow and the dolphin. the end.
497,"once there was a flower. then there was a mask. we made masks, me Kaira. there was Joella. there was Kinsley. there was Brenna. they went for a walk. they went home. I sleeped over at Nell's house. the end."
498,"once there was a door. the door had some birthday cake. there was Moira. then there was Kaleah. there was Kinsley. there was Brenna. there was Mirise. we went to the four, me and Mirise. the end."
499,once there was Kaira. then there was Keely. then there was Athena. they played Ring_around_the_rosie. me and Athena sleeped over at Keely's house. the end.
500,once there was a princess. then there was a monster. then there was Kaira. there was Kathleen. they played Ring_around_the_rosie with the princess and the monster. the end.
501,once there was a princess. she had no friends. there was a bunny walking by. the bunny and the princess made friends. the princess went to the bunny's castle. they fighted nothing. the end.
502,"once there was a princess. then there was a bunny. then they goed for a walk. there was a play-doh table they saw on the walk. it was in the water. then there was a talking shirt and two shoes. and they went "". clonk, clonk. the princess and the bunny take the shoes home. the turtle turned into a human. and the shirt goed home. there was a J. and the J played ball. they all joined into the ballgame with the J."
503,once there was a pumpkin. there was a woman. there was Kelly. there was her mom and her dad. there was her sister and her brother. they saw turtles. Kelly went on a horse. the turtle told a story. and everybody listened. the mom cut up the pumpkin. and made pumpkin pie. the whole family ate it. the woman was sleeping. Kelly was still riding the newborn baby horse. there was a sweater. Kelly was wearing the sweater. the end.
504,once there was a princess. then there was a unicorn. then there was Kinsley. then there was me. then there was Joella. then there was Nel. there was Brynna. then there was a book. then there was a play-doh. and it went all around the room. then there was Kathleen. then there was Claire. we read books. take pictures. the end.
505,once there was a fairy. then there was a princess. there was a unicorn. then they were out of water. but they were in water. then there was a robber. there was an elephant. they go for a walk. even the water that was out of water. they saw the sunshine. after that they saw the sun set. the robber stealed the piano. and he stealed the orange. and the robber stole the elephant. the end.
506,"once there was a dragonfly. and there was a talking pencil. the dragonfly flew away. the talking pencil said "". goo_goo_ga_ga. the dragonfly and the pencil played hide and seek. then there was teacher GR. then teacher GR said "". hmm, hmm. the dragonfly had lots of pretty colors. then the pencil hopped away. teacher GR said "". bow, bow, bow. then teacher GR said "". ga_ga_gill_gill_gill. teacher GR said "". I am going to paint a picture. and then she said "". take my picture down. there was a school. and teacher GR went to the school. it's called the Community School. then teacher GR played at the Community School. the dragonfly and the pencil hopped and flied away. there was a table. and the pencil drawed on the table. it drew a star. then the table walked. and the people in the school laughed. the pencil had a puppet show. then they left from the puppet show. the end."
507,"once there was teacher GR. then there was a bunny rabbit. then teacher GR said "". bye bye. there was an R. they all walk. and the bunny rabbit hopped away. then the bunny rabbit hopped in a tree. teacher GR tried to get the bunny out. but she couldn't. but then the bunny got untangled. and it jumped out. the R said "". doo doo. and then the R crawled away. it jumped up and down on a trampoline. then it started raining. the sunshine came up. then there was a sunset. the stars twinkled. and it was nighttime. the mom came. then it was morning. teacher GR went to teach Athena and Kaira. then our mom and dads picked us up. Athena had a snack. and then we all played. then the bunny rabbit hopped on the rod and down again. teacher GR was happy. and Athena and Kaira too. the end."
508,once there was a doo_doo_da_da. it looked like a pear. there was a little boy. he knew where a giant lived. and the giant threw a tantrum. the little boy ran to tell his mom. the pear went for a walk. the pear ran into the giant. the giant died because the pear bumped into him so hard. the end.
509,once there was a tomato. the tomato got eaten by a person. the end.
510,once there was a talking pencil. then there was a sunset. they jumped over a tree. there was a princess. then they goed underground. there was a pony. he galloped. the pencil drawed on its nose. then there was a E. the E said hello. then the E hopped away. the end.
511,once there was a kitty. and then there was a kitten. there was a princess. and the princess was their owner. there was a snake going to the lair. then the kitties goed home. there was Kinsley and Kaira. then Kaira goed to the lair. Kinsley went to the lair with Kaira. then the snake goed home from the lair. the lair was leaving. then the kitties had a nap. the end.
512,"once there was a Nanna. then there was a Sophie. they played together. there was a pillow. the pillow walked. the pillow walked like this, flop_flop_flop polka dots. the end."
513,once there was a walking heart. and then there was two rabbits hopping along the road. then there was an owl. and they went home. and then they went to sleep. they woke up. and then they made a necklace. they saw a deer. the heart liked the deer. the end.
514,"once there was Nanna. then there was Athena. then there was Kinsley. then there was Oon-Kyung. then there was Kaira. Diane came. they got a goldfish. Claire drived them to school. Athena said that her sister's getting a bunny for her birthday. Kinsley said "". so, Athena. Joella got mad. they looked at the pictures. the end."
515,once there was a kitty cat. then there was a dog. the dog chased the cat. the cat caught a goldfish. Kinsley came and the cat smelled the flowers. the dog went to its owner. Kelly came and went to the E two store. she bought a plastic horse for her to ride on. she pretended it was a real horse. the end.
516,once there was a scorpion. then there was a horse. then there was a unicorn. the unicorn and the horse played together. Diane came. Diane played with the marble set. Kinsley came. the end.
517,once there was me. then there was Kinsley. they went for the ride in the car. got a goldfish. me and Kinsley got married. the end.
518,a princess went for a walk. then she found a prince. then the princess and the prince had babies. then they go back to their castle. then they had dogs and cats. the end.
519,once there was a king. then there was a princess. then they got married. and then they found doggies and kitties in the woods. and they keeped them. then they goed back to the castle with the doggies and kitties. then they found someone stealed their house. the end.
520,once there was a kitty. and then it found a dog. and they jumped. and played. and then they goed home. and found a princess. then they played with the princess. the end.
521,once there was me. and I goed to school. and I leave. and I go to my jumping class. and I was the greatest jumper in my jumping class. and then I goed home. and then I goed to water. and I dived under water. and then I goed home. then me and my mom goed on a vacation. the end.
522,once there was a princess. she goed for a walk. she found a bear. she taked the bear home. they jumped. and played. the bear goes home. the end.
523,once upon a time there was a bear. he took a walk. he found a princess. they go home together to the princesses house. they jumped. and played at her house. the end.
524,once upon a time there was me. then my mom. we go to the ocean. we go swimming. and we jumped. and played with the dolphins. we goed home. the end.
525,once there was a prince. then there was a princess. then there was a shirt. then they goed swimming. then there was ice. then there was a jar of paint. they went for a ride in a wagon. then they played Ring_around_the_roses. then they played Merry_go_round_the_mulberry_bush. then they goed home. they ate waffles. they painted. and drawed a picture. and they made earrings. they weared them. the shirt got lost. then there was a talking pen. then they made beads and goo_goo_ga_ga. they scribbled with one paint. and they lived happily ever after.
526,once upon a time there was a talking frog. and then a talking pillow. and then they goed for a walk. and then they goed home. then they jumped. and played. then they sucked on their shirts. then they ate squiggles. the end.
527,"once there was a princess. then she goes for a walk. then there was a prince. then they found a kitty cat. then they went home. at home they jumped. and played. then they went out shopping. and they found some silly cereal. then they ate silly dinner. the cat went around the house. and found a talking pencil. the pencil said "". good morning. and the cat said hi. the prince and the princess and the kitty cat and the pencil played Ring_around_the_roses. the end."
528,"once there was a princess. then there was a bunny. then they goed for a walk. there was a play-doh table they saw on the walk. it was in the water. then there was a talking shirt and two shoes. and they went "". clonk, clonk. the princess and the bunny take the shoes home. the turtle turned into a human. and the shirt goed home. there was a J. and the J played ball. they all joined into the ballgame with the J."
529,"there was a princess. she goed to the ocean. and she went in the water. but it was land. then there was a mermaid. she came out of the land. and then she went back in the land. then the mermaid and the princess went home. they scrubbed their head with a crayon. then they jumped. and played. then they talked to their own head. and touched their head with their tongue. then a talking frog was coming by. he was wearing talking sunglasses. he was saying "". sun, sun, sun. then they all eat pizza. then a talking pencil falls down. and dies. everybody is crying. the end."
530,once there was a mermaid. then she goed out of land which is in land. then there was a princess walking by the land water. then there was a talking pencil and a goo_goo_ga_ga. they went for a walk. and they said goo_goo_goo to each other. then there was a necklace walking by. the necklace and the talking pencil went on vacation when it wasn't winter.
531,once there was a snowflake. and the snowflake came with ice down to the ground. the snowflake talked to the ice. and then there was a talking mouth. the mouth spit it out. the snowflake walked away. it went to Africa. it melted. and then Teacher cried because it melted. then there were flowers when it was summer in Africa. the flowers found treasures. and they goo_goo_ga_ga_ed over the treasures. that little puddle from the snowflake turned into ice. then there was a ga_ga_goo_goo. the talking mouth went on vacation. and then they all played Ring_around_the_roses. the end.
532,once there was my mommy. then there was me. we took a walk. then we found a bear. we goed home with the bear. we jumped. and played. then we played Ring_around_the_rosie. the end.
533,"once there was a unicorn. and then there was a talking pencil. then there was a talking crayon. and then there was a little, little baby. and then there was a nothing. then a unicorn came out of land. the sun rised. then there was a goo_goo_ga_ga. they went for a walk. then um, then um, then then um. they did that. then they goed home. the end."
534,"once there was a fairy. then there was a princess. there was a unicorn. then they were out of water. but they were in water. then there was a robber. there was an elephant. they go for a walk, even the water that was out of water. they saw the sunshine. after that they saw the sun set. the robber stealed the piano. and he stealed the orange. and the robber stole the elephant. the end."
535,"once there was my mommy. then there was me. we goed to school. then after school we go to get ice cream. then my sister was home. then we played at home. then we ate dinner. then we go to bed. then my mommy fell asleep in my bed. and all night she was sleeping with me. then it was morning. and we ate breakfast. then we got dressed. then we played with my daddy. then my daddy was getting tired. he falled asleep. we screamed "". wake up! and that's how he waked up. he grabbed us because we waked him up. then it was nighttime again. it was morning. then we ate breakfast. then we got dressed. then we goed sledding. my dad pulled us so fast. then we were cold. and then we goed in. then we laid by the fire because we were so freezing even though we were in the house. then it was nighttime. then we ate breakfast. then we got dressed. then we played. then we goed to school. then we played at school. then it was cleanup at school. then it was outside time at school. then it was pickup time. the end."
536,"once there was a dragonfly. and there was a talking pencil. the dragonfly flew away. the talking pencil said "". goo_goo_ga_ga. the dragonfly and the pencil played hide and seek. then there was teacher GR. then teacher GR said "". Hmm, Hmm. the dragonfly had lots of pretty colors. then the pencil hopped away. teacher GR said "". bow, bow, bow. then teacher GR said "". ga_ga_gill_gill_gill. teacher GR said "". I am going to paint a picture. and then she said "". take my picture down. there was a school. and teacher GR went to the school. it's called the Community School. then teacher GR played at the Community School. the dragonfly and the pencil hopped. and flied away. there was a table. and the pencil drawed on the table. it drew a star. then the table walked. and the people in the school laughed. the pencil had a puppet show. then they left from the puppet show. the end."
537,"once there was teacher GR. then there was a bunny rabbit. then teacher GR said "". byebye. there was an R. they all walk. and the bunny rabbit hopped away. then the bunny rabbit hopped in a tree. teacher GR tried to get the bunny out. but she couldn't. but then the bunny got untangled. and it jumped out. The R said "". doo doo. and then the R crawled away. it jumped up and down on a trampoline. then it started raining. the sunshine came up. then there was a sunset. the stars twinkled. and it was nighttime. the mom came. then it was morning. teacher GR went to teach Athena and Kaira. then our mom and dads picked us up. Athena had a snack. and then we all played. then the bunny rabbit hopped on the rod and down again. teacher GR was happy. and Athena and Kaira too. the end."
538,"once there was a talking pencil. the talking pencil said "". ga_ga_goo_goo gee_gee. then there was a teacher GR. she is the mother pencil. she says "". go to bed. to the baby pencil. the baby pencil goes to bed. then the baby pencil wakes up. and plays. then the baby pencil goes to bed again. and wakes up again. then it plays again. his mommy is washing the dishes. and then his mommy goes to sleep. then they go for a walk. and then they go home again. then they play. then they go to sleep. then it was morning. then they ate dinner in the morning. and after that they ate breakfast. and then they had dessert. then they go to bed again. then they wake up. and they eat dessert. the end."
539,once there was a talking pencil. then there was a sunset. they jumped over a tree. there was a princess. then they goed underground. there was a pony. he galloped. the pencil drawed on its nose. then there was a E. the E said hello. then the E hopped away. the end.
540,once there was a talking pencil. and then there was a baby. and then there was a talking table. then there was an angel. they married. there were some girls and some boys. then they ate pizza. they saw some silly oranges in the store. then they danced with the silly oranges. they saw a sunset. then they goed and goed to sleep. then they saw a talking bunny. then they hopped with the bunny. then they ate breakfast. and then they ate dinner. the end.
541,once there was a kitty. and then there was a kitten. there was a princess. and the princess was their owner. there was a snake going to the lair. then the kitties goed home. there was Kinsley and Kaira. then Kaira goed to the lair. Kinsley went to the lair with Kaira. then the snake goed home from the lair. the lair was leaving. then the kitties had a nap. the end.
542,once there was a witch. then there was a goo goo. and then the goo goo jumps on the witch's head. and then they went to sleep. and goo sleeped on the witch's head. and the witch slept on the goo's head the next night. and then there was a spider on the floor. then they went for a walk. and then there was a bunny hopping along the path. then the spider went outside. the end.
543,once there was a goo goo. then there was a walking heart a long time ago. then there was a walking pillow. and then there was a ga_ga. then there was a bunny that hopped on its head. then there was a bear that growled on his head. they play Ring_around_the rosie on their head. the end.
544,then there was a bunny. and then there was a walking pillow. then there was a donkey. they went to the moving store. they were trying to buy things. but they were moving around because the store was moving. outside the store there was a walking carrot. the bunny hopped. and ate it up. the donkey and the walking pillow played Round_and_round_the_rosies. there is a head. and it walks. they play Ring_around_the_rosies. along came a walking door. and they all played. the end.
545,once there was a bunny. then there was another bunny. then there was a walking pillow. and then there was Diane. they went to the fair. and they walked all around. they got cotton candy. and then they goed back home. it was bedtime. then it was morning. and they all went moo_moo. they thought they were cows. Diane played with the cows. the end.
546,once there was a doggie. then my mommy was there. and then my mommy and the doggie played Ring_around_the_rosie. then I came. and we goed to the store. we goed out of the store because the store was moving. then we climbed up a tree. the end.
547,once there was my mommy. then I came. then a clown came. then the clown did a show for us. then we played Ring_around_the_rosie_with_the_clown. then we goed swimming with the clown. the end.
548,once there was a princess. and she went for a walk. and she met a prince. and she went back home. and she had lots of doggies and kitties. that's the end.
549,once there was a princess. she went for a walk. and she met a prince. and she went home. and she got married. and she had lots of puppies and kitties. she had babies. the end.
550,once upon a time there was a Kaira. and there was a Kinsley. and they made a necklace. then Kathleen came. and they read a book. and they went to sleep. and they woke up. and they got a fish. the end.
551,once there was a princess. and she went for a walk. and she met a prince. and she went home. and she got married. and she had babies. she had lots of puppies and kitties. and that's the end.
552,once there was a mouse. and then there was a wolf. and there was a monkey. and they rocked. and then they paint. and then it's nighttime. and the stars come out. and then the sun comes out. and then the end.
553,once upon a time there was a fox. the fox turned into a princess. and they eat lots of ice cream. then there's a bunny. and that's the end.
554,once there was a wolf. then they had a baby wolf. and a bunny came along. it is a grown up bunny. and the bunny had baby bunnies. and they lived happily ever after. the end.
555,there was a wolf. they had baby wolves. and then there was a bunny. and then there was baby bunnies. and then they ate ice cream. and that's the end.
556,once upon a time a wolf. and then there was a rabbit. and they went to the mall. and then they drawed pictures. and then they painted pictures. and then the end. then they read books. and they went back home. and then the end.
557,"once there was a bunny. and she had baby bunnies. and then there was a wolf. and he had baby wolves. and then they got married, all of them. they went to the mall. for the babies they got a teddy bear and airplane. and they went back home. the end."
558,once there was a monkey. there was Nanna and Kaira and Moira and Athena. they played with Play-Doh. and the monkey listens to a story with them. they go to school. they read books. and play with animals. and they go back home. the end.
559,"once there was talking scissors. they said "". goo_goo_goo. then there was Play-Doh run around the room so that nobody could catch it. then a mermaid came out of land. and then there was a talking pencil. the end."
560,once upon a time there was me. there was my little sister. there was my friend Kaira. there was my friend Nanna. there was Kaira's sister Joella. there was Kathleen. there was some silly playdoh that went all around the room so nobody could catch it. the end.
561,"once there was some silly PlayDoh that ran all around the room so nobody could catch it. and there was Nanna. and she chased it. and tried to catch it. then there was a mermaid coming out of water. then there was Kinsley. we chased the PlayDoh. the mermaid was playing out of water. Kinsley and Nanna could not catch the PlayDoh. the end. but it's really not the end. there was a talking pencil. it said "". doo_doo_di_di_dee_day. they made a necklace. and they went for a vacation. they all ran around. and they were so happy that they almost fell down. they had a couple of paints that they could paint with on vacation. the mermaid swam in the water. the end."
562,once there was a bird. and everybody thought that bird was a snowflake. and there was snow falling. and there was a white bird. the white bird flew. and gave a child a balloon. that child was in a boat. and there was Kinsley. and Kinsley was where she usually is in her stories. and she made a necklace. the bird belongs to Kinsley. and Nanna lives with Kinsley. they went on a vacation. they came home. and they painted. the end.
563,once upon a time there was a Athena. and Kaira came. and Kinsley came. and they went on a vacation. and they came back from their vacation. and they ate breakfast. and they went to bed. and they ate dinner. and they made a necklace. the end.
564,once there was a telephone. and the telephone ran all around the room so nobody could catch it. and then there was Moira and Kinsley. and there was Kaira and Nanna. they went for a walk. and they came back from the walk. and then they went on a vacation. they came back from vacation. and then it was nighttime. and they went to sleep. they made a necklace. they ate dinner. they went to sleep. and they woke up. and got dressed. the end.
565,once there was a walking heart. and then there was two rabbits hopping along the road. then there was an owl. and they went home. and then they went to sleep. they woke up. and then they made a necklace. they saw a deer. the heart liked the deer. the end.
566,once there was a Tina. and once there was a Kinsley. and they went to the Community School. and at the Community School. there was a Kaira and Cyron and an Athena. and at the Community School they played with marbles. and they builded with blocks. and they drawed pictures. the end.
567,a fairy. the fairy went to sleep. and it had a dress too. and there was a bunny. a baby angel came. the bunny went to sleep. the angel left her baby behind. and the bunny guarded the baby. and happily after a princess came. the end.
568,once there was me. and Kathleen came. and they made a necklace. they went to sleep. they woke up. and then they ate dinner. then they ate lunch. then they ate dessert. then they hammered and hammered and hammered. the end.
569,once there was Kaira. and there was Nanna. Athena came. they got a fish. they went for a walk. and there was me. they went for a walk. the end.
570,once there was me. and there was Kaira. and they went for a walk. they came back from the walk. and it was night. and they laid down. and went to sleep. then it was morning. and they woke up. then they ate dessert. then they ate dinner. then they went to sleep. and then they woke up. the end.
571,once there was me. and there was Kaira. and they went for a walk. they came back from the walk. and it was night. and they laid down. and went to sleep. then it was morning. and they woke up. then they ate dessert. then they ate dinner. then they went to sleep. and then they woke up. the end.
572,once there was a walking house. then there was a walking door. then they played Run_around_the_coffee. then there was a walking carrot and a bunny. the carrot jumped up on the roof so the bunny could not get it. but the bunny jumped halfway up on the building. the end.
573,once upon a time there was a walking pencil. and then there was a walking pillow. then there was a walking heart. and they played Ring_around_the rosies. the end.
574,once there was a bunny. then there was another bunny. they went outside. then a princess came. and then everybody gathered leaves. they broke the leaves in little pieces. and put them in a bowl. and put some water in it. then a mermaid came. they had the leaves for dessert. they all went to sleep. and then the bunnies got lost. and a walking pillow came. and the walking pillow found them. the end.
575,once upon a time there was a bunny. then they went to sleep. then they woke up. then a horse came. then a baby horse came. and then they read books. the end.
576,once upon a time there was me. and I read books. the end.
577,I like ninja turtle. Donatello. they fight again. and eat pizza. I love pizza. that's the end.
578,Ninja Turtles fight. they eat pizza. then fight again. they eat pizza. fight again. they fight Shredder up.
579,a bike. it rides. I ride it. it runs in the road. that's it.
580,an E and a P. they stay there. they just stay there. the end.
581,Ninja Turtle. five Ninja Turtles. they fight. they fight Shredder. five Shredders. that's it.
582,Ninja Turtles. they fight Bebop and Shredder. Rocksteady comes. and fights him up. Shredder up. the Ninja Turtles eat pizza. that's the end.
583,the Ninja Turtles fight and fight again. then they eat pizza. they go to school. they play. Shredder fights at school.
584,the Turtles fight. Shredder comes to fight Bebop. they fight again. they eat pizza and chocolate and cake and cheery. they go fishing at UMass. Shredder comes. and catch the fishes. the four Turtles come. they fight Shredder. the end.
585,the fishing Turtle won. it won a fish. it ate the fish. Raphael came. and Leonardo. he fights Raphael. then Raphael comes back to life. the end.
586,Turtles. they fight Shredder. and then Bebop and Rocksteady come. Bebop fights Raphael. the end.
587,about Turtles. Turtle fighted the turtles. Shredder killed the turtle. Bebop eats pizza. the end.
588,the Jokester and Batmonk. the clowns. the Jokester fighted with Batmonk. Robin fight with Batmonk. the end.
589,another Batmonk. that Batmonk had. Batmonk rollerskates. and he bumped into Jokester. the end.
590,once there was a pickle. it got eaten. Cyron ate the pickle. the end.
591,once upon a time there was two cowboy knights. then there a cowboy. and he turned into a hamster. and then he turned into a piece of rock. the end.
592,once upon a time there was a knight. then there was a Robin Hood. he shot the bad guy with a bow and arrow in the foot. it was Robin Hood's birthday. and then there was a dinosaur called Raphael. the bad guys killed Robin Hood. and Robin Hood came alive again. the end.
593,Alex is playing in the house. Nana is playing with them. Kyra is sitting down. next is Oon-Kyung. they are sitting down. the end.
594,"my brother's hand is not well. I don't know what's with his hand. but his hand is not better. my mommy was sitting down with my brother. and I am sitting down, too. his hand feels better now. his hand looks like a robot. that's what I think. the end."
595,"once upon a time there was a little brother and a little mommy. my mommy and BJ were sitting on a chair and me, too. and Uncle Jim and Auntie Gilla came. and picked me up at home. the end."
596,"once upon a time there was a little dog and a little boy. and there was a little mommy that went to market. then the mommy went to another market. and then she got some food. the little doggy ate some food. and the boy, he went home. and when the boy went home, he was playing. and when he was playing, he was making a sword. when he was doing that he wanted to watch real cartoons. his mommy said "". turn off the TV. the doggy said "". turn on the TV. once he said that he said "". what's happening? and he said "". what's that noise? and when he said that he said "". I am going to see something. and the dog went to see something. and he saw something nice that happened. he went quickly to look. and when he did that he went back home. the end."
597,"Superman, Joseph and Elliot. they fight. then they go to bed. then they came back to fight again. then the Ninja Turtle came. and then they fighted. and then they fight three times. the end."
598,"once upon a time there was a someone, that dog. but I think those Turtles came. but they fighted I meant. but I think they was already trying to do something. but I think when there was after the fighting the boy was just coming. I think he was just playing with them. but I think he just wanted to help. but he just vanished. the end."
599,"I think once upon a time there was a dog. then I think he was just trying to go home. the dog was at home because he did eat. his mom cover him. what happened was the boy was coming. he said he just wanted to see something about the dog. he, the boy, said he was just trying to talk to the turtles. he, the dog, just said that he was already doing something. the dog just wanted to do something. the end."
600,"once upon a time there is Robin Hood. I think the turtles came. then I think Bebop came, Rocksteady, then Shredder. then they fighted with the turtles. Master Splinter came. they all just fighted. but April came. but she didn't save anyone. Rocksteady and Bebop, I think they shoot. but they open one door. I think there is gold. they took the gold. the end."
601,once upon a time there was the Ninja Turtles. then Rocksteady and Bebop came. then Master Splinter came. then April said she's going to make Shredder into turtle soup. then eat pizza. then just throw pizza on Shredder. the end.
602,"once upon a time there was a pink power ranger. then the blue power ranger came. then the green power ranger came. and he was controlling the dinosaur. but first, the red power ranger said "". we need dragon powers. Rita, she had the bow. she controlled it. then the power rangers fighted the bad people. then Rita was upset. she needed some people. she had some bad people. she said "". I need help. a big person helped her. he was bigger than the power rangers. the red power ranger had the sword. and he gave it to the green power ranger. and he gave his powers to the green power ranger. they wanted to talk to the bad people. Rita was so angry. she wanted to beat up the power rangers. but she couldn't speak to them because the dinosaurs would eat her. the end."
603,once upon a time there was ninja turtles. Donatello threw a pizza. Raphael ate the pizza after it was thrown. April came. and the turtles were fighting Shredder. then BeBop and Rocksteady blew the balloon on Raphael. Donatello threw Raphael on Rocksteady's face. then Rocksteady and Shredder made Donatello into a turtle. Rocksteady wrote down Raphael's name. then Raphael took the name Rocksteady wrote down. the end.
604,once upon a time there was a dragon. it was big. then there was a sister and a mommy. then the dragon ate them. then there was a horse. then there was a dinosaur. then there was a book. then there was a boy. the end.
605,once upon a time there was a cowboy. the cowboy had a bow and arrow. then the dinosaur came. a helicopter was flying. there was a sister and a mom. they are playing. then I think it was late. and they went to bed. it was morning then. they played. but they was going to school. maybe they came back home. then they was watching TV. then they went to the hospital. they go inside a master trek. then I came. the cowboy gave the bow and arrow to me. the end.
606,once upon a time there was me. then there was a robot. then there was a hopping pillow. then there was a bunny. then there was a egg. they played. they have to paint. then they go on the farm. I think they just fight. the end.
607,once upon a time there was me. then there was Alexis. then there was a cowboy. then I jumped on the cowboy. then I went home. then I sleep. then I play. then I go to sleep. and that's the end.
608,once upon a time there was a chick. then there was a castle. then there was a knight. then there was a bad guy. then another knight came. then I came. then there was a tree. then the knights cut the tree. then they ate hot dogs. then they played video games. the chick was chicking around. the knights go to bed. the end.
609,once there was Shredder. and then the Ninja Turtles came. then the T- Rex came. and then the Ninja Turtles died. then Count Dracula came. the end.
610,once upon a time there was Shredder. and then the Ninja Turtles came. and then Godzilla came. and then Rocksteady came. and then they eat pizza. the end.
611,once upon a time there was Super Shredder. and then the Ninja Turtles came. and then the T Rex came. and then Godzilla came. the end.
612,once upon a time there was a T Rex. and then Godzilla came. and then Super Shredder came. the end.
613,once there was a Shredder. and then the Ninja Turtle came. they fighted. the end.
614,"once upon a time there was Ninja Turtles. and they ate a lot of ice cream, chocolate, and cake. the end."
615,once upon a time there was Shredder. then the T Rex came. and then they eat pizza. and then they eat ice cream and chocolate. the end.
616,once upon a time there was Batman. all the Ninja Turtles die because Batman fights the Ninja Turtles. and Batman goes to play. then Donatello comes back to life. and fights with Batman. and then Batman dies. and then he comes back to life. then they fight. and they fight three times. and they eat chocolate and ice cream. and they eat it and eat it and eat it. and then they eat Batman birthday cake. the end.
617,once there was a knight with a gun. then Super Shredder came. and then a giant monster came. and squished up a tree. another monster squished a tree up into his mouth. and ate it. then Super Shredder came. and squished up a tree. then Jaws came. then Count Dracula knocked the tree down. and then a vampire came. then the knight and all the bad guys had a fight. and it became morning. and the vampire went into his coffin. then Jaws went back into the middle of the ocean. Dracula went back into his coffin with the other vampire. and then all of the other bad guys ran back to where they lived. the end.
618,once upon a time there was a scorpion. then someone named a reptile came. and then they fighted. then reptile and scorpion got to do something together. and they started to be friends. they had some ice cream from Bart's. and then they ate some chocolate. then their worst enemy Goro came. they fighted with their enemy. finally scorpion ripped off his mask. and reptile stuck out his tongue. wrapped it around Goro. and ate Goro. the end.
619,the Ninjas fight Shredder. then Shredder dies. then another fight with Bebop and Rocksteady one hundred times. and then Donatello jumps on the foot soldiers. the good guys have weapons and they win. the end.
620,once there was the Ninja Turtles. they fighted with robbers. they wanted to steal the camera of April O'Neil. they punched Shredder in the eye. then they ate pizza. and then the Ninja Turtle snuck up on Bebop. and threw rocks on him. then they ate cake. and then all the superheroes came down. and punched all the bad guys. the end.
621,once upon a time two knights came. they had a sword and a shield. and they rode with their horses to the castle. and found a dragon. and cut the dragon. and punched him. and a bull came. and fighted the knights. and the knights won. and then both of the knights went over the drawbridge. and told the king what they did. they told the king they didn't kill the bull so the king went to where the bull was. and fought the bull. and then the king went back to the castle. the end.
622,once there was a king. and a knight that had a sword and a shield. and then Michelangelo came. then Robin Hood came. and he fighted the knight. and Robin Hood and the knight won. and then Michelangelo saw Shredder. and kicked Shredder. a monster came. and breathed teeth out of his mouth and fire. and then Michelangelo went under the railroad. the end.
623,Donatello came. and he punched Bebop with boulders over his head. then Raphael came. and punched Batman into the water. and then Raphael ate pizza. then Leonardo came. and ate cake and chocolate. then Shredder came. and he got punched in the water from Leonardo. then Rocksteady came. and punched Shredder. then Rocksteady and Raphael ate pizza. and Raphael threw a pie in Rocksteady's face. then a baseball bat dropped on Rocksteady's head. the end.
624,Batman threw boulders on the Joker's head. the Joker punched Batman's head. and then Robin flew over. and dropped a rock on one of the clowns' heads. and then Robin flew over the cliffs. and smacked the Joker. and then the penguin guy. he fell off the cliff into the alligator's mouth. and then the alligator swam. and ate the shark. the end.
625,"the goods knights shot one of the bad knights off the wall into the moat. and then one of the good knights had a bow and arrow. and the one of the good knights put the bad knight into prison. and then one of the good guys jumped over the bad guys. and shot an arrow at him. and then one of the bad knights jumped over the castle wall. and crashed on the stones. and then the dog bited one of the bad guys on the head. and then one of the good knights jumped over the wall, behind the moat, on the road. and hid one of the bad guys' horses. the end."
626,"Captain Hook hooked his hook on Peter Pan. and then one of Captain Hook's mateys climbed down from the sails. and told Captain Hook the enemies were coming. and then Captain Hook and Peter Pan fighted eleven times. and then Captain Hook jumped over Peter Pan. and he almost cut his head off, almost. and then Peter Pan cut Captain Hook's head off. and then one of Captain Hook's mateys got Peter Pan to fight with him. the end."
627,one of the good knights hit one of the bad guys on the head. and then one of the bad guys went to the castle. and stealed the queen. and then the dog bit the queen. and then the dog ran outside. and jumped over all the knights. and then one of the good knights snuck to the bad guys' castle. and lifted it up. and threw it into the ocean. and then the dog snuck to the guy who looked like Count Dracula. and lifted up his hair. the end.
628,the good knight jumped over one of the bad knights. and then one of the bad guys got killed. and then coffee spilled over the bad guy's head. then one of the good guys fell off a cliff. and then one of the good guys jumped over one of the bad guys. the end.
629,the cowboys eat popcorn. and then the cowboys cut the robber's head off. and then one of the Indians gave the cowboys bow and arrow. and then the cowboys cut off one of the bad guy's Indian's head. the end.
630,"once upon a time there was a goo_goo_ga_ga. then another goo_goo_ga_ga came. and a knight killed both of them. and then the knight himself died. then a doggie wagged the bad guy at the castle. the bad guy and the dog fight together. and bad guy dies. then a cat came. and the cat walked off the cliff. and the cat goes away. and the cat sang a song like, The_cat_came_back_the_very_next_day. another bad guy came. and the dog wagged the other bad guy. and the dog fight the bad guy again. and his face has a little bit of blood. another knight came. it was the master of the dog. and the master did not know there was blood. then the master saw the blood. and he put a band-aid on it. the cat came back. and the cat said "". I will fix him. and the master took the band-aid off. it was fixed."
631,Tyrannosaurus Rex killed himself with his claws. then a good guy Rex came. and he bonked down bad guy Rex. the clay stuck on bad guy Rex. and then the arrow went into the same bad guy Rex's brain. then two arrows came into bad guy Rex's eyes. the good guy Rex was smoking a cigarette. he smoked it up his nose. the end.
632,once upon a time a knight shot a chicken. and the chicken cried aaahh! then the knight stabbed a princess. and knight shot the lion's eyes. and the lion jumped. and he fell in the bathtub. and he got showered. he got out of the bathtub. and the knight shot him again. and the knight fell in the bathtub. then another knight came. and he had a bow and arrow. and he shot it into the lion. and then another knight came. and he had a sword and bow and arrow. and a mouse came. and he shot him with the bow and arrow. and put the sword in his eyes. then the knight builded a brick wall. and he went into it. crash. and then the mouse got up. and he was so tired he crushed a rock. and then the mouse ran away. then the chicken died. and then lion had bow and arrow. and he shot himself. and he died. the end.
633,the knight when the bad guy wasn't looking stabbed the bad guy in his butt. then the knight rode away on his horse. then the knight's pet dog was at the bad guy's castle. and when the bad guy wasn't looking he threw the castle in the air. and the knight was still riding on his horse. and he saw another bad guy. and he threw his sword at the bad guy. but the bad guy was on his horse. and the bad guy got killed. then the bad guy with the sword in his butt. he died. another knight came. and he rode on his horse to meet the other knight. then the doggie ran to the good guys' castle. and he got a cannon. and he was looking for bad guys. then the two knights were in the castle. and the first bad guy was climbing up the wall. and one of the knights shot an arrow into the bad guy. and he fell off the wall. the good guys won the war. the end.
634,there was a knight. then the knight's doggie came. then the doggie and the knight had bows and arrows. then a lion came. and the doggie stabbed him in the eye with a bow and arrow because the lion was a bad lion. the end.
635,once there was a turtle. puppy toy. Turtle is in the water swimming. Turtle is in water with dolphin. they are friends. the end.
636,once there was Alex and Patrick and Keely. Alex played. Joseph doing hockey. Patrick plays. Keely doing seeds. the end.
637,Power Ranger is a bad guy. he fights. Power Ranger is red and blue and pink and yellow. he is a robot. Power Ranger's name is Jason.
638,once upon a time there was Robin. Batman comes to Robin's house. Robin and Batman fight. Ninja comes. and Ninja fights Robin. Robin dies.
639,"once my mommy came. and she come to my school. and she cook. the children eat the food. and Deen said "". can I go to ice cream? Mommy said no. Dennis said "". please, can I go to ice cream? and mommy said "". we can not go. why? Deen said "". because we have no money. mommy said "". Deen said mhaa. and they go home. and then Deen sleeps."
640,"once there was Alladin and Abu. and Princess Jasmine came. and Princess Jasmine see Alladin. and Alladin says wonderful. and Abu says hello. and big tiger came. and Alladin go in there. in there they have treasure. magic carpet comes to Abu. Alladin found lamp. and he out tiger. Alladin fall down magic carpet out on the rock. and Alladin trap and Abu trap. and Abu found lamp. and Genie come there. and Princess Jasmine and Jafar kiss. and Jafar is snake. and Genie says "". little baby, little baby. and Jafar in the lamp. Jafar says help. the end."
641,"once there was Aladdin. then there came Jafar. and Jafar turned into Genie. and Aladdin said "". trust me. and Jafar turned back to Jafar. and then he turned into Aladdin. then Jafar turned into a snake. and Aladdin said "". whole world. and Abu said "". goo goo. and then Jasmine got trapped. and then the end."
642,once there was trinosaurus. and dolphin just eat trinosaurus. and the eating dinosaur eat dolphin. and then Alex fight eating dinosaur. and then eating dinosaur die. and robot eating dinosaur came. and Dennis fight robot eating dinosaur. and eating robot dinosaur die. and then other robot eating dinosaur came. and then other robot eating dinosaur died. the end.
643,once there was pterodactyl. and then eating dinosaur eat pterodactyl. and then trinosaurus meat eating dinosaur. and then all the dinosaurs came. and then Dennis came. and then Dennis fight all the dinosaurs. and then all the dinosaurs die. the end.
644,once there was cowboys. then the robbers came. and they fighted with the robbers. and then cowboys have pizza. but they don't eat it. and they throw it to the bad guy's face. and then the two cowboys eat popcorn. and then cowboys fight the robbers. and then one of the Indians gives one of the cowboys a bow and arrow. and he shot a buffalo with it. then a knight came. and the knight give bow and arrow to the other cowboy. and then another knight came. and gave a sword to one of the cowboys. and he fought the robbers with it. Indians sleep. and then the cowboy with the sword. he fighted another robber. and then two robbers eat popcorn. the end.
645,once there was a mouse. and he had a soccer ball. and he kicked the soccer ball. and it flew away. and then a knight come. and then he fight the bad guy. and then the end.
646,once upon a time there is nothing and just dark. and then dark turns into dragon master. Dragon master turns into a hamster. and then Ninja Turtles fight hamster. and then hamster eats Ninja Turtle's nose. Ninja Turtles wore masks his face bloody. and then hamster ran. and then hamster turns into a knight. and he has a bow and arrow and a knife and a sword. Captain Planet comes. and he fights the knight. Knight wins. but he is a little bloody. then Dennis fights the knight. but knight turns into hamster again. the end.
647,"once upon a time there's a mouse. but he died. and turned into a knight. and the knight fight the trinosaurus. and a knight die. and a dinosaur went. and he go to sleep. and eating dinosaur fight trinosaurus. and trinosaurus use his horn to fight Tyrannosaur Rex, eating dinosaur. and the trinosaurus win. and Tyrannosaur Rex die. and a car come. and somebody sitting in the car. three miles ago a book came. and Indian got the book. and that book was a special book. and Indian see that book inside. and Indian see inside the book again. and he go shopping. and he buy bows and arrows and sword. and Indian have a treasure and robber want that treasure. but he can't. but Indian fight the robber. and the robber die. and Indian fight the dinosaur, trinosaurus. Indian and trinosaurus fight ten times. the end."
648,"once upon a time there was a goo_goo_ga_ga. then another goo_goo_ga_ga came. and a knight killed both of them. and then the knight himself died. then a doggie wagged the bad guy at the castle. the bad guy and the dog fight together. and bad guy dies. then a cat came. and the cat walked off the cliff. and the cat goes away. and the cat sang a song like, The_cat_came_back_the_very_next_day. another bad guy came. and the dog wagged the other bad guy. and the dog fight the bad guy again. and his face has a little bit of blood. another knight came. it was the master of the dog. and the master did not know there was blood. then the master saw the blood. and he put a band-aid on it. the cat came back. and the cat said "". I will fix him. and the master took the band-aid off. it was fixed."
649,once upon a time have a Rex. and a good guy robot Rex came. and Rex eat one of the bad guys. and the bad guy dies. and have a stegosaurus came. and the bad guy doesn't die. he just sleeps. and bad guy cries. and the bad guy eats poison apple juice. and a bad guy shoot his gun himself. and he die. the bad guy didn't die. he go to sleep. and bad guy die in the sleep place. and have a starfish. and he turned to a fire. and the bad guy fall in. and he say ouch. the bad guy shoot the gun anywhere. and the bad guy fall into the fire. and he die. and the stegosaurus saw the treasure. the Rex eat a dinosaur. he eat the stegosaurus head. the Rex find the treasure box. he opened it. it was the Rex's egg. the end.
650,once upon a time there's a knight. Rex fight the knight. knight dies. knight came back. knight wins. knight goes asleep. knight sleep in the fish bed. and that fish bed was real. and the fish get up in the bed. and a fish bite the knight. and a fish turned to a rock. and a rock turned to a walking rock. and a walking rock turned to a knight. knight disappear. bad guy want to find that knight. and bad guy find the knights. and the bad guy takes the knights in the jail. and the knights cry in the jail. the end.
651,once upon a time there was a knight. and a knight goes somewhere else. and a knight go to the moon. and a knight fall down on the ground. and knight said ouch. and knight find a treasure. and there's a baby bird in it. and the bird grows up. that bird was a knight bird. and knight bird fly. and go to knight castle. and a bad bird fight the knight bird. and a bad guy bird dies. and a bad guy fight the knight. and the knight bird knock down the bad guy castle. but the knight didn't know it was the bad guy castle. a doggie fight the bad guy ten times. and a doggie cried because knight bird and the knight dies. the end.
652,once upon a time a knight shot a chicken. and the chicken cried aaahh! then the knight stabbed a princess. and knight shot the lion's eyes. and the lion jumped. and he fell in the bathtub. and he got showered. he got out of the bathtub. and the knight shot him again. and the knight fell in the bathtub. then another knight came. and he had a bow and arrow. and he shot it into the lion. and then another knight came. and he had a sword and bow and arrow. and a mouse came. and he shot him with the bow and arrow. and put the sword in his eyes. then the knight builded a brick wall. and he went into it. crash. and then the mouse got up. and he was so tired he crushed a rock. and then the mouse ran away. then the chicken died. and then lion had bow and arrow. and he shot himself. and he died. the end.
653,once there was a cowboy and a knight. but the cowboy lost his gun so he had a bow and arrow to replace it. and a knight he lost his sword. and then he got a shovel. and he fight with the shovel. the knight and the cowboy were enemies. and they fighted. and the knight found a toad. and the cowboy fighted the toad and the knight. and then toad have a sword. and then toad and knight fight together. and cowboy shoots the arrow at the knight. and knight dies. and toad turns into knight toad. and the cowboy fighted the knight toad. they eat pizza. and toad eats ice cream. then they eat cake. and play Ring_around_the_rosie. the end.
654,there's a bear walking on the moon. and then a moon fall down. and a moon said ouch. the end.
655,and then there was a knight. then there was a fight. a karate guy. then the end.
656,"a knight. then Robin Hood came. then ninja turtle came. the ninja turtle is the sword guy. the end. actually, they fighted."
657,once there was a knight. then Robin Hood came. then karate master came. then they fighted and fighted. then they went to Africa. they played games. the end.
658,Karate master came. then black knight came with a sword. then a bull came. then Robin Hood came with a bow and arrow. they fighted and fighted and fighted. another Robin Hood with no bow and arrow came. and then there was one more fight. and the Robin Hood with no bow and arrow got killed.
659,once there was a knight with a sword. Robin Hood with a bow and arrow came. then a Buffalo came. they all fighted. then Ninja Turtles came. then they fighted one more time. the end.
660,once there was Superman. then Spiderman came. and they fighted nothing. and then a buffalo came. Batman and Robin came. they fighted Catwoman and Riddler. then Black knight with a sword came. they fighted. that's the end. then they had a birthday party.
661,once there was a knight with a sword. once there was a buffalo. then Robin Hood with a bow and arrow came. then they fighted and fighted and fighted and fighted. and they had chocolate and ice cream and chocolate and ice cream and chocolate and ice cream. and then they fighted two more times.
662,once there was a knight with a sword. then Robin Hood with a bow and arrow came. and then Little John came with a sword. then a buffalo came. then they fighted and fighted and fighted and fighted and fighted. and then they eat chocolate and ice cream and cake. then the end.
663,once there was a knight with a sword. then Robin Hood came with no bow and arrow. then Robin Hood gets killed by the knight. then the knight fighted Spiderman. they fighted and fighted and fighted. they they eat chocolate and cake and ice cream.
664,"once there was Robin Hood with a bow and arrow. then a knight came with a sword and a gun. then there was a storm. the master found a place where he could stay in the storm with his gun and Robin Hood. they were bad guys. then they thought they should be good guys, because they were tired of stealing. then all of them fighted and fighted. then they ate chocolate and ice cream and cake. then a buffalo came. and more buffalos came. and more and more and more and more. the end."
665,once there was Robin Hood with a bow and arrow. and then a knight came with a gun and a sword. then Batman came and Rocksteady. and they fighted. then Ninja Turtle came with a sword. then they ate chocolate and ice cream and cake. all of the people fighted and fighted and fighted and fighted. then Joel Robin Hood came. the end.
666,once there was a knight with a gun. then Super Shredder came. and then a giant monster came. and squished up a tree. another monster squished a tree up into his mouth. and ate it. then Super Shredder came. and squished up a tree. then Jaws came. then Count Dracula knocked the tree down. and then a vampire came. then the knight and all the bad guys had a fight. and it became morning. and the vampire went into his coffin. then Jaws went back into the middle of the ocean. Dracula went back into his coffin with the other vampire. and then all of the other bad guys ran back to where they lived. the end.
667,once there was a knight with a gun. and there is Robin Hood with a bow and arrow. then a Ninja Turtle with a sword came. then a buffalo came. then joker came. the buffalo killed the Joker. then Joker died. then a bad guy Ninja Turtle came with a sword. all of them fighted. then they ate chocolate ice cream and cake. the end.
668,once there was Robin Hood. and then Batman came. and then they fighted. and then Robin Hood died. a knight came with a gun. Robin Hood came. and then all of them fighted. then they ate chocolate and ice cream and cake. and then Buffalo came. and then the end.
669,Ninja Turtles fight. Turtles eat pizza. Shredder fighted the Ninja Turtles. then a bull came. all of them fighted. then a giant came. then shark attack came. Shredder died. the end.
670,"once there was some bad guys with a pistol. then they saw that pterodactyl. he shoot his bullets out of his tummy. then all of them were fighting except the pterodactyl. he was flying. then he came down. and said "". na_na_nee_boo_boo, you can't catch me. and then he fighted a little with the bad guys. then some buffalos came. and then they fell down. and came up again. and they did not die. then the bad guys fighted more times. and then the bad guys died when they had chicken pox. the end."
671,once upon a time two knights came. they had a sword and a shield. and they rode with their horses to the castle. and found a dragon. and cut the dragon. and punched him. and a bull came. and fighted the knights. and the knights won. and then both of the knights went over the drawbridge. and told the king what they did. they told the king they didn't kill the bull so the king went to where the bull was. and fought the bull. and then the king went back to the castle. the end.
672,once there was a king. and a knight that had a sword and a shield. and then Michelangelo came. then Robin Hood came. and he fighted the knight and Robin Hood. and the knight won. and then Michelangelo saw Shredder. and kicked Shredder. a monster came. and breathed teeth out of his mouth and fire. and then Michelangelo went under the railroad. the end.
673,"Donatello pushes Rocksteady into the water. then a snake scorpion pushed Shredder into the water. and then the footsoldiers came. then Shredder swallowed a shark. and then Donatello punches a footsoldier into the water. and he is eaten by a shark. then they went to the sewer, the Ninja Turtles and the snake. and then they climb out. and fight with the footsoldiers again. the end."
674,once there was Robin Hood. then there was a knight with a sword. then there was the king came. then they fighted. then Ninja Turtles came. then they fighted six times. then they fighted eight times. then a dragon came. and killed the king. the end.
675,once there was Donatello. and he punched Super Shredder into the water. and then he kicked him. then Leonardo pushed Shredder into a tree. and a squirrel came down from the tree. and bit Shredder's toe. and then Donatello came with a pistol. and shot one of the footsoldiers. and then Shredder swimmed into a shark. and the shark bit his toe when he bumped into him. and then Shredder says ouch. and then Shredder bit the shark's tail. and Shredder said ouch. and then a skunk came. and sprayed Shredder. then Shredder turned into a porcupine. and he pricked the shark. and then Donatello pulls one of the footsoldiers' pants down. and the shark swim away. and never comes back. and then Donatello and Leonardo go and eat pizza and candy bars. the end.
676,once upon a time have a pharaoh. then there came a wolfie. and he fighted a knight. and the pharaoh fight with his slave. and then Wolfie fighted the pharaoh. and wolfie won. and the pharaoh died. and he be a mummy. but he have a life. and the pharaoh have a crown on his head. and then the knight went to the castle. and told the king he was going to fight wolfie. and the pharaoh fight with his knife. and then wolfie and the knight fight one hundred times. and the pharaoh use his rope to fight his slave. the end.
677,once there was a cowboy that had a gun and a shield. and then he fighted with some cops. and they have a Indian. and he fights with the bad cowboy. and then alien came. and he fighted with the cops. and the good cowboy Indians fighted with the cowboy. and he uses his bow and arrow to shoot him. and the bad cowboy die. then the lion found out he should fight the bad cowboy. the Indian fight with his bow and arrow the good cowboy. the end.
678,"once there were cowboys. then Indian gave one cowboy a bow and arrow. then one of the cowboys that had a gun and a shield and a sword, he fighted a cop. then a mummy came. then he fighted a bad guy cowboy. the mummy and the bad guy cowboy fighted. and then the mummy won. then the cowboy that had the gun he shot the bad guy cowboy. the mummy fighted the cowboy. and then they both won. the end."
679,once there was Super Monkey. and then a cowboy came with a gun to shoot a bad robber. and the robber won. but it was poisonous. and the robber die. the Super Monkey and the cowboy fighted eight times. they both won. then a lion came that couldn't get killed. the end.
680,Power Monkey came. then Robin Hood came. then Power Monkey shot a bad guy with his gun. the bad guy had a bazooka. and Robin Hood shot an arrow at the bad guy. and he aimed perfectly so it hit the bad guy's stomach. then the Power Monkey and the bad guy had a wrestle. the arrow Robin Hood shot the bad guy with made him die slowly. but when he wrestled with the Power Monkey he died faster. then the Power Monkey won the wrestle. then another bad guy came. and fighted him and Robin Hood won. the end.
681,Super Toad came. and then a cowboy came with his gun. and then Super Toad fighted a bad guy. and then threw him into the sea. and a shark came. and bited his toe. and the cowboy shot with his pistol another bad guy. and he fell in the water. and the shark came. and bited his head the bad guy when the shark bit his toe died. and then the cowboy had pretzels and diet coke. and Super Toad he shot his sword with his bow and arrow into a deer. and then the cowboy ate popcorn. the deer died. some of the bad guys got back alive. and the cowboy fighted with them three times. the end.
682,Peter Pan first. the second is Wendy. Pirate come. Captain Hook comes. the end.
683,once upon a time have one Batman. two ninja turtles have two swords. the crocodile comes. Ninja turtles eat pizza. the end.
684,once upon a time have the tiger head. Alladin come. fight bad guy snake. the end.
685,once upon a time there was Peter Pan. Ninja Turtle comes. Ninja Turtle and another Ninja Turtle fight. eat pizza. see TV. the end.
686,"once upon a time there was a crocodile, and a ninja turtle, and a Peter Pan, and a Captain Hook. they fight. and the Captain Hook dies. they are happy. it is the Ninja Turtle's birthday. and they have a ninja turtle cake. the end."
687,once upon a time have a Peter Pan. and then have a Batman. one Batman. two Ninja Turtles fight Batman. one Ninja Turtle dies. the end.
688,the ghost. once upon a time there is a ghost. and fight and fight and fight. then Ninja Turtle come. and then one Ninja Turtle dies. another Ninja Turtle dies. the end.
689,once upon a time there was a ghost. a Ninja Turtle died. and that's the end.
690,once upon a time there was a ghost. one ghost. it was the ghost's birthday. eat ice cream. the daddy has friends. and they watch TV. then they have the snake's birthday. the end.
691,"once upon a time the Batman fight, fight, fight. and the sun go out. and it's night sleep. and Bebop come. and Rocksteady come. and they fight. and the Rocksteady die. and Bebop and Batman have birthday. watch TV. then they eat cake. bad guys come. snake come. eat bad guys. bad guy die. Batman fly to the castle. the prince and Batman fight. and Batman dies. the end."
692,once upon a time have a Peter Pan. and he fights Captain Hook. Captain Hook falls in the ocean. Indian comes. Indian catches the Peter Pan. Ninja Turtle comes. and Bebop comes. and watch TV. the end.
693,once upon a time have a Ninja Turtle. and have a Bebop and Rocksteady. and watch TV. and eat pizza. eat another pizza and another pizza and another pizza. go downstairs. see TV. go to light. ghost come. ghost fight the Batman. ghost die. and the Batman die. the end.
694,once upon a time there was an Indian and a Peter Pan. they fight. and the Indian died. the end.
695,once upon a time have nighttime. and have a bat. and the bat fights with Batman. and Batman dies. the end.
696,once upon a time there was a bat in the nighttime. the bat flew to the cave. and the Batman comes. and they fight. and one Ninja Turtle comes and fight. they eat pizza. the end.
697,once upon a time there was Batman. Ninja Turtle and the Batman fight the Ninja Turtle. the end.
698,one upon a time there was a Ninja Turtle called Donatello. he fighted Batman. and Batman died. the Ninja Turtle eats pizza. Ninja comes. and fights Donatello. Donatello dies. and then he comes alive. the end.
699,once upon a time there was Batman. all the Ninja Turtles die because Batman fights the Ninja Turtles. and Batman goes to play. then Donatello comes back to life. and fights with Batman. and then Batman dies. and then he comes back to life. then they fight. and they fight three times. and they eat chocolate and ice cream. and they eat it and eat it and eat it. and then they eat Batman birthday cake. the end.
700,once upon a time have an A. and a B coming. and they fight. and the A die. he have a life A. the end.
701,once upon a time have a dragon. he eats a knight. the knight dies. and the knight comes alive. and the end.
702,once upon a time have a Batman and a SuperMario. and have a Yoshi. he is a dinosaur. then Mario sit on the Yoshi. and then have a Turtle come. the Yoshi eats the Turtle. the Turtle is the bad guy. have a mushroom come. and the Mario eat the mushroom. have a Luigi. have a SuperLuigi. the end.
703,once upon a time have a Ninja Turtle. and Donatello comes. and he fights the pizza. the end.
704,once upon a time have a castle. and have a dragon. and a king with a sword and a gun. and a guard with a sword. and they all fighted the dragon. then Donatello came. and fighted the guard. and the guard died. and he comes to live again. have a Superman came. and have a mummy come. it's an Egypt mummy. the end.
705,once upon a time there was a bad guy's horse. and another bad guy's horse. and another and another and another. the bad guys' horses wanted to kill the flying horse. the flying horse shoot arrows. and the bad guys horse shoot knives. the flying horse shoot an arrow. and killed one bad guy horse. and the flying horse fights more. and the bad guys horses all die.
706,once there was a tiger head. and one guy went into his mouth. was a thief. and the tiger head eat him. Alladin played with his Nintendo. and Alladin go out fight. and all the bad guys die. and Alladin go to the tiger head. and Alladin not get eat. only Alladin can go to that tiger head. Alladin got the lamp. and Abu touched the red stone. and Alladin fall on the magic carpet. and don't get trapped. the end.
707,once upon a time have a Superman. and have two robot airplanes. and then one airplane flied to the Superman. and the Superman. he tried to break the airplane because he is a bad guy airplane. the airplanes can walk. and the Superman broke all the airplanes. the end.
708,once upon a time have Ninja Turtle. his name is Donatello. and Raphael came. and he fighted bad guy. and they had snack. the bad guy is Captain Hook. and a triceratops came. and a flying dinosaur came. and eat the bad guy. then Donatello fight all the dinosaurs. and Donatello died. and he is alive. and he fight all the dinosaurs again. and all the dinosaurs died. and all the superheroes from the sky come down. and punch all the dinosaurs' eyes. the end.
709,once upon a time have a superman. and Donatello come. and a flying dinosaur catch the superman. the flying dinosaur is bad. and the flying dinosaur turns into a Batman. and have a dragon eat the fly dinosaur Batman. another flying dinosaur. and the dragon eat him. and the dragon is hungry. want to eat the superman. and the superman kicked the dragon. and the dragon died. and the Ninja Turtle fight with the superman. and the superman kicked the Ninja Turtle. and the Ninja died. the end.
710,once upon a time have a triceratops. and have a flying dinosaur camp. and have a eating dinosaur. and triceratops fight with the eating dinosaur. the flying dinosaur catch the eating dinosaur. and that eating dinosaur eat the flying dinosaur. and a stegosaurus came. the end.
711,once upon a time have a triceratops. and have a eating dinosaur. and have a stegosaurus. and the stegosaurus use his tail to fight the eating dinosaur. and the dinosaur eat the stegosaurus. and the stegosaurus die. and then the triceratops use his head to fight the eating dinosaur. and the eating dinosaur die. and Prince Aaron fights with the triceratops. and Prince Aaron turns into a monster. and then Prince Aaron fall into a river. and the triceratops die. the end.
712,once upon a time have a pharaoh. then there came a wolfie. and he fighted a knight. and the pharaoh fight with his slave. and then Wolfie fighted the pharaoh. and wolfie won. and the pharaoh died. and he be a mummy. but he have a life. and the pharaoh have a crown on his head. and then the knight went to the castle. and told the king he was going to fight wolfie. and the pharaoh fight with his knife. and then wolfie and the knight fight one hundred times. and the pharaoh use his rope to fight his slave. the end.
713,once there was a cowboy that had a gun and a shield. and then he fighted with some cops. and they have a Indian. and the fights with the bad cowboy. and then alien came. and he fighted with the cops. and the good cowboy Indians fighted with the cowboy. and he uses his bow and arrow to shoot him. and the bad cowboy die. then the lion found out he should fight the bad cowboy. the Indian fight with his bow and arrow the good cowboy. the end.
714,once upon a time have a triceratops. and have a anchinocerous. and have a eating dinosaur. and then Alex come. fight the eating dinosaur. have a Tyranosaurus. and an eating baby dinosaur came. and have a two horn triceratops. one have a broken horn. and he fight the bad guy dinosaur. Triceratops use his horns to fight same bad guy again. the end.
715,once upon time there was a protoceratops. there was a triceratops. and the protoceratops used his mouth to eat the bad guy triceratops. the protoceratops used his mouth to eat the dinosaur's heart. the end.
716,once upon a time have a triceratops. and have a eating dinosaur. and have an eating dinosaur egg. and have broken horn triceratops. and have a protoceratops. and have triceratops fight the eating dinosaur. and the eating dinosaur die. the end.
717,"once upon a time Max was in his room. Max trying to eat his dog. and Max room turned into a forest. and have a sea wild thing. and comes to where wild things are. and the wild things call Max king. and Max, he climbs on a tree. and have a chicken wild thing. and all the wild thing was sleeping. and the wild things said "". come back. we'll eat you up. and Max said "". no, bye, bye. the end."
718,once upon a time have a triceratops. and have a protoceratops. and have a flying horse. and have a eating dinosaur robot. and that eating robot can shoot arrows. and he shoot the arrow to the flying horse. and the flying horse turn into a real horse. the end.
719,"once upon a time have a triceratops. and have a triceratops robot. and have a eating dinosaur. the eating dinosaur, his name is Rex. and the eating dinosaur is a real dinosaur. and the eating dinosaur eat one bad guy, Triceratops. and triceratops robot fighted with his horn. and the triceratops robot, he fought. and he died. and have two eating dinosaur robots. and one turned into a rock. and the eating dinosaur robot fight the triceratops. and the triceratops win. the end."
720,once upon a time have a Rex. and a good guy robot Rex came. and Rex eat one of the bad guys. and the bad guy dies. and have a stegosaurus came. and the bad guy doesn't die. he just sleeps. and bad guy cries. and the bad guy eats poison apple juice. and a bad guy shoot his gun himself. and he die. the bad guy didn't die. he go to sleep. and bad guy die in the sleep place. and have a starfish. and he turned to a fire. and the bad guy fall in. and he say ouch. the bad guy shoot the gun anywhere. and the bad guy fall into the fire. and he die. and the stegosaurus saw the treasure. the Rex eat a dinosaur. he eat the stegosaurus head. the Rex find the treasure box. he opened it. it was the Rex's egg. the end.
721,once upon a time have a Rex dinosaur. and he is a real dinosaur. and have a triceratops. and have a triceratops robot. and triceratops fight Rex. eating dinosaur. and Rex eats the triceratops robot. and the triceratops robot die. the end.
722,once upon a time have a triceratops. his name is Wooo. and have apatosaurus. his name is She. and have a eating dinosaur. his name is Rex. the end.
723,once upon a time have a triceratops. and have a eating dinosaur. is Rex. and the Triceratops is OOO. the end.
724,once upon a time have a dinosaur triceratops. and then Tyrranosaurus Rex came. and eating dinosaur Rex came. and then they fighted. and Rex find his treasure box. and inside have his egg. and then there was a queen's dog. and Rex fight all the dinosaur. and all the dinosaur die. and then they went home. the end.
725,Ninja Turtles. they fight. then they eat pizza. and then they fight again. then pizza again. and then they ate cake and ice cream. and then they fight again. and that's the end.
726,Ninja Turtles. Shredder comes. and they fight. and then they eat pizza again. and then they eat pizza another time. and then they eat cake and ice cream. and more ice cream and more cake. then they fight. and then they fight again. and then they eat pizza. that's the end.
727,the Ninja Turtles go to eat ice cream. they fight with Bebop and Rocksteady and Shredder outside. then they eat the ice cream and cake. then they fight again.
728,"Ninja Turtles fight. then they eat pizza. and then they eat cake and ice cream. then they had eight fights. then they ate more pizza and more ice cream and more cake. they fight again with Shredder, Bebop, and Rocksteady. the end."
729,"once there was Ninja Turtles. then there was Bebop and Rocksteady. then they fighted with Bebop and Rocksteady. then they ate pizza. then they ate chocolate, ice cream, and cake. and more ice cream, and more cake, and more chocolate. the end."
730,"another Ninja Story. once there was Ninja Turtles and Ninja Turtle bad guys, Bebop, Rocksteady, and Shredder. Superman comes and fights with the Ninja Turtles. all die except Donatello. Donatello fights Superman and Superman dies. then Donatello fights the bad guys."
731,once there was Ninja Turtles. they fight Bebop and Shredder. they eat pizza. they go and buy new weapons. they are swords. they go and fight again. the end.
732,"Ninja turtles fight Bebop and Rocksteady and Shredder. then they eat pizza. and they fighted again with Bebop, Rocksteady, and Shredder. and then they ate chocolate ice cream and cake again and pizza. the end."
733,"Ninja Turtles fight Bebop, Rocksteady, and Shredder. then they eat pizza. and they eat cake and ice cream and plain chocolate. and then they drink some milk. and then they fighted with Bebop, Rocksteady, and Shredder again. then they went to the battlefield. and fighted six times. then they eat pizza and ice cream and cake. then they eat hot chocolate. then they fight eight times. the end."
734,once there was cowboys and pirate. and they fighted. the pirate was Long John Silver. the Ninja Turtles came because Shredder and Bebop and Rocksteady were there. the cowboy and the pirate fight with each other. and the Ninjas fight with Rocksteady and those guys. then the Ninjas have chocolate ice cream and cake. and the cowboy has the same as the Ninjas. then they fighted six more times. then they went to the battlefield. and pushed rocks on Bebop's foot and also on Rocksteady.
735,"fighting Ninja. Ninjas fight Bebop, Rocksteady, and Shredder. then they eat ice cream and pizza. then they rest. then Spiderman and Superman came. and they fighted with the bad guys. then they eat cake. then they fight again. then they eat cake again and ice cream and candy bar and hot chocolate and some milk. the end."
736,once upon a time there was Joel and Matt. and then Flip-Flop came. Flip-Flop wanted to watch TV. and Joseph and Mason didn't. and so they fighted. Joel and Matt won. and there was no TV so Flip-Flop went to bed. Joel and Matt had lunch. and then they had a rest. then Flip-Flop got out of bed. and they fighted again. they fighted because Flip-Flop wanted to down their house. and then the Ninja Turtles came. and Matt and Joel and the Turtles fight the bad guys. the end.
737,"Teenage Mutant Ninja Turtles fight Bebop and Rocksteady. then they had pizza. then they had milky ways. then they had hot chocolate. and then they fight Bebop and Rocksteady and Shredder again. and then they threw rods at Bebop's head, huge ones. and then boulders rolled down on Bebop. then he falls into the ocean. and a shark bites him. then he gets on land. and fights the Ninjas again. and he fall into a waterfall. Bebop gets wet. then he goes to the lake. and he drinks the water."
738,"Ninja Turtles fight Bebop, Rocksteady, and Shredder. and then they have hot chocolate. and then they fight Bebop. and then they eat pizza. then they drink grape juice. and then they go and swim. and then they go to the sewers. and then they slept. and then had ice cream. and then they eat cake. and then they fight Rocksteady. the end."
739,"Ninja Turtles eat pizza. and then they fight the foot soldiers. and Bebop and Rocksteady and Shredder came. and the Ninjas fighted them. and then they go on the Turtle van. and then they fighted with the foot soldiers eight times. and then they fighted with the foot soldiers eleven times. and then Donatello throw Bebop to the river. and then Donatello throws boulders on top of Bebop's head. and then boulders come tumbling down on Bebop another time. and then Ninja Turtles eat chocolate cake, ice cream, and hot chocolate and candy bars. and then the Ninjas swim in the pond. the end."
740,"Donatello pushes Rocksteady into the water. then a snake scorpion pushed Shredder into the water. and then the footsoldiers came. then Shredder swallowed a shark. and then Donatello punches a footsoldier into the water. and he is eaten by a shark. then they went to the sewer, the Ninja Turtles and the snake. and then they climb out. and fight with the footsoldiers again. the end."
741,once there was Donatello. and he punched Super Shredder into the water. and then he kicked him. then Leonardo pushed Shredder into a tree. and a squirrel came down from the tree. and bit Shredder's toe. and then Donatello came with a pistol. and shot one of the footsoldiers. and then Shredder swimmed into a shark. and the shark bit his toe when he bumped into him. and then Shredder says ouch. and then Shredder bit the shark's tail. and Shredder said ouch. and then a skunk came. and sprayed Shredder. then Shredder turned into a porcupine. and he pricked the shark. and then Donatello pulls one of the footsoldiers' pants down. and the shark swim away. and never comes back. and then Donatello and Leonardo go and eat pizza and candy bars. the end.
742,Donatello pushes Bebop into the water. and a shark comes and eats him. then Donatello goes. and drinks hot chocolate. then he eats a candy bar. and then he goes to the movie theater. then Donatello fights with the footsoldiers. and he got some popcorn and pretzels. and he ate them. then he fights with the footsoldiers again. and he fights with them six times. and then eighty times. then he eats pizza. Donatello calls Batman. Batman punches one of the footsoldiers. the footsoldiers fight again. and Batman and Donatello win.
743,the good knights fight the bad knights. and then the bad knights climbed up the castle walls. and the good knights shot them off with bows and arrows. and then the good knights came. and put three more of the bad knights in the prison. and then they gave the bad knights some water and food. and then the bad guys escaped from prison. and the good knights fight then again with bows and arrows and swords. then the good knights went swimming. and then they ate chocolate cake and ice cream. then the good knights go to bed. and in the morning they rode their horses into battle. and then the good knights shot the bad knights with bows and arrows. the end.
744,good knights fight with the bad knights. and then the good knights eat. and then they swim in the moat water. and then the good knights fought with the bad knights. and then they had the tournament. and the good knights won. and then the bad knights drank some water. and then the good knights fighted with bows and arrows and swords with the bad guys. the end.
745,Cowboys fighted the robbers with rifles and pistols. and then the cowboys ate pretzels. and then they eat pizza chips. and then they fighted again with their pistols. and then they rided their horses to where they eat popcorn. and then they traded their pistols and rifles with the Indians. and then they fighted with the other robbers with their pistols. and the Indians gave one of the cowboys some of their bows and arrows. and then the cowboy fighted the robbers with the bows and arrows. the end.
746,once there was cowboys. then the robbers came. and they fighted with the robbers. and then cowboys have pizza. but they don't eat it. and they throw it to the bad guy's face. and then the two cowboys eat popcorn. and then cowboys fight the robbers. and then one of the Indians gives one of the cowboys a bow and arrow. and he shot a buffalo with it. then a knight came. and the knight give bow and arrow to the other cowboy. and then another knight came. and gave a sword to one of the cowboys. and he fought the robbers with it. Indians sleep. and then the cowboy with the sword. he fighted another robber. and then two robbers eat popcorn. the end.
747,once there was cowboys. fighted with the bad cowboys. and then the cowboys fighted with the buffalo. then the good cowboys jumped with their horses on the buffalo. then the horses and the buffalo fight. and the buffalo win. then the horses die. then the horses come back. and there was a horse mummy. then the horse mummy fight with Indian. and the mummy won. but the Indian didn't die. and the Indian gave the cowboy a bow and arrow. and the cowboy shot a buffalo with it. and the buffalo died. then the cowboys fighted the bad cowboys with it. and shot one of the bad cowboys. and then one of the cowboys went skiing. the end.
748,"once there was a cowboy. and then a knight came. and then the knight fighted the cowboy. and they both won. but the cowboy wasn't no regular cowboy. he lost his gun so he had a bow and arrow instead. so the cowboy and the knight were still fighting. so they thought that no one would win. but they wanted to see if someone would win so they kept on fighting. so they fighted for one more minute. and then they stopped. so then they saw that no one would win. so then one of them said "". which is the cowboy? I see a deer. so then he ran for the deer. and he shot a arrow at the deer so the deer died because the arrow hit it so he ate the deer. the end."
749,"the knight when the bad guy wasn't looking stabbed the bad guy in his butt. then the knight rode away on his horse. then the knight's pet dog was at the bad guy's castle. and when the bad guy wasn't looking he threw the castle in the air. and the knight was still riding on his horse. and he saw another bad guy. and he threw his sword at the bad guy. but the bad guy was on his horse. and the bad guy got killed. then the bad guy with the sword in his butt, he died. another knight came. and he rode on his horse to meet the other knight. then the doggie ran to the good guys' castle. and he got a cannon. and he was looking for bad guys. then the two knights were in the castle. and the first bad guy was climbing up the wall. and one of the knights shot an arrow into the bad guy. and he fell off the wall. the good guys won the war. the end."
750,Super Toad came. and then a cowboy came with his gun. and then Super Toad fighted a bad guy. and then threw him into the sea. and a shark came. and bited his toe. and the cowboy shot with his pistol another bad guy. and he fell in the water. and the shark came. and bited his head the bad guy when the shark bit his toe died. and then the cowboy had pretzels and diet coke. and Super Toad he shot his sword with his bow and arrow into a deer. and then the cowboy ate popcorn. the deer died. some of the bad guys got back alive. and the cowboy fighted with them three times. the end.
751,"Superheroes. once there was superman. then Spiderman came. and spun a web. and swung to a building. it was the root of the building. and then Rocksteady and Bebop and Shredder came. and they had a big, big, very long fight. and then they ate pizza. and that's the end."
752,once there was Superman. then Spiderman came. then Batman and Robin came. they fighted three ghosts. the ghosts are still alive. so they just left the ghosts alone. but the ghosts weren't really ghosts. they were robbers with costumes on to look like ghosts. then the robbers turned into more bad guys. they turned into three more bad guys. they fighted. the good guys won. they played Ring_around_the_rosie. that's the end.
753,once there was a knight with a sword and a shield. he fighted the Loch Ness monster. but nobody won. he just drew on a piece of paper. then they played Ring_around_the_rosie. the end.
754,once there was Superman. then Spiderman came. and they fighted nothing. and then a buffalo came. Batman and Robin came. they fighted Catwoman and Riddler. then Black knight with a sword came. they fighted. that's the end. then they had a birthday party.
755,"once there was a talking bathtub. the talking bathtub fills its mouth up with water. then it talks to itself. and the water spills out of its mouth. then a deer who did hear went to the bathtub. and said bye. and went away. the deer snuck a candycane out of its tongue. and went to a frisbee that talked. a boy picked it up. and made it fly because he threw it. it landed in a birthday cake. and it said "". this is fun. and it looked like a monster because it was covered with cake. then it flew away. and it ate a spying ring. but the spying ring spied on him. and he did not like that so he spit it out. then the ring spied on him some more so the frisbee ran away because he thought the ring would spy on him. but the ring would not do that. then the deer came. and ate itself up. and turned into a picture of a person. the end."
756,once there was an angel. the angel went for a walk. but there is danger nearby. but the angel did not know it. but people came. and told him so he flew into the sky so he wouldn't get hurt. but he is wrong. so he flew to another dimension. but then Superwoman came to fight the bad guys. and Superman came with her to do the same thing. and fight the bad guys. Superman and Superwoman won the fight. the angel did what he liked in the other dimension. and he did not want to come back till the fight was over. the end.
757,one time somebody did something very bad at school so they had to go out on the hall. but they cried so loud that they had to come back in.
758,"a silly story. there once were three men. one only knew how to say apples. but he never said anything because he forgot how to. then a walking bathtub comes. and knocks him so he falls down into the bathtub. the bathtub had water in it. and he floated in the water of the bathtub. then he yelled help. and the help pit popped out of his mouth. and he remembered how to talk. after that he said "". help, there is a killer apple. then two other men came running. but when they got there, they were so tired that they just fell asleep. the end."
759,"once there was a king. and like all the other kings, he was sitting in his throne. then the king heard a sound that went like thump, thump, thump. so the king called his knights to look out the windows to see what the thump, thump, thump was. what the thump, thump, thump was the sound of bad guys' horses' feet hitting the ground. so the knights told the king that there are bad guys coming so the king got his armor. but then Merlin made the king and his knights float up through the window onto the ground. but the knights already had their armor on. they got it on before they floated up and onto the ground. so the king and his knights fighted with the bad knights. but no one won. so the good knights called Merlin. and Merlin took care of those bad guys. so Merlin told the king what he did to the bad guys. and the king was King Arthur. the end."
760,"once there was a mouse. the mouse always lived in a house. the mouse smelled some cheese so it followed the smell of the cheese. it found the cheese. it ate the cheese. the cheese is very big. it was three feet wide and ten feet tall so the mouse got very fat. then there was a person who found it. and the person was a he. the person's name was Aliasor. but the mouse wasn't a plain mouse, the kind you see every day. it was a transforming mouse so it could turn into anything it wanted to. it turned into a monster which was on the bad side. so Aliasor and the monster fighted. and Aliasor won. and the monster died."
761,"once there was a cowboy. and then a knight came. and then the knight fighted the cowboy. and they both won. but the cowboy wasn't no regular cowboy. he lost his gun so he had a bow and arrow instead. so the cowboy and the knight were still fighting. so they thought that no one would win. but they wanted to see if someone would win so they kept on fighting. so they fighted for one more minute. and then they stopped. so then they saw that no one would win. so then one of them said "". which is the cowboy? I see a deer. so then he ran for the deer. and he shot a arrow at the deer so the deer died because the arrow hit it so he ate the deer. the end."
762,"once there was Robin Hood. then there was a bad guy with a bazooka. they fighted. and just Robin Hood shot an arrow. and it hit the bad guy's bazooka. and then it bounced off the bazooka. and then the arrow hit the bad guy in his bottom. so then he went ouch. and jumped right up. and then when the bad guy landed, he landed on his back. then the bad guy got back up on to his feet. then Robin Hood shot another arrow. so then the arrow hit the bazooka again. then it bounced off. hit the ground. and hit the bad guy's butt. and then he jumped up. and went ouch. so then the bad guy shot his bazooka at Robin Hood so then Robin Hood ducked. so the rocket that the bazooka shot went over Robin Hood's head. so then the rocket that the bazooka shot hit the ground. and the dirt that sprayed up hit the bad guy's face. the end."
763,"Power Monkey came. then Robin Hood came. then Power Monkey shot a bad guy with his gun. the bad guy had a bazooka. and Robin Hood shot an arrow at the bad guy. and he aimed perfectly so it hit the bad guy's stomach. then the Power Monkey and the bad guy had a wrestle. the arrow Robin Hood shot the bad guy with made him die slowly. but when he wrestled with the Power Monkey, he died faster. then the Power Monkey won the wrestle. then another bad guy came. and fighted him and Robin Hood won. the end."
764,once there was Abayoyo. then Robin Hood came. Robin Hood shot an arrow into Abayoyo's nose. and when the arrow hit Abayoyo on the nose it hurted so much that Abayoyo jumped. and he fell into his house. and his head landed into the bathtub. then Abayoyo got up on his feet. he tripped over the wall of the bathtub. and his head landed in the toilet. then Robin Hood quickly flushed the toilet so he went down the drain of the toilet. then his head popped up in the sink so then he pulled his head back out of the sink. then a bad guy came. Robin Hood fighted the bad guy. the end.
765,once upon a time there was gorillas. then a bad guy came. and the gorillas fighted the bad guy. and the bad guy died. and the gorillas won. and then Robin Hood came. and a parrot came. and another bad guy came. and everybody fighted the bad guy. and the bad guy died. and the ones that fighted the bad guy won. they ate cake because it was Robin Hood's birthday. they played Ring_around_the_roses. the end.
766,"once there was a cowboy and a knight. but the cowboy lost his gun, so he had a bow and arrow to replace it. and a knight he lost his sword. and then he got a shovel. and he fight with the shovel. the knight and the cowboy were enemies. and they fighted. and the knight found a toad. and the cowboy fighted the toad and the knight. and then toad have a sword. and then toad and knight fight together. and cowboy shoots the arrow at the knight. and knight dies. and toad turns into knight toad. and the cowboy fighted the knight toad. they eat pizza and toad eats ice cream. then they eat cake. and play Ring_around_the_rosie. the end."
767,once there was Robin Hood. then a bear came. but the bear was nice. and Robin Hood thought the bear was evil so he shot an arrow at the bear. but the bear knocked the arrow out of the way. the bear didn't fight Robin Hood. so he shot another arrow at the bear. but the bear again knocked the arrow out of the way. after that the bear didn't run at Robin Hood. bear was a nice bear. so then that told Robin Hood that the bear was a nice bear so they were friends. then a bad guy came. the bear and Robin Hood fighted the bad guy. and the bad guy died. and Robin Hood and the bear won the fight. the end.
768,once there was Lina and Elpis. they were playing. then it's supper time. they have a picnic. the end.
769,Emily played with Mommy. Emily's Mommy got in a car. and crashed into a bus.
770,"there's a dinosaur, a tiger, and a monster. the monster ate the tiger. and then ate Lina. the end."
771,there was a dragon and a monster. and the dragon is sick. and the queen comes. and the queen looks for his knight. and now the daddy comes. the queen and the knight went to the store. and the baby was scared. they made the baby feel better. the end.
772,"there are three Myrtles. and the mommy said "". yes, count. and then all the mermaids come. get out, mermaids. said the king "". the end."
773,"my mom goes to the store. and now the baby comes from when Myrtle was a baby. when I was a baby, I ate spinach. when I was a baby, I slept in a crib. all the babies cried. the end."
774,once upon a time there was Max. Max is a baby. and he says coo. now the father comes to the baby. the end.
775,one time there's my mom. and now the sister comes. now the brother who was sick comes. now the Daddy brings him to the doctor. now the sister goes to the dress up area. the sister's name is Myrtle. the end.
776,one time there's my mom and me. and then Max and daddy. they're in a boat in the water. and the colors get rained. and now there's food in the boat. now the dragon comes. and a knight killed the dragon. they all go home. the end.
777,there's mommy and Daddy. there's Max and Myrtle. they play with the froggies. and they play with the butterflies. and they live happily ever after. the end.
778,there are two mommies. and the mommies have two sisters. and they play with the baby toys. the daddy is brother's with another daddy. they put on their shoes. and go outside. the end.
779,"there's one mommy and one sister. there's one Daddy and a brother. they have a happy birthday for Max, the brother, and Myrtle, the sister. they blow candles. and eat the cookies. first, you drink your juice. then they go to drama. there's Jackie now. the end."
780,one time there was Hank. he had a friend named Myrtle. then he had two daddies. and he had two mommies. then there was Lina. they played together. they played babies. the end.
781,Rowan played with Lina. and they went to Mommy's house. and now there's Deana. and now there's Jen. and now there's Caleb. they all played with baby toys. the end.
782,there's Rowan. and now there's Nonnie. and now there's Jackie. they're talking to Aliki. Pearce plays with a girl. the end.
783,one time there's Oleander. Toby is fishing with Oleander. they catch fish. now there are other children in the park. the shark eats Jackie. the end.
784,one time there was a squirrel in the woods. the squirrel was looking for treasure. then the mommy cooked her a pancake. then a girl played with Olec. the end.
785,once upon a time there was an elephant. then the elephant ate Jackie. then Jackie ran away. and saw Rowan. then Rowan and Jackie found Ashton. then they found Lina. then they went to somebody's house. and saw a dinosaur. the end.
786,"there was yellow, blue, and pink. it was in a picture. then a monster came. then the monster scared Deana. Jen scared the monsters away."
787,"one time there was Hank. then there was Marcia. then there was Olec. then they fight, fight, fight. then there was Klara. she played. the end."
788,one time there's Rowan and then Lina. and then Deana is coming to help the children. and there was a monster in the scary summer night. and then there was a Hank to scare the monster away. and there's lightning out of the window. and there's a butterfly flapping at the window. the end.
789,one time there was Aliki. then there was Deana. they played and played. then there was a monster. then a dinosaur fought with the monster. the end.
790,one time there was Rowan. one time there was Lina. now there was Myrtle. and then stars were up in the air. and then there was Jackie. the end.
791,one time there was my mom. she brang ice cream. then Deana danced. the end.
792,one time there was Lina. then there was Rowan. then there was Ashton. then there was Aliki. they played and played with the toys. and then there was a baby. and the baby played and played. the end.
793,once upon a time there was a whale. and then there was a little boy who swims. and then there was a big rat. and the rat scared the little boy. the boy ran away to tell his mom. then mommy and daddy took care of the little boy. the grandma came. then there was a big friendly rat. and the friendly rat helped take care of the little boy. the end.
794,once upon a time there was a whale. then there was a bunny coming. then there was a sailboat. then there was a fox wearing a silly mask. and then there was a friendly dragon who took care of all the animals. then there was a mean dragon who killed the good dragon. the good dragon died. then there was a pencil walking around on his body. the end.
795,once upon a time there was a whale. then there was a friendly dragon. then there was a bunny walking on the paint. there were people walking around. and a baby dragon who was very nice. a fireman was driving on the people. then there was a teacher walking at home. they lived happily ever after.
796,once upon a time there was a crocodile. and then a big scary pumpkin came. then they lived happily ever after.
797,once upon a time there was a bunny walking in the woods. and then there was a dragon walking all around in the paint. and then there was a Daddy walking in the tunnel. and then there was a baby and a Mommy and sister and a brother and a baby stroller. and they lived happily ever after.
798,once upon a time there was a horse. then there was a man riding the horse. then there was a Pongie. it was walking on its body. then there was a man walking on his garden. then there were pretty pretty flowers. the end.
799,once upon a time there was a firetruck. and then there was a library. and then there was a knight. and then there was a dragon. and then there was a little teeny teeny dragon who was nice. the end.
800,once upon a time there was a dragon. then there was a piggy. he died. the end.
801,once upon a time I went to my cousins. then I went back to home. the end.
802,"once upon a time there was a dragon. then there was a nice dragon and a bunny. then there was a sister, a brother, a baby, a mommy, and a daddy. then there was a knight. then there were a bunch of knights. then there was a big wedding. they had a happy wedding. all three children came to the wedding. the end."
803,"once upon a time there was another dragon, and another dragon, and another dragon. and then the mean dragon killed them. and then there were five knights. and then they all died. and then there was a nice dragon. and then there was a bunny. and the bunny was stuck in the mud. and then he couldn't get out at all. and then the mother bunny helped him get out. the end."
804,once upon a time there was a baby. the baby had to go to the hospital. then he had to go to the doctor. then there was a grandma taking the baby to the doctor. then there was a daddy. the end.
805,once upon a time there was a baby. he had to go to the doctors. then his mommy and daddy bringed him. he was sick. then he had to go to the doctors again. he got sicker and sicker and sicker. then they went home. then he had to go to the store. the end.
806,once upon a time there was a baby. and his name was Bingo. then he had to go to the doctor to have a check-up and a shot. and then there were three knights. and then there were fifty million dragons. and then there was a mama. she brought the baby to the doctor. the end.
807,once upon a time there was a baby. and then the mama took him to the doctor. and then there was a daddy bringing him also with the mama. and then he was sick. and he had to go to the doctor again. and then they had to go to the store. and then they had to go home. and put the baby to bed in the cradle. and he waked up. and had to go to sleep on the couch. and then the end.
808,"once upon a time there was a baby. she had to go to the doctor. then she had to go to the doctor again. then there was a mother and a daddy bringing her. then they had to go to the store. and then she had to sleep in the cradle, only the baby. and then she had to sleep on the couch. all the people sleep on the couch. the end."
809,once upon a time there was a baby. and then he had to go to the doctor. and then he had to go to the store. and his momma and daddy bringed him to the doctor. and then he had to go home into his cradle. everybody had to go on the couch. the end.
810,once upon a time there was a baby. he had to get a shot. that's very important. then he was sick. and then he had to go to the store. then he had to go home. then he had to go sleep in his cradle. then everybody had to sleep on the couch. his mom and dad had to bring him to the doctor again. the end.
811,once upon a time there was a baby. then she had to go to the doctor a hundred times because she was sick. then the mother and the dad had to go to the store. then everybody had to lay on the couch. and then they had to go to the cradle and to bed happily ever after.
812,once upon a time there was an Aliki. and then there was a Pearce. and then there was a Klara going to school. and then she got hit by a car. the end.
813,once upon a time there was a Deana and a Jen and a joke. Kim is having a baby. and overnight the baby came. and then she screamed because she didn't like shots. and then twenty tigers came over. and then twenty lions came. the end.
814,"once upon a time, there was a Myrtle. and then there was an Aliki. and then Myrtle stuck her nose in the wall. and then there was a bumble bee. he died. he got old. then there was a Hank. he played Go fish. and then there was a Caleb. the end."
815,"once upon a time there was a Deana. and then there was an Aliki. then there was a Rollin. they went to school, the Community School. and then there was an Ashton. and then there was a Olec. they played at school. they played with toys. they played doggie Candyland, regular Candyland, and Hope Candyland. the end."
816,once upon a time there was an Aliki. then there was a Oleander and a Rowan. and then there was a Ashton. and they went to school that day. and then Oleander's party was there. and then they went to school. the end.
817,once upon a time there was Nonnie. then there was an Aliki. then there was a Olec. then there was a Jonas. they went to school. then played at school. and walked around. the end.
818,once upon a time there was a Aliki. and then there was a dragon. and then there was a toothbrush. and then there was a joke. and then there was an Olec. they went to school. the end.
819,once upon a time there was an Olec. and then there was an Aliki. then there was a Jackie. then there was an Oleander. then there was a Caleb. they went to school. then they walked around school. the end.
820,once upon a time there was an Aliki. and then there was an Olec. and then there was a Jonas. and then there was a Nonnie. and then there was a Myrtle. and then they all went to school. and then they got lost in school. and then there was a big monster and a big knight. and the monster and knight were nice. and then they couldn't find their mommy or daddy. the end.
821,"once upon a time there was an Aliki next to the other Aliki. and then there was a Olec next to the other Olec. and then there was one Jonas. they said "". uhoh, it's night time. we better go to bed at our house. the end."
822,once upon a time there was an Aliki. then there was a Myrtle. then there was a Jonas. then they got lost in the school. and they got locked. then they find the momma and the daddy. and they went home. the end.
823,once upon a time there was a turtle and a monkey. the turtle's name was Speedy. and then there was a monster scaring the turtle. and then monkey and turtle died. and then there was Aliki. and then there was a school. and then everybody got lost. and then there was a mommy and daddy. they all went home and went to bed. the end.
824,once upon a time there was an Aliki. then there was an Olec. then there was a Jonas. there was the end. and then there was a once_upon_a_time. they're working. the end.
825,once upon a time there was a baby. Olec and Aliki took care of it. but he was sick. and had to go to doctors. he coughed. and shivered. the end.
826,once upon a time there was a big bear. and another big bear. then there was ten monsters. then there was eleven Jonas. then there was an Elpis. they played with them. then there was a Nonnie. I played with Jonas and Elpis.
827,once upon a time there was a little girl named Hank. then there was Pearce. they played with the doggie. then there was a Deana and a Jen and Marcia. they played. they all played with the doggie.
828,once upon a time there was a duck stuck in the muck. and there was a froggy and a moose. and they helped the duck get out of the muck. the end.
829,"there was a Nonnie and a Jazzie and my mommy and my daddy. and then there was an Obie, dog, and a kitty. they are at the store. and they are playing with Lina. they were buying chocolate milk and tortillas at Bread and Circus. the end."
830,"once upon a time there was a Jen, a Deana, a Marcia, and a Hank and an Elpis. they play with a doggie. he's a big doggie. and his name is Obie, like our doggie. we call him Nunu. when we drop food we call him "". Nunu, Nunu, Nunu. and he comes. and eats the food. the end."
831,"once upon a time there was a person that was a kid going to snack, drama, Flash-the-light time. and then it was time to clean up. and then we went to sing. and then to lunch. and then there was a Jackie and an Elpis, and Lina, and a Nonnie. and then there was my name. the end."
832,"once upon a time there was a Jen, Marcia. and then there was a mommy. and then there was a baby in a stroller. and then the mommy and daddy bring the baby to the doctor. and then they bring the baby home. the end."
833,once upon a time there was a monster and a Lina. then there was a bird in a tower. then there was a baby. and the baby went home. the end.
834,"once upon a time there was a Caleb, and a Jen, and a Marcia. and then there was a Jackie who was playing with a doggie. and the doggie was licking all the people in the class. the end."
835,"once upon a time there was a Jackie, a Olec, and a Elpis and a Nonnie. they played with a kitty. then they all went home."
836,"once upon a time there was a Jackie, a Nonnie, a Lina, and an Elpis. the end."
837,"once upon a time there was a Pearce, a Jackie, and an Oleander. they all played with Jackie's daddy. and then they all went home. the end."
838,"once upon a time there was a Jackie, a Hank, and a Nonnie. they played with a doggie. the end."
839,"once upon a time there was a Jackie, and a Nonnie, and an Olec. and they played with Lina and a doggie. the end."
840,"once upon a time there was an Olec, a Nonnie, a Jackie. and then there was a doggie. and they all played with the doggie. the end."
841,once upon a time there was a tower. and it bumped Deana. and then Deana didn't have a head at all. and then she was dead. and then she was alive again. and she played with a doggie. and then a car cut her. and Dana played with a puppy. the end.
842,"once upon a time there was a Nonnie everywhere. and then there was Marcia, Jen, Lina, and Rowan. they played Candyland. and they played with a doggie. the end."
843,once upon a time there was a whole big class. and then Rowan was in a big truck with Ashton. and Rowan was driving. and Ashton was sitting next to Rowan. and then there was a Hank. and then there was a Nonnie and a doggie. and they were all in the truck together. the end.
844,"once upon a time there was a Jen, a Deana, a Marcia, and a purple bear, and an orange bear. and then they all played Canyland. and they played doggie Candyland. and they played pillow Candyland, and shoe Candyland, and nose Candyland. and there was a Deana Candyland and an Elpis Candyland. the end."
845,once upon a time there was a doggie. there was a black bear. and then there was a Blue's Clues. then there was another black Blue's Clues. and then there was a fish. and then the people eat the fish. then they all played with a doggie Candyland. and they played with a trampoline. and then they played with an Aliki and an Olec. the end.
846,once upon a time a baby walked with a cloud. and then a gingerbread man came along. and then they all went walking. and they went to sleep. and they had a sleepover birthday party. the end.
847,once upon a time there was a doggie and a pencil and a kitty and a Marcia and a Nonnie. they played with the doggie. the end.
848,"once upon a time there was an Olec, an Aliki, a Klara, a monster, and a Lina. they all played with each other. and Rowan was home sick. the monster played with a nice, nice Lina. the end."
849,"once upon a time there was a person. and it was a girl. and it was Nonnie. and then there was a Mommy, Nonnie's Mommy. and then a Lina and then an Ashton. they play with a Jonas."
850,once upon a time there was a dragon and another dragon. and a person came along. and the dragon fired at the person. then a Koby walked along. and he didn't see any dragon. and then the dog got fired by the dragon. the end.
851,"once upon a time there was a dragon, a baby, and a doctor. they played with a yucky daddy. the end."
852,the monster tips over. then it's dead. then it flipped over.
853,once upon a time there was sis. sis ate the basket. then sis ate the cereal. then sis ate the pot of oatmeal. the sis eats the dollhouse. and then sis eats the Nonnie. and then sis eats the mother. and then sis eats jellyfish. and then sis eats squid. then sis eats the ice cream cone. then sis eats a roly-poly brown and white puppy. the end.
854,"once upon a time there was sis. he ate all the families and ice cream, and jelly, and glass. then he became very powerful. then there was a killing man and Sky Walker. they ate the whole pot of oatmeal. then sis eats the beans and the tools. the end."
855,"once upon a time there was sis. then there was bunny. and sis ate the bunny. then there was a big red guy. then there was a bee. and the bee went after sis. then there was a big, orange, ginger kitty. and then the ginger kitty went after sis. and sis ran away."
856,Milo was a ginger cat. and he got lost. and his mother was weeping. he saw a farm. and cried out with joy. but the cows were all strangers. he was weeping and weeping because he wanted to see his mother again. a crow took him away to a burning valley. and the smoke made his eyes sting. he had to get out of there.
857,once upon a time there was a real dinosaur. and then there were a lot of dinosaurs. and then a bear came. and ate all the dinosaurs. then the bear went home to his den. the end.
858,"there was a mom and a dad, and a brother and a sister. there were five babies. all the babies just cried. then the brother gives the babies a bottle. and the sister gives the babies some food. the babies don't feel better. then the brother and the sister give the babies some food and milk. and then they feel better. the end."
859,my mom was working. the dad and the mom just gave the children some food. the children ate the food. the mom just keeps on working on the computer. now the kids are done eating. the brother goes and gets the water at the sink. he brings the water to the table. then I asked my Mom to have a drink of milk she wants.
860,there was a mom and a dad and a brother and a sister. they all put on a song. and they danced together. they turned off the music. and then did another song. they danced and danced and danced. then a fox came in their garden. and their pg just played in the mud. then the brother went upstairs to play with legos in his room. and they lived happily ever after. the end.
861,there was a mom and a dad and a baby and a brother and a sister. and they all talked silly. the brother goes upstairs. and plays with legos. he opens and closes the door. and he has a lot of legos in his room. they all play outside. they go back inside. and then the snow comes. and then they play outside in the snow. they all put on their snow boots. and that's the end of my story.
862,there was a mom and a dad and a baby and a brother and a sister. they all danced with the song on. and then the song made another music. and then the house changed colors. then I never ever do that again. then the baby keep crying. and then the mom and the papa and the brother and the sister gave it what the baby needs. you watch TV. and then we make popcorn in the microwave. and then that's the end of my story.
863,"there was a mom and a dad and a brother and a sister and a baby. the baby just cried. and they all went to Puerto Rico on an airplane. then they all got back in a plane to go to Canada. they went outside. and played on the beach. then they painted inside their house in Canada. then they all drove to their French school. there was a child named Lina which sounds different in French. they went back home. and the brother whose name is Alex, went upstairs to play with legos. and then the sister told her mom to have a drink of milk. and then the mom asked the brother if he was hungry and thirsty. and he was. and the brother ate legos. the end."
864,there was a dad all by himself. he went to the supermarket. and everyone was there. and then the dad went back home to eat his lunch. and then he was drinking his coffee.
865,"once upon a time there was a dog. and a monster just ate the dog. and the person came and said "". where did my doggie go? and he played with two puzzles. that's the end of my story."
866,there was a man. and he was going to the supermarket with everyone. then a mom and a dad and a brother and a sister and a baby came. everybody came. the mom and dad and brother and sister and baby were excited that everyone was there. the end.
867,there was a person in the supermarket. and then he went back home to read a book called The_little_old_lady_who_was_not_afraid_of_anything. the end.
868,there was a dog and a cat. everyone was petting the dog and the cat. then the brother and the sister was. first the sister went to her room. and played with her toys. then the brother came upstairs. and went to his room. and played with his legos. the end.
869,there was a cat who ate a mouse. and then there came a dog who ate the mouse. and then the cat and the dog lived happily ever after.
870,"once upon a time there was a horse. and the horse got gobbled up by a monster. and then a person came and said "". where's my horse? then the person went outside. and got a sword. and he came outside. and cut the monster's tummy. and then the horse came out. and then the boy and the horse lived happily ever after. but the monster was dead."
871,once upon a time there was a dog. and then the dog was so hungry that he wanted to find his mom and dad. and then he kept walking. and his mom and dad kept walking. and then they found each other. and then the dogs turned into flying dogs. and that's the end.
872,there was a dog who was so sick. and then the persons came. and brought the dog to the doctor. and then the dog got better. and he rushed to Liz's house. and they sleep and sleep. and went to school.
873,there was a mommy and a daddy and a brother and a sister and a baby. then they all read a story Happy_birthday_moon. then they finished their bedtime snack before they went to bed. then they went to school when it was day outside. the end.
874,there was a teacher. and the teacher had to go to the football game. and then the teacher ate Caleb. and drank at the football game. and then there was a penalty. and then the team won. and then the team was over. and it was dark outside. and then the teacher went back to school. and then the teacher went to sleep. the end.
875,there was a monster. and then the monster blew up my house. then the mom and dad came. and they saw the house blow up. and then the monster ate up the mom and dad. and then the mom and dad came out of his tummy. and then Superman came. and he was wondering why the monster was chasing them. the end.
876,"once upon a time there was a mom, a dad, a brother, a sister, and a baby. then they all went to the supermarket. then they were all finished. then they went home. and danced. the end."
877,once upon a time there was a pair of scissors. the pair of scissors took its friend tape. the policeman came. and took the scissors' friend. then the pair of scissors got to go in jail. then the scissors were in jail. then the scissors found his friend. and took his friend out. then they went home. then they slept. and went to school. the end.
878,"once upon a time there was a mom, a dad, a brother, a sister, and a baby. the baby was sick. and the mom and dad were wondering why the baby was sick. then the mom and dad and the brother and the sister and the baby went to the doctor. then the doctor was checking out the baby. the doctor find out how to fix the baby's tongue. then they went home. and then they sleep. then they went to school. the end."
879,"once upon a time there was a book, a mom and dad, and a brother, a sister, and a baby. they all danced. then the dad turned off the music. and then he turned on the next music. the end."
880,"once upon a time there was a Lina, a Pearce, a Rowan and an Ashton. and then they met a dog. then they all crashed into a fire engine. then they all hide behind trees. the end."
881,once upon a time there was a Hank and a Pearce and a Lina and Nonnie. then they just threw up their pillows. and then the pillows went down on their hands. then it was dark outside. and they went home. they went to bed. then it was day outside. and they went to school. the end.
882,once upon a time there was a giraffe and another one and more and more and more. they just standed around. and then they do lots of tricks. and then they want to do the greatest thing. and they sing and sing and sing. the end.
883,"once upon a time there was a dragon. and he had choice time, draw time, snack time, meeting time. and then outdoor and then sing. and then they goed home. and then they stay for lunch. and then they had a rest time. and then they had a choice time again. and then they went outside again. then they goed home. the end."
884,"once upon a time there was a Jackie, an Elpis, a Nonnie, an Olec, and a Jonas. and then they all laughed and laughed and laughed for a clown was coming. and then lots of clowns came. but the clowns all honked their noses. and then it was too sunny. and then they went outside to play, play, play with their sunglasses so it wouldn't hurt their eyes because it was so bright. the end."
885,"once upon a time there was a car, a truck, and another car. they all drived. and then crashed. then they all made a puzzle. the end."
886,once upon a time there was a zoo and some animals in the zoo. there were lots of lions and lots of elephants. one hundred and one elephants and five lions. they all didn't want to be in a cage. and then someone just saved them. and then all the animals went back to the zoo. the end.
887,once upon a time there was a dragon. then there was a knight who fights the dragon. then there was a Pikachu who danced around the stone and with the stone. then they all danced around. the end.
888,"once upon a time there was a Hank and a Lina. and they all played until the bad guy came. then the police came. and said "". ho, ho, ho I know that I should get this bad guy away. and put him in jail. and then the last person was Jack. and all the others were smiling about Jack because he was in Florida for a lot of days. and then he came back. and then there was a drum that banged all by itself. and it telled everyone to come to school because it was morning. then night came. and they waited and waited. and had a real scary dream. the end."
889,once upon a time there was a Hank and a Jonas and a Lina. and they all played together. they played dominoes. they played checkers. and they played Don't_wake_daddy. and then they all went back home. and then there was a Jen and a Deana. and then they had so fun. and then teachers didn't have fun. and they noticed that the teachers didn't want to play because they had a problem. they wanted to be good enough to know. they wanted to make sure that there wasn't any lions or tigers or alligators or sharks because they were in the woods with the water. then they all went back home. and had a rest. and went to school. and went home again. the end.
890,once upon a time there was a Jen and a Marcia. and they all played outside everywhere the whole day. and then it rained. and they had to come inside. and play. and then they played again and again and again and again. and then they drived in their little car. and crashed. and they just got in their little cars. and went back home. and it was nighttime. the end.
891,once there was a Lina. and then there was a Holly. and they all played together. there was a problem. and nobody knows what it was. and people heard a little crunch in the bushes. it was Caroline. and then everybody came to Lina. and then everybody played with Holly and Lina. the end.
892,once there was a Pearce and a Jackie and a Nonnie. and then they all played together. and then there was a Jen. and than the whole crowd played with lots and lots of teachers and lots and lots of kids. and then the whole crowd went to the circus. the end.
893,once upon a time there was a Once_upon_a_time. and then there was The end. they found a train. and the train was named Thomas. and then Lina came along. and then everybody in the whole world came on the train. the end.
894,once there was a Hank. and then there was a Lina. and the Lina played with the Hank. then Hank and Lina heard a crunch in the bushes. it was Jonas. he was eating crackers. Jonas and Lina and Hank played with Aliki. then everybody went on a train named Thomas. then everybody in the whole world and the whole earth came on the train including Jonas and Hank and Aliki. the end.
895,once upon a time there was a Rowan. and then there was a Lina. and then there was an Ashton. they all sang Do_you_love_me. and then they went home. and everybody started to learn other songs like abc. and then they sang Do_you_love_me again. and then they learned every song again. the end.
896,"once upon a time there was a Oleander. and then there was a Lina. the Oleander and the Lina played sneak up. then when they were all done playing, they had a nice drink at the water fountain. and then it was meeting time, drama time, snack time, lunch time, and going home time. and then one day came back to school. and then it was lunch time. the end."
897,"once there was a Hank, a Jonas, and a Klara and a Lina. and then they all played and played and played. and then everybody was so happy because everybody got a birthday. and then everybody was playing and eating the cake from somebody's birthday. and then there was a dinosaur and another dinosaur. and then everybody was playing the drums. and then in the morning they were playing Do_you_love_me. the end."
898,once upon a time there were the Power Puff Girls. and they found Gazoo who is a green Alien that has dark yellow. and Gazoo turned an elephant with a small elephant. and then there was a monster. and then the Power Puff girls killed the monster. and then Gazoo turned two monsters dead. and then Gazoo and the Power Puff girls saw more monsters. and then everybody wanted to play and play and play until a sheep came along. the sheep didn't know who Gazoo was. so Gazoo knew that he had to transform the sheep into two sheep. then the monsters came back. the end.
899,"once upon a time there was a mouse. and he was walking around. and he saw a lion so he ran away. and he never came back. one day after he went to school, he went for a walk in the woods. and saw a tiger. the tiger chased him. and then he saw a wolf. the wolf and the tiger chased him. then he went back home. and he never came out again. not even to look at his garden. never ever again."
900,"once upon a time there was a person. he was walking around in the forest. and he saw a dog. so he kept his dog. and walked him in the forest. when the dog woke up, he gave the dog a bone. and the dog ate the bone. and so whenever the dog saw the bone, he ran to it. and gobbled it up. the end."
901,once upon a time there was a lion. it was walking around the forest. and he saw a dragon. the dragon saw a little mouse standing on a leaf so he crept up behind the mouse. and he ate him all up so the mouse was dead. and the dragon blew fire out onto the lion so the lion had fire on his back. and the dragon killed the mouse and the lion. the end.
902,"once upon a time there was a person. and he was walking in his garden. and he saw the first flower that had sprouted so he picked it. and put it in a vase. and then his mother came. and she said "". oh, what a beautiful flower! where did you get it? I picked it from my garden. said the person "". and I picked it for you. the mother said "". oh, thank you. the end."
903,"once upon a time there was a dinosaur. and it was a Diploticus. and he was running around on the earth. and he saw a Tyrannosaurus Rex. and before the T-Rex went to him, the Diploticus ran towards the trees. and the T-Rex followed. and then, after they had gone and they were out of sight, a half dinosaur and half bird came out. she had been watching everything. and she flew around. and she saw a caterpillar so she dived towards the caterpillar. and ate it all up. and then there came a Megulasoid and an Allosaurus. and they were fighting. and the Allosaurus won. and then he met up with the Diploticus who had been fighting with the T-Rex. and so they fighted for like about two hours. and the Diploticus won. the end."
904,once upon a time there was a little girl. and she was driving home. and when she got home she played. her friend came over. and they had a sleepover. the end.
905,"once upon a time there was a turtle. and he was walking around in the woods. and he saw a rabbit. the rabbit was hopping around on some dry leaves because it was fall. and the turtle and the rabbit played and played and played. at one point when they were playing the turtle said "". no fair you can run faster than me. do you want a ride? said the rabbit "". and the turtle said "". sure. the end."
906,once upon a time there was a dinosaur. and it was a Megalasaurus. he met a Diplodicus. he ate the Diplodicus. then there was a T-Rex. they both fighted. the Megalasaurus won. then there was an Allosaurus. they both fighted. the Allosaurus won. he saw a Diplodicus. he ran. and ate all up in one second. then he saw rope. and tied it around himself. then he died. and a T-Rex came. and ate him all up cause he died. then the kind of dinosaur that flew he picked off the T-Rex's nails. and ate them all up. and his skin too. all that was left was his bones. then another Diploticus came and another flying dinosaur. and he only ate his skin. then he saw a robin. and he gobbled it up in one minute. then a person came. his name was Hank. he met a girl named Lina. they played and played and played. and then an Allosaurus ate them up.
907,once upon a time there was a dragon. somebody took his picture. nobody wanted to kill him because he was a nice dragon. his head got cut off by the scissors. and then he died. and then a monster came. and he ate the dead dragon all up. and then another dragon came. and they both fought. and the dragon won. and the monster was dead. and the dragon ate the monster up. and then the scissors cut the tape. and then they both got pinched. and then the dragon died. the end.
908,"once upon a time there was a monster. and he was walking around. and he saw a snake. and he ate the snake up. and then he saw a lion. and then a dragon came. and then they both fought. and then the dragon walked onto the beach. and then there was another monster. then he ate the dragon. and then another dragon came. and the dragon ate the monster. and then there were two knights. and the knights killed the dragon. and then there was a baby, a brother, and a sister, and a mommy, and a dad. and then they all lived happily ever after. the end."
909,once upon a time there was a cat and a mouse. and the cat ate the mouse. and then the mouse died. and then a dog ate the cat. and then a person was looking for his dog who was the one who ate the cat who ate the mouse. and then he found him. the end.
910,"once upon a time there was a number five and a number one. and the one told the five to stand on its head. and the one knocked the five over to stand on its head. and the five did stand on its head. and then the five said "". hey, why did you make me do that? and the one said "". because I wanted to look just like you. and then they both hit each other. and then the five said "". I'm sorry. and then the one said "". oh, sorry. the end."
911,once upon a time there was a cheetah. and then he saw a panther. and they both fighted together. and then they ate a dog. but the dog got out of their mouths so he walked along in the woods. and then there was a ship. and there were pirates on the ship. and then there was a monster. and the monster died. and then there was a dragon and a knight. and the knight killed the dragon.
912,"once upon a time a pinecone was lying on the ground. and then the pinecone got up. and first he had an arrival. and then he had choice time, and then library day, and then snack, and then meeting. then outside time, and then pickup. then lunch, and then rest, and then choice, and then outdoor time. and then pickup, and then Lydia time. then he went home. and then he had his dinner. and he went to bed. and then he dressed up like Myrtle. and then he saw an Elpis walking around. and he wanted to walk with her, so he did. then he saw a Lina walking with an Elpis and a Hank. and there was a Pearce nearby. and an Olec making a mess. and Ashton cleared it up. and then he saw Toby walking around the fort. and then there was a monster. and he ate up the pinecone. and then there was a Klara that killed the monster. then there was Rowan walking with Nonnie and an Aliki. and then the Klara saw a Caleb walking with an Aliki. then there was a Jack and an Oleander and a Jonas. and Lina and Jonas were walking in town. and then the Olec went to bed. and everybody except Ashton pretended to be pigs. and then they saw a chair on the ground. and they picked it up. and then they slept on their mats. and they read a book. and they played with the dollhouse. and they pretended to be an elephant. and then they played with their dolls. and they pinned up save signs. the end."
913,once upon a time there was a Sally and a Matilda. then there was a T-Rex. and they played together. then they rocked in a rocking chair. then they drew a painting with Olec. it was a turtle and a monkey. and it came out of the surprise box. then they put on their shoes to play in the garden. then they play with their legos.
914,once upon a time there was a dragon. the knight killed the dragon. the dragon died. and then there was a monster. he ate the windows. and then the whole town fell over. then there was a bear who ate the monster. then there was a T-Rex who ate the whole universe. and then he died.
915,once upon a time there was a monster. the monster was fighting with a dragon. the dragon won. then there was a bear. and the bear ate the monster. then he ate himself. then there was a Deana. the Deana played with Olec. then there was a Myrtle who was making a present for Klara and Elpis. the end.
916,once upon a time there was a dragon. then he died. and then there was a monster. the monster ate a wolf. the wolf died. and then there was another dragon. the end.
917,once upon a time there was a monster. and then he played. then he sees a squirrel. and he eats it. then he plays with caterpillar friends. and then he builds a puzzle. then he paints. he paints himself blue. then he puts on a sweater. then he plays on his swing set. and then he finds his friend the dragon. and they play hide-and-go-seek together. the end.
918,once there was a mermaid. and she was swimming in the sea. and then she saw a shark. and he ate her. and then she got out of his belly. and she swam away. and the shark didn't see. and then he chased her again. then they played Duck_duck_goose. and then they saw a fishy. and then they saw another fishy. and they played with that fishy too. and then they played hide-and-go-seek with a person. the end.
919,"once upon a time there was a fox. and he ate the rabbit. and then they saw a turtle. and they hid under his shell because a lion was coming to eat them. and then they went out, when he was gone. they played Duck_duck_goose with a bear. and then they went back home. the end."
920,once upon a time there was a bunny. and he played with the rabbit. and then they saw a kitty. they saw a dinosaur. then they played Duck_duck_goose. and then they rode on back of a turtle. then they went home.
921,once upon a time there was a dog. and she played with the cat. then they saw a turtle. and they played Duck_duck_goose. then they all saw a leopard. then they played with a dinosaur. then they went fishing. then they all went home. the end.
922,"once there was a Jackie and a Laura. and at the end of the school day, both of them with their parents went to Bertucci's where they ate and they ate. then they went back home. and they went to bed. but before they went to bed, they had dinner and some candy too. then in the morning they both went to school. the end."
923,"once upon a time there was a dinosaur. and he was playing on the trampoline. and then he fell off. then he went home. he had dinner. tomorrow he went on the trampoline again. then he kept falling off, going home. and having dinner over and over again. the end."
924,once upon a time there was a Ashton. and he played with Jackie. and then they both went to the children's museum. and then they went in the infinity mirror. and they danced. and then they went back home. and had dinner. and went to bed. the end.
925,"once there was a T-Rex dinosaur. and he ate the whole universe. and he died. and then there was another dinosaur. and then there was a How_tall_are_we_chart. and the How_tall_are_we_chart died. and then the second dinosaur ate the whole world. and he died. and then the How_tall_are_we_chart woke back up. then the How_tall_are_we_chart died again. but then the dinosaurs came alive. and they had a fight. and the T-Rex, the first dinosaur, won. and then the How_tall_are_we_chart woke up again. and ate chocolate chip cookies. and then he went to sleep. then the second dinosaur died. but then he woke up. and the two dinosaurs became friends. the end."
926,once upon a time there was a Rowan. and Rowan went out to dinner. then he ate cake in one second. then he had a play date with Jackie. Then Rowan lived at Jackie's house. then they both went to school. Jackie dreamed that they were both chased by a lion. Rowan dreamt that they were eaten by a T-Rex. the end.
927,once upon a time there was an ant. he went home. and then there was a flower outside. and he picked it. and then he turned it into a frog. and then he went home to have dinner. and then he went to bed. and then the frog bounced on a trampoline. and then he ate the Nonnie. and then the ant played with the Rowan. and then they both went home. the end.
928,once upon a time there was an Ashton. and the Ashton played with the Jackie. and then they went home. they had dinner. and then they both had dinner. and went to bed. and then they read the Blah-Blah Kooky story. and then they both drove a car. and then they read the Blah-Blah Kooky story again. and then they read the Blah-Blah Kooky story a thousand times more. and then they both painted a hundred pictures. and then they fished in the ocean. and then they went swimming in a pool. and then they did a show. and then they played with the puppets. and then they sniffed the bear. and then they both sniffed all the bugs in the whole wide universe and the aliens to see if they took a bath. and then they both took a bath. and then they went to Kidsports. and lived there happily ever after. the end.
929,once upon a time there was a horse. and the horse was playing with the Rowan. and then the horse died. and then the Rowan died. and then they both came alive again. and then they both went back home to have dinner. and then they went to sleep. and then they both woke up. and they had breakfast. then they both played with the Deana. and then they both did a hundred somersaults. and then the Deana and Rowan have a sleepover with the horse. then they all have a sleepover at Deana's house. and then they all had a sleepover at Rowan's house. then they did it over and over again. and then they had a sleepover at Jackie's and Ashton's houses. the end.
930,once upon a time there was a swimming pool. then there was a Jackie and an Ashton. and then Jackie and Ashton swam in the swimming pool. and they got out. but they didn't dry themselves. and then they played with the Rowan. and then they played with the Lina. and then they both went home to have dinner. and they went to bed. the end.
931,once upon a time there was a dinosaur. and then he played with the other dinosaur. and then they ate the butterfly. and then they both swam in the air. the end.
932,once upon a time there was an Ashton and a Jackie. and they went fishing. and they caught a fish. then they went home. and ate the fish for dinner. then they went to bed. the end.
933,once upon a time there was an Ashton. he ripped the drama book. and then he ate it. then he knocked over the monster. and ate the Jackie. then he spit her out. then he ate her teeth. then he went to Pluto. then the monster ate Ashton. the end.
934,"once upon a time there was a dinosaur. and the dinosaur was playing on the bridge. and he fell into the water. and then he got back onto the bridge. and then he went home. had dinner. and went to bed. and then the next day, the dinosaur went back onto the bridge. and then there was a car. and it went onto the bridge. and then a tiger went onto the car. and then they both fell in the water. and then they got out. first they thought they were friends. and then they said "". I'm not your friend because you knocked me into the ocean. car speaking "". no, you did. tiger speaking "". no you did. car speaking "". and they kept saying it over and over. and then they went home. and went to bed. and then they played on the bridge by themselves. the end."
935,once upon a time there was a boat. and it went in the air. then there was a tiger. he went in the water. then there was a Jackie. and she played with the Ashton. then they both went home to have dinner. and go to bed. then there was a ladybug that played with the ant. then they both went home. then everybody swam in the air.
936,once upon a time there was a monkey. he was too loud for turtle. turtle went in his shell. monkey kept being loud. then Deana helped him quiet down. then turtle came out of his shell. then they played. the end.
937,once upon a time there was a ballet show. and everybody did fancy dancing. everybody twirled and twirled. and then everybody stood on their tippy toes. and then everyone stood like this with their foot on their leg like a stork bird. then everyone danced and danced. the end.
938,first there was a horse. and then there was a filly. a filly is a baby girl horse. and then the boy baby horse came who was a colt. and then there was a person who wanted to live in the barn with them. the person got some carrots. and the horses and the person ate them. then the person got some sugar. and gave it to the horses. and then the person ate the sugar too. the end.
939,once upon a time there was a farm. and then there was a horse. and then there was a filly. and then there was a colt. and then there was a stallion. they all found a boat. and then the whole went to a new place on the boat. and they were happy. and they lived happily ever after on the farm. the end.
940,once upon a time there was a horse that wasn't going to go for a trip. then it swam across the ocean. then it was wild. and then it loved its home. and then had a girl filly. then there was a boy colt. then there was a daddy horse stallion. so they had a whole family of horses. then they had a lot more friends and family of horses. the end.
941,"once upon a time there was a horse who was galloping in the west. and its name was Thunderbolt. and then Thunderbolt heard Blaze. and also heard Billy who was riding on Blaze. Blaze came galloping up the hill. and as quick as Billy could get the saddle off, he did. then Thunderbolt galloped off without Blaze. then the next morning Billy and Blaze went back to the hill. and they had some food. the horses ate their food. and Billy ate his food. then Billy and Blaze came back. Blaze and Thunderbolt galloped into the hills. and Billy called Blaze back a little later. Blaze came. but there was no sign of Thunderbolt. the next morning Thunderbolt jumped into the corral with Blaze. Billy and Blaze were so happy. then Billy gave Blaze a bucket of grain. and a bucket of grain for Thunderbolt. and water for them both. the end."
942,once upon a time there was a horse. and it had a filly. the filly was a girl. and had a boy colt. but the boy colt was the horses' colt.
943,once upon a time there was a horse named Thunderbolt. then Billy and Blaze galloped happily up the hill. and found Thunderbolt. and then Thunderbolt came over. and jumped into the canal that night. then Billy trained Thunderbolt. and Thunderbolt came home with them. the horses were in the trailer. and Billy was in the trailer too. Rex and all the other dogs were in the trailer too. and all the people who were driving were in the car. they all had a bath. even the horses and the ponies and the dogs did too. and then they all went to sleep with a book and a talking story. the end.
944,"once upon a time there was a horse that had a filly and a colt. then the filly and the colt found a stallion. and brought the stallion home. the stallion was wild. the stallion, they all wanted to be rided so they moved to a farm. then they had lots of people ride them. they loved it. the end."
945,"once upon a time there was a horse named Thunderbolt. and then a pony named Blaze came along. Billy took off Blaze's saddle as fast as he could. and then he let Blaze free to go with Thunderbolt. and then Blaze and Thunderbolt ran together down the hill. but when they weren't down the hill, Billy called Blaze. and he said Blaze. and Blaze came. but there was no sign of Thunderbolt. and that's the end."
946,once upon a time there was a horse. and then there was a filly. then there was a colt. they galloped along the shore with the horse mother and father. then they swam across the ocean and back. the end.
947,once upon a time there was a horse. and they lived on the beach. then there was a filly. they were both born at the same time. then they found the dad stallion. then there was a person who tamed them. then they had lots of long necklaces for the horses. then they all went across the ocean to Long Island. they lived happily ever after. the end.
948,once upon a time there was a horse galloping. then there were two cows. they tried to get through each other. but could not. they went through each other. then they just pranced around. and then they went in their stalls. good night. the end.
949,once upon a time there was horses with dinosaurs. they played. and jumped. they loved to leap. and they loved to knock each other over. and that's the end.
950,"once upon a time there was a horse. his name was Thunderbolt. he lived high up on a mountain. Billy and Blaze came. Billy was so nice because Billy gave Thunderbolt sugar and carrots everyday. also, Blaze ate them all up everyday and also Thunderbolt. one day Thunderbolt ran and ran with Billy till he came to some cowboys. and then he ran back to his mountain. the end."
951,"once upon a time there was a horse named Thunderbolt. then there was a pony named Blaze. then there was a person named Billy. then there was a Nonnie. Nonnie and all the other ones rode on the horses, even Billy. Billy rode on Thunderbolt. the end."
952,once upon a time there were two dinosaurs. and then there were three horses. and then the dinosaurs were going to catch the horses. but the horses ran away with the dinosaurs running after them. the end.
953,the dragon ate spring rolls. then the dragon played. then the dragon ate the basket. the dragon ate the cereal. then the monster took over. the end.
954,the monster tips over. and eats a basket. then the monster eats the notebook. the monster tips over. and eats the paper. the end.
955,the dragon hits the dragon. and then the dragon hits the other one. and then the knights fought. and they carried people safe to the hospital. and then the dragons carried somebody to the hospital. and then they went upstairs to their room. and fighted. and they went around in a circle. and then they went into the hot stove because they hurt their feet. and then they wrote. and then they had choice time. and then drama.
956,the dragon killed the dragon. the dragon killed the other one. and then the dragon killed the kids.
957,the dragon killed a dragon. the dragon killed the dragon. the dragon carried the dragon to hide. the dragon killed the other dragon. the dragon killed the other knight. and then the dragon killed the other dragon to the knight. the end.
958,a dragon killed the dragon. a dragon killed the other tiny dragon. there was a very big tall sky. the end.
959,the dragon killed the dragon. he thumped his tail on the ground. the end.
960,once upon a time there was a very big lion. and there was a dragon. then there was a monster. and then there was a bat. and then there was a spaceship with a red guy. they all died. and then they got up when they were died. and then they just ran over to an egg. they ate it all up. then they go to the farm. and they ate the chickens all up. then they ate all the ice cream all up. then they ate all the guys up. and then they go home. the end.
961,once upon a time there was a dragon. and it crashed into a building. and the building falled over. there was a crashing building that crashed. and then it crashed into another building.
962,once upon a time there was a dragon and a knight and Batman and Superman. they all fight. and then they fall over. and they die. the end.
963,once upon a time there was a dragon. and then there was a knight that killed the dragon. then dragon just boomed down and crashed. then they crashed down again. then they went home.
964,once upon a time there was a dragon. and then there was a Pokemon. and then there was Picachu. and then they crashed into a hole. and then another hole and another hole and another hole. and then they crashed into their homes. the end.
965,once upon a time there was a dragon. the knights ride on horses. and then other knights come. and they steal their gold. and then the rescue truck comes. and then the bad guy rides on the horse and crashes. and then there was a stall. then the dragon and the knight on the horse boom down the tower. and they break the tower. the end.
966,once upon a time there was a dragon. and he killed the knight. then the dragon killed him. and killed him all over again. then a bad man came. and got shot. and then he got shot right out in the sky. and then the end.
967,"once upon a time there was a dragon. and then he killed the knight. and then there was a bad guy. and then he got shot right up into the sky. and then the bad guy crashed. and then he was a rock. and then he was a really, really big rock. and the bad guy came out of the rock. and crashed the rock. the end."
968,once there was a dragon. and then it killed the knight. and then the knight shot all the dragons. and the dragons died. and then the Civil War came. and it shot all of the bad guys. but the bad guys shot the Civil War. and then the purple bad guy came. and then he killed all the bad guys. and then the dragons were all dead. and they fell down into jail. the end.
969,the dragon pushed the other dragon. then the two dragons died. then the new dragons came. and take them to the hospital. then the new dragons died. then there was a monster. and he ate the people.
970,once there was a Power Ranger. and it killed the monster. then there was a big bad guy. and it killed the Power Ranger. the Power Ranger died.
971,once there was a dragon. and then there was a knight. and he killed the dragon. and the dragon died. and then there was a bad guy. and he killed the knight. and the knight died. and then there was another bad guy. and there was a different knight who killed the bad guy. the end.
972,once there was a dragon. and then there was a bad guy. and he killed the dragon. and the dragon died. and then there was another bad guy who killed another dragon. and then there was a pirate who killed the other bad guy. and then the bad guy killed the pirate. the end.
973,once there was a dragon. and then there was a bad guy. and then they played. they were playing so fast that they died. and then there was another dragon and another bad guy. and they played with the dragon and the bad guy who came back to life. the end.
974,there was a firefighter going for a trip on a horse. and he saw another firefighter. then another firefighter took a hose out of his pocket. and the firefighter took out a sword. and hit it on the other firefighter. then he turned on his hose. and squirted it. and got all wet. the end.
975,once upon a time there was a horse and a firefighter. there was a bad guy who knocked over the firefighter and the horse. then the firefighter made the bad guy stop because a tower fell over. and bumped the bad guy on the head.
976,once there were two storm troopers. then five and six. then the one shot one. then that storm trooper died. then one storm trooper shot another. then there was a monster who died when the storm trooper died. then another guy shot another guy. and he died.
977,there is a spaceship. and it has special powers. it drives to base. it has to fly. when it gets to base it has to get away from Star Wars. it runs out of powers. it broke. then I fixed it because I was the special helper of the day.
978,once upon a time there were two knights. and then there was a dragon. and then there was Obi Wan Kanobi. and he killed the knights. and then the dragon and the two knights killed Obi Wan Kanobi. then there were three more knights. and then there was another knight who killed the princess. and then some more knights and more and more and more. and then there were too many knights.
979,once there was a knight. then there were two more knights. then there was a dragon. and then the knights killed the dragon.
980,once there was a knight. then there was a dragon. and then they killed the dragon. then there was another knight. and he killed the other knight. then he died. the end.
981,once there was a knight. and then there was a dragon. and the knight killed the dragon. and then there was another knight who killed the first knight. and then there was another knight who killed the second knight. the end.
982,once there was a shark. and there was a pirate ship. and the pirate ship was Oleander. he looked out the lookout hole. and he saw Jack down in the sea. then he looked out another lookout hole. and he shot a canon. the end.
983,once there was a knight. then there was a dragon. the knight killed the dragon. the knight was walking through the forest. and he saw a dinosaur. and then he saw a princess. and then he saw another dragon. and the dragon killed the dinosaur. the end.
984,once there was a fire engine. and then there was a dinosaur. then there was a big knight on horseback. and he killed a sea monster. the end.
985,once there was a knight. and then there was a dragon. then there was another dragon. and six more knights. and more knights. and many more dragons. the knights killed the bad dragons. the end.
986,once there was a Superman and knight. Superman was bad. and the knight killed him. then there was a dragon and Batman and Superman. they fight. and say goodnight.
987,"once there was a knight and a dragon. the dragon was bad. and then there was a Superman and a Batman. then they have a battle, all of them. then they fall asleep. and say goodnight. the end."
988,"once there was a dragon. and there was a knight. and then there was Superman, Batman, and a Storm Trooper. all of them fight. and they be friends. the end."
989,"there was King Arthur. and there was Sir Lancelot. there was a baddie, bad guy. the end."
990,once there was a knight. and then there was a princess. and then there was a dragon. and then more knights. they all had a battle. and then there was a ginormous giant.
991,once there was two guys. they were knights. then there was a dragon. then there was another knight. they had a baddie.
992,once there was a knight. and then there was Sir Oliver Good. and then there was a dragon. the end.
993,once there was a knight. then another knight. then a dragon. there was a baddie and a sword fight. the end.
994,"so there was Edmund, the Captain of the Secret Police, and Lucy. they defeated a white witch. the end."
995,"once there was a knight. and there was a dragon and Superman, and Batman. they all fight. and they fight one more time for three minutes. there was a castle. and they lived happily ever after. the end."
996,"once upon a time there was Darth Vader, Darth Maul, Obie Wan Kenobi, and Qui Gon Jinn. then there were two Storm Troopers. they all fight. they all die. the end."
997,once upon a time there was a train. and it was Edward. and then I came along. and we had a race. and then we crashed. the end.
998,once upon a time there was a train called Edward. he crashed with Gordon. then he didn't get hurt. it was a pretend crash. the end.
999,once there was Edward and Gordon and James and Donald and me. they crashed. then that's the end.
1000,"once there was Gordon, a train. and Henry, a train, and Thomas, and Edward. they were all trains. they go on tracks. and crash. the end."
1001,"once there were trains named Edward, Gordon, Henry, Thomas. they had a pretend crash. the end."
1002,"real trains are not real trains. and trains are not trains. Edward and James, and Henry, and Gordon, and Toad all crashed. it was a pretend crash. they all crashed again."
1003,"once upon a time there was Edward and Gordon, and Thomas, and Henry, and Douglas. and there was Fred, a train truck. and it picked up things like engines and freight cars. the end."
1004,King Arthur killed a dog. and a dog died. then a bad guy got King Arthur. then King Arthur couldn't fight anymore. then other knights tried to kill a dog. but the dog wouldn't die.
1005,once there was Asher Oak Tree. and then there was Pokemon Ash. and then there was a Pokemon shield. then there was Pokemon. they just crashed. it was a pretend crash. the end.
1006,"once there was Edward, and James, and Gordon, and Henry. they crashed. that's the end. the end."
1007,"once there was Thomas, and James, and a car. the train drived on a train track. and the car drived on a road. and they all crashed. and then they all crashed again. the end."
1008,once there was Seargen Siren. and then they was Wendy Waters. and then there was Jack Hammer. and then there was Roger Holstin. they all got a bad guy. the end.
1009,once there was Stepney. then there was Lina. she was a car. and she chased Stepney. then they went to the station. and the game began again. it was a cricket game. the end.
1010,"once there was a Thomas, James Edward, and Toad. they all crashed. the end."
1011,once there was King Arthur. and a dog died. the Caleb came and got shot. then there was a dragon. the dragon fighted a bad guy. and got shot into the sky. the end.
1012,once there was Thomas. then there was a Ashton train. then there was a Caleb train. then there was a Rowan train. they all got some freight cars. they go to a Crawley. they push the freight cars off the line and into the river. the end.
1013,once there was a Rowan and an Ashton. and they played with a kitty cat and a dog. there was a butterfly. they all played together. the end.
1014,once there was a block. then there was a fire engine. then there was a Caleb. then there was a beginning. the end.
1015,once there was a brick. and it fell down on a person's knee. then there was a motorcycle. then a person was trying to drive the motorcycle because noone was on it. then there was a wheel. then there was a tree.
1016,"once there was a chess board. then there was a bat car. and when you open the back, you can put things in it. then there was a bus. then there was a road bus cargo. they all went to pick up some tee shirts. and they were African shirts. they all went to sleep. and in the morning they went to pick up some animals. then they came back to have a nap. the end."
1017,once there was a race car. then there was a dinosaur. then there was a truck. then there was a fire engine. then there was a apple. they all drove into a pond. then they got all wet. they got out. and then they went to sleep. the end.
1018,once there was a cloud whale. then there was a train. then there was a freight car. then there was as piece of truck. and then there was a book. they all went to pick up pillow. and then they went sleep. the end.
1019,once there was a pond. the book sank in the pond. then the guys pulled it out. then the guys were in the pond. they splashed. and went to another island.
1020,"once upon a time there was an Oleander. and he brought lizards to school. and then Oleander wanted to bring the lizards into the classroom so he took out one lizard. and then hided it in its home. and Ashton and Olec didn't put any lizards in their hotel, only animals. there were no lizards allowed. the end."
1021,once there was a T-Rex. and the T-Rex died. and then there was a snake. and then it ate the dinosaur. the T-Rex that died. then there was another T-Rex. and it didn't die because it had special powers. and it ate the snake. then the T-Rex with special powers met a bear. and the bear was friendly. then the bear and T-Rex met a dolphin. they played. the end.
1022,once there was a pirate. and it was a bad pirate. and then there was another pirate. and then they both decided to have a fight. then there was a giraffe. they played.
1023,once there was a dolphin. then there was Storm Troopers. then there was Darth Vader. then there was Darth Mal. then met a dog. and they played with the dog. the end.
1024,once there was an Oliver. and he was sailing on a boat. then Oliver sank under water. then got eaten by a shark. and then there was a water snake. then there was a whale that ate the shark. then there was a ladder. and Oleander climbed back onto the boat. and he fell down again. then he went to Treasure Island. the end.
1025,there were five foxes. there were police. and there was a crash. a big beast came. and was scary. there was a fire in the woods. and the firefighter came to put out the fire. the end.
1026,two trucks were driving. and then they crashed. then big horses came. the horses helped. the end.
1027,there was a nice dinosaur. the dinosaur got hit by a car. and got hurt. the dinosaur had fire out of its mouth. then a bigger dinosaur came. and it was biting. and a firefighter truck crashed into it. the end.
1028,"there was a big, big dinosaur. there was a big, big, big five fighting truck. and it crashed with the dinosaur. and there was a rabbit. and it crashed with the truck. big, big, big truck crashed. big, big, big airplane with a mom, dad, baby, brother. they were flying in the airplane. there were starts. there was a pg, oink, oink, oink. and it crashed."
1029,the dragon and the dinosaur had a fight. a snake came. and ate the small baby rabbit. the mother rabbit hopped over. then there was a rainbow. the end.
1030,"there was two knight. and he crashed with a firefighter truck. the knight died. there was a big, big, big bear. then there were stars, big stars. there were ten big stars. then there was a big fish swimming. a big snake came. and ate the baby fish. he died. the end."
1031,"there was a big, big, big, big bear. he growled. there was a explosion. then there was a big rock. the big bear ate monkey and turtle. the end."
1032,there was a big rabbit. then a shark ate the baby bear. the baby bear died. the end.
1033,there was a big horse. it jumped away. then there was a fire. the horse died. the end.
1034,there were big fishes. a big whale eats the fishes. then the whale dies after it eats the fishes. the end.
1035,once there was two big whales. and then there was a baby fishy. and the big whale came and gobbled the little fishy. and it died. and a big bear came. and gobbled up the two whales. and a big lion gobbled up a shark. then Pearce and his momma were fishing. and the shark came. and ate the baby fishy. then Ashton and Rowan were fishing. and Pearce was fishing too. and Caleb was fishing with them. the end.
1036,"Jen, Marcia, and Deana and Nonnie played with a dog. the dog went "". ruff, ruff. a bear ate the baby dog. the end."
1037,"ten horses. one, two, three, four, five, six, seven, eight, nine, ten. Nonnie, Jen, and Ashton. they played with a baby dog. then there was a fire. and the baby doggie died. but the baby kitty didn't die."
1038,there were fire trucks. and they crashed. then a baby crawled. a motorcycle came. and the baby was scared. the end.
1039,a little kitty runs away from the monster. Rowan and Ashton and Olec are fishing. they go in an airplane. and a fire truck bonks it. the end.
1040,the baby crawls. and the mommy and daddy hold the baby. then there is a sword fight. and the baby dies. the end.
1041,once upon a time Thomas Choo Choo Train and Henry Choo Choo Train and Asher Choo Choo Train pretend crashed. the end.
1042,"once upon a time there was a dinosaur. one, two, three, four, five dinosaurs. the dinosaurs played. the dinosaurs liked to eat fish. the choo choo train bonked into the dinosaur. and the dinosaur died. the end."
1043,once upon a time there were six dinosaurs. the choo choo train Thomas came. the dinosaur hit the choo choo train. then came the Hank choo choo train and the Ashton choo choo train and the Rowan choo choo train. they pretend crashed. Jackie and the doggie played. the end.
1044,once upon a time there were a lot of dragons. the choo choo train drives over the dragon. and the dragon does not die. then Caleb steps on a caterpillar. the caterpillar dies. the end.
1045,once upon a time there were ten dinosaurs. then a monster eats the dinosaur. and the dinosaur doesn't die. then the dinosaur roars. and the monster dies. the end.
1046,once upon a time Ashton is painting. and Oleander is painting. and Rowan is painting. Myrtle and Pearce make a dinosaur train. and it's so scary. the choo choo train crashes. the end.
1047,"once upon a time there was a dinosaur named Deana. she went to school. then Deana dinosaur played at school with the colored pegs. Olec was being a nice dinosaur. Olec dinosaur played with Deana's hair. Ashton, Oleander, and Rowan played outside on the scooter. the end."
1048,once upon a time there was Caleb. and Pearce is Batman. and Caleb is Superman. they are pretending in school. but a monster came. and the monster scared Caleb and Pearce. the monster's name is Ashton. a knight comes. and Batman kills the knight. and the knight dies.
1049,once upon a time there is an Oleander and a Rowan and an Ashton. they're playing with a dog. and Oleander is doing a painting. Rowan gets lost in school. and a dragon comes. Ashton hits the dragon so it won't eat Rowan. but it does eat Rowan. then the dragon dies because Ashton hit it in the stomach. Ashton goes inside the dragon's mouth. and pulls Rowan out. but Rowan is heavy. the end.
1050,once upon a time there was Oleander and Caleb and Pearce. Pearce is Batman. Caleb is Superman. and Oleander is Star Wars. and he has a pretend Star Wars sword. Oleander killed the knight. and Pearce killed the knight. and Caleb killed the knight. Pearce and Caleb and Oleander played with a dog. the end.
1051,once upon a time there is a monster. the monster's name is Ashton. and another monster's name is Rowan. then is a dinosaur. and Ashton and the dinosaurs are friends. then a tiger and wolf come. they fight. the tiger ate the wolf. the wolf died. then the tiger ate the people. the end.
1052,"the pg was building a stick house. and then it fell down. and then another piggie was building a house, a hay house. and then a wolf came. and said "". let me in. not by the hair of my chin! said the pg "". and the wolf said "". I'll huff and I'll puff and I'll blow your house down!"
1053,"it's about a mixed up. and when the mixed up chameleon standed by a tree, it turn a little brown. and when it was on a flower, it turn a little orange. and then the mixed up chameleon wanted to be a fox. it only had a fox tail and mango wings. he wanted to be a fish. he turned a little gray."
1054,there was a big grown up pirate. the pirate has a gun with a special wind up place where the steam comes out. the steam is inside the red stuff. the pirate finds treasure with his special gun. it's a very very very special gun. the end.
1055,once upon a time there was a person that was fired. and a flying knight came. and save him. this knight is a powerful knight that kills the bad people.
1056,once there was a peanut butter. and the horse dipped his legs in the peanut butter. then a jelly put all the jelly on the horse's back. the end.
1057,"once upon a time there was a lion, a tiger, and an elephant. the elephant had a baby elephant. and the tiger came closer to the mama elephant. and the mama elephant snapped at the tiger. and then there were some baby tigers. and the lion came closer to the baby tigers. and the mama tiger roared at the lion. and then the lion had some baby lions. and the wolf came closer to the mama lion. and then the mama lion roared at the wolf."
1058,there was a lion. and then there was some mice. and the lion ate the mice. and then a tiger came. and it ate all the Purple Nursery classroom. and then there was some rats. and they dug under the hole. a car came. and hit the track. a whale came. and it gobbled up some fish. then a shark came. and it ate some big fish. the end.
1059,once there was a fish. a shark came. and ate the fish. then there was a whale who saw a goat. the whale and the goat played with a marble toy. the end.
1060,once there was a minnow. a shark came. and ate the minnow. then there was a hungry fox looking for something to eat. and it found a worm. and it tried to eat it. but the worm got away into the dirt. then there was a sheep. then the sheep swam in the sea. then he saw the shark. and asked the shark if he would take him for a ride. and the shark did. the end.
1061,once there was a mountain goat. then there was a tomato growing in the garden. and the mountain goat ate it. when the people came out to pick it they were mad because it wasn't there. then the mountain goat played with a lion cub. then there was a bat flying in the sky looking for good things to eat. he landed on a banana tree. and ate some bananas. the end.
1062,"once there was a person. it lived on a farm that had sheep, horse, cows, donkeys and ducks and hens. then a wolf came. but it couldn't get into the pen because it was way too high for the wolf. the wild cats, black, striped, and beige brown were protecting the farm. the end."
1063,"once there was a baby. then the baby had to get a shot. then it went to a farm. then after the farm, it was hungry so it went home. but instead of milk in the freezer, there was ice cream so it ate ice cream. then there was a shoe. it was way bigger than the house. then there was a tree. the baby climbed all the way to its tippiest branch. and the tippiest branch broke. and the baby fell to the ground. but luckily it didn't get hurt. the end."
1064,"once there was a dinosaur. and then there was a taxi. and it made the dinosaur dead. and then the people got the meat from the dinosaur. then somebody came. and killed the dinosaur alive again. and then there was a goat. and the dinosaur ate the goats udder. and the farmer said "". that was ugly ridiculous. the end."
1065,once upon a time there was a tiger. and then there was a butterfly. and the tiger thought that the butterfly was so pretty that it ran away. and then there was a bird. and then there was a building. and the tiger ate the building all up. and then there was a tree. and the bird made a nest in the tree. the end.
1066,once there was a tiger. then there was a dragon. then there was a monster. then there was an elephant. then there was a rhinoceros. the end.
1067,once there was a dragon. then there was a monster. then there was a fish. but the shark ate the fish. then there was a pg. then there was a cow. the end.
1068,once upon a time there was a little horseshoe crab named Jonas. and he lived in the fishing hole in North Leverett. and then once in a while Jonas would come. and give him a treat which was squid. and sometimes he would call his brother Sam or his friends Taley and Parker. and they all lived happily ever after in North Leverett.
1069,once upon a time there was a tugboat. then a car came. and ran over the tugboat. then there was another tugboat. and it was pushing a barge around. then it was pushing the barge away. the end.
1070,once upon a time there was a dinosaur. and then it bounced on a block. and it went so high that it made a hole in the sky. the end.
1071,"once upon a time there was a little handprint. and then the handprint popped away. and then a bunny came with its mother. and the handprint was its friend. and then its mummy came. and then the handprint, and the bunny, and its mummy all played together. the end."
1072,once upon a time there was a light. it wanted to play. but it couldn't because it wasn't real. the end.
1073,once upon a time there was a puppy. and he played. and he played outside in the backyard. and then there was a little pg. and he wanted to play with the puppy. and he did. and they really had fun. the end.
1074,"once upon a time there was Caleb. Jackie came along. and they played. then there were the three little pigs. and Jackie and Caleb played with them. then there was an Elpis and an Ashton. and they wanted to join them, so they did. then there was a Jonas. and then there was a Nonnie, and Pearce, and Toby. then there was a Olec and a Klara and a Lina. then everyone played together. the end."
1075,"once upon a time there was a wolf. and then the train came. and the wolf wanted to ride on the train so as it was going by, he hopped right on. and then he could see a great view over the water. he really had fun. the end."
1076,once upon a time there was a dog. and then Jonas and Lina came along to meet the dog. then Rowen and Pearce and Ashton came along to meet it too. then Jackie came with Aliki to meet the dog. Caleb and Jack and Oleander came to meet him. then everyone played and played. and really had fun. the end.
1077,once upon a time there were some pirates. then they threw their treasure chest out into the water. then the scuba diver found the treasure. and opened it up. and found lots of treasure that he brought home in the bucket treasure. the end.
1078,once upon a time there was a elephant. then there was a fox. they became friends. and they played together. the end.
1079,"once upon a time there was a baby, and a mommy and a daddy. then there was an alligator. and it ate the baby. the end."
1080,"once upon a time there was a puppy. the puppy had a cat friend. he loved it so much. they played together everyday, all day. then there was a person. the person was roasting marshmallows in a fire in his house. the end."
1081,once upon a time there was a flower. a person came along. and picked the flower. the person went inside. and got some water for the flower. it was early spring. and when the flower went inside it thought it was the middle of spring. and started blooming. the end.
1082,once upon a time there was a mountain goat. and then Thomas came rumbling along the tracks. then he went up the mountain to see the mountain goat. then Thomas went back to the station to pick up more passengers. there was a cow among the forest. it was his home. and one day he went over to meet Bambi. the end.
1083,once upon there was a horse. he played all day. and through the night he went to sleep. and then he met a pg. then The end ripped the page. the end.
1084,once upon a time there was a house. then the house walked away. then the house saw a flower. and it picked the flower. then a person came along. and took the flower from the house. then the person went in the house. and got some water and soil. and then he also got a vase. then he put the soil in the vase with the flower. and watered the flower every day. then he rode his house back to where it was. the end.
1085,"there was a mouse and a dog and a cat and a chicken. the cat and the dog and the mouse did so much work that they wanted someone else to do the work for them. but one day they found a chicken. and they asked the chicken if she could do all the work for them. and the chicken said "". I will. but will someone help me? and the cat and the dog and the mouse wouldn't. not I. said the cat "". not I. said the mouse "". the chicken wanted help baking bread. but nobody would help. when it came time to eat the bread, the cat and dog and mouse wanted to eat it. but the chicken ate it all herself. the end."
1086,one day there was a boy. and then he went for a walk. and then he saw a whale who was scared of the boy. but the boy was not scared of the whale. the whale swam away. and the boy went swimming. the end.
1087,once upon a time there was a mommy and daddy and sister and brother. and then they went for a walk. and they saw a castle. and then they met the king. and a dragon came along. and then the knight was coming on his horse. and then the knight charged towards the dragon. and attacked it from behind. then the dragon died. and they lived happily ever after. the end.
1088,once upon a time there was a dad and a mom and a sister and a brother. they all went for a walk. they saw a tree. and climbed up the tree. and ate apples. then they saw a dragon. and the dragon had fire. and it got the fire on the tree. but a knight came. and killed the dragon. the end.
1089,once upon a time there was a beach. then there were some people that lived on the beach. and then there was a soccer boy. and he was playing soccer on the beach. there was an octopus that gobbled a fish. then a shark gobbled the octopus. then a whale gobbled the shark. and then they lived happily ever after. the end.
1090,"once upon a time there was a nice dragon. then there was a bad dragon. and they fight and fight. and the good dragon won. then there was a knight who did not know that the dragon got killed. the knight did not know that the good dragon was good. and when he found out that the good dragon was good, they became friends. and then one day, there was an alligator. and then there was a boy named Kix. and he kicked the alligator out of the sea. and they both lived happily ever after. the end."
1091,"once upon a time there was a dragon. and it was a good, good, good dragon. then there was a bad dragon. then they fighted, fighted, and fighted. the good dragon won. the bad dragon had special powers. but then there was a knight. he had binoculars. and was sneaking up on the bad dragon. then he had a gun and sword. and he killed the bad dragon. the end."
1092,once upon a time there was a wolf. then because the wolf was mean a knight killed the wolf. but then there was a dragon. and there was another knight. and then there was so many knights that the dragon couldn't handle it. and the knights won. then there was hippopotamus in the water. and then there was gorilla at the fair. and the hippopotamus was sinking in the water. but the gorilla saved it. the end.
1093,once upon a time there was a dragon. it was a good dragon because it would give out good candy to his friends. bad candy to the mean guys because bad candy would make them die. and the dragon went walking in the woods with his good candy and bad candy. then he saw a mouse. and he gave the mouse some good candy. but then there was a wolf. but the dragon gave the wolf some bad candy. but the wolf didn't die because he had so much power. it was infinity power even more than a hundred. the end.
1094,"once upon a time there was a dog. then there was a monster. and he ate the dog. then there was a dragon. it was a good dragon so nobody wanted to kill it. and the dragon killed the monster. but the monster did not die. the dragon shot again, again, and again. and at last the monster died. the end."
1095,once upon a time there was a dragon. then there was a knight that killed the dragon. then there was another dragon. it was the knight's friend dragon. then they saw a alligator. right as they were going to fight it went back under water. but there was a hurricane that rounded up all the things. then there was a guy who had double light sabers. and he killed the alligator. the end.
1096,once upon a time there was a dragon. then there was a knight that killed the dragon. then there was an alligator. then there was a guy that had one special power. the end.
1097,once upon a time there was a knight. then there was a dragon. then they went up in space. then they went on a planet. and then the dragon died. and then it woke up. it was really dead except it had special powers. and it woke up really quick. and it was a blur. a blur means that you can't even see it.
1098,once upon a time there was a dragon. then there was a knight. then there was a flood. and then there was a person. it got fire on the flood. but the flood was so big that it got the fire out. then there was a librarian. and it lived in a house. and it went for a walk. the end.
1099,once upon a time there was a dragon. then there was a knight that killed the dragon. then there was another knight. and the knight swam and swam until they were on the beach. then they were lost. and when they woke up they were near a big wall. then they found out it was a monster's egg. then they remembered a story about a bird. then they saw two flapping wings. and they hid under the rock. they tied themselves to the rock so they could get their direction. when the rock landed the knights found gold. they filled their pockets with tons of gold they could carry. when the rock left they sneaked out of the cave. they were on the raft almost to their boat. suddenly the raft stopped. then they saw why. the monster had grabbed the raft. they rushed away quicker than they could rush away. the jewels sparkled. the end.
1100,once upon a time there was a dragon. then there was a knight that killed the dragon. then there was a flood. and it took over the whole town. then there was a blanket. and it was walking. but since it had no hands it got washed away by the flood. the end.
1101,once upon a time there was an alien. and it lived in outer space. then there was a robot. and it was Three PO. then there was a dragon. but the dragon could not die because it had special powers. then there was a sun. and it was so so bright that it made so much fire down in the earth so the people called the fireman. the fire was so big that the fireman could not handle it so the buildings caught on fire. and it fell down. the end.
1102,once upon a time there was a dragon. then there was a knight that killed the dragon. but the dragon could not die because it had special powers. then there was a piece of wood that had a really pointy end because it got sawed by somebody. and then there was a big bear. and the bees started chasing him until the bear found out that the bees were really people. then the bear chased the people. the end.
1103,once upon a time there was a dragon. then there was a knight who killed the dragon. then there was a hippopotamus who ate the knight. but the knight got out. then there was a magic feather. and the knight caught it. when he threw it on the statue it came alive. and everything he put the feather on turned to gold. and came alive. the end.
1104,once upon a time there was a hippopotamus. then there was a cat. and it ate a rat who was trying to eat the malt that lay in the house that Jack built. then the hippopotamus ate the malt instead. then the hippopotamus ate Klara instead. then ate Hank. then ate himself. the end.
1105,"once upon a time there was a spaceship. it was flying through space. then it saw a swamp. and then Jar Jar Blinks came out of the swamp. and then Jar Jar Blinks crashed the spaceship. and then the spaceship shot Jar Jar Blinks, except then they were playing catch. the spaceship shot fireballs out so they were playing catch. and they became friends. then they went back to planet Pluto. the end."
1106,once there was a dragon. then there was a race car. and it picked up the dragon. then there was a Hercules who sent his titans and his sword to kill the dragon. then everything turned gold. and then there was a Zeus. then Zeus turned everything back to regular. and Hercules throwed his weapon. and he sucked up his titans. and threw them into space. the end. titans are sort of like monsters.
1107,"once upon a time there was an Ash and a Picachu and a Brock and a Misty. and they were all searching for a coffin because they were going to a Pokemon battle. but the only Pokemon they couldn't beat was Hitmonchan. and so they went to the battle. and then they saw Hitmonchan coming up to punch Picachu. when just then Frymate standed before Picachu. and then Ash said "". slime toss, now. and Primate did slime toss on Hitmonchan."
1108,once upon a time there was a dragon. the knight killed the dragon. then there was a pencil. it wrote on some paper. then there was the number nine. and it counted to one hundred thousand to two hundred thousand. the end.
1109,once upon a time there was a dragon. then there was a knight. then he raced the dragon. and it was a tie. then there was a baboon. and it broke down the knight's castle. it was ten thousand feet tall. the end.
1110,"once upon a time there was a bird. and it wanted to fly. but it was just a baby bird so it couldn't fly. then a cat came. and it tried to chase the bird. but then a dog chased the cat. and the horse chased the dog. and then a tree said "". time out. and they all went home. the end."
1111,"once there was a fox. then a dinosaur was going to eat him. but the fox was too fast because he could transform either into a racecar or a roadrunner. so he thought a dinosaur is faster than a racecar, so I think I'll use roadrunner. so he transformed into a roadrunner. and then a kid came along. and the dinosaur almost got him. but the kid got the dinosaur with a rope. the end."
1112,once there was a donkey Kong. and then there was a ditty Kong. then there was a tiny Kong. and then there was a chunky Kong. and then there was a dinosaur. then it died. another good dinosaur came to help the Kongs. and they saw another dinosaur who wanted to help the Kongs. the end.
1113,once upon a time there was a Ash and a Misty. and they were searching for a flying squirrel. and they found one. but it flew away. and then there was a needle. and it snipped the paper. but then the flying squirrel landed on top of Ash's head. and then he jumped onto Misty's head. and then Misty got the flying squirrel off her head. but it accidentally landed on the needle. then the flying squirrel found a soccer ball. and then Kix kicked the soccer ball. the end.
1114,"once there was a scissor. then there was some glue. and it glued the scissors so it couldn't snip paper. but when a boy came along, he took some other scissors. since he didn't have his own, he had to borrow some from the Community school. and so he cut the glue. the glue was dry now, not wet. then the scissors cut the glue. and the glue died. it was a good thing because then the glue could not glue the scissors together. the end."
1115,"once there was some Power Puff Girls. then there was a dragon. and the Power Puff Girls tried to kill the dragon. and the dragon was scared. and it ran away. then Blossom said "". Split up! and Buttercup went to the right. and Bubbles went to the left. and Blossom went straight up. and Blossom found the dragon. and then Blossom called Bubbles and Buttercup. and Blossom killed the dragon and a bad knight. and then they went home. and then the next morning, the phone was ringing "". trouble, trouble, trouble. and then the Power Puff girls said "". let's go out the window to rescue whoever is being captured. and then the same dragon was there again. and the Power Puff Girls killed it. the end."
1116,"once upon a time these was a Once_upon_a_Time. then there was a The End. they played together. then they saw Oleander and Ashton. they ran away. and they jumped up into the space. and then the end said "". the end, the end. the end."
1117,once there was a cat. and then there was a Karate Master. and the Karate Master killed a bad little mouse. and then these was a little chipmunk. and it was climbing a tree when it fell off. but it had invisible armor. and then the cat helped another chipmunk because it fell off the tree without armor. the end.
1118,"once there was a donkey. and then it kicked a bad dragon. and then there was a little bunny, and a baby bunny. then the little bunny and the baby bunny snuggled up together. then the dragon that got kicked by the donkey was dead. then the baby bunny and the mama Bunny went to the dragon that died. and the mama Baby looked at it. and then went back home."
1119,once upon a time there was a dragon. it was a very very scary one. and then there was a knight. the knight wanted to kill the dragon. the end.
1120,once upon a time there was a dragon. nobody wanted to kill the dragon because it was very nice. then there was a knight and another dragon. the next one was a bad dragon. the knight killed the dragon. the end.
1121,once upon a time there was a giraffe. then there was a monster. the monster didn't think the giraffe was good but he was. the giraffe was good. then there were two monsters. they killed the other monster. then those two monsters killed the giraffe. the monsters didn't know it was a good giraffe. the end.
1122,once upon a time there was a pirate. it was a friendly pirate. then there was a monster. he didn't know the pirate was good. there was another monster who killed the first monster because he didn't know it was good. there was a black wooden board for jumping on. and the monsters liked to jump and jump and jump. there were new monsters. they jumped and jumped and jumped for laughter. then there was another monster. and there was a dinosaur who wanted to eat the monster. and it did. the end.
1123,"once upon a time there was a dragon. it was a scary dragon. and it was nice. if it was bad, it would roar out at people and scare them. then there was a monster. then there was another monster. and there was another monster. and another dragon. then there was another dragon. then there was a fairy. all of them got killed from a gun. then there was a playhouse. then the fairy played and played for laughter. the end."
1124,once upon a time there was a dragon. then there was a monster. the dragon was good until there was a monster. then there was a fairy who had a gun. the gun was very very scary to the dragon. but the dragon didn't run away because he didn't see the gun. then there was a nose. it was a very very silly nose because it didn't have anything attached to it. then there was another monster. then there was a piece of paper that got shot. and it got a hole in it. then there was a person with a pair of scissors. the scissors got caught in a net because they were in the ocean. then there was a pencil. there was a beach. and there was a ghost on the beach. it was a Halloween ghost because it was Halloween night on the beach. the end.
1125,once upon a time there was a dragon. it was a scary dragon. then there was a knight. then the knight killed the dragon. then there was a record player. then the person found the record player. and brought it right home. then there was another knight. then there was another dragon. then the knight killed the dragon. then there was a bell. the bell lived in the woods. and there was a fire all around the bell. and the bell couldn't run away because it didn't have feet. then there was a firetruck. then there was a monster. then there was another dragon. then there was a knight. the knight killed the dragon. then there was another monster. then there was a dragon who breathed fire. and the fire didn't stop so the monster died. the end.
1126,once upon a time there was a dragon. then there were some toys. it was a baby dragon. and it played with the toys. it was friendly. its whole family was nice. then there was a mean dragon family. but then there was a squirrel. the squirrel died because it was shot by a gun. then there were some scissors. the scissors cut the top of the glue off. the dragons played and played and played. the end.
1127,once upon a time there was a dragon. and there was a knight. and the knight killed the dragon. the knight was a gun person. and he shot himself. and died. the end.
1128,once upon a time there was a dragon. it was a scary dragon. somebody wanted to kill it because it was a bad dragon. the knight was the person who wanted to kill it. and he did. then there was a meat-eating dinosaur. the dinosaur ate people. and it ate one person. then there was a good dragon who nobody wanted to kill because it gave out candy. and killed all the bad witches. then there were a lot of bad Indians who got killed because of the meat-eating dinosaurs. then there was Tyrannosaurus. it was a nice Tyrannosaurus. then there were two more Tyrannosaurus. they played tag together. the end.
1129,once there was a knight. then there was a dragon. and the knight killed the dragon. then there was a wolf. the wolf just died because he got too old. then there was a ghost. that was the ghost that killed the wolf. the end.
1130,once upon a time there was a knight. then there was a scary dragon raaaaa. the dragon said raaaaa all the time. then there was a boy named Hank. then there was a girl named Elpis. the Hank was the dad. and the Elpis was the daughter of the dad. then there was another knight. the knight shot trees so the dragon wouldn't blow fire on the trees. the end.
1131,once upon a time there was a dragon. then there was a knight. then two more knights. they all shot the dragon. the dragon died. then there was a whale in the deep blue sea. it lost water so the whale died. then there was another dragon. and it gave out candy. and it killed all the bad monsters. then there was a puzzle. the good dragon did the puzzle. and had a good time. then he got out all his puzzles. and did them just in time for dinner. then there was a garden of flowers. the garden got picked by a person for his granddaughter. the granddaughter loved them. the end.
1132,once upon a time there was a person. then there was some lemonade. the person drank the lemonade. then there was a home. a dragon ate the home. then there was a knight. the knight killed the dinosaur bones. and ate them. the end.
1133,once upon a time there was a dragon and a knight. the knight and the dragon flew up in the rocket ship. and had fun. they flew up to each planet. the dragon died on one of the planets. it was Pluto. it was the last planet that they landed. the end.
1134,once upon a time there was a dragon and a knight. then the knight killed the dragon. then there was another dragon. but the first dragon had special powers. then the first knight won. the end.
1135,once upon a time there was a dragon. then there was a knight. the knight killed the dragon. then there was a harp. the harp was cute because it was little. and made for kids. the knight was a kid. then the knight played with the harp a lot because it was his toy. the end.
1136,once upon a time there was a dragon. then there was a knight. the knight killed the dragon. then there was a pumpkin. so the knight carved it. and put it on the dragons' bones.
1137,"once upon a time there was a dragon. and there was a knight. the knight killed the dragon. but the knight couldn't be killed because he had special powers. the knight tried and tried and tried. but it just didn't work. then the knight said "". I give up. the end."
1138,once upon a time there was a dragon. and then there was a knight. then the knight killed the dragon. then there was a pinecone. then the pinecone wrapped around the star. the end.
1139,once upon a time there was a dragon. then there was a knight. the knight shot up. and then it shot the dragon. the end.
1140,once upon a time there was a dragon. then there was a knight. the knight tried to kill the dragon. but the knight had special powers. and the dragon tried to kill him because he had special powers too. the end.
1141,once upon a time there was a Sally. then there was a Matilda. they were sad that Marcia was gone. then there was a knight. then the knight had an idea. he was a nice knight. he only killed bad dragons. and the knight's idea was that Matilda and Sally could give Marcia a present. the end.
1142,once upon a time there was a dragon. the knight tried to kill the dragon. but he couldn't because the dragon had special powers. then there was a person. then he was walking in the woods. and winter came. he got an idea. this idea was he could get a box. and trap something. and have it as a pet. the end.
1143,once upon a time there was an Arthur. then there was a puppy named Pal. the puppy named Pal loved Arthur. he loved him so much that he always hugged him. the end.
1144,once upon a time there was a knight. then there was a dragon. the knight killed the dragon. the end.
1145,once upon a time there was a dragon. then there was a knight. the knight killed the dragon. then the knight killed the dragon again because he couldn't the first time. then that worked. the end.
1146,once upon a time there was a knight. then the knight tried to kill the dragon. the knight tried and tried to kill the dragon. but it never worked so he had another idea. the idea was to make a poisonous apple. and then that worked. the end.
1147,once upon a time there was a dragon. the knight killed the dragon. the knight only killed bad dragons because he knew they were all bad. the end.
1148,once upon a time there was a dragon. then there was a knight. and he had a bow and arrow. he shot Oscar the Grinch. the end.
1149,once upon a time there was a dragon. then there was a knight who killed the dragon. but the knight only killed bad dragons because he knew all of the dragons were bad. but this other new dragon was good. the new good dragon and the knight flew away. the end.
1150,"once upon a time there was some pirates. they were going on a big adventure. they weren't bad. finally on the last night of Hanukkah, they left on their adventure. some dived into the sea to find treasures. and some just jumped off the ship. and looked for treasures in the sand on an island. the end."
1151,"once upon a time there was a mommy. and she was visiting her family, her grandparent's family. then she quilted at their house. the end."
1152,once upon a time there was a Olec. then there was a Hank. then there was a Rowan. then there was a Toby. then there was a Elpis. they all got on a ship. and went away to an island. the name of the island was Nantucket. that's where daddy and all of us went. that's why I'm saying this in my story.
1153,once upon a time there was Blaze. then there was a Thunderbolt. they played and played together. then there was a Henry. that was the person who owned the horses. the end.
1154,"once upon a time there was a rocketship. they counted down from ten to one. ten, nine, eight, seven, six, five, three, two, one, blastoff! then these astronauts climbed into it. and they had a fun ride going into outer space. and on a space walk before they were even on the moon. they got on the moon. they had to wear their astronaut suits. the end."
1155,once upon a time there was a knight. it was a good knight. and he put bad guys in jail. the end.
1156,"once upon a time there was a Nonnie, an Elpis, and a Deana, and a Marcia and a Jen. they were in a classroom. and they had lots of fun. there were so many toys. the end."
1157,"once upon a time there was a zoo. there was a mommy, a daddy, and a dog and a Hank and an Elpis. they were at the zoo. they visited all the animals. the end."
1158,once upon a time there was billions of legos. there was a cactus. they did a dance. the end.
1159,once upon a time there was a school. then there was a Hank. then there was an Elpis. then there was a Jackie. and then there was an Ashton. they went into the school. the end.
1160,"once upon a time there was a baby. the mommy and daddy took lots of good care of the baby. the more it grew up, the badder it became because he yelled and screamed. and he came with this guy to pick up yells and screams. and he put the yells in the yell bag. the screams in the scream bag. and he pulled them in a wagon to the neverending ground lake. and he put rocks on them so that the bag would never come up. the baby grew up. and he learned to play the piano. the end."
1161,once upon a time there was a rabbit. then there was a zebra. then there was a dog and a cat. and then there was a person who saved the animals. and his name was Hank. and they got on a boat. the end.
1162,once upon a time there was a library. then there was a painting. then there were two bean bags. then there was an Elpis and a Hank. the end.
1163,once upon a time there was a bed. then there was a dragon. then the knight won the fight. then there was a race car. the knight won the race. he won two blue ribbons. the end.
1164,once upon a time there was a drill. then there was a drill. then there was a Hank. he used the drill a lot. he made a loft and he played in it. the end.
1165,big cheese. once upon a time there was a submarine who went on a voyage. then there was a rig for diving. there were a lot of animals on board. there was a chicken and a cow and a life boat called Titanic. the end.
1166,Captain big cheese. once upon a time there was a Pokemon. his name was Picachu. then there was another Pokemon. his name was Bubbasour. then there was another Pokemon named Arlbock. then there was a Wayche. then all the Pokemons band together. the end.
1167,once upon a time there was a knight. and he raced with a dragon on a remote car. they raced and raced. and the dragon won. then there was an Olec and Hank. and they played together. then Elpis joined in.
1168,once upon a time there was an Appalouse. then there was a Billy and Blaze. then there was a Thunderbolt. they weren't on a ride. then they saw a fire. then they ran to the farmhouse as quickly as they could. the end.
1169,"once upon a time there was a pirate. his name was Hank-so-good. and he had a special map. and he put it in a bottle. and he threw it to the ocean. and he went on a ship. and somebody else was driving the ship named Elpis-so-bad. and she found the map in the water. and she opened it. and she said "". oh, we must go here. oh we must go here. and I hope it will be a good treasure. the end."
1170,once upon a time there was a cat and a dog and a pet bull frog. and I'm really glad that the people have a cat and a dog and a pet bull frog. they all had a dance.
1171,"once upon a time there was a Picachu. then Ash owned Picachu. and then Ash said "". Picachu, Thundershock. and then Gary and Ash had an idea. and they had to go to the gym. and Ash said "". Charizard, Firespin. to make Kadabra weak. and Ash said "". Picachu, I chose you. and he said "". Thundershock, now! and then Kadabra won. and Kadabra's owner said "". you're locked here. the end."
1172,"once upon a time there was a baby. he had to go to the doctor's cause he had a fever. his temperature was eighty degrees and so the doctor had to give him a shot. and when the doctor's appointment was done, the mother took the baby to the store. they got some medicine for babies in case the baby got sick. and then they went home to play with the marble slider. and then he took a nap in his cradle. then there was a The end. then there was The beginning. the end."
1173,once upon a time there was a racecar and a knight and a dragon. the knight was driving this racecar. and the dragon was driving a different one. they were both remote. the end.
1174,once upon a time there was a knight and a dragon. they had a fight. and the knight won. and the knight and the dragon had a race with racecars. they were both remote. and the knight won. the end.
1175,once upon a time there was a horse. then there was a fighting horse. and a knight rode on it. then the other knight won. the end.
1176,once upon a time there was a Titanic. the Titanic was about to sink because it was about to hit an iceberg. most of the people died. but some of the people lived. the end.
1177,once upon a time there was a lizard. then there were three mountain goats on a snowy mountain. they were all freezing so they had to find a warmer place. and then there was a person who helped all the animals. the end.
1178,once upon a time there was a Tin Tin. then there was this funny guy who could dance on glass. and balance on these little sharp thingies on his nose. but he couldn't sit on the couch. he could do all the hard things. but not the easy things. but he could do some easy things. the end.
1179,once upon a time there was a calendar. a boy read the calendar. the year was two thousand. the boy owned some horses. and he rode them. the end.
1180,once upon a time there was some pirates. then there was a dragon. the dragon and the pirates decided to have a fight. then there was another dragon. the fight was a tie. nobody won. the end.
1181,once upon a time there was a dragon. then there was a knight. the knight and the dragon had a fight. the knight won. the end.
1182,once upon a time there was a fish. then there was a shark. the shark ate the fish. then the sea monster ate the shark. then there was a sea dinosaur. the sea dinosaur eats the sea monster. then a person killed the underwater sea dinosaur. the end.
1183,once upon a time there was a dragon. it was a good dragon. it lived in Europe. a bad knight and a good knight rode on the dragon. the end.
1184,the bunny chased the rabbit. the rabbit got caught by an octopus. and then he saw a mean shark. and it attacked the rabbit. and then he saw a friendly dog. and then the rabbit saw a car. and he drove it into the garage. and then he crashed in the garage. but he was okay. he opened the door so Olec's house. and saw a little boy. it was Olec. and then Olec and the rabbit became friends. the end.
1185,the trapeze went onto the car. and it broke the car. and then the dinosaur. and he ate the car. and then there was another dinosaur. and there was no food for him. then the dinosaur who didn't get food died.
1186,"the truck came onto the car. and then there were ants. then the car gobbled the ants. and the ants said "". get me out of here! then the car said "". give me my ants back. the end."
1187,"the baby went to the airplane. then the baby fell out of the airplane. a man came. and told the baby that he couldn't fall out of the airplane. and then a bigger airplane scratched the baby, when it landed. then there was a storm. and then a ghost came. and took the baby away. and they lived happily ever after. the end."
1188,once upon a time there was a car that crashed into a dinosaur. and it was bleeding. and then there was a firetruck that crashed. and a monster that went to the dragon. and then he ran all the way back. and then there was a Nonnie that ate the dragon. and then Nonnie cried. then there was a Olec. and then what happened is he climbed all the way back home. and that's the end.
1189,"once upon a time there was a bulldozer. and the bulldozer was digging. and he back up. and crashed into his school. and then he had to fix it. and there were lots of people. they looked at the bulldozer. and said "". hmm, let's go look at that bulldozer. and that's the end."
1190,"once upon a time there was a dinosaur. and he ate the truck. and he was scared. then there was a ghost, and another one, and another one and another one. the end."
1191,once upon a time there was a Corvette. and the Corvette had lots of cars. and then there was a dinosaur who ate the Corvette. and then there was a monster. the end.
1192,once upon a time there was a car who ate the dragon. and the car went away. and didn't fight anymore because he was good. and he didn't run away because he didn't want to. but then he killed another dragon. and then four more. and then there was a monster. then there was a dump truck leaving from his house. and then a big storm came. and knocked everyone down. and then another big storm. then it stopped raining. the end.
1193,once upon a time there was a monster. and then there was someone who took the monster to jail. then there were many more monsters. the end.
1194,once upon a time there was a knight. and there was Star Wars. Star Wars killed a knight. and then a bad knight came. and killed Star Wars. then they went on a spaceship. Jar Jar Binks came. and he was nice. but then they ran away. the end.
1195,once upon a time there was a car who went over the bridge. Pokemon came. and killed the car. then a big monster came. and he turned back into a car. then he ate the car. and took it out of his mouth.
1196,once upon a time there was a guy who was a nice guy who tamed the animals. then there was a monster who got the animals. and threw them into the junk. and then there was two kids who got them. and didn't throw them into the junk. the end.
1197,once upon a time there was a boy. and the boy saw a car. the car was going to Kidsports. and then a slimy snake came. and ate the boy up. and then some firemen came to shoot out fire in a big building. the end.
1198,once upon a time there was a dragon. and the dragon tried to get the wolf. and eat him up. but he couldn't because he had air in his mouth. then he blowed up. and then he was dead. and then two frogs came. and then there was a man. they saved the dragon. and put him in jail. then he was a new dragon because he didn't have any more air in his mouth. and he was happy. the end.
1199,"once upon a time there was a monster. and the monster forgot to go to the bathroom to go pee. and then he forgot to go poop. and then her mommy said "". don't go poop on the floor. it didn't. and then we have all of the monsters come, one, two. the end."
1200,once upon a time there was a car. and the car broke into pieces. the car saw a truck. and the truck broke to pieces. and then a moving van came. and it broke into pieces. and then Oleander came. and he fighted the dragon. and the Deana came. and then a nice dragon came. the end.
1201,once upon a time there was a Deana. and she bumped into a wall. and she cried. she died. no she didn't. she came alive again. then there was a car. and it pet Deana on the nose and on the head. there were a lot of Deanas. the end.
1202,"once upon a time there was an Aliki. then Aliki hit Deana. then Deana cried. this is pretend. then Deana said "". don't do that! you're going to be in big trouble! then Aliki said "". poo poo to the zoo! then Deana went outside. and fell onto a big rock. and cried. then Deana saw a snake. it was a very bad snake. and she killed the snake. the end."
1203,"once upon a time there was a koala. and the koala fell off the tree. and the mommy said "". don't do that. it's not safe to do that. you must be very gentle. and they fought. and then they cried. the end."
1204,once upon a time there was Deana. and Deana rode the backhoe with the worm. and then they all crashed into a train track. and the train came and crashed. and then a police car came. and a fire truck and an ambulance and a rescue truck. the end.
1205,"once upon a time there was a train. and they crashed because there was a bridge. and Thomas, a train, fell into the water because the bridge couldn't hold him. and then Gordon fell in. but he could float. and then there was a big wave. and Gordon saw it so he went on the sand. and then Tracy came. and he didn't fall in the water. and then Gordon came back on the bridge. and then Thomas came out of the water. the end."
1206,once upon a time there was a Deana baby. and then Deana pooped in her diaper. and then pee came out of her diaper. then Jen helped Deana clear off the poop and the pee. then they both went in the car. and they drived to the church. and it was closed. so they went back home to the Community School. and then they all played. and everybody came. and then there was a fire truck. and it crashed with a bus. and then there was an Aliki. the end.
1207,once upon a time there was a baby. and the baby hit Deana in her belt. Deana got mad. she made a mad face. then the baby was sad. then Aliki bumped into the wall. she bleeded. her bones came out. then she came alive again. and she could talk. then the baby got happy. and Deana got happy and Aliki. then they went for a walk out in the woods. but then they saw a monster. then they run away. but trip on a root. but it wasn't a root. it was a monster. then they got eat up. the end.
1208,once upon a time there was Deana's birthday. then dad had no cake. and she got mad. and cried. then she got happy because Jen brought a bag with gummy bears. then Deana was a baby again. she cried because she wanted more cake. and she cried and cried and cried. then she got happy because she wanted to go outside. then they went into a fire truck because Dana died. and couldn't come alive again. then she did come alive again! the end.
1209,once upon a time there was my daddy. then a tractor came. then there was a daddy again. then he caught a lobster. then he danced. then Deana cried because she wanted some ducks. then there was Toby. the end.
1210,"once upon a time there was a Deana. then Deana said "". happy birthday to you. then you had a heart in your dreaming. then you saw Ashton. then you bonked into Ashton. then everybody came. the end."
1211,"once upon a time there was a Deana. then Deana pooped in her diaper. then she peed in her diaper. her diaper had a leak. nobody helped her, only Jen. and then Jen pooped and peed in her diaper. then Deana helped Jen. and then sardines came. and the sardines pooped in their diapers. and then Oleander came. he pooped in his diaper. everybody came. and the end of the poopy diapers. the end."
1212,"there was a Luke Skywalker. and he tried to attack Darth Sidious. and Luke Skywalker won because Darth Sidious doesn't have any weapons. but just when Darth Sidious died, Darth Mal and Darth Vader popped out. then there was Obi Wan Kenobi who was going to help Luke Skywalker. and he did. so Darth Mal and Darth Vader died. the end."
1213,once there was a RtwoDtwo. and he killed the Storm Troopers. then Darth Vader and Darth Mal and Darth Sidious popped out. then they had dinner but not together. then RtwoDtwo kill Darth Sidious and Darth Vader and Darth Mal.
1214,"once there was an Ash. and he had a Pokeball. and then a Gary came along. and he had a Pokeball too. and so they talked a minute. and so they figured out to have a battle. Ash had a Charizard Pokemon. and Gary had a Beedril. and then there was a Wild Pikachu. and it became Ash's Pikachu. Ash needed a Pokeball so he had to go to Professor Oak for it. and Ash got his Pokeball. but Professor Oak said "". Pikachu didn't like Pokeballs. but Ash could take it to capture another Pokemon. the end."
1215,"once upon a time there was an Ash. and he still had his Picachu and his Charizard. and then there was a Pidgyoto. and Ash caught it with the Pokeball Professor Oak had gave him so to capture it. he said "". Charizard, I choose you. and he said "". Charizard, fire spin now. but then he met Gary again. and so he had a battle. and someone captured Gary's Evee so now he has a Charizard. and Ash said "". Charizard, I choose you. and Ash said "". Fire spin now. and so Gary's Charizard got knocked out. and before he could say "". Charizard, return. Ash weakened it some more. Ash said "". Picachu, Thundershock. to weaken it. the end."
1216,"once there was a T-Rex dinosaur. and he ate the whole universe. and he died. and then there was another dinosaur. and then there was a How_tall_are_we_chart. and the How_tall_are_we_chart died. and then the second dinosaur ate the whole world. and he died. and then the How_tall_are_we_chart woke back up. then the How_tall_are_we_chart died again. but then the dinosaurs came alive. and they had a fight. and the T-Rex, the first dinosaur, won. and then the How_tall_are_we_chart woke up again. and ate chocolate chip cookies. and then he went to sleep. then the second dinosaur died. but then he woke up. and the two dinosaurs became friends. the end."
1217,"once there was a Furby and another Furby. one was a racoon Furby. and the other was a tiger Furby. then the tiger Furby said "". me sleepy, me sleepy, me sleepy. over and over again. then he sleeps. then the raccoon Furby met the dinosaur Furby. and he was gazing in the sun showing off all his colors. this is Furbyland. and so the dino Furby and the racoon Furby became friends. and then the tiger Furby got up from his nap. they all became friends."
1218,once upon a time there was a Furby. then there was another Furby. and that was a leopard Furby. and then there was a racoon Furby. then there was a tiger Furby. then there was a dinosaur Furby. and they all played together. and became friends. the end.
1219,"once there was a Furby that was a racoon Furby. then Donkey Kong came. then there was a T-Rex. then Donkey yelled "". Banana Slammer. and punched the T-Rex's teeth out. then there was another dinosaur. then Donkey Kong punched his head off. then that T-Rex died. the end."
1220,once there was a dinosaur. and then there was a Furby. and it was a dinosaur Furby. and then the dinosaur Furby and the dinosaur became friends. and then there was a fox. and the fox turned into Donkey Kong. Donkey Kong punched the dinosaur's head off. and then ate the dinosaur's head. the dinosaur was still walking. but he couldn't see or talk so he crashed into stuff. and then he rode a horse. the end.
1221,"once there was a Donkey Kong. and there was a dinosaur Furby. and they became friends. and then there was a real dinosaur, T-Rex. and then the dinosaur Furby and the Donkey Kong helped kill the real dinosaur. and then there was a long neck dinosaur. Donkey Kong and dinosaur Furby didn't kill it because it wasn't a meat eater. then there was another T-Rex. and then the Donkey Kong and the Dinosaur Furby and the long neck dinosaur helped to kill the real t-rex. and then they lived happily ever after."
1222,once there was a Donkey Kong. then there was a Ditty. Ditty is Donkey Kong's brother. then there was a dinosaur. and he ate a fish. and then Ditty punched his legs off. then there was another dinosaur. and it was a good dinosaur. and there was another dinosaur who was a bad dinosaur. and another dinosaur who was a good dinosaur. and there was a bad dinosaur who ate one of the good dinosaurs. the end.
1223,"once there was a Donkey Kong. then there was a Ditty Kong. and then there was a Tiny Kong. then there was a Chunky Kong. and then they practiced doing their karate. but Tiny Kong didn't because she was too small. but Tiny Kong practiced flying. but then one day when Tiny Kong was flying, she met a dinosaur. and then she went back to the camp. and she got the other Kongs to show them to the dinosaur. and they all did their karate on the dinosaur. the end."
1224,"once there was a Power Puff girl. and that was Blossom. and then there was Buttercup, another Power Puff Girl. and then there was Bubble Power Puff girl, the last Power Puff Girl. and then there was a monster. but Blossom saw it. and she killed it. and then there was another monster. and Bubbles killed it."
1225,once there was a dinosaur. and then there was a Donkey Kong. and then there was a Ditty Kong. and they practiced fighting with each other. then there was another dinosaur. and who was a bad dinosaur who came along. the Ditty Kong and the Donkey Kong beat up the bad dinosaur. then the other bad dinosaur came along. then a good dinosaur came along. and he killed the other bad dinosaur. the end.
1226,once there was the Power Puff Girl Gang. and then there was a dragon and a knight. the Power Puff Girls killed the dragon. but the knight tried to but he couldn't. and then there was a Donkey Kong and a Ditty Kong. and the dragon came alive again. and the Power Puff Girls and the Donkey Kong and the Ditty Kong killed the dragon again. the knight couldn't because the dragon killed the knight. the end.
1227,"once there was a karate master. and he killed a monster. and then the karate master killed a dragon. and then the dragon came alive again. and he was really good, so the karate master said sorry. and then there was another karate master. and he killed a hundred monsters. and then the first karate master killed a hundred monsters, too. the end."
1228,once there was a hammerhead shark. and he almost ate a fist. but he didn't because he couldn't see it. and then there was a person walking down the street. and there was a land shark. and the land shark ate the person. and then the land shark walked down the street. and it ate Ashton. the end.
