,model,age,story
0,meta-llama/llama-3.1-8b-instruct,4_6,"Er was een keer een hond. Hij heette Max. Hij was heel snel. Hij kon rennen naar de speeltuin in 2 seconden. Eigenlijk was hij de snelste hond in de buurt. Hij had een vriend, een kat genaamd Whiskers. Whiskers was niet zo snel als Max. Maar Whiskers was heel slim. Ze wist altijd waar de lekkerste muizen te vinden waren.

Een keer ging Max en Whiskers de bos in. Ze zochten naar een muis. Ze zagen een muis in een hol. Max wilde de muis pakken, maar Whiskers zei: ""Nee, Max. Dan zou de muis verdwaald raken."" Max luisterde naar Whiskers. Hij liet de muis los. De muis kwam naar buiten en zei: ""Dank je wel, Max en Whiskers!"" Max en Whiskers gingen terug naar huis. Ze waren heel blij met elkaar."
1,meta-llama/llama-3.1-8b-instruct,4_6,"Er was een prinses met een prachtig paard. Ze noemde hem Storm. Storm was heel snel en kon over grote hopen ruimtespringen. Ze verhuisde naar een kasteel in het bos. In dit kasteel was er een moeras. Er zat een monster in dat iedereen die in het moeras kwam heel bang maakte. De prinses wilde naar de andere kant van het bos om bloemen te gaan plukken. Ze heeft haar broekspijp verwijderd en Storm kan er niet door, dus ze is dus alleen. Toen ze bij het moeras kwam, zag ze de tanden van het monster. Ze deed heel bang en Storm moest haar vasthouden. Storm kwam toen op een idee. Hij rende naar het monster en Storm beet hem in zijn achterbenen. Het monster schreeuwde heel hard en rende weg. De prinses was enorm blij en ze gaf Storm een harde knuffel."
2,meta-llama/llama-3.1-8b-instruct,4_6,"Er was eens een prinsesje. Ze heette Sophia en ze had een prachtige lange haren.  Ze was heel lief en zij hield van koeien.  Ze had zelfs een eigen koe die ze Bessie noemde.

Sophia ging naar een prachtige kasteel. Daar waren boomgaardjes vol appels en peren.  Ze liep naar de stal om Bessie te bezoeken. Toen ze daar was ging ze in de zon liggen.  Bessie at haar lievelingsbloemen. De zon scheen en Sophia sliep.

Toen ze wakker werd kwam haar moeder naar haar toe.  ""Sophia, tijd om te eten!"" riep ze.  Sophia ging naar binnen.  Daar was een tafel vol zuurkool.  En aparte soep.  Sophia wou vast niet eten, maar ze gooide haar hoofd in haar nek en het ging wel.  En daarna gingen ze nog een wandeling maken."
3,meta-llama/llama-3.1-8b-instruct,4_6,"Er waren eens twee konijnen, Hopske en Kriebeltje. Die waren beste vriendinnen. Ze woonden in een grote tuin met veel groen. Ze gingen vaak samen op avontuur.

Hun favoriete plek was een geheime schuilplaats achter een groot boom. Daar lag een schatkist vol met noten en zaden. Ze aten daar vaak samen.

Een keer kwam Hopske op een idee. ""Kriebeltje, weet je wat? We gaan een schuilplaats bouwen in de boom!"" Kriebeltje was super enthousiast. ""Ja! Dat is een geweldig idee!""

Ze begonnen met spinnen en draadjes. Ze maakten een klein huisje in de boom. Toen het klaar was, kwamen ze trots terug in hun schuilplaats. ""Dat is mooi!"" zei Kriebeltje. ""Ja, het is heel mooi!"" zei Hopske."
4,meta-llama/llama-3.1-8b-instruct,4_6,"Er was eens een konijntje. Dat konijntje heette Fluffy. Fluffy was zo zacht als een pluim. Hij woonde in een grote bak met gras erin. Hij had veel vrienden, een hond en een kat. De hond en de kat speelden altijd met hem. Maar de hond was soms een beetje te hard. Dan moest Fluffy wegrennen. De kat was lief, hij liet Fluffy rustig zijn bak in.

Een keer was er een grote regenbui. De bak was vol water. Fluffy moest op een plankje zitten. Hij was bang. Maar de hond en de kat kwamen hem helpen. Ze stopten de mensen uit de buurt om te helpen. Ze gebruikten een grote mand om Fluffy uit de bak te halen. Fluffy was zo blij dat hij uit zijn bak was. Hij omhelsde de hond en de kat. ""Dank je wel!"" zei hij."
5,meta-llama/llama-3.1-8b-instruct,4_6,"Er was eens een heerlijke hond. Hij heette Max. Hij was zwart met witte vlekken op zijn snuit. Max woonde bij een meisje dat Sofie heette. Sofie was lief voor Max. Ze gaf hem altijd een knuffel. Max ging graag met Sofie naar buiten. Ze gingen naar de speeltuin. Daar speelden ze met de andere kinderen. Max kon hard rennen. Hij rende om Sofie heen. Sofie lachte en zei ""Geef me een kus, Max!"". Max gaf Sofie een zachte kus op haar wang. Sofie nam hem dan op schoot en zei ""Je bent zo lief, Max!"" Max hield ervan om met Sofie te spelen. Hij was de gelukkigste hond van de wereld."
6,meta-llama/llama-3.1-8b-instruct,4_6,"Een keer was ik bij de boswandelaar. Hij ging met zijn hondje. Hij heette Bos. Bos was een hond van de herder. Hij was heel sterk. Hij kon heel snel lopen.

Toen ze in het bos waren, zagen ze een konijn. Het konijn was heel snel. Het ging weg. Bos ging ook weg. Hij wilde het konijn vangen. Maar het konijn was te snel.

De boswandelaar lachte. Hij zei: ""Bos, je kunt het konijn niet vangen."" Bos bleef weg. Hij was boos. Maar hij kwam later terug. Hij kwam met zijn tong uit de mond hangen. Dat deed hij altijd als hij moe was. De boswandelaar gaf hem een koekje. Bos at het op. Hij was niet meer moe. Hij kon weer lopen."
7,meta-llama/llama-3.1-8b-instruct,4_6,Ik ken een leuke hond. Zijn naam is Max. Max woont bij een oude man. Hij heet pappie. Pappie geeft Max een melkje. Max houdt van melk. Hij drinkt het vlug. Pappie lacht en zegt dat Max lekker is. Max is een schat. Hij heeft een poezenvacht. Max is niet bang. Hij rent rond. Hij speelt met een bal. Pappie werkt in de tuin. Max houdt van de tuin. Hij rent naar pappie. Ze spelen samen. Max is een goede hond. Pappie zegt dat hij hem lief is.
8,meta-llama/llama-3.1-8b-instruct,4_6,"Er was eens een konijn. Hij heette Benny. Benny was helemaal wit. Hij had grote ogen en een lange neus. Hij hield van appels. Benny leefde in een grote tuin vol met appelenbomen. Een dag ging hij op avontuur. Hij rende door de tuin en vond een appeltje. Dat eet hij op. Hij was zo tevreden! Toen hoorde hij een stem: ""Hallo, Benny! Ik ben een haas. Mijn naam is Max."" Benny keek omhoog en zag Max. Max had grote oren en een lange staart. Hij lachte en zei: ""Waar kom jij vandaan?"" Benny vertelde hem over de grote tuin met appelenbomen. Max zei: ""Ik ken deze tuin ook!"" En toen gingen Benny en Max samen op avontuur. Ze vonden nog meer appeltjes en hadden een fantastische tijd. Ze werden beste vrienden."
9,meta-llama/llama-3.1-8b-instruct,4_6,"Er was eens een konijn die heette Fluffy. Hij woonde in een grote tuin met veel bloemen en een grote boom. Fluffy was heel snel en hij kon overal heen rennen. Hij had een vriend die een hond was. De hond werd Rex genoemd.

Een dag ging Fluffy en Rex op avontuur. Zij zochten naar een schat. De schat lag ergens in de tuin en zij moesten hem vinden. Ze liepen door het gras en over de stenen. Plotseling hoorde Fluffy een stem. ""Hallo, ben jij Fluffy?"" vroeg de stem.

Fluffy keek om zich heen maar hij zag niemand. ""Hallo?"" riep hij terug. ""Ik ben hier!"" De stem antwoordde. ""Ik ben de koning van de tuin. Ik weet waar de schat ligt.""

Fluffy en Rex liepen naar de koning. De koning zei: ""De schat ligt onder de grote boom!"" Fluffy en Rex renden naar de boom. Daar lagen ze en ze gingen liggen. En toen vonden ze de schat."
10,meta-llama/llama-3.1-8b-instruct,4_6,"Er waren twee vrienden. De ene vriend heette Bobbie en de andere heette Koen. Bobbie en Koen gingen altijd samen spelen.

Ze hadden een hond, een grote golden retriever. Zijn naam was Max. Max was zo lief. Hij at heel veel broodjes.

Bobbie en Koen hadden een speeltuin. Daar gingen ze altijd spelen. Ze hadden een grote trampoline. Op die trampoline sprongen ze heel hoog.

Max sprong ook op de trampoline. Hij was heel snel. Hij sprong van de trampoline en ging recht naar de zandbak. Daar rolde hij heen en weer. Dat vonden Bobbie en Koen leuk.

Maar dan ging Max naar huis. Hij ging slapen. Bobbie en Koen gingen ook slapen. Ze waren heel moe."
11,meta-llama/llama-3.1-8b-instruct,4_6,"Er was eens een konijn. Hij woonde in een prachtige tuin vol bloemen en groene bladeren. De konijn heette Fluffy. Fluffy was heel slim en ging altijd op avontuur.

Eens ging Fluffy het bos in. Hij wilde naar de andere kant van het bos. Maar toen hij door het bos liep, kwam hij een klein vogeltje tegen. Het vogeltje heette Tweety.

Tweety was bang, want hij was alleen in het bos. Fluffy zei, ""Houd je vast, ik ga je naar huis brengen."" Tweety was heel dankbaar.

Toen ze bij het vogeltje huis waren, gaf het vogeltje Fluffy een klein cadeautje. Het was een prachtige bloem. Fluffy was heel blij en zei, ""Dank je wel, Tweety!"""
12,meta-llama/llama-3.1-8b-instruct,4_6,"Een keer was ik bij mijn opa's huis. Mijn opa heeft een hond. Hij heet Max. Max is een grote, rode hond. Hij is heel lief.

Mijn opa zegt dat Max heel slim is. Hij kan veel dingen leren. Mijn opa heeft hem geleerd om te sprongen en om te draaien. Hij kan ook op commando gaan zitten.

Die dag ging ik bij mijn opa's huis spelen. Max en ik gingen naar buiten. Hij sprong om me heen en ik gilde van geluk. Mijn opa lachte en zei: ""Max, je bent een goede hond!""

Toen gingen we naar de speeltuin. Max kwam met me mee. Hij was heel moedig. Hij sprong over een hek en ik vloog van geluk. Mijn opa zei: ""Max, je bent de held!""

Ik hield van die dag bij mijn opa's huis. Max was heel leuk en ik was blij dat ik hem kon spelen."
13,meta-llama/llama-3.1-8b-instruct,4_6,"Er was een konijn. Hij heette Benny. Benny woonde in een prachtig groen bos. Hij had een vriendinnetje, een konijntje. Zij heette Flo. Ze kwamen samen in de bos. Ze gingen op een pad. Het pad liep naar een grote boom. Daaronder lag een grote stamhout. Benny zei tegen Flo, ""Kijk, een prachtig stamhout!""

Flo zei, ""Ja, we kunnen erin klimmen!"" Benny en Flo kregen beiden een hand vast en klommen in de boom. Maar toen konden ze niet meer naar beneden. Ze hadden geen uitweg meer. Ze waren vastgeklampt aan de boom. Ze moesten roepen om hulp.

Dan kwam er een man, een boswachter. Hij hoorde hun roepen en kwam naar hen toe. Hij zei, ""Je bent vastgeklampt! Maak je geen zorgen, ik kom eraan."" Hij hielp Benny en Flo uit de boom. Ze waren heel dankbaar voor de boswachter. Hij gaf ze een grote appel. Benny en Flo gingen met de appel naar huis. Het was een leuk dagje uit."
14,meta-llama/llama-3.1-8b-instruct,4_6,"Er was een konijn, hij heette Benny. Benny woonde in een grote tuin met een grote poel. Hij hield van zwemmen. Een dag ging Benny naar de poel. Hij was heel moe en had honger. Hij vroeg aan zijn vriend een eend: ""Kunt u me iets eten geven?"" De eend zei: ""Nee, ik heb niets."" Toen ging Benny naar zijn beste vriend, een hond. De hond zei: ""Ja, ik heb een broodje voor je."" Benny was heel dankbaar. Hij zei: ""Dankjewel!"" En hij at het broodje op. Toen voelde hij zich veel beter."
15,meta-llama/llama-3.1-8b-instruct,4_6,"Er was eens een konijn. Hij heette Benny. Benny was heel snel. Hij kon overal heen rennen. Hij ging op avontuur in de bos. Hij zag een klein vogeltje. Het vogeltje was weggevlogen. Benny wilde het vogeltje zo graag terugzien. Hij rende door het bos. Hij vroeg een eekhoorn waar het vogeltje was. De eekhoorn zei ""ik weet het niet"". Benny rende nog een stukje verder. Hij vond een berenkuil. Er zat een grote beer in. De beer vroeg ""wat wil je Benny?"" Benny zei ""ik zoek een vogeltje"". De beer zei ""het vogeltje zit in een boom daarboven"". Benny klom in de boom. Hij zag het vogeltje. Hij riep ""ik vind je!"" Het vogeltje kwam naar beneden. Benny en het vogeltje werden beste vrienden."
16,meta-llama/llama-3.1-8b-instruct,4_6,"Ik ken een leeuw. Hij heet Leo. Hij woont in de savanne. Leo is heel sterk. Hij kan heel hard rennen. Hij heeft een heel mooi geel en rood haren. Hij is de koning van de savanne.

Een keer ging Leo op jacht. Hij zocht naar een groot antilope. Hij zag hem heel ver weg. Hij rende heel hard. Hij was zo snel dat hij de antilope plotseling opeens had ingehaald. De antilope was heel bang. Hij rende weg. Leo rende nog harder. Hij viel niet uit. Hij ving de antilope op in zijn bek. Nu had Leo genoeg te eten. Hij ging rusten in de schaduw van een boom. Hij sliep heel lang."
17,meta-llama/llama-3.1-8b-instruct,4_6,"Een tijdje geleden was er een konijn. Hij heette Snelletje. Snelletje kon heel snel lopen. Hij kon eerder dan ons allemaal om de hoek rennen. Hij had lange oren en een rood gezicht. Snelletje had een beste vriend, een vogel. Die heette Vlieger. Vlieger kon heel hoog vliegen. Hij kon boven de boomtoppen hangen en naar beneden kijken.

Een keer ging Snelletje met Vlieger op een avontuur. Ze liepen door het bos en liepen over een brug. Toen ze op de brug waren, kwam er een stroom water uit een holte in de grond. De stroom water was heel sterk. Het was zo sterk dat hij Snelletje en Vlieger had laten varen naar de overkant. Snelletje en Vlieger waren heel blij om veilig te zijn. Toen gingen ze naar huis. Weet je wat? Ze hadden een leuke dag gehad."
18,meta-llama/llama-3.1-8b-instruct,4_6,"Er woonde eens een prinses. Ze was heel mooi en had lange blonde haren. Ze woonde in een kasteel met een grote tuin. In die tuin woonden vogels, konijnen en eekhoorns.

De prinses had een vriend, een eekhoorn. Zijn naam was Kwik. Kwik was heel slim en kon overal naar toe springen. Hij woonde in een holletje in een boom.

Een dag kwam er een boze draak in de tuin. Hij was heel groot en hij eiste dat alle dieren hem het eten van hun holletjes zouden geven. De prinses wilde niet dat de boze draak de dieren pijn zou doen.

Kwik en de prinses gingen op onderzoek. Ze zochten naar een manier om de boze draak weg te jagen. Kwik vond een zak met appels. Hij gooide de appels naar de boze draak. De boze draak at de appels en daarna was hij niet meer boos. Hij ging weg en kwam nooit meer terug. De prinses en Kwik waren heel blij."
19,meta-llama/llama-3.1-8b-instruct,4_6,"Er was eens een prinses die een koninklijke paard had. Ze was heel lief en zei altijd ""ik hou van jou"" tegen haar paard. Haar paard was ook heel lief en heette Sir Kip. Zij en Sir Kip gingen altijd op avontuur.

Een dag gingen ze naar een magische bos. Daar zagen ze een konijn die erg verdwaald was. De prinses zei: ""Ik help je, ik help je!"" En zij en Sir Kip gingen de konijn helpen.

Ze vonden een grote rots en daaronder stond een gat. De konijn zei: ""Ik ben verdwaald, ik kan niet naar huis!"" Maar de prinses zei: ""Maar ik kan helpen!"" En zij en Sir Kip hielpen de konijn in het gat. Toen kwam hij weer boven. De konijn was heel gelukkig en zei: ""Dank je wel!"" En de prinses en Sir Kip gingen weer naar huis."
20,meta-llama/llama-3.1-8b-instruct,4_6,"Er was eens een konijn. Hij heette Koen. Koen woonde in een bos. Hij had vrienden. Zijn vrienden waren een eekhoorn, een vogel en een vos. Ze speelden samen.

Een keer kwam er een regen. Het was zo hard dat Koen niet kon slapen. Hij had honger. Hij ging op zoek naar eten. Hij liep door het bos. Toen zag hij een appelboom. Daar hingen heel veel appels. Koen at een appel. Hij voelde zich beter.

Toen ging hij naar zijn vrienden toe. Ze speelden verstoppertje. Koen was de vos. Hij ging achter de vogel aan. De vogel vloog weg. Koen was verdrietig. Maar zijn vrienden zeiden: 'Gooi je het niet erg?' Koen lachte. Hij speelde verder."
21,meta-llama/llama-3.1-8b-instruct,4_6,"Er was eens een lelijk hondje. Hij was grijs en had een lange snuit. Hij heette Max. Max woonde bij een man. De man was heel rijk. Hij had een grote tuin vol met appels en peren.

Max hield van eten. Hij at altijd alles op. De man lachte en zei: ""Max, je bent zo gulzig!"" Max wist niet wat gulzig betekende, maar hij wist dat het iets leuks was.

Een dag ging Max naar buiten. Hij zocht naar fruit. Hij vond een grote appel op de grond. Hij pakte hem in zijn bek en begon te eten. Maar toen hij aan het eten was, hoorde hij een klein meisje gillen.

Een hond had een klein meisje gevracht, maar Max was het niet. Het was een andere hond. Max rende naar de man toe. ""Man, man!"" riep hij. ""Ik ben niet de slechte hond!"" De man lachte en zei: ""Dit is goed, Max. Je bent een goede hond."" Max voelde zich trots."
22,meta-llama/llama-3.1-8b-instruct,4_6,"Mijn beste vriendin Anna had een hondje. Hij heette Max. Hij was super leuk. Max was bruin en had een lange staart. Hij kon heel snel rennen.

Een keer ging Anna naar de speeltuin. Max mocht mee. Hij speelde met de andere honden. Max was geweldig. Hij pakte een bal en bracht hem terug naar Anna.

Maar dan gebeurde het. Max zag een konijn. Hij ging eropaf. Anna riep ""Max, kom hier!"" Maar Max bleef achter het konijn aanrennen.

Anna zat op de bank en lachte. Ze vond het zo leuk. Toen zag ze dat de konijn zich verstopte. Max kwam terug. Hij was moe, maar blij. Anna gaf hem een knuffel."
23,meta-llama/llama-3.1-8b-instruct,4_6,"Een keer ging ik naar de dierentuin met mijn mama. We zagen een lekkere olifant. Hij was groen en had een grote neus. Hij atte een hoop bladeren. Mijn mama zei dat hij heel sterk was en dat hij heel veel kon eten. Ik vroeg of hij kon rennen, en mijn mama zei dat hij heel snel kon rennen. We zagen ook een lekkere tijger. Hij was oranje en had grote ogen. Hij lag op een bankje en sliep. Mijn mama zei dat hij 's nachts wakker werd en jacht ging maken. Ik vond hem eng, maar mijn mama zei dat hij niet zou bijten. Toen gingen we naar de kabouters. Die waren heel klein en zaten op een tak. Mijn mama zei dat ze heel slim waren en dat ze heel veel wisten. Ik vond ze leuk en ik wilde ze graag knuffelen. Mijn mama zei dat dat niet mocht, dus ik bleef er gewoon naar kijken. Toen gingen we naar huis. Ik vond de dierentuin heel leuk en ik wil nog een keer gaan."
24,meta-llama/llama-3.1-8b-instruct,4_6,"Er was eens een konijn met een prachtig witte staart. Hij heette Fluffy. Fluffy woonde in een grote tuin met veel bomen en bloemen. Hij had heel veel vrienden in de tuin, zoals een eekhoorn en een vogel. 

Fluffy hield van eten, vooral artisjok en appel. Eén dag vond hij een grote appel die op de grond lag. Hij at de appel snel op. 

Toen hij de appel at, voelde hij een zware pijn in zijn buik. Hij had een buikpijn. Hij ging naar zijn vriendinnetje, de eekhoorn. De eekhoorn zei: ""Fluffy, je moet naar huis gaan en slapen. Je buik is misschien heel erg gewond."" 

Fluffy deed wat de eekhoorn zei en ging naar zijn huis. Hij sliep heel veel en voelde zich later beter."
25,meta-llama/llama-3.1-8b-instruct,4_6,"Er was eens een prinsesje. Ze heette Sophia en ze woonde in een groot kasteel. Sophia had een klein hondje, hij heette Max. Max was super leuk en hij was altijd bij Sophia.

Een dag ging Sophia naar het park met haar moeder. Ze zochten naar bloemen en Sophia had een mand bij zich. In de mand had Sophia een lunch voor zichzelf en Max.

Toen ze bij het meer waren, zag Sophia een klein bootje. Ze wilde graag in het bootje zitten. Maar het bootje was vastgemaakt en Sophia kon het niet losmaken. Max begon te janken en Sophia begon te huilen.

Maar dan kwam er een oude man naar hen toe. Hij was heel vriendelijk en hij zei: ""Laat ik een klein meisje helpen."" De oude man maakte het bootje los en Sophia kon er met Max in. Ze voeren over het meer en Sophia was zo blij.

Toen ze terugkwamen, gaf Sophias moeder haar een knuffel en zei: ""Ik ben zo trots op je, Sophia."" Sophia was heel gelukkig en ze had Max vast in haar armen."
26,meta-llama/llama-3.1-8b-instruct,4_6,"Er was eens een konijn met een enorme staart. Hij heette Koen en hij was heel snel. Hij kon overal naartoe in de bos. Koen had twee kleintjes, een meisje en een jongetje. Ze waren ook heel snel. Ze gingen altijd samen op avontuur.

De kleinste van de drie was de meeste avonturier. Hij wilde altijd meer. Hij wilde over de berg, door het meer, en in de grot. Maar Koen zei altijd ""nee, nee, nee"". Hij wilde niet dat zijn kleintje verdwaalde.

Maar een keer ging de kleinste toch zijn eigen weg. Hij ging over de berg, door het meer, en in de grot. Daar vond hij een schat! Hij was zo blij en hij rende terug naar Koen en zijn zusje.

Koen was heel trots op zijn kleinste. Hij zei ""ik weet dat je een avonturier bent, maar wees altijd voorzichtig"". De kleinste beloofde dat hij dat zou doen. Van toen af aan ging hij niet meer op avontuur zonder Koen en zijn zusje."
27,meta-llama/llama-3.1-8b-instruct,4_6,"Er was eens een prinses. Ze heette Sophia. Sophia had een dikke, rode haai. Die haai heette Max. Max was heel slim. Hij kon zelfs zwemmen naar de kastanjeboom en daarna terug.

Sophia en Max gingen op een dag op avontuur. Ze gingen naar de vredige bos. Daar kwamen ze een kat tegen. Die kat was heel oud en heel slecht. Hij heette de schurk.

De schurk wilde een heerlijke appel van Sophia stelen. Sophia sloeg hem met een grote steen. De schurk ging weg. Sophia en Max kregen een heerlijke appel.

Ze gingen terug naar huis. Sophia's vader was heel blij dat Sophia veilig was. Sophia en Max hadden een fantastisch avontuur. Daarna lagen ze lekker in bed."
28,meta-llama/llama-3.1-8b-instruct,4_6,"Een keer was ik met mijn vriendje op het strand. Hij heet Max en hij heeft een hond, een grote golden retriever. Zijn naam is Rusty. We gingen naar het strand en ik zag een mooie schelp. Die was heel mooi en ik vond hem leuk. Max zei: ""Die schelp is van mijn zusje. Ze vindt hem in het water."" Ik wilde hem pakken maar hij zei: ""Nee, die is van mijn zusje."" Ik zei: ""Maar die is mooi!"" Hij zei: ""Ik vraag haar om hem en dan kun je hem hebben."" Zijn zusje kwam dan en ze zei: ""Dit is mijn schelp. Ik vind hem elke keer als ik in het water ben."" Ik zei: ""Hij is mooi!"" Ze zei: ""Ja, ik vind hem ook mooi."" En toen gaf ze hem aan Max en die gaf hem aan mij. Ik was super blij. We gingen dan spelen en Rusty kwam ook mee. Hij was zo leuk en hij speelde met ons. We hadden een super leuk dag op het strand."
29,meta-llama/llama-3.1-8b-instruct,4_6,"Er leefde eens een konijn genaamd Fluffy. Hij was super snel en kon overal in de tuin komen. Hij had een vriendinnetje, een eekhoorn genaamd Squeaky. Squeaky was heel slim, ze wist altijd waar de lekkerste appels waren.

Eén dag vonden Fluffy en Squeaky een grote, lege honingkom. Ze keken elkaar aan en zei Squeaky: ""Laten we er even in kijken!"" Maar toen ze erin keken, viel er een honingstrook naar beneden. Fluffy en Squeaky keken elkaar aan en zei Fluffy: ""Ooh, honing! Die willen we hebben!""

Maar toen kwamen plotseling twee grote vogels aanvliegen. Ze wilden de honing ook hebben! Fluffy en Squeaky moesten heel hard wegrennen. Maar ze wisten niet waar ze heen moesten rennen. Toen ze bij een grote boom kwamen, renden ze erachteraan. Ze klommen de boom in en veilig zat de honingstrook hen te wachten."
30,meta-llama/llama-3.1-8b-instruct,4_6,"Er was eens een leuke meeuw. Hij heette Miep. Miep woonde bij het strand. Hij had een rood nest. Zijn vrienden noemden hem de rode meeuw. 

Miep hield van vissen. Elke dag ging hij naar het strand om naar vissen te kijken. Hij had een vriend, een eend. De eend heette Ewout. Ewout woonde ook bij het strand. 

Een dag ging Miep naar het strand. Hij zag een vreselijke storm. Het water kwam omhoog. Miep werd bang. Hij vluchtte naar zijn nest. 

De storm ging langzaam weg. Miep kwam uit zijn nest. Hij zag wat er gebeurd was. De strandvogels waren opgejaagd. Ze waren erg moe. Miep was erg moe ook. Hij was blij dat hij het overleefd had.

Miep ging naar Ewout. Ewout was ook in zijn nest. Hij was erg moe. Miep zei: ""Hé, ben je in orde?"" Ewout zei: ""Ja, ik ben in orde."""
31,meta-llama/llama-3.1-8b-instruct,4_6,"Er was eens een prinsesje die heette Sophia. Ze had een prachtig paard met een dik, zacht harnas. Ze woonden in een kasteel met een mooi park. Sophia hield van paardrijden. Ze ging elke dag naar het park met haar paard. 

De prinses had een vriendje dat heette Max. Hij was een knappe jongen met een rode cape. Max hield ook van paardrijden. Hij was een prima rijder. 

Een dag was het heel warm. Sophia en Max gingen naar het water. Ze zagen een visje in het water. Het visje was klein en zwart. Sophia en Max wilden het visje vangen. Maar het visje was te snel. Het zwom weg. 

Sophia en Max waren bedroefd. Maar ze lachten. Ze hadden een leuk dag gehad. Ze namen hun paard en gingen naar huis."
32,meta-llama/llama-3.1-8b-instruct,4_6,"Er was eens een konijn. Hij heette Fluffy. Fluffy woonde in een prachtig konijnenhuis met een groene tuin. Hij had veel veel vrienden, zoals een haas, een eekhoorn en een vogel.

Een dag ging Fluffy naar het bos. Hij wilde eieren zoeken. Hij liep heel snel en kwam bij een boom. Daar zit een eiland. Fluffy wilde erop. Maar er was een probleem. Hij kon niet erop omdat er een brug ontbreekt.

Fluffy ging naar de eekhoorn en vroeg of hij een brug kon maken. De eekhoorn zei ""Ja, ik kan een brug maken."" De eekhoorn nam stukken takken en legde die op de grond. Toen had Fluffy eindelijk een brug naar het eiland. Fluffy ging erop en vond veel eieren. Hij was heel blij."
33,meta-llama/llama-3.1-8b-instruct,4_6,"We waren op school. De lerares zei dat we naar de speeltuin moesten. Ik ging met mijn vriendin Lotte. We liepen met z'n tweetjes. De speeltuin was heel leuk. Er waren trampolines en een grote schommel. Ik ga altijd hoog op de schommel. Lotte is bang. Maar ik zei: ""Kom, Lotte, ik help je.""

Toen kwam er een hond. Hij was heel groot en heel zielig. Hij zat in een hokje. De hond had een leuk rood shirt aan. Ik vroeg aan de man: ""Wat is zijn naam?"" Hij zei: ""Zijn naam is Rex.""

Ik zei: ""Ik wil Rex bij mij."" De man zei: ""Nee, jij moet naar school."" Ik wilde Rex helpen. Maar hij ging niet van de man af. Dan ging de man weg. Rex kwam uit zijn hokje en ging naar mij toe. Hij sprong omhoog en kwam op me af. Ik lachte heel hard."
34,meta-llama/llama-3.1-8b-instruct,4_6,"Er was eens een eend. Ze heette Eline. Ze woonde bij een meer. Eline was heel snel. Ze kon heel hard zwemmen. Ze had een vriend, een kleine vlieg. Hij heette Vleugel. Hij kon hard vliegen. Eline en Vleugel speelden altijd bij het meer.

Eens kwam er een sterk wind. De wind was heel hard. Hij blies over het meer. Eline moest erg hard zwemmen om niet weg te worden geblazen. Vleugel zat vast aan een boom. Hij kon niet vliegen. Eline kwam naar hem toe. Ze zei: ""Vleugel, ik kom naar je toe!"" Ze zwom hard naar Vleugel toe. Toen ze bij Vleugel was, zei ze: ""Ga mee!"" Vleugel kwam met Eline mee. Ze gingen op een veilige plek zitten. Eline en Vleugel waren heel blij dat ze bij elkaar waren. Ze zeiden: ""Dankjewel dat je naar me toe bent gekomen!"""
35,meta-llama/llama-3.1-8b-instruct,4_6,"Er was eens een prinsesje. Ze heette Sophia. Sophia had een mooie blonde haren en blauwe ogen. Ze woonde in een kasteel met haar moeder, de koningin. Sophia hield van paarden. Ze had een schitterende witte hengst. Ze noemde hem Snowy. Sophia en Snowy gingen altijd samen rijden in de bossen.

Een dag kwamen er twee boze wolven. Ze wilden Snowy eten. Maar Sophia was niet bang. Ze gaf Snowy een zacht woord en hij werd heel snel. Snowy jogde weg en de wolven liepen achter hem aan. Sophia galoppeerde met Snowy weg en ze waren heel snel. De wolven waren heel moe toen ze bij het kasteel aankwamen. Sophia zei tegen de wolven: 'Kom binnen, ik geef jullie wat eten.' De wolven werden niet meer boos en kwamen met Sophia samen eten."
36,meta-llama/llama-3.1-8b-instruct,4_6,"Er was eens een prinsesje die zei: ""Ik wil een paard!"" En toen kwam er een man met een paard waarvan het blauw was. Het paard heette Luna. Luna was heel snel en kon vliegen.

De prinsesje ging met Luna naar de boom waar de appels groeien. Luna liet de prinsesje op haar rug en ze plofte neer. De prinsesje pakte een appel en gaf hem aan een vogeltje dat op een tak zat. Het vogeltje had een rood verenkapje en het zong ""piep, piep"".

Toen gingen ze naar de rivier waar de kikkers zitten. Luna liet de prinsesje af en de prinsesje wafelde over de rivier. Ze zag heel veel kikkers die naar haar keken. Eén kikker zei: ""Ssssst, prinsesje!"" En toen wafelde ze weer terug naar Luna. Luna stopte de prinsesje in haar rugzak en ze gingen naar huis met de appel en het vogeltje."
37,meta-llama/llama-3.1-8b-instruct,4_6,"Er was eens een konijn. Hij was zo snel dat hij overal heen kon rennen. Hij had grote ogen en een lange staart. Hij woonde in een prachtig bos vol bloemen en bomen.

De konijn hield van pepernootjes. Hij vond ze super lekker en at ze elke dag. Hij had een vriend die een vogel was. De vogel kwam elke dag naar het bos om naar pepernootjes te zoeken.

Een keer zagen ze een grote vos. De vos was heel bang en rende weg. De konijn en de vogel lachten veel. Ze dachten dat de vos heel komisch was.

De konijn en de vogel besloten om samen op avontuur te gaan. Ze renden door het bos en zagen veel dingen. Ze zagen een beekje waarin vissen zwommen en een berg waarop een eekhoorn zat.

Ze hadden zo veel plezier dat ze niet meer wilden stoppen. Toen het donker werd, gingen ze naar hun huis en sliepen. Ze waren heel tevreden."
38,meta-llama/llama-3.1-8b-instruct,4_6,"Er was eens een konijn genaamd Flikker. Flikker was heel snel. Hij kon in een seconde van de ene boom naar de andere springen. Flikker woonde in een prachtige bos. Hij had veel vrienden. Maar zijn beste vriend was een eekhoorn genaamd Snel.

Snel was ook heel snel. Hij kon overal in het bos in een oogwenk zijn. Flikker en Snel speelden altijd samen. Ze renden door het bos, ze klommen in bomen en ze gingen op avontuur. 

Een dag kwamen Flikker en Snel bij een grote rivier. Ze wilden naar de andere kant. Maar de rivier was te breed. Flikker zei: ""Ik ga naar de overkant, Snel."" Snel zei: ""Ik kom er ook!"" Flikker springt over de rivier. Snel springt ook. Maar Snel viel in het water. Flikker hielp Snel uit het water. Snel was nat. Flikker was blij dat Snel in orde was."
39,meta-llama/llama-3.1-8b-instruct,4_6,"Er was eens een konijn. Hij woonde in een grote bos. Het konijn lag op zijn achterste en sprong niet snel. Hij was heel vrolijk want hij vond een mooi bos vol met appelbloesems.

Hij kwam aan de voet van een grote boom en vond een grote appel. Hij pakte de appel en begon te eten. De appel was heel zoet. Hij likte zijn snuit schoon en sprong vervolgens naar de volgende boom.

Hij vond daar nog een appel. Hij pakte hem en begon weer te eten. Hij vond de appel ook zo lekker. Hij sprong naar de volgende boom en vond nog een appel. Hij was heel blij.

Hij vond een appel bij elke boom. Hij sprong van boom naar boom. Hij vond nog steeds appels. Hij was heel vrolijk. Eindelijk kwam hij bij zijn hol. Daar lag hij op zijn achterste en at de laatste appel."
40,meta-llama/llama-3.1-8b-instruct,4_6,"Toen ik gisteren naar de speeltuin ging, was er een leuke hond. Hij was een golden retriever. Hij was heel vriendelijk. Hij kwam bij me zitten en ik gaf hem een broekje. Hij wilde dat ik hem speelde. Hij kwam met me mee naar het klimrek. Hij wilde ook op de trampoline springen. Toen ik viel, kwam hij bij me zitten en likte me. Hij was zo lief. Hij heette Max. Max was een leuke hond. Hij ging met me naar huis."
41,meta-llama/llama-3.1-8b-instruct,4_6,"Er was eens een konijn. Hij heette Fluffy. Fluffy woonde in een prachtig bos. Hij had een vriend, een vogel. Het was een zangvogel. Fluffy en de vogel speelden samen. Ze gingen op avontuur.

Een keer gingen Fluffy en de vogel naar een geheime plek. Daar stond een gigantische appelboom. De appelboom had zo veel appels dat je er niet meer bij kon. Fluffy en de vogel wilden een appel hebben. Maar de appelboom zei: ""Jullie moeten eerst een puzzel oplossen!""

Fluffy en de vogel moesten denken. Ze zeiden: ""Wat doen we?"" En toen herinnerde Fluffy zich iets. Hij zei: ""Ik weet wat we moeten doen!"" Fluffy en de vogel gooiden allemaal appels omhoog. En de appelboom viel om! Nu konden Fluffy en de vogel eindelijk een appel eten. Ze aten zo veel appels dat ze vol zaten!"
42,meta-llama/llama-3.1-8b-instruct,4_6,"Er was eens een prinsesje met een prachtige pony. De pony heette Snowy. Snowy was wit en had een ster op zijn achterhoofd. De prinsesje kon Snowy heel snel leren. Ze leren Snowy om te springen en om door het bos te rennen.

Een dag ging de prinsesje met Snowy naar het bos. Ze wilde zien of Snowy nog zo snel kon rennen als ze hem had getraind. Ze gingen door het bos en Snowy rende zo snel dat de prinsesje moest gieren. Plotseling hoorde ze een luide stem die riep: ""Help!"" Er was een klein beertje vastgepind in een boom.

De prinsesje en Snowy renden naar de boom en de prinsesje zei: ""Rustig maar, ik kom je helpen!"" Ze namen de beertje uit de boom en gaven hem een appel. De beertje dankte de prinsesje en beloofde haar een beloning te geven als ze hem ooit nodig had."
43,meta-llama/llama-3.1-8b-instruct,4_6,"Er woonde een hond genaamd Max. Max was heel blij, hij had een nieuwe vriend gevonden. Hij heette Benny en hij kon vliegen! Nou, niet echt vliegen, maar hij had een grote parachute op zijn rug.

Max en Benny speelden samen in het park. Benny sprong van een grote boom en Max keek toe. Benny zweefde naar beneden en Max was heel blij voor hem. Max wilde ook vliegen, dus hij vroeg Benny om hem te helpen.

Benny gaf Max een parachute en Max sprong van de boom. Hij zweefde naar beneden en lachte heel hard. Max en Benny speelden nog langere tijd samen. Ze speelden verstoppertje en gingen op een picknick.

Max was heel blij met zijn nieuwe vriend Benny. Hij had nooit gedacht dat hij iemand zou ontmoeten die kon vliegen. Max en Benny werden de beste vrienden van het park."
44,meta-llama/llama-3.1-8b-instruct,4_6,"Er was eens een prinsesje, ze heette Lilie. Lilie had een paard, het heette Zonneschijn. Zonneschijn was heel snel. Lilie en Zonneschijn zochten naar een geheime tuin. Ze moesten heel stil zijn, anders zouden ze betrapt worden. Lilie en Zonneschijn liepen over een pad en kwamen bij een poort. De poort was heel klein, maar Zonneschijn kon erdoorheen. Lilie ging achter Zonneschijn aan en toen kwamen ze in de geheime tuin. Daar waren bloemen en bomen en een prachtige brug. Lilie en Zonneschijn gingen over de brug en vonden een klein kasteel. In het kasteel was een koningin en ze zei: ""Welkom, Lilie en Zonneschijn! Jullie mogen blijven, want jullie zijn zo verstandig."""
45,meta-llama/llama-3.1-8b-instruct,4_6,"Er was eens een konijn genaamd Fluffy. Hij was super snel en had een mooi witte staart. Fluffy woonde in een grote bos met zijn beste vriend, een uil genaamd Olly. Olly kon heel goed vliegen en kon alles zien vanuit de lucht.

Een dag ging Fluffy en Olly op avontuur. Ze zochten naar de schat van de koningin. Ze moesten door een moeras, over een brug en langs een stroom. Fluffy was bang voor de stroom, maar Olly zei ""maak je niet druk, ik zie het water en ik weet waar we moeten gaan.""

Toen ze bij de schat kwamen, was die eindelijk gevonden! Fluffy en Olly gingen met z'n tweetjes de schat halen. Toen ze terugkwamen, waren ze heel blij. De koningin was heel blij met hen en gaf hen een beloning. Fluffy en Olly aten samen een lekkere maaltijd en gingen toen slapen. Ze waren heel tevreden."
46,meta-llama/llama-3.1-8b-instruct,4_6,"Er was eens een konijn die heette Benny. Hij was heel snel en had een mooi witte staart. Benny woonde in een grote tuin met heel veel bloemen en vruchtenbomen.

Een keer ging Benny op avontuur door de tuin. Hij liep over de grasvelden en kwam bij een grote appelboom. De appelboom droeg heel veel lekkere appels. Benny at een appel en vond hem heel zoet.

Toen ging hij verder en kwam hij bij een vijver. Daar zaten heel veel vissen in het water. Benny wilde ook vissen, maar hij kon niet zwemmen. Dus ging hij naar een vriend van hem, een vis genaamd Viki. Viki leerde Benny hoe hij moest zwemmen.

Nu kan Benny zelf vissen in de vijver. Hij vindt het heel leuk om 's ochtends vroeg uit te gaan en lekker te vissen. Benny is heel blij met zijn vriend Viki."
47,meta-llama/llama-3.1-8b-instruct,4_6,"Er was eens een konijn. Hij was heel snel en hij kon overal rennen. Hij kwam in een bos en hij zocht naar een eitje. Hij had heel veel honger. Hij vond een eitje en hij eet het op. Hij was heel tevreden.

Daarna ging hij naar een rivier. Hij zocht naar vis en hij vond een vis. Hij ving de vis en hij at hem op. Hij was heel blij.

Maar toen hoorde hij een roep. Het was een roofdier. Hij moest vluchten. Hij rende zo snel hij kon en hij kwam veilig aan. Hij was heel blij dat hij het roofdier had ontweken.

Toen ging hij naar zijn vrienden en hij vertelde hun alles. Zijn vrienden waren heel blij voor hem. Ze waren blij dat hij veilig was."
48,meta-llama/llama-3.1-8b-instruct,4_6,"Er was eens een konijn. Hij heette Benny. Benny was heel snel. Hij kon overal vandoor gaan. Hij had een vriendinnetje, een meeuw. Haar naam was Mia. Mia was ook heel snel. Ze konden samen overal heen. 

Een keer liepen ze in de bossen. Ze zochten naar appelbloesems. Ze wilden er een paar eten. Toen zagen ze een grote beer. Hij was heel groot en rood. Hij dacht dat Benny en Mia zijn appelbloesems waren. Hij wilde ze eten. 

Benny en Mia renden weg. De beer rende achter hen aan. Ze renden over een brug. Die brug was heel smal. De beer kwam er niet overheen. Hij viel in het water. Benny en Mia gingen terug naar hun nest. Ze aten de appelbloesems. Ze waren heel tevreden."
49,meta-llama/llama-3.1-8b-instruct,4_6,"Er was een keer een konijn. Hij heette Benny. Benny was heel snel. Hij kon heel hard rennen. Hij had lange oren en een lange staart. Hij woonde in een hol onder een boom.

Een dag ging Benny naar een boomgaard. Hij zag veel appels. Hij hield van appel eten. Hij pakte een appel en begon te eten. Maar plotseling kwam een vos. De vos zei: ""Geef me die appel!""

Benny zei: ""Nee, dat is mijn appel!"" De vos zei: ""Ik eet hem wel!"" En hij probeerde hem van Benny te pakken. Maar Benny was te snel. Hij rende weg en de vos kon hem niet bijhouden. Benny was heel blij dat hij zijn appel kon houden. Hij ging terug naar zijn hol en sliep lekker."
50,meta-llama/llama-3.1-8b-instruct,6_7,"Er was eens een konijn met een prachtig witte staart. Hij heette Fluffy. Fluffy woonde in een prachtige tuin met heel veel bloemen. Hij hield van het water op de beek, want hij kon er lekker in zwemmen.

Een dag kwam er een grote, zwarte vos de tuin binnen. De vos heette Vader Vos. Vader Vos was heel sterk en kon heel snel rennen. Hij wilde de tuin in om te jagen op de dieren. Fluffy en zijn vrienden wisten dat ze moesten vluchten.

Fluffy en zijn vrienden gingen naar een schuilplaats onder de struiken. Vader Vos kwam naar de schuilplaats en riep met zijn luide stem: ""Wie zit hier?"" Fluffy durfde niet te antwoorden, dus hij bleef stil zitten. Vader Vos ging weg, want hij had niemand gezien.

Fluffy en zijn vrienden waren heel blij. Ze bleven heel stil zitten tot Vader Vos weg was. Toen kwamen ze tevoorschijn en gingen weer naar de beek om te zwemmen."
51,meta-llama/llama-3.1-8b-instruct,6_7,"Een keer was ik bij mijn opa. Mijn opa woont in een klein dorpje bij een groot meer. Mijn opa heeft een boot, dat noem ik wel een klein schip. Hij noemt het ""de Noorderster"".

Ik ging met mijn opa op de boot. We gingen op het meer varen. Hij zei: ""Ik ga je laten zien waar de haaien wonen."" Ik hield me vast aan de rand van de boot. Mijn opa had een boomstam in de boot liggen. Hij gebruikte die om te roeien.

We gingen heel ver op het meer. Mijn opa zei: ""Kijk, daar zie je de haaien!"" En daar waren ze. Ze kwamen uit het water om ons heen zwemmen. Ik was bang, maar mijn opa hield me vast. Hij zei: ""Maak je niet druk, ze zijn niet gevaarlijk."" Toen zei ik: ""Mag ik ze aaien?"" Mijn opa lachte en zei: ""Ja, jij mag ze aaien.""

Ik aaiende de haaien. Ze likten mijn handen. Mijn opa zei: ""Zie je, ze zijn lief."" Toen gingen we terug naar de kust. Ik was blij dat ik de haaien had gezien."
52,meta-llama/llama-3.1-8b-instruct,6_7,"Er was eens een konijn dat heette Fluffy. Fluffy woonde in een bos waar alle dieren vrienden waren. Fluffy was heel zielig, hij liep altijd met een gebroken hart. Hij was verliefd op een konijntje dat een heel andere kleur had, ze heette Pinky.

Pinky was heel lief, ze had een roze staart en oren. Fluffy had altijd al van Pinky gehouden, maar hij durfde haar nooit te vertellen. Hij was bang dat ze hem niet terug zou love.

Een keer ging Fluffy naar de rivier om te drinken en hij zag Pinky aan het spelen met een groep eekhoorns. Fluffy liep naar hen toe en zei: ""Hé Pinky, wil je met me mee spelen?"" Pinky lachte en zei: ""Ja, leuk!"" Vanaf die dag speelden Fluffy en Pinky samen elke dag.

Toen de winter kwam, was Fluffy heel koud. Pinky had een idee: ze gaven Fluffy een warme trui van haar moeder. Fluffy was heel dankbaar en hij hield van Pinky nog meer dan ooit. En nu zijn Fluffy en Pinky getrouwd en wonen ze in een prachtig nest."
53,meta-llama/llama-3.1-8b-instruct,6_7,"Er was eens een prinses met een leuke naam, Sophie. Ze had prachtige blauwe ogen en een rood haar. Ze woonde in een groot paleis met een moeder die koningin was. Sophie hield van paarden en kon goed rijden.

Een dag ging Sophie naar de stal om haar favoriete paard, een prachtige zwarte merrie, te voeden. Toen ze bij het hok van de merrie aankwam, zag ze een klein, verdwaald konijntje. Het was zo klein dat het nauwelijks zijn ogen openhad gedaan. Sophie had medelijden met het konijntje en besloot het mee te nemen naar het paleis.

Toen ze thuiskwam, liet Sophie het konijntje in haar kamer en gaf het te drinken. Het konijntje begon te spelen en te rennen en Sophie lachte van blijdschap. Haar moeder ging naar boven en vroeg waar het konijntje vandaan kwam. Sophie vertelde haar het verhaal van het verdwaalde konijntje en haar moeder was heel blij met Sophie voor haar medelijden."
54,meta-llama/llama-3.1-8b-instruct,6_7,"Er was eens een hond. Hij heette Buster. Buster was een goudkleurige hond met een witte neus. Hij was heel lief en hij hield van spelen. 

Buster woonde bij een meisje dat genaamd Luna heette. Luna was ook heel lief en zij hield veel van Buster. Elke dag nam Luna Buster mee naar het park. Daar speelde Buster met de andere honden en hij rende rond.

Eens ging Luna en Buster naar het strand. Toen ze daar waren, begon Buster te zwemmen. Hij was een goede zwemmer en hij ging heel snel door het water. Luna lachte toen ze hem zag zwemmen. 

Na een tijdje kwam Buster uit het water en hij kwam aan Luna. Hij was een beetje nat, maar hij was heel blij. Luna gaf hem een knuffel en ze ging met hem verder. Ze namen een lange wandeling langs het strand, samen met de hond en de zee."
55,meta-llama/llama-3.1-8b-instruct,6_7,"Er was eens een konijn. Hij heette Benny. Benny woonde in een grote bos. Hij had een vriend, hij heette Sjakie. Sjakie was een vos. Hij was niet echt slim, maar hij was erg lief. Benny en Sjakie speelden altijd samen.

Een keer zochten ze naar een schat. Benny zei dat hij had gehoord dat er een schat verborgen lag in het bos. Sjakie zei dat hij dat ook had gehoord. Ze gingen op onderzoek uit. Ze zochten in de struiken. Ze zochten langs de rivier.

Toen ze bij een grote boom kwamen, vonden ze iets glimmends. Het was een oude sleutel! Benno (het was Bennys hondje) begon te blaffen. Sjakie zei: ""Ik denk dat we de schat nu vinden!"" Benny en Sjakie werden erg blij. Ze gingen terug naar hun huis en maakten een plan om de schat te vinden."
56,meta-llama/llama-3.1-8b-instruct,6_7,"Er was eens een prinsesje die een klein koninkrijk had. Haar naam was Sophia. Ze had een prachtige pony en een witte hond. Sophia wilde niet prinsesje zijn, ze wilde een heldin zijn.

Een dag kwam er een boze wolf in het koninkrijk. Hij eet alle kippen op. De boeren waren heel boos. Sophia zei: ""Ik ga hem stoppen!"" Ze pakte haar pony en ging op avontuur.

Ze kwam aan een rivier en zei: ""Ik ga niet zwemmen."" Maar haar pony zei: ""Hoop op je!"" En ze zwom naar de overkant. Daar kwam ze de boze wolf tegen. Ze zei: ""Je moet de kippen laten zijn, anders sla ik je.""

De wolf was heel bang. Hij liet de kippen los. De boeren waren heel dankbaar. Ze zeiden: ""Sophia, je bent een ware heldin!"" Sophia was heel blij. Sindsdien noemden ze haar ’s Nachtsafeidee, omdat ze altijd op tijden kwam waar niemand op kon rekenen."
57,meta-llama/llama-3.1-8b-instruct,6_7,"Er leefde een konijn genaamd Benny. Hij woonde in een prachtige tuin met veel bloemen en groen. Benny was heel slim en kon overal heen klimmen. Hij hield van eten en dronk veel water.

Een keer viel Benny een appel in de tuin. Hij dacht: ""Ooh, een appel! Die smaakt lekker!"" Benny at de appel op. Maar hij had geen water gehad dat dag. Hij was heel moe.

Toen ging Benny naar een vriend van hem, een eekhoorn genaamd Eddie. Eddie zei: ""Hoi Benny, hoe was je dag?"" Benny zei: ""Ik ben heel moe. Ik heb geen water gehad."" Eddie zei: ""Kom mee, ik weet een plek waar je water kunt vinden.""

Eddie nam Benny naar een plek waar een beekje stroomde. Benny dronk heel veel water en voelde zich weer beter. Toen bedankte hij Eddie en ging hij slapen."
58,meta-llama/llama-3.1-8b-instruct,6_7,"Ik ken een meisje dat heet Sofie. Zij heeft een konijn. Dat konijn heet Pip. Pip is heel lief, maar hij kan niet praten. Sofie vindt het leuk om met Pip te spelen. Ze geeft hem eten en Pip eet het op. 

Een dag ging Sofie naar de speeltuin. Ze liet Pip thuis. Maar toen ze terugkwam, was Pip verdwenen! Sofie was heel verdrietig. Ze zocht op straat naar Pip, maar hij was weg. 

Toen ze naar huis ging, zag ze een meisje met een konijn in haar armen. Het konijn had een band om zijn nek. Sofie herkende Pip! Ze vroeg het meisje wie dat konijn was, en het meisje zei dat het Pip was. Ze had hem gevonden en had hem gered.

Sofie was heel blij dat ze Pip weer had. Ze nam hem van het meisje over en gaf hem een knuffel. Pip was blij om weer terug te zijn bij Sofie."
59,meta-llama/llama-3.1-8b-instruct,6_7,"Er was eens een konijn genaamd Benny. Hij woonde in een prachtige tuin met een groot park. Benny was heel slim en hij kon super snel rennen. Eén dag vond hij een kaart in de tuin. Hij zag dat er een schat was verborgen in een boom.

Benny ging naar zijn vrienden, een eekhoorn en een vogel. Hij vroeg of ze hem wilden helpen zoeken naar de schat. Ze waren heel enthousiast en samen gingen ze op zoek. Ze klommen de boom in en vonden een klein kistje.

Benny probeerde het kistje open te maken, maar het ging niet. Toen deed hij zijn vrienden om hulp. De eekhoorn had een sterke schaar en de vogel had een sterk zwaard. Het kistje ging open en er zat een brief in. Benny las de brief en hij leek te glimlachen. ""We hebben de schat gevonden!"" riep hij uit."
60,meta-llama/llama-3.1-8b-instruct,6_7,"Er was eens een konijn genaamd Benny. Benny was heel snel. Hij had lange oren en grote ogen. Hij woonde in een hol onder een boom.

Een dag kwam Benny's beste vriend, een vogel genaamd Piet, terug van een lange reis. Piet had een nieuwe vriend meegebracht, een eendje genaamd Esmee.

Esmee was heel slim en kon heel goed zwemmen. Benny was zo blij dat hij Piet en Esmee aan het water liet zien. Maar toen hij terugkwam, zag hij dat Esmee verdwenen was.

Benny en Piet zochten overal naar Esmee. Ze keken in de rivier, in de velden, maar ze zagen haar nergens. Toen hoorden ze een stem. ""Hallo!"" zei een stem. ""Ik ben Esmee!""

Benny en Piet keken omhoog en zeiden: ""Waar ben je?"" ""Ik ben in een boom!"" zei Esmee. ""Ik zat in een nest en ik kon niet meer naar beneden.""

Benny en Piet gingen naar de boom en redden Esmee. Ze waren heel blij dat ze haar weer hadden gevonden. Toen gingen ze samen naar huis en ze aten samen een lekkere maaltijd."
61,meta-llama/llama-3.1-8b-instruct,6_7,"Er was eens een konijn. Hij heette Koning Kees. Koning Kees woonde in een prachtig konijnenhuis. Hij had een grote tuin waar hij kon rennen en spelen.

Koning Kees had een vriend, een eekhoorn genaamd Eiko. Eiko was heel slim. Hij kon eieren uit de mand van de boer schudden en ze voor Koning Kees halen.

Maar de boer was een beetje boos op de dieren. Hij wilde ze niet in zijn tuin zien. Dus besloten Koning Kees en Eiko een plan te maken.

Eiko zou de boer een leuke puzzel geven, zodat hij zijn tuin niet meer zou bewaken. En Koning Kees zou de eieren uit de mand halen.

Het plan werkte! De boer was heel blij met de puzzel en Koning Kees en Eiko kregen alle eieren die ze wilden. Ze waren heel blij en aten een grote hap van alle eieren."
62,meta-llama/llama-3.1-8b-instruct,6_7,"Er was eens een konijn genaamd Benny. Hij woonde in een grote tuin vol met bloemen en molenwiet. Benny hield van spelen en ontdekken. Een dag besloot hij om een nieuw spel te zoeken.

Hij liep over een pad en vond een groß gat. Hij keek erin en zag een tunnel. ""Wow!"" dacht hij. ""Dit is een avontuur!"" Benny ging naar binnen en vond zichzelf in een kleine ruimte.

Hij hoorde geluiden en kwam naar een ander gat. Daar zag hij een vriendelijke eekhoorn. Hij stelde zich voor en zei: ""Hallo, ik ben Benny. Wat ben jij?""

De eekhoorn zei: ""Dag Benny. Ik ben Sven. Ik woon hier. Kom binnen en je kunt spelen met mij.""

Benny en Sven speelden samen en maakten nieuwe vrienden. Ze ontdekten een nieuwe wereld in het gat."
63,meta-llama/llama-3.1-8b-instruct,6_7,"Er was eens een konijn genaamd Benny. Hij was heel snel. Hij kon harder rennen dan iedereen in de bos. Hij woonde in een grote boomwoning met zijn familie. 

Een dag ging hij op onderzoek in het bos. Hij zag een grote, oude vos. De vos keek hem aan en zei: ""Hé, Benny! Waar ga je heen?"" 

Benny zei: ""Ik ga op onderzoek. Ik wil zien wat er in het bos gebeurt."" De vos zei: ""Oké, maar hou je oren open. Er is iets raars aan de hand."" Benny vroeg: ""Wat is er dan?"" En de vos zei: ""Er is een grote, rode appel verdwenen uit de boom."" 

Dan ging Benny terug naar zijn familie en zei: ""Mam, pap, ik heb een vraag voor u. Weet u waar de rode appel is?"" Zijn mama zei: ""Nee, we weten het niet."" Zijn papa zei: ""Maar ik denk dat ik het weet."" Hij ging met Benny en de vos op zoek naar de appel. Na een tijdje vonden ze de appel. Hij was verdwenen in een gat in de grond. 

Benny en zijn familie waren blij dat ze de appel terug hadden. De vos was blij dat hij de appel niet had gegeten."
64,meta-llama/llama-3.1-8b-instruct,6_7,"Er was eens een leeuw, hij heette Leo. Hij woonde in een groot savannegebied met heel veel wilde dieren. Leo was heel sterk en kon heel hard rennen. Hij was de koning van de savanne.

Leo had een vriend, een zebra genaamd Zoe. Ze was heel snel en kon ook heel hard rennen. Ze hadden samen veel avonturen. Eén keer zagen ze een grote olifant met een enorme hoorn op zijn neus. Hij keek heel gevaarlijk uit.

Zoe en Leo besloten om de olifant te vermijden. Maar de olifant zag hen en wilde hen vangen. Hij begon heel hard te rennen. Leo en Zoe renden ook heel hard. Maar de olifant was veel zwaarder dan zij. Hij kon heel hard rennen, maar hij was wel veel zwaarder.

Toen ze bij een grote rots kwamen, besloten Leo en Zoe om de rots in te rennen. De olifant kon niet zo snel in de rots. Daarom konden Leo en Zoe ontsnappen. Ze renden heel hard weg en kwamen nooit meer de olifant tegen."
65,meta-llama/llama-3.1-8b-instruct,6_7,"Er was eens een konijn genaamd Benny. Hij woonde in een prachtig bos vol met bloemen en bomen. Benny was niet gewoon, hij kon vliegen! Ja, je hoort me goed, hij kon vliegen! Hij had een speciale vleugel op zijn rug. 

Benny vloog over het bos en zag een grote waterplas. Hij was zo moe, dus ging hij op het water liggen en dreef. Toen hij dreef, zag hij een grote vis. De vis had een mooie parel in zijn mond. Benny wilde de parel hebben, dus ging hij naar de vis toe. De vis zei: ""Als je me een liedje kan zingen, mag je de parel hebben!"" Benny zei: ""Ja, ik kan een liedje zingen!"" Dus begon hij te zingen: ""Tra-la-la, ik ben een konijn die kan vliegen, tra-la-la, ik vind de parel!""

De vis was onder de indruk en gaf Benny de parel. Benny was zo blij en vloog naar huis. Hij stak de parel in zijn oor en was het gelukkigst konijn in het hele bos!"
66,meta-llama/llama-3.1-8b-instruct,6_7,"Er was eens een beer die heette Bert. Hij woonde in een grote bos. Bert was een beetje een zak, hij kon niet zo goed rennen. Hij liep altijd een beetje wankelend op zijn achterpoten. Maar Bert was erg vriendelijk.

Een dag kwam een jonge vos in het bos. De vos heette Vosje. Vosje had honger en zocht naar eten. Bert zag Vosje en riep: ""Hallo, ik zie dat je honger hebt!"" Vosje keek om en zag Bert. ""Ja, ik heb honger"", zei Vosje.

Bert gaf Vosje een stuk brood. Vosje begon het op te eten. Bert vroeg: ""Wil je met me gezellig rondwandelen?"" Vosje zei: ""Ja, dat is leuk!"" Bert en Vosje wandelden samen door het bos.

Ze leerden elkaar kennen en werden vrienden. Vosje leerde Bert hoe hij beter kon rennen en Bert leerde Vosje hoe hij een mooi boslied kon zingen. Nu zwemmen Bert en Vosje altijd samen. Ze hebben zoveel plezier samen."
67,meta-llama/llama-3.1-8b-instruct,6_7,"Er was eens een prinsesje. Ze heette Sofia en ze woonde in een groot kasteel. Ze had een pony, een witte poes en een konijn. Ze was heel lief en zorgde voor al haar dieren.

Een dag ging Sofia op pad. Ze ging naar de bossen om te spotten. Ze had een grote tas mee met sandwiches en appelgebak. Toen ze door de bossen liep, kwam ze een klein konijn tegen. Het konijn was verdwaald en kon niet terugkomen naar zijn hol.

Sofia pakte het konijn op en zette hem op haar schouder. Ze nam hem mee naar haar kasteel en gaf hem wat eten en water. Toen ze zeker was dat het konijn was uitgegeten, zocht ze het hol van het konijn. Ze bracht hem terug naar zijn hol en zijn moeder was heel dankbaar.

Sofia ging terug naar haar kasteel en at een paar sandwiches. Ze was heel trots op zichzelf dat ze het konijn had kunnen helpen."
68,meta-llama/llama-3.1-8b-instruct,6_7,"Er was eens een prinsesje. Ze heette Prinses Fleur. Ze had bloemkleurige haren. Ze waren zo mooi dat ze altijd glansden. Prinses Fleur had een vriend. Hij heette Bob. Bob was een hondje. Hij was groot en donker. Hij leek net een olifantje als hij zijn staart ophief.

Prinses Fleur en Bob gingen naar het bos. Ze zochten naar het geluk. Ze liepen over een pad van stenen. Ze kwamen bij een meer. Daar vonden ze een bootje. Er zat een oude man in. Hij zei: ""Hallo, kinderen. Ik zal jullie naar de andere kant van het meer brengen.""

Prinses Fleur en Bob stapten in het bootje. De oude man begon te roeien. Ze gingen heel snel. Plotseling voelde Prinses Fleur iets op haar hoofd. Het was een sterke wind. Bob begon te blaffen. De wind werd heel sterk. Het bootje begon om te draaien."
69,meta-llama/llama-3.1-8b-instruct,6_7,"Er was eens een prinses met een paard dat wit als sneeuw was. Ze heette prinses Lieve en woonde in een kasteel met een koekoeksklok die heel hard wekte.

Prinses Lieve hield van paarden en vloog vaak met haar witte paard over het land. Eens kwam ze bij een meer waarin een grote, lelijke draak zat. De draak had een rode tong en likte aan de waterkant.

Prinses Lieve had een idee. Zij smeet een appel naar de draak en toen deze de appel opat, begon hij te verdorren. Eindelijk kon de prinses en haar paard weer naar huis gaan.

Prinses Lieve was heel blij en at een appel om geluk te hebben. Ze wist nog dat ze een appel gesmeet had naar de draak."
70,meta-llama/llama-3.1-8b-instruct,6_7,"Ik ken een hond. Hij heet Max. Max is een leuke hond. Hij is bruin en heeft een witte snuit. Hij is heel lief. Max woont bij mijn tante. Hij is het huisdier van mijn tante.

Een keer, toen mijn tante op de sportzaal was, ging ik naar haar huis. Max was alleen in huis. Hij was heel blij toen hij me zag. Hij kwam naar me toe en begon te spelen. Hij holde rondom mij en gaf me een beetje hap op mijn hand.

Toen ik met mijn tante thuiskwam, zei ze: ""Max, wat heb je gedaan?"" En Max begon te blaffen, alsof hij zei: ""Ja, ik ben een leuke hond!"" Mijn tante lachte en gaf hem een knuffel. Ik lachte ook en gaf hem een knuffel. Max was heel blij."
71,meta-llama/llama-3.1-8b-instruct,6_7,"Er was eens een leeuwin. Ze was heel snel en had een prachtig geel en wit vacht. Ze woonde in de savanne met haar twee kleine leeuwtjes. De leeuwin ging op jacht, maar niet voor een wild dier. Ze ging op zoek naar voedsel voor haar leeuwtjes. Ze vond een enorme haag appelbomen. De leeuwin at zelf ook een appel, want appel is lekker. Toen ze een appel at, viel er wat appelschil op de grond. De leeuwtjes wilden ook appelschil. Ze aten de schil op. Toen ze klaar waren, liepen ze terug naar hun hol. De leeuwin zong een liedje terwijl ze liep. 'Mijn leeuwtjes zijn zo leuk. Ze eten appelschil. Ik ben de mooiste leeuwin.'"
72,meta-llama/llama-3.1-8b-instruct,6_7,"Ik woonde bij mijn opa. Hij heeft een hond genaamd Max. Max is zo leuk! Hij is een golden retriever en hij is zo zacht. Mijn opa zegt dat Max zijn beste vriend is. Max houdt van spelen, maar hij houdt het liefste van zwemmen. Hij kan zelfs springen uit het water. Het is zo leuk om ernaar te kijken.

Een keer ging ik met mijn opa naar het strand. Hij stelde me voor om Max mee te nemen. Toen we daar waren, liet mijn opa hem los en Max ging meteen zwemmen. Hij rende naar het water en sprong er zo in. Het was zo leuk om hem te zien. Mijn opa lachte en ik lachte ook.

Toen Max uit het water kwam, was hij helemaal droog. Mijn opa gaf hem een koekje en hij kreeg er een klauwvol op. Hij is zo lief."
73,meta-llama/llama-3.1-8b-instruct,6_7,"Ik ken een eend. Ze was heel snel en kon heel goed zwemmen. Ze heette Eline. Eline had een klein broertje, een jonge eend met een rode snavel. Dat heette niet zo'n naam, maar ik vergeet die nu.

Eline en haar broertje woonden bij een meer. 's Middags speelden ze samen op het water. Eline was een echte leider. Ze wees haar broertje de beste plekken om te eten en te slapen. Eline en haar broertje waren heel goede vrienden.

Een dag gingen ze op avontuur. Ze liepen helemaal rond het meer en ontdekten nieuwe plekken. Ze zagen een vis in het water en probeerden hem te vangen. Maar de vis was te vlug voor hen. Eline en haar broertje gingen lachen en gingen lekker zwemmen.

Toen ze terug waren bij hun nest, waren ze heel moe. Ze gingen slapen en droomden van hun avontuur. Eline en haar broertje waren heel gelukkig."
74,meta-llama/llama-3.1-8b-instruct,6_7,"Er was eens een jonge vos, hij heette Felix. Felix was erg slim en hij kon heel goed klimmen. Hij woonde in een bos met zijn familie. Hij had een zusje, Luna, die ook erg slim was.

Een keer ging Luna op avontuur in het bos. Ze vond een schat, een geld tas. Maar ze had geen idee hoe ze hem moest openen. Felix zag haar en vroeg wat ze deed. Luna toonde hem de tas en zei dat het een schat was.

Felix keek er naar en zei: ""Ik weet niet hoe we hem openen, maar ik denk dat ik erachter kom."" Felix begon te puzzelen en na een paar minuten had hij de tas open. Er zaten vrouwenringen in en een briefje. Felix las de briefje en zei: ""Luna, dit is niet van ons. Dit is van een oude vos. Hij had een kind en wilde hem iets speciaals geven.""

Luna en Felix besloten om de ringen in te wisselen voor chocolade en op te eten."
75,meta-llama/llama-3.1-8b-instruct,6_7,"Er was eens een zwaan. Die naam was Sjaan. Sjaan woonde in een prachtig park net bij ons vandaag. Ze had een prachtige witte vleugel en een rood neusje.

Sjaan ging elke dag zwemmen in het meer. Ze vond het echt super leuk. Ze zwom heel snel en kon heel ver. Maar Sjaan had een probleem. Ze kon niet uit het water springen als ze wilde.

Maar vandaag was het een bijzondere dag. Er was een grote storm. De wind was heel sterk en de regen viel overal neer. Sjaan was bang. Ze wilde niet in het water blijven. Maar ze wist niet hoe ze moest uit het water springen.

Toen zag Sjaan een klein eendje. Dat eendje zei ""Sjaan, ik kan je helpen!"" En toen liet het eendje Sjaan zien hoe ze uit het water moest springen. Sjaan was heel dankbaar. Ze was heel blij en ze kon eindelijk uit het water springen."
76,meta-llama/llama-3.1-8b-instruct,6_7,"Er was een keer een prinses met een hond genaamd Max. Max was heel snel en kon overal rennen. De prinses was heel lief en gaf Max altijd lekkers.

Een keer waren de prinses en Max in het bos. Ze zochten naar een koningin die erg ziek was. Max vond een boskaart en daarmee kon hij naar het paleis lopen. De prinses en Max liepen heel hard en renden zelfs over het dak van een gebouw.

Bij het paleis aangekomen, vonden ze de prinses die hun was komen helpen. Ze was heel blij dat Max en de andere prinses haar hadden geholpen. De prinses beloofde Max nog meer lekkers en de hond werd heel blij. Nu zijn de prinses en Max dikke vrienden en gaan ze samen op avontuur."
77,meta-llama/llama-3.1-8b-instruct,6_7,"Er was één keer een paard. Hij heette Max en hij was super snel. Max woonde bij een boerderij en hij moest altijd hard rennen om de boer op tijd te helpen. Hij moest vooral hard rennen als de boer naar de markt ging.

Ik woonde bij de boerderij en ik zag Max altijd rennen. Eén keer deed ik hem een praatje. ""Hallo Max, je bent zo snel!"" zei ik. Hij knikte met zijn hoofd. Daarna ging ik naar binnen voor het ontbijt.

Een dag later moest de boer naar de markt. Max moest hem helpen. ""Rennen, Max! Rennen!"" riep de boer. Max reed zo hard dat ik hem bijna niet kon zien! Toen ze terugkwamen had Max een dikke zweetband om zijn hals. ""Hoe was het?"" vroeg ik. De boer zei: ""Max was zo snel dat we heel snel terug waren!"""
78,meta-llama/llama-3.1-8b-instruct,6_7,"Hij had een hondje. Dat hondje was heel snel. Hij kwam uit een stad en hij ging naar het bos. Daar zochten ze naar een beestje. Zijn hondje rook het en hij bleef staan. Toen hij keek, zag hij een beestje in een hol. Hij noemde zijn hondje Max. Max jankte en hij wilde erheen. Hij zei ""Max, wacht!"" maar Max ging toch door. Hij kreeg een stomp in zijn been en hij viel op de grond. Toen hij opstond, zag hij een mooie ring op de grond. Het was een gouden ring. Hij nam hem en hij ging terug naar zijn huis. Daar was zijn moeder. Hij gaf haar de ring en zei ""Moeder, ik vond dit!"" Ze was blij en zei ""O, dat is mooi!"" Hij ging terug naar de school en hij vertelde het aan zijn vrienden. Ze waren allemaal jaloers."
79,meta-llama/llama-3.1-8b-instruct,6_7,"Een keer was ik bij mijn vader in het bos. Hij zocht naar paddenstoelen. Ik mocht mee. We gingen een heel eind het bos in. Het was heel donker en mijn vader had een zaklamp aan. 

Op een bepaalde plek stond een heel grote paddenstoel. Hij was echt heel groot. Ik dacht dat hij een koningin was. Mijn vader zei dat hij niet eetbaar was. 

Toen we verder gingen, hoorde ik een geluid. Ik keek om me heen. Ik zag een konijn. Hij was klein en hij had grote oren. Hij keek naar ons. Mijn vader zei dat hij moest weggaan. De konijn ging weglopen. 

Mijn vader zei dat we nu moesten terug naar huis. Ik was een beetje moe. We gingen terug. Toen we thuis waren, aten we een hapje. Ik vroeg aan mijn vader of hij de paddenstoelen had gevonden. Hij zei dat hij er nog niet genoeg had gevonden."
80,meta-llama/llama-3.1-8b-instruct,6_7,"Zo, ik weet een leuk verhaal. Er was eens een konijn met een korte staart genaamd Fluffy. Hij was erg slim en had een rode muts op. Fluffy woonde in een prachtige tuin met veel bloemen en een groot zwembad.

Een dag ging Fluffy naar de tuin, hij zag een klein ei liggen. Hij dacht dat het ei uit een vogel kwam en nam het mee naar zijn huis. Hij zette het ei in een bakje met water en wachtte tot het ei uitkwam.

Na een paar dagen kwam er een klein beertje uit het ei. Fluffy was erg blij en noemde het beertje Bert. Bert was erg lief en had een kleine neus. Fluffy en Bert werden beste vrienden en speelden samen in de tuin.

Maar toen kwam er een grote hond de tuin in. Hij was erg groot en heel sterk. Hij wilde Bert eten. Maar Fluffy was snel en duwde Bert onder een grote bak. De hond kon niet onder de bak en Bert was veilig. Fluffy was heel blij en zei: ""Het is goed dat Bert veilig is!"""
81,meta-llama/llama-3.1-8b-instruct,6_7,Hij had een konijntje. Het was wit en ziek. Hij kon er niet aan denken om het konijntje weg te geven. Zijn vriendinnetje vond het ook niet leuk. Hij had hem in zijn tuin gekocht. Hij had hem gezien bij de kruidenier. Die had hem verkocht voor een euro. Hij had hem naar huis genomen. Sindsdien had hij de konijntje in zijn kast gelegd. Hij had hem eten gegeven. Hij had hem water gegeven. Maar hij was nog steeds ziek. Hij had hem naar de dierenarts gebracht. Die had gezegd dat hij moest opschonen. Maar hij wist niet hoe. Hij wilde hem gezond zien spelen.
82,meta-llama/llama-3.1-8b-instruct,6_7,"Er was eens een konijn. Hij was super snel en hij kon overal heen. Hij had een vriend, een eekhoorn. Die kon ook klimmen en hij was super sterk.

Ze waren altijd samen op avontuur. Eén keer zochten ze naar een mooie plek om te picknicken. Ze liepen langs een rivier en ze zagen een vis. Die vis kon praten! Hij zei: ""Hé, waarom gaan jullie dan niet met me mee? Ik ken een plek waar jullie een lekkere maaltijd kunnen krijgen.""

De konijn en de eekhoorn gingen met de vis mee. Ze kwamen bij een lekkere plek met veel groente en fruit. Ze aten zich vol en hadden een leuke tijd.

Toen ze klaar waren, zei de vis: ""Dank je wel dat jullie mee zijn gegaan. Je bent mijn beste vrienden."" De konijn en de eekhoorn zeiden ""Graag gedaan!"" en gingen weer terug naar huis."
83,meta-llama/llama-3.1-8b-instruct,6_7,"Er was eens een prinses die een prachtige witte kat had. Ze heette Sneeuw. Sneeuw was super slim en kon zelfs deuren openen en dichtdoen. De prinses was heel lief voor Sneeuw en gaf haar altijd vis te eten.

Een keer ging de prinses en Sneeuw naar het bos. Ze zochten naar de mooiste bloemen om in de tuin te zetten. Toen ze door het bos liepen, zagen ze een kleine vogel. Hij was uit zijn nest gevallen en kon niet meer naar boven. De prinses en Sneeuw hebben hem opgevangen en water gegeven tot hij beter werd. Toen hij kon vliegen, nam hij afscheid en vloog weg. De prinses en Sneeuw waren heel blij dat ze hem hadden kunnen helpen.

Toen gingen ze naar huis en gaven ze Sneeuw nog wat vis te eten. De prinses wist dat Sneeuw heel bijzonder was en dat ze altijd goed voor haar moesten zorgen."
84,meta-llama/llama-3.1-8b-instruct,6_7,"Er was eens een prinses met een prachtig paard. Ze heette Prinses Sophie en ze woonde in een kasteel aan de rand van een groot bos. Haar paard heette Zwartje en het was het snelste paard van heel het land.

Prinses Sophie hield van Zwartje en reden ze samen door het bos. Toen plotseling hoorden ze een geluid. ""O, wat is dat?"" vroeg Prinses Sophie aan Zwartje. ""Ik weet niet"", zei Zwartje. ""Maar we gaan het wel zien!""

Prinses Sophie en Zwartje reden verder en toen zagen ze een klein hondje. Het hondje zat vast aan een boom. ""Hé, Zwartje! Die hondje zit vast!"" Zei Prinses Sophie. ""We moeten hem helpen!""

Ze reden naar het hondje en Prinses Sophie pakte hem op. ""Je bent vrij!"", zei ze. Het hondje kwam los en begon te blaffen en te springen. ""Dank je wel, Prinses Sophie!"", zei het hondje. ""Ik word je vriendje!"""
85,meta-llama/llama-3.1-8b-instruct,6_7,"Ik ken een hond. Die hond heet Max. Max is een leuke hond. Hij is bruin. Hij heeft een lange vacht. Hij kan heel hard rennen. Hij heeft een vriend. Die vriend heet Ben.

Ben en Max zijn altijd samen. Ze spelen in het park. Ze rennen door het gras. Ze springen over een hek. Max kan heel hoog springen.

Ben heeft een bal. Die bal is rood. Max houdt de bal vast in zijn bek. Ben roept: ""Max, los!"" Max laat de bal vallen. Ben pakt de bal op.

Ze spelen nog een tijdje. Dan gaan ze naar huis. Ben zegt: ""Tot morgen, Max!"" Max blaft terug. Hij is blij om morgen weer te spelen."
86,meta-llama/llama-3.1-8b-instruct,6_7,"Er was eens een konijn dat heette Fluffy. Fluffy was heel snel en hij kon overal heen. Hij woonde in een grote bos met veel andere dieren.

Een dag ging Fluffy op avontuur. Hij liep door het bos en ontdekte een klein pad. Hij liep het pad op en kwam in een prachtig veld vol bloemen. Daar zat een meeuw die zei: ""Hoi Fluffy, kom hier even kijken!""

Fluffy keek omhoog en zag dat de meeuw een juweel had gevonden. Het juweel glinsterde in het zonlicht. Fluffy was erg onder de indruk en zei: ""Wow, dat is echt prachtig!""

De meeuw zei: ""Ja, ik vond het in het veld. Ik wil het wel met je delen als je met me wilt spelen."" Fluffy was heel blij en hij speelde met de meeuw tot de zon onder ging. Toen ging Fluffy terug naar zijn hol en liet hem het juweel zien aan zijn vriendjes."
87,meta-llama/llama-3.1-8b-instruct,6_7,"Ik ken een hond. Hij heet Max. Max is een grote golden retriever. Hij is heel lief.

Max woont bij een vriend van mijn vader. Hij woont in een grote tuin met een groot zwembad. Max houdt van zwemmen. Hij kan heel hard zwemmen.

Eén dag ging mijn vader met zijn vriend naar het zwembad. Max ging mee. Hij was heel blij. Hij rende altijd voor de auto uit.

Toen ze bij het zwembad aankwamen, rende Max naar het water. Hij sprong in het water en begon te zwemmen. Hij was heel snel.

Hij zwom naar de andere kant van het zwembad en kwam uit het water. Hij droop af en ging liggen. Hij was heel moe. Mijn vader zei dat hij een goede zwemmer was."
88,meta-llama/llama-3.1-8b-instruct,6_7,"Er was eens een leuke eend genaamd Eddie. Hij woonde in een grote moerassige plek met heel veel water en gras. Eddie hield heel veel van het water, want hij kon er goed in zwemmen. Hij had een grote broer genaamd Eddy en hij was net zo lief als hij. Eddy ging vaak met Eddie op avontuur door het moeras.

Een keer gingen ze op zoek naar een schuilhuis. Ze liepen door het water en kwamen bij een oude boom. Daar zat een gat in de boomstam. Ze keken elkaar aan en dachten allebei: ""Wow, is dit een mooi schuilhuis!"" Eddy stapte eerst in het gat en toen Eddie ook naar binnen ging, bleef het water in de boomstam zitten. Ze durfden niet meer naar buiten en schreeuwden om hulp.

Ik weet een jongen die schrok zo van het schreeuwen van Eddie en Eddy, dat hij naar de man van zijn vader ging en zeiden: ""Papa, de eenden schreeuwen zo hard in de boomstam, kan je ze helpen?"" De vader van de jongen ging naar buiten en zei: ""Hé jongens, wat is er aan de hand?"" Eddie en Eddy vertelden hem dat ze niet meer uit de boomstam konden komen. De vader van de jongen ging terug naar zijn kind en zei: ""Ga jij maar even naar je moeder en zeg haar dat ik naar de eenden ga."" De vader van de jongen ging naar Eddie en Eddy en zei: ""Ik ga gauw terug naar de grond, als ik me over de boomstam heen buig, kun je makkelijk naar buiten!"" En zo ging het."
89,meta-llama/llama-3.1-8b-instruct,6_7,"Er was eens een hond genaamd Bakker. Hij was heel snel en had een donkerbruine vacht. Bakker woonde bij een meisje genaamd Sophie. 

Sophie gaf Bakker een ballen om te spelen. Bakker liep naar buiten en rende om de hoek. Hij kwam terug en gooide de bal naar Sophie. Maar toen Sophie de bal wilde pakken, gooide Bakker hem nog een keer. 

Sophie riep naar haar vader. Hij kwam naar buiten en lachte. ""Bakker is heel snel!"" zei hij. Sophie en haar vader speelden met Bakker totdat de zon onder ging. Toen gingen ze naar binnen. Bakker ging slapen. Hij sliep heel lekker en had een fijne dag."
90,meta-llama/llama-3.1-8b-instruct,6_7,"Er was eens een hond genaamd Max. Hij was heel snel en kon overal heen rennen. Max was een hond van een postbode en hij moest altijd mee om de post te bezorgen.

De postbode moest elke dag naar een heel moeilijk te bereiken huis. Dat huis stond aan de top van een berg en je moest een heel smal pad op om er te komen. Max was heel bang om die pad op te rennen, want hij was bang dat hij zou vallen.

Maar de postbode zei: ""Kom op Max, we moeten naar boven!"" Max keek zijn postbode aan en hij besloot om te doen wat hij zei. Hij ging voor de postbode uit en hij rende heel snel naar boven. Bijna kwamen we aan bij het huis, toen Max opeens vloog. Hij viel voorover en zijn poot ging pijnlijk pijn doen.

De postbode zei oei, Max! Maar Max sprong direct weer op en hij ging verder. We kwamen bij het huis en de postbode gaf de brieven af. Max kreeg een knuffel van de bewoner en hij ging weer terug naar beneden. Max was heel trots op zichzelf, hij had het bergpad overleefd!"
91,meta-llama/llama-3.1-8b-instruct,6_7,"Er was eens een eend die een prachtige roze jurk had. Ze heette Fleur en ze woonde in een klein meer. Fleur was heel lief en ze hield van dansen op de waterval. Ze had een beste vriend, een ganzenkop genaamd Gaston. Gaston was heel sterk en hij kon heel hard zwemmen.

Een dag ging Fleur met Gaston naar de stad. Ze zagen daar prachtige bloemen en Gantos hield van die bloemen. Hij wilde de bloemen voor Fleur hebben, maar Fleur zei: ""Nee, Gaston, ik wil ze niet. Ik wil wel een mooie roze bloem voor je."" En ze gaf hem een mooie roze bloem. Gaston was heel blij en hij gaf Fleur een kus. En zo waren ze heel gelukkig."
92,meta-llama/llama-3.1-8b-instruct,6_7,"Ik had gisteren een super leuk avontuur! Mijn vriendje Sander en ik waren bij zijn tante. Die woont in een grote boerderij met heel veel dieren. We hebben een hond, een kat en een kip. En mijn god, de kip is zo gek! Die liegt altijd! Ha ha ha.

Toen we bij Sander's tante waren, zijn we naar de stal gegaan. Daar zitten de paarden. Die waren zo mooi! Ze zijn zo groot en hebben zo lang gladde manen. Sander's tante zei dat we het paard mochten aaien. Dus hebben we dat gedaan. En toen... toen begon het paard te knabbelen aan mijn jurk! Mijn god, ik was zo bang! Maar Sander's tante zei dat het paard maar deed alsof, dat het geen pijn deed. Ha ha ha.

Na de stal zijn we naar de kippenhok gegaan. Daar zitten de kippen die eieren leggen. Sander's tante zei dat we de kippen mochten voeren. Dus hebben we dat gedaan. En toen... toen kwam de gekste kip tevoorschijn! Die liep constant rondjes om ons heen en geeuwde zo hard! Ha ha ha. Sander en ik waren zo blij dat we die kip mochten voeren. Dat was echt het leukste!"
93,meta-llama/llama-3.1-8b-instruct,6_7,"Een keer ging ik met mijn vriendin Lonneke naar de dierentuin. Dat was zo leuk! We moesten een heel eind lopen, maar toen zagen we de olifanten. Die waren zo groot! Lonneke en ik, we schreeuwden allebei: ""Olifant! Olifant!"" En die olifanten, ze keken naar ons. Ik dacht dat ze ons konden horen.

Dan zagen we de leeuwen. Die waren zo gespierd! Ze liepen rond in hun keet. We waren bang, maar we durfden ook niet weg te lopen. Lonneke fluisterde: ""Kijk, kijk! Ze spelen."" En ze waren dat ook, ze speelden. Die leeuwen, ze waren echt leuke dieren.

Toen zagen we de giraffen. Die waren zo lang! Ze konden zo hoog reiken. Lonneke wilde een appel aan een giraf geven, maar die giraf, hij at de appel zelf op. Lonneke deed dat niet aan. Zij deed wat ik deed: we aten een appel van de appelstand. Die appelstand, die was zo lekkere."
94,meta-llama/llama-3.1-8b-instruct,6_7,"Er was eens een kabouter. Hij woonde in een klein houten huis bij de grote boom. De kabouter heette Klaasje en hij was erg lief. Hij had een rode neus en blauwe ogen. Klaasje hield van snoepjes en hij had een hele grote leren zak vol snoepjes.

's Ochtends ging Klaasje naar zijn werk. Hij werkte in de tuin van de grote boom. Hij zorgde ervoor dat alle bloemen mooi groeiden en dat alle bladeren groen waren. Klaasje was erg goed in zijn werk en de grote boom was erg trots op hem.

's Avonds ging Klaasje terug naar zijn huis. Hij at een klein hapje en daarna ging hij slapen. De grote boom zei altijd tegen Klaasje: ""Dank je wel, Klaasje! Je bent een heel goede kabouter!"" En Klaasje zei: ""Graag gedaan, grote boom! Ik hou van je!"""
95,meta-llama/llama-3.1-8b-instruct,6_7,"Er was eens een konijn genaamd Benny. Hij was super snel en had een fantastisch lange staart. Benny woonde in een mooie tuin vol bloemen en groente. Hij was de beste vriend van een hond genaamd Max.

Een dag ging Benny en Max op avontuur. Ze ontdekten een geheime tuin achter een dikke heg. Daar vonden ze een klein, verlaten hokje. Benny en Max besloten dat hokje te hermeten. Ze zochten naar plukjes gras en takjes om het hokje warm en veilig te maken.

Maar toen ze terug naar hun eigen tuin gingen, werden ze gezien door de tuinman. Hij was wat boos en zei: ""Wat doen jullie in die tuin?"" Benny en Max zeiden dat ze gewoon een beetje speelden. De tuinman lachte en zei: ""Nou, jullie hebben een leuk hokje gebouwd. Mag ik kijken?""

Benny en Max waren heel blij dat de tuinman hen niet verder lastig viel. Ze gingen terug naar hun hokje en maakten het meteen zorgvuldig schoon. En vanaf die dag werd het hokje hun eigen speeltuin."
96,meta-llama/llama-3.1-8b-instruct,6_7,"Er was eens een prinses die heette Sophia. Zij woonde in een groot kasteel met haar moeder, de koningin. Sophia had een hondje, een witte poedel, genaamd Max. Sophia en Max liepen vaak in de bossen rondom het kasteel. Ze vonden er allemaal leuke dingen, zoals bloemen en stokken. 

Een keer zagen ze een oude vrouw die in een klein hutje woonde. Sophia vroeg aan de oude vrouw: ""Hoe gaat het met jou?"" De oude vrouw zei: ""Ik ben een tovenares. Ik kan dingen doen die niemand anders kan."" Sophia was heel nieuwsgierig. Ze vroeg aan de tovenares: ""Kan je mijn hondje de vliegende hond maken?"" De tovenares lachte en zei: ""Ja, dat kan ik doen."" 

De tovenares deed een ritueel en zei: ""Vlieg, Max!"" En Max kon werkelijk vliegen! Sophia was super blij!"
97,meta-llama/llama-3.1-8b-instruct,6_7,"Er was eens een hondje, hij heette Max. Max was echt supersnel. Hij kon harder rennen dan ik en jij samen. Hij had een zwarte vacht en een witte snuit. Hij leek op een bergschaap.

Max woonde bij een meisje, dat genoemd werd Lotte. Lotte had een tortelduif en Max had het heel erg zin om dat duifje te pakken. Hij was echt boos als Lotte hem niet liet met haar duifje spelen.

Een keer, toen Lotte niet thuis was, ging Max toch met de duifje spelen. Maar toen zag hij een klein jonkie hondje. Dat jonkie hondje was van een meisje dat woonde heel ver weg. Ze heette Femke en ze was echt heel erg verdwaald. Max en het jonkie hondje werden goede vrienden."
98,meta-llama/llama-3.1-8b-instruct,6_7,"Er was eens een hondje genaamd Max. Hij was heel snel en had een heel lange neus. Max woonde bij een klein meisje genaamd Emma. Emma was heel lief naar Max en nam hem altijd mee naar het park.

Een keer ging Emma en Max naar het park. Het was een zonnige dag en er vlogen veel vogels om Max' hoofd heen. Max was heel opgewonden en begon te rennen naar een vogel. De vogel vloog weg en Max rende nog harder. Hij sprong over een stoeprand en voelde zich heel vrolijk.

Toen Max terugkwam bij Emma, was hij heel moe. Emma gaf hem een knuffel en zei: ""Max, je bent zo snel!"" Max keek naar Emma en begon te blaffen, alsof hij zei: ""Ja, ik ben super snel!"""
99,meta-llama/llama-3.1-8b-instruct,6_7,"Er woonde een jongetje dat heel veel hondjes had. Zijn naam was Jan, maar hij had geen honden. Hij had veel, heel veel hondjes. Hij had hondjes in zijn keuken, op zijn bank, zelfs in zijn bed.

Jan had een grote vriend, hij was ook een jongetje. Hij heette Sjors. Sjors was heel lief, maar hij was heel erg bang voor hondjes. 

Een dag ging Sjors naar Jans huis en hij zag: hondjes overal! Jan zei ""Hé, Sjors! Wil je een hondje?"" Sjors schrok en zei: ""Nee, ik wil geen hondje!"" En toen vluchtte Sjors naar buiten.

Jan ging hem achterna en riep: ""Sjors, waarom loop je weg? Ik wil je een hondje geven!"" Sjors zei: ""Nee, Jan, ik ben bang voor je hondjes!"" Jan lachte en zei: ""Je hoeft niet bang te zijn! Mijn hondjes zijn heel lief."" En toen gaf Jan Sjors een hondje. 

Sjors nam het hondje aan en hij werd niet bang. Jan en Sjors gingen met het hondje spelen en het was een hoop plezier."
100,meta-llama/llama-3.1-8b-instruct,7_8,"Er was eens een hondje genaamd Max. Hij was een rood-wit hondje en hij was heel lief. Max woonde bij een meisje genaamd Sophie. Sophie was heel lief naar Max. Ze gaf hem altijd veel aandacht en speelde met hem in de tuin.

Maar Max had een geheim. Bijna elke avond ging hij naar de achterdeur uit. Dan ging hij naar de buurman, een oude man genaamd Opa Jan. Opa Jan had altijd lekkere koekjes voor Max. Max en Opa Jan waren de beste vrienden.

Sophie had geen idee van Max' geheim. Tot een dag dat ze Max betrapt had bij Opa Jans huis. Ze zag hem met Opa Jan lachen en een koekje eten. Sophie was eerst boos, maar toen zag ze hoe gelukkig Max was. En daarna was ze ook gelukkig voor Max en Opa Jan. Nu mag Max elke avond bij Opa Jan gaan, en Sophie geeft haar zin aan Max."
101,meta-llama/llama-3.1-8b-instruct,7_8,"Er was eens een hond genaamd Max. Hij was een leuke hond, hij was bruin en had lange oren. Max had een beste vriend en die vriend heette Ben. Ben was een klein jongetje van mijn klas.

Een dag gingen Max en Ben op avontuur door het park. Ze liepen over het zandpad en keken naar de vogels in de boom. Ze liepen zo ver dat ze bij een meer kwamen. Ben wilde graag een bootje varen en Max ging met hem mee.

Toen ze in het bootje zaten, ging het bootje opeens snel door het water. Ze gingen zo snel dat ze bijna uit het bootje vielen. Ben en Max schreeuwden allebei van angst. Maar Max had een goed idee en hij begon te blaffen. Toen hij blafte, ging het bootje langzamer varen.

Ben was heel dankbaar en hij gaf Max een appel. Max was zo blij en hij at de appel op in één hap. En toen waren ze zo tevreden dat ze nog eens lekker wandelden door het park."
102,meta-llama/llama-3.1-8b-instruct,7_8,"Mijn vriendin Emma had een teef genaamd Luna. Luna was een kei om te jagen. Ze had een heel donker vachtje en haar ogen waren goudkleurig. Emma en ik gingen vaak met Luna op stap. We liepen in de bossen en zochten naar konijnen.

Een keer waren we op stap en we zagen een konijn. Luna zag het ook en rende erheen. Ze was heel snel en had haar oren plat. Ik rende ook, maar ik kon niet zo snel rennen als Luna. De konijn vluchtte weg en Luna was heel blij. Ze kwam terug met een klein stukje gras in haar bek. Emma zei dat Luna een echte jager was.

Toen we terug waren, gaf Emma Luna een koekje. Luna likte het koekje op en was heel tevreden. Ik vond het leuk om met Luna op stap te gaan. Ze was een geweldige hond en ik hield van haar."
103,meta-llama/llama-3.1-8b-instruct,7_8,"Er was eens een konijntje dat heette Benny. Hij woonde in een prachtig veld met veel bloemen en grassen. Benny was heel slim en hij kon heel hard lopen. 

Een keer kwam hij een vriend tegen, een vogeltje dat heette Sjoukje. Sjoukje was heel lief en ze kon heel vrolijk zingen. Ze zongen samen een liedje en alle vogels van het veld kwamen om te luisteren. 

Toen kwam de vraag: wie weet een geheim plek? De vogels zochten heel lang en toen vonden ze een prachtig meer. Het meer was zo blauw en er waren veel waterlelie's. Benny en Sjoukje besloten om het meer geheim te houden voor de rest van het veld. 

Maar een dag kwam een stiekeme vos naar het meer. Hij wilde er naar kijken en toen zag Benny hem. Hij schreeuwde tegen Sjoukje en ze renden allebei weg. De vos ging verder zoeken. 

Maar Benny en Sjoukje wisten het geheim nog. En als je heel hard naar het meer kijkt, kun je ze nog steeds zien."
104,meta-llama/llama-3.1-8b-instruct,7_8,"Er was eens een konijn. Hij heette Benny en hij woonde in een grote tuin. Benny was super snel, hij kon overal heen rennen. Hij had zelfs een eigen route door de tuin. Hij liep door de bloemen, langs de beek en over de brug.

Een keer zag Benny een glimmende schakel op de grond liggen. Hij pikte hem op en wilde hem in zijn bakje doen. Maar toen hij terug ging, had hij een idee. Hij legde de schakel in de beek. De stroming van het water deed de schakel naar voren en naar achteren bewegen.

Benny was erg blij en rende naar zijn vriendje, een eekhoorn. ""Kom snel kijken!"" riep hij. Zijn vriendje kwam aan en ze keken naar de schakel. Toen ze naar huis gingen, zagen ze dat de schakel een vrolijke dans deed. Vanaf die dag noemden ze de beek 'de dansbeek'."
105,meta-llama/llama-3.1-8b-instruct,7_8,"Er was een konijn met een rode muts. Hij heette Benny. Ik ken hem niet echt, ik weet het van mijn neefje. Zijn neefje kent hem van zijn vriendje, die over Benny praat. Benny was heel knap. Hij had grote oren en een witte staart. Hij kon heel snel lopen.

Een dag ging Benny op avontuur. Hij liep door het bos en kwam bij een meer. Daar zag hij een andere konijn. Die konijn was groen. Hij heette Grunty. Benny en Grunty werden vrienden. Samen gingen ze op zoek naar eetbaar. Ze vonden veel appels en nieuwe bladeren.

's Avonds gingen ze terug naar hun hol. Ze praatten over hun dag. Benny was blij met zijn nieuwe vriend. Grunty was blij met Benny. Ze slapen goed en dromen van meer avonturen."
106,meta-llama/llama-3.1-8b-instruct,7_8,"Er was eens een vos. Hij heette Vosje. Vosje was heel slim en hij was erg snel. Hij kon heel ver lopen in een korte tijd. Vosje woonde in een bos. Hij had een vriend, een eekhoorn. De eekhoorn heette Eeki. Eeki was erg slim ook. Hij kon alle goede plekken vinden om eten te vinden.

Een keer was Vosje en Eeki hongerig. Ze wilden eten. Ze zochten naar een plek om te eten. Ze kwamen bij een rivier. Daar vonden ze vis. Vosje was erg blij, want hij hield van vis. Eeki was blij ook, want hij hield van vis. Ze aten de vis op. Ze waren heel tevreden.

Vosje en Eeki waren goede vrienden. Ze zaten bij elkaar als ze hongerig waren. Ze vonden altijd eten. Ze waren heel slim."
107,meta-llama/llama-3.1-8b-instruct,7_8,"Er was een keer een prinsesje. Die prinsesje had een hond. Dat hondje heette Max. Max was een heel lief hondje. Het was een golden retriever.

Die prinsesje ging vaak met Max de bos in. Ze liepen langs de rivier en zochten naar dieren. Max vond altijd wat, een vogeltje of een eendje.

Een keer vond Max een prachtig juweel. Dat juweel glom in het zonlicht. De prinsesje was erg blij. Zij nam het juweel mee naar huis.

Maar toen ze thuiskwam zei haar moeder, ""Waar komt dit juweel vandaan?"" De prinsesje zei, ""Max vond het in de bos."" Maar toen ze Max vroeg, ""Hoe heb je dit juweel gevonden?"" Max blafte alleen maar.

De prinsesje en haar moeder gingen dan naar de koning. Die koning zei, ""Dit juweel is van mij!"" En hij nam het juweel weg van de prinsesje. De prinsesje was erg verdrietig.

Maar Max was nog niet klaar. Hij blafte hard en ging met de prinsesje naar de rivier. Daar vonden ze een oude boot. Ze pakten een touw en roeiden naar de andere kant van de rivier.

Toen waren ze bij de koning. Die koning was erg verbaasd. Hij zei, ""Hoe bent u hier gekomen?"" De prinsesje zei, ""Max heeft me geholpen."" En toen gaf de koning haar het juweel terug. De prinsesje was erg blij. Ze knuffelde Max en zei, ""Dank je wel, Max!"""
108,meta-llama/llama-3.1-8b-instruct,7_8,"Er was eens een prinses die in een kasteel woonde. Ze heette Sophia en ze was super lief. Sophia had een hondje en dat hondje heette Max. Max was heel slim en hij kon zelfs trucs doen.

Sophia en Max gingen elke dag naar het park om te spelen. Daar leerden ze nieuwe dingen en maakten ze nieuwe vrienden. Maar dan ging er een dag voorbij waarop Sophia niet naar het park kon. Haar moeder zei dat ze een ziekte had.

Sophia was heel verdrietig en Max ook. Ze wilden niet dat Sophia ziek was. Maar dan gebeurde er iets moois. Max ging op zoek naar een heel speciale plant. Hij had die plant al eerder gezien, maar hij wist niet wat die was. Hij rook rond en vond de plant. Hij bracht hem naar Sophia en toen ze hem at, voelde ze zich beter.

Sophia was heel dankbaar voor Max, want zonder hem was ze nog steeds ziek geweest. Ze beloofde hem dat ze hem altijd zou liefhebben. En Max beloofde haar dat hij altijd voor haar zou zorgen."
109,meta-llama/llama-3.1-8b-instruct,7_8,"Er was eens een hond met een rood haar. Hij heette Rufus. Rufus was heel slim. Hij kon zoeken naar de sleutel die ik had verloren. Hij vond hem in de keuken. De moeder van mijn vriend was heel blij. Ze gaf Rufus een stuk brood.

Rufus was heel blij en hij ging met mijn vriend naar het park. Daar speelden we met de bal. Rufus was heel snel en hij ving de bal. Ik was heel blij en ik gaf hem een knuffel. Toen ging Rufus naar huis.

De volgende dag ging Rufus naar het strand. Hij moest met mijn vader zwemmen. Rufus was heel vrolijk en hij zwom naar het eiland. Mijn vader was heel bang maar Rufus kwam terug. Hij was heel moe en hij sliep heel snel."
110,meta-llama/llama-3.1-8b-instruct,7_8,"Er was eens een hondje genaamd Max. Hij was een heel leuke hond, hij was bruin en had een lange staart. Max woonde bij een meisje genaamd Emma. Ze waren beste vrienden en gingen altijd op avontuur.

Een dag zat Emma op het park, Max zat naast haar. Toen zag Max een vis in het water. Hij begon te blaffen en te jagen. Emma lachte en zei: ""Max, je kunt niet in het water springen!"" Maar Max hoorde haar niet. Hij sprong in het water en begon te zwemmen.

Emma was heel bang dat Max zou verdrinken. Maar Max was een goede zwemmer. Hij zwom naar de andere kant van het water en kwam met een grote vis in zijn bek terug. Emma was super trots op Max en gaf hem een knuffel. Max blafte gelukkig en kuste Emma op haar wang."
111,meta-llama/llama-3.1-8b-instruct,7_8,"Er was een man die een hond had. De hond heette Max. Max was een prachtige hond. Hij was bruin en had een lange staart.

De man nam Max mee naar de bossen. Daar was het zo mooi. Max rende rond en blafte. De man lachte en riep: 'Max, kom hier!'

Max kwam naar de man toe. Hij snuffelde aan zijn broek. De man gaf Max een knuffel. 'Je bent een goede hond, Max,' zei hij.

Toen gingen ze naar huis. Max was moe. Hij ging liggen en sliep. De man keek naar hem en glimlachte. 'Je bent een goede vriend, Max,' zei hij. En toen ging hij slapen ook."
112,meta-llama/llama-3.1-8b-instruct,7_8,"Er was eens een kat die heette Muis. Muis was niet echt een kat, maar hij was vaker bij de katten dan bij de honden. Hij was heel slim en hij kon heel goed klimmen.

Een dag ging Muis op avontuur. Hij ging naar de boom in ons tuin. Hij klom omhoog en daar zat een vogel. De vogel zei: ""Ha Muis, hoe kom je hier?""

Muis zei: ""Ik kom van de grond."" De vogel lachte en zei: ""Ik wist niet dat je zo goed kon klimmen!""

Muis bleef tegen de vogel praten en toen ging de vogel met hem mee naar beneden. Daar aangekomen ging de vogel naar zijn nest en Muis ging naar zijn huis.

Muis ging tegen zijn vrienden zeggen: ""Ik heb vandaag een vogel leren kennen. Hij was heel leuk!"""
113,meta-llama/llama-3.1-8b-instruct,7_8,"We waren op het strand met mijn opa. Mijn opa is zo leuk, hij kan prachtig zwemmen. Hij is super sterk en kan heel diep duiken. Mijn opa had een nep-haai in zijn hand en hij zwom ermee in het water. Hij deed alsof hij een echte haai was en ik begon te gillen van angst. Ik was bang dat de echte haai zou komen en me opeten. Mijn opa lachte heel hard en zei dat dat maar een nep-haai was. Toen ik zag dat hij het niet serieus nam, begon ik ook te lachen. Mijn opa zwom naar me toe en gaf me de nep-haai. Hij zei dat ik nu ook een haai kon zijn. Ik zwom met hem rond en we deden alsof we in een groot aquarium zwommen. Toen we moe waren, gingen we naar de zandbank liggen. Mijn opa vertelde me dat hij vroeger ook op het strand was met zijn opa en hij deed ook net of hij een haai was. Toen we naar huis gingen, zei ik tegen mijn opa dat ik hem nog een keer wilde zien zwemmen met de haai. Hij beloofde dat hij dat zou doen."
114,meta-llama/llama-3.1-8b-instruct,7_8,"Er was eens een konijn. Hij was heel snel. Zo snel dat hij altijd voor was. Hij woonde in een prachtig bos met veel fruitbomen. Hij at altijd fruit en hij was heel zwaar geworden.

Hij had een vriend die ook konijn was. Hij heette Klaas. Klaas was niet zo snel als hij. Hij was een beetje dik en hij at ook veel fruit. Samen gingen ze op avontuur. Ze gingen door het bos en ze ontdekten een heel groot appelboom.

Ze klommen in de boom en ze pakte zoveel appels als ze konden. Toen ze naar beneden kwamen, had hun buik zo veel appels dat ze bijna niet konden lopen. Klaas viel in een plas water en zijn buik was nat. Hij lachte en zei 'ik ben nat van mijn appels'."
115,meta-llama/llama-3.1-8b-instruct,7_8,"Er was eens een hondje, hij heette Max. Max was een kleine golden retriever en hij had een groene band om zijn hals. Hij woonde bij een vrouw die een klein meisje had, ze heette Sophie. Sophie was heel lief en ze speelde altijd met Max.

Een dag ging Sophie en Max naar het park. Ze liepen over het gras en keken naar de eendjes in het water. Max wilde een eendje vangen, maar hij kon niet. Sophie lachte en zei: ""Max, je moet niet proberen om de eendjes te vangen, je moet ze vrienden worden.""

Max ging terug naar Sophie en zei met zijn ogen: ""Ja, je hebt gelijk."" Toen ging Max naar de eendjes toe en hij begon met hen te spelen. Ze renden over het gras en Max joeg ze na. Sophie lachte weer en zei: ""Max, je bent de beste hond van de wereld!""

Nu ging Max en Sophie naar huis en ze aten samen een lekkere maaltijd. Max sliep heel snel in en hij had een grote glimlach op zijn gezicht. Want hij wist dat hij een goede vriend was voor Sophie en de eendjes."
116,meta-llama/llama-3.1-8b-instruct,7_8,"Een keer ging ik met mijn vriendje Tim op een tocht door het bos. We wilden een koningin van konijnen vinden die erg moedig was. We liepen heel lang en hadden het heel warm. Dan zagen we een konijn. Hij was erg klein en had een prinsessenaam, koningin Pip. Ze was erg slim en wist heel veel over het bos.

Koningin Pip vertelde ons dat er een gevaar was in het bos. Een grote beer was verdwaald en zocht eten. Hij was erg moeilijk te vinden, omdat hij heel slim was. Koningin Pip zei dat we een plan moesten maken om die beer te helpen.

We bespraken verschillende ideeën en kwamen tot de conclusie dat we een koekjesbak moesten maken. Die wilden we gebruiken om de beer naar de goede weg te loodsen. We kookten een hele berg koekjes en zetten ze naast de weg. Wanneer de beer langs kwam, zouden we hem de koekjes geven."
117,meta-llama/llama-3.1-8b-instruct,7_8,We waren op een feestje en mijn beste vriendin Lieve moest naar de wc. Ze liep snel door het park. Toen ging de deur van de wc plotseling open. Er stond een oude hond in. Lieve was erg bang. Ze wilde niet door de hond heen lopen. Ze keek om zich heen of ze een andere uitgang zag. Maar die was er niet. Toen deed de hond een stap naar voren. Lieve rende zo hard ze kon terug naar het feestje. Ze sprong over een boom en kwam met een grote smak op de grond terecht. Mijn moeder moest haar helpen overeind komen. Daarna ging Lieve niet meer naar de wc.
118,meta-llama/llama-3.1-8b-instruct,7_8,"Een dag lang ging ik op avontuur met mijn hond, Pelle. Pelle is een lieve golden retriever. Hij is zacht en heeft een dikke vacht. 

We gingen naar de bossen. Mijn vader zei dat we niet te ver mochten gaan. Maar we zijn niet bang. We zijn sterk. Pelle en ik liepen over de paden en snoven de geur van de bloemen. Ik nam Pelle's leiband vast.

We kwamen bij een rivier. Pelle wilde erin springen. Maar ik zei: ""Nee Pelle, dat mag niet!"" Want mijn vader zei dat. Maar Pelle wilde het zeker weten. Hij ging naar de rivier en keek in het water. Toen rende hij terug naar me. Ik zei: ""Ga maar Pelle."" En Pelle ging in het water. 

Hij zwom goed! Ik hield hem vast met de leiband. Mijn vader kwam naar ons toe en was blij dat Pelle veilig aan de leiband was. We gingen naar huis en aten een sneetje brood."
119,meta-llama/llama-3.1-8b-instruct,7_8,"Er was eens een hond genaamd Max. Hij was een heel leuke hond, hij was bruin en had een lange staart. Max woonde bij een meisje dat Sara heette. Sara was heel lief voor Max, ze speelde altijd met hem en gaf hem lekkernijen.

Een keer ging Sara en Max naar de park. Ze speelden samen in het park en Max liep rondjes rond Sara. Toen zag Max een kanarie in een kooi staan. De kanarie zong heel mooi en Max wilde hem zien. Hij sprong op de kooi en deed hem open. De kanarie vloog weg.

Sara was heel boos op Max, maar ze moest ook lachen. Ze zei tegen Max: ""Je bent een heel dom hondje!"" Max deed alsof hij niet wist wat hij gedaan had. Hij ging naast Sara zitten en keek haar aan alsof hij niets gedaan had. Sara kuste Max op zijn kop en ze gingen weer naar huis."
120,meta-llama/llama-3.1-8b-instruct,7_8,"Er was eens een konijn. Hij had een prachtige tuin vol met kersenbomen. Hij hield van die kersenbomen, want hij hield van kersen. 's Zomers at hij ze zo snel mogelijk. Maar hij had ook een broertje. Dat broertje was zuur. Hij vond kersen niet lekker. Die broer heette Koen. Koen wilde liever appels en peren. Hij vond kersen te zoet.

Een dag ging Koen op onderzoek uit. Hij wilde weten waarom zijn broer zo gek was op kersen. Hij liep over het veld en trof een kersensapdruppel aan. Koen wilde die druppel proeven. Maar hij kreeg het sap op zijn neus. Daarom lag hij op zijn rug en lachte hij heel hard. Zijn broertje hoorde hem en liep snel naar hem toe. Toen hij Koen zag, lachte hij ook."
121,meta-llama/llama-3.1-8b-instruct,7_8,"Er was eens een konijn. Hij heette Kwik. Kwik was zo snel. Hij kon in een seconde van zijn huis naar de andere kant van de tuin. Hij was de snelste konijn van de hele wereld.

Een keer ging Kwik naar de stad. Hij liep langs de straat en zag een klein meisje. Zij had een pop in haar hand. Kwik zag de pop en dacht: ""Ooh, een pop! Die wil ik!""

De kleine meid zag Kwik en zei: ""Wil je mijn pop? Die is van mij!"" Kwik zei: ""Ja, ik wil hem hebben!"" Hij nam de pop en rende weg.

De kleine meid was heel verdrietig. Zij liep langs de straat en zei: ""Mijn pop! Mijn pop!"" Kwik hoorde haar en dacht: ""Ooh, ik heb iets verkeerd gedaan!""

Hij ging terug naar het meisje en gaf haar de pop terug. Het meisje was heel blij. Zij gaf Kwik een applaus. Kwik was blij dat hij zijn fout had rechtgezet."
122,meta-llama/llama-3.1-8b-instruct,7_8,"Er was eens een konijn met een prachtige gouden vacht. Hij was super snel en kon overal in het bos komen. Maar hij was ook heel egoïstisch. Hij wou altijd de beste plek hebben. En als hij die had, wou hij dat nóg mooier maken.

Een keer zat hij op een heel mooie plek bij een beekje. Hij had daar een heerlijke potje water bij een lekkere boom. Maar toen kwam een andere dier, een eekhoorn. Die vroeg of hij kon blijven slapen bij de beekje. Maar het konijn zei: ""Nee, deze plek is van mij.""

De eekhoorn ging dan weg en vond een andere plek. En de konijn was heel blij. Maar toen kwam een olifant. Die was heel groot en heel hard. Hij trapte over de boom en de beekje. En het konijn moest heel hard weg rennen. Hij wist niet waar hij heen ging.

Toen hij omkeek, was de eekhoorn aan het slapen gaan bij een andere plek. En hij had een leuk nest gebouwd. Dus het konijn ging naar hem toe en zei sorry. En de eekhoorn zei: ""Geeft niet, ik vind het leuk om hier te slapen."" En nu slapen ze samen bij de andere plek."
123,meta-llama/llama-3.1-8b-instruct,7_8,"Dit is een leuk verhaal. Er was eens een prinses die woont in een groot kasteel. Ze heet Sophia. Sophia heeft een klein poesje dat ze heel veel liefde geeft. Het poesje heet Muis. Muis is heel snel, hij kan overal naar toe springen.

Sophia wil graag naar de zee. Ze heeft een bootje en ze wil naar de zee varen. Maar haar moeder zegt nee, ze mag niet naar de zee. Sophia is heel verdrietig.

Dus besluit Sophia om zelf naar de zee te gaan. Ze pakt haar bootje en Muis en gaat naar de zee. Ze varen heel lang en dan zien ze een grote walvis. De walvis zegt: ""Hallo Sophia, waar kom je vandaan?""

Sophia zegt: ""Ik kom uit het kasteel."" De walvis zegt: ""Ah, ik wist het al. Ik ken je moeder."" Sophia is heel verbaasd. De walvis zegt: ""Kom mee, ik zal je naar de zee brengen.""

Dus gaat Sophia en Muis met de walvis mee. Ze varen heel lang en dan komen ze bij een prachtige strand. Sophia en Muis kunnen daar zwemmen en spelen. Dat was heel leuk."
124,meta-llama/llama-3.1-8b-instruct,7_8,"Er was eens een konijn genaamd Benny. Hij was heel snel en had een prachtig witte staart. Benny woonde in een prachtige groene bos waar hij veel lekkere groente kon vinden.

Een dag kwam Benny een heel lekkere grote aardappel tegen. Hij nam hem in zijn bek en wilde hem naar huis nemen. Maar toen hij al bijna bij zijn hol was, zag hij zijn vriendje een vos. Die vos heette Viktor.

Viktor was heel slim en wilde de aardappel van Benny. Hij vroeg Benny: ""Geef me de aardappel, dan geef ik je een lekkere appel."" Benny wilde de appel heel graag, dus gaf hij Viktor de aardappel. Maar toen hij de appel meekreeg, bleek het gewoon een sinaasappel te zijn! Viktor had hem ingepakt in een papieren zak. Benny was heel boos en liep weg. Hij ging terug naar zijn hol en at de sinaasappel zelf."
125,meta-llama/llama-3.1-8b-instruct,7_8,"Er was eens een konijn. Hij was heel snel en hij kon overal naartoe. Hij woonde in een groot bos met veel andere dieren. Er waren beren, eekhoorns, vogels en veel meer.

Ons konijnje, zijn naam was Flik, was heel slim. Hij had een hoop vrienden in het bos en hij hielp ze altijd. Als er brand in een van de hutten was, haalde Flik water om het te blussen. Als er een boom viel, hielp hij om hem op te ruimen.

Maar Flik had ook een plek waar hij alleen was. Daar kon hij spelen met zijn kleine poppen. Hij had er veel en elke pop had een andere naam. Er waren poppen met huiden, poppen met vlecht, en zelfs een popje met een grote neus. Flik was heel lief voor zijn poppen en hij speelde met hen elke dag."
126,meta-llama/llama-3.1-8b-instruct,7_8,"Er leefde een heel bijzondere hond genaamd Max. Hij was zo groot als een paard en had zacht rood haar. Hij woonde bij een vriend van mijn vader, een man met een enorme bos in een dorpje. Max ging naar het dorp en hij leerde alle dieren kennen. 

Hij werd zo goed bevriend met een konijn dat hij samen met hem speelde in het bos. Maar toen kwam er een grote stier bij. De stier was heel erg woest en hij wilde Max kwaad doen. 

Maar Max was heel sterk en hij stond niet weg te lopen. Hij keek de stier recht in de ogen en de stier begon te wissen. Hij wist niet wat hij moest doen. Max ging naar zijn vriend, de konijn en zei: ""Hoe moet ik nou met deze stier omgaan?""

De konijn zei: ""Laat hem maar in de val lopen, dan verliest hij de weg."" En dat deden ze."
127,meta-llama/llama-3.1-8b-instruct,7_8,"Er woonde een vos in een bos. Hij heette Vosje, hij was heel slim. Vosje wou een konijn vangen, hij had al een tijdje honger. Vosje ging naar de poes, hij wou een plan bedenken. De poes zei: 'voor ik een plan kan bedenken, moet ik eerst even slapen.' Vosje wou niet wachten, hij ging zelf naar de vos. Die vos zei: 'Vosje, ik ken een plan.' Vosje zei: 'wat plan?' En de vos zei: 'ik zeg dat je een bekkie vol eieren in een mand doet en dan vraag je aan het konijn of hij een eitje wil hebben.' Vosje dacht: 'ja dat is een goed plan!' En toen ging hij naar de mand en deed er eitjes in. Toen ging hij naar het konijn en zei: 'kom hier, ik heb eitjes voor je.' Maar het konijn zei: 'niet doen, ik wil geen eitjes.' Toen liep Vosje weg en de vos zei: 'dan had ik een beter plan.'"
128,meta-llama/llama-3.1-8b-instruct,7_8,"Ik woon bij mijn vriendin Emma op een eiland. Mijn hond, Rufus, en ik zijn daar een paar weken geleden gaan wonen. Emma heeft een zeilboot en die brengt we naar het eiland. We doen niet eens een uur bij de kust voordat Emma zegt: 'Ik heb een idee. Vandaag gaan we op avontuur.' We pakken onze boog en bogen, want Emma heeft een plek aan de andere kant van het eiland gevonden waar die dieren wonen die we eigenlijk niet mogen schieten. We gaan ze met een vracht voedsel verwennen en tekenen. Het was een geweldig idee van Emma. We hadden dan ook geen zin om ze te schieten. We zijn blij dat we met Emma op de boot zitten. Rufus kijkt voortdurend omhoog naar Emma en naar mij. Hij is zo blij dat hij bij ons is."
129,meta-llama/llama-3.1-8b-instruct,7_8,"Dit is een leuk verhaal van mijn beste vriendje Tom. Hij woonde bij zijn opa en oom in een huis aan het water. Ze hadden een boot die ze speciaal voor het vissen op de vijver hadden. Tom en zijn opa gingen vaak vissen. Ze gingen vroeg uit het huis en liepen naar het water. Dan gingen ze met de boot naar de plek waar de vissen zaten.

Een keer ging Tom alleen met zijn opa naar de vijver. Zijn opa had een speciale truc om de vissen te laten bijten. Hij moest heel stil zijn en dan moest hij langzaam zijn lijn in het water gooien. Tom had een lekker stuk vlees gesneden en hij wachtte heel lang op een vis. Eindelijk had hij een grote vis en zijn opa was heel trots op hem. Ze namen de vis weer aan land en gingen met hem naar huis. Daar kookten ze hem en ze aten hem op."
130,meta-llama/llama-3.1-8b-instruct,7_8,"Er was eens een prinses. Ze heette Sophia. Sophia had een klein hondje, hij heette Max. Sophia en Max gingen altijd op avontuur in het bos. Ze zochten naar eieren van de haan, die altijd wegvluchtte. Sophia was slim en vond de eieren. De haan was heel boos, maar Sophia zei: ""Hoe kan ik de eieren vinden als je wegvlucht?""

De haan kreeg spijt en zei sorry. Hij vroeg Sophia of ze de eieren met hem wilde delen. Sophia lachte en zei: ""Ja, we delen ze wel!""

Sophia en de haan werden goede vrienden. Max was ook blij, want hij kreeg een nieuwe vriend. Tijdens de volgende verwachting van eieren, ging Sophia en Max opnieuw op zoek. Sophia vond nog meer eieren en zei: ""Wij zijn de beste eierzoekers van het bos!"""
131,meta-llama/llama-3.1-8b-instruct,7_8,"Er was eens een prinsesje die in een kasteel woonde. Ze heette Sofia. Sofia had een paard, een witte merrie, die ze zei dat ze Zilver heette. Sofia en Zilver gingen vaak op avontuur door het bos. Ze zochten naar edelstenen en bloemen. 

Een dag gingen ze de bos in. Zilver liep sneller dan Sofia. Ze rende weg en Sofia moest hardlopen om haar bij te houden. Ze kwamen bij een meer. Zilver begon te drinken en Sofia ging zitten op een rots. 

Toen hoorde ze een geluid. Sofia keek omhoog en zag een vos. Hij had een goudkleurig ketting om zijn nek. Sofia dacht dat dit een edelsteen was. De vos kwam naar haar toe en begon te praten. Hij zei dat hij de vos van de prinses was. De prinses had hem verloren toen hij klein was. Sofia gaf hem zijn ketting terug. De vos was zo blij dat hij een dans uitvoerde. Sofia en Zilver gingen terug naar het kasteel."
132,meta-llama/llama-3.1-8b-instruct,7_8,"Er was eens een prinses. Ze heette Sophia en woonde in een groot kasteel. Sophia had een klein hondje dat ze heel veel lief had, hij heette Max. Sophia en Max waren beste vrienden.

Een keer ging Sophia met Max op een tochtje door de bossen. Ze zochten naar papieren vliegers, want dat vond Sophia het leukst. Toen waren ze bij een oude boom, daar vlogen alle papieren vliegers weg vanwege de wind.

Sophia en Max gingen de boom in en zagen een klein holletje. Sophia zei: ""Maar Max, weet je wat? We gaan een avontuur maken! We gaan de boom in en zoeken naar een schat!"" Max begon te blaffen en ging naast Sophia de boom in.

Zij zochten de hele dag en vonden een schat! Er zaten juwelen in en heel veel geld. Sophia en Max waren zo blij! Ze namen de schat en gingen naar het kasteel. Sophia's ouders waren zo blij voor Sophia en ze gaven haar een feest.

En dat is het einde van het verhaal."
133,meta-llama/llama-3.1-8b-instruct,7_8,"We waren op vakantie bij de zee. Mijn broertje en zusje speelden op het strand. Mijn moeder maakte een grote schaal sandwiches. Mijn vader ging zwemmen.

Toen was er een kleine hond. Hij kwam uit het niets en begon te blaffen. Hij was zo klein en hij had een rood bandje om zijn nek. Hij ging naar mijn papa. Mijn papa gaf hem een slok water.

De hond ging naar mijn broertje en hij begon te janken. Mijn broertje wilde hem vasthouden. Mijn zusje wilde hem ook vasthouden. Mijn moeder zei dat we de hond niet vast mochten houden. Maar de hond bleef bij ons.

We noemden de hond Pief. Pief werd ons beste vriendje. Hij bleef bij ons op het strand en hij speelde met ons. We gaven hem een bad en we droogden hem af. Pief was zo zielig als hij nat was.

We mochten Pief met op de terugreis naar huis nemen. Pief kwam naar onze woning en hij werd deel van onze familie. We mochten hem vasthouden en we mochten hem knuffelen. Pief is nog steeds bij ons."
134,meta-llama/llama-3.1-8b-instruct,7_8,"Er was eens een prinsesje in een kasteel. Ze heette Sophia en ze had een paard met een witte vlek op zijn neus. Sophia en haar paard, die ze Wiegje noemde, waren dik bevriend. Ze gingen elke dag naar de boomgaard in het kasteel om appels te plukken.

Een dag kwamen er twee booswichten in de buurt van de boomgaard. Ze wilden de appels voor zichzelf hebben en niet voor Sophia. Sophia en Wiegje zagen de booswichten en wisten dat ze niet mochten komen. Maar Wiegje was slim en rende weg om de booswichten te laten denken dat Sophia verdwaald was.

Sophia ging achter Wiegje aan en kwam op een geheim pad terecht. Ze vond een gaartje met geheime ingangen en een heerlijke geur van appelcake. Sophia en Wiegje aten samen appelcake en de booswichten kwamen er nooit meer. Sindsdien gingen Sophia en Wiegje naar de geheime ingang om appelcake te eten."
135,meta-llama/llama-3.1-8b-instruct,7_8,"We waren op de speeltuin. Mijn beste vriendje is Tim. Hij heeft een hond genaamd Rocky. Die hond is super hardloopster. Hij kan super hard rennen. Tim en Rocky zijn bij de poepbak. Ze gaan naar de zandbak. Ik ga ook. We bouwen een kasteel. Maar dan komt er een meisje. Ze heet Sarah. Zij wil ook in het kasteel. Maar wij willen niet dat zij erin gaat. We schreeuwen naar haar: ""Ga weg!"" En zij schreeuwt terug: ""Nee, ik wil er ook in!"" Dan gaat Tim naar haar toe. Hij zegt: ""Praat met Rocky."" En Rocky begint te blaffen. Sarah wordt bang. Ze rent weg. En wij kunnen nu eindelijk in ons kasteel."
136,meta-llama/llama-3.1-8b-instruct,7_8,"Er was eens een konijn met een rode hoofddeksel. Hij heette Knor. Knor was een beetje een zonderling. Hij hield van appels, maar niet van peren. Hij hield van rennen, maar niet van zwemmen. Hij hield van spelen, maar niet van slapen. 

Een keer ging Knor naar de boswachter en vroeg of hij een appeltje voor hem kon vinden. De boswachter vond wel een appeltje, maar hij vond ook een klein wit konijntje. Het konijntje was zo klein dat je hem in een hand kon houden. 

Knor nam het kleine konijntje mee naar huis en gaf hem een naam: Wiet. Knor en Wiet speelden samen in het bos. Ze renden door het gras, klommen door de bomen en sprongen over de stroom. Knor en Wiet werden beste vrienden. En ze bleven beste vrienden totdat Knor besloot om Wiet te verkleden als een koning."
137,meta-llama/llama-3.1-8b-instruct,7_8,"Er was eens een hond, hij heette Max. Max was een beetje gek, hij hield van zoeken. Hij had een speurtrofee en wist altijd waar hij moest zoeken. Hij wou net als zijn vader een held worden.

Een dag ging Max met zijn vader op pad. Zijn vader had een puzzel voor hem gemaakt. Er zat eenbrief in een beker. Hij moest de brief vinden. Max ging op zoek. Hij snuffelde en snuffelde, maar vond niks. Hij ging naar zijn vader en zei: ""Ik vind het niet, pap!"" Zijn vader zei: ""Probeer het maar."" Max ging weer zoeken. Hij vond een houten plank, een steentje, een rots, een boom, een paal, een rood lint, een stuk touw, een stuk gras, een stuk bloem, een stuk water... Toen vond hij de beker! Daar was de brief in! Hij gaf de brief aan zijn vader en zei: ""Hier is de brief, pap!"" Zijn vader zei: ""Jij bent een held, Max!"" En Max vond dat hij het echt was."
138,meta-llama/llama-3.1-8b-instruct,7_8,"Ik ken een meisje, ze heet Sophie. Ze heeft een hond, die heet Max. Max is een heel leuk hondje, hij is bruin en heeft een grote snuit. Sophie en Max gaan vaak naar de park. Daar rennen ze rond en spelen met de andere honden.

Een keer ging Sophie en Max naar het park, maar toen kwamen er grote wolken en begon het te regenen. Sophie wilde niet naar huis, ze wilde nog even spelen. Maar Max, hij was bang voor de storm. Hij begon te janken en wilde naar huis.

Sophie nam Max bij de hand en liep met hem naar huis. Daar zaten ze samen op de bank, terwijl buiten de storm woedde. Sophie gaf Max een knuffel en zei: ""Rustig maar, Max, de storm zal overgaan."" En dat was het. Na een tijdje ging de zon uit de wolken zien en was het weer rustig. Sophie en Max gingen weer naar buiten en speelden verder."
139,meta-llama/llama-3.1-8b-instruct,7_8,"Een keer was ik bij mijn tante. Ze heeft een hond, hij heet Max. Hij is super vreselijk! Hij is zo groot als een kleine koe. Maar hij is wel heel lief.

Mijn tante nam me en mijn broer naar het park. Daar kwam Max weer te voorschijn. Hij rende meteen naar me toe en gaf me een zoen op mijn gezicht. Mijn broer wilde hem betrappen, dus hij rende achter hem aan.

Max ging naar het speeltuin en begon te spelen op de klimrek. Hij ging zo hoog dat hij bijna op het dak zat. Mijn broer wilde ook naar boven, maar Max verhinderde dat. Hij begon te blaffen en mijn broer ging doodsbang wegrennen.

Mijn tante lachte en zei dat Max een echte held was. Ik dacht dat hij wel verdwaald was, maar mijn tante zei dat hij gewoon zijn taken deed. Ik denk dat ze wel gek is, maar ik vind Max wel lief."
140,meta-llama/llama-3.1-8b-instruct,7_8,"Er was eens een konijn, hij heette Benny. Benny was heel snel, hij kon overal doorheen springen. Hij woonde in een prachtig bos vol met bloemen en bomen.

Een dag had Benny een idee. Hij wilde een nieuw huis bouwen. Hij ging op zoek naar materialen en vond uiteindelijk een mooie boomstam. Hij sjouwde ermee naar zijn kluis en begon te hakken.

Benny bouwde een prachtig huis, met een veranda en een dak. Hij was heel trots op zijn werk. Maar dan hoorde hij een stem. ""Hoe durf je om een boom te hakken?"" Het was de boom zelf!

Benny was heel verdrietig, hij had niet geweten dat de boom nog leefde. Hij bood aan om een nieuw huis te bouwen, maar dichtbij de grond, zodat de boom niet meer zou lijden. De boom was tevreden en Benny kon zijn nieuwe huis inrichten."
141,meta-llama/llama-3.1-8b-instruct,7_8,"Dit was mijn beste vriendje Lucas. Hij woonde naast mij. Hij had een hondje genaamd Bob. Bob was zo lief, hij had een rood baardje. Lucas vond dat Bob een spion was.

Een keer ging Lucas en Bob op avontuur in de bossen. Ze gingen zo ver dat ze bij een oud, gatig huis kwamen. Lucas vond dat dat het oude fort was van de spionnen. Hij en Bob gingen naar binnen. Daar waren allemaal lege tafels en stoelen. Lucas dacht dat ze hier een meeting waren.

Dan zag hij een kast. Hij opende die en er was een kist in. Die kist was vol met geld. Lucas en Bob waren zo blij. Ze namen al het geld mee naar huis. Mijn vader vroeg waarom we zo veel geld in huis hadden.

Lucas en mijn vader praatten lange tijd. Mijn vader vond dat Lucas geen spion was maar een echte dief. Lucas was heel verdrietig. Hij moest alle geld teruggeven. Hij en Bob lieten het geld bij het oude fort."
142,meta-llama/llama-3.1-8b-instruct,7_8,"Er was een tijdje geleden een prinses, ze was super mooi en had lange blonde haren. Ze woonde in een kasteel dat heel erg groot was. Ze was heel erg verdrietig, want haar moeder was gestorven. Ze zat dagelijks in haar kamer en keek uit het raam. 

Op een dag kwam er een oude vrouw naar het kasteel. Ze was de beste tovenares van het land. De prinses had een vraag voor haar: ""Kun jij mijn moeder terugbrengen?"" De tovenares zei: ""Ja, dat kan ik wel. Maar je moet eerst een steen ophalen uit de rivier. In die steen zit een betovering die jouw moeder terug zal brengen."" De prinses ging naar de rivier en haalde een steen op. Toen ze terug was, was haar moeder weer bij haar!"
143,meta-llama/llama-3.1-8b-instruct,7_8,"Ik ken een hond, hij heet Max. Hij is een vliegende hond. Nou, niet echt, maar hij kan wel heel hard rennen. Ik zag hem bij de park. Hij was met zijn eigenaar. Hij was een jonge hond en hij had een rood shirt aan. Hij was zo leuk.

Zijn eigenaar gooide een bal. Max sprong erop en kwam hard landend op zijn poten. Hij was zo snel. Hij liep naar zijn eigenaar en hij gaf hem de bal. Zijn eigenaar gaf hem een knuffel en een koekje. Max was zo blij. Hij gniffelde en hij sprong op en neer.

Ik wilde hem ook een koekje geven, maar mijn moeder zei nee. Ze zei dat we niet zomaar koekjes aan vreemde honden geven. Maar ik kon Max wel aaien. Hij was zo lief. Ik wilde dat ik een hond had zoals Max. Hij was zo snel en zo leuk."
144,meta-llama/llama-3.1-8b-instruct,7_8,"Er was eens een hond genaamd Max. Hij was een heel lief hond. Hij woonde bij een oudere dame die hij heel lief had. Die dame heette tante Agnes. Tante Agnes had een grote tuin met een poort. Max kon nooit uit de tuin. Hij mocht nooit uit de poort omdat hij dan verdwaald zou raken.

Max hield van rennen en spelen. Hij had een vriendelijke buurhond genaamd Bella. Ze speelden samen in de tuin totdat de zon onderging. Eén dag besloot Max dat hij uit de poort moest rennen. Hij was zo nieuwsgierig.

Hij rende zo hard mogelijk naar de straat. Hij zag veel dingen die hij nog nooit had gezien. Hij zag auto's, fietsen en mensen. Max was zo blij. Hij besloot om naar Bella te gaan. Hij rende terug naar de tuin.

Toen Max terugkwam, was tante Agnes helemaal boos. Ze riep naar hem: ""Max, waarom ben je uit de poort gegaan?!"" Max haalde zijn schouders op. Hij wist dat hij niet mocht uit de poort. Hij had fout gedaan."
145,meta-llama/llama-3.1-8b-instruct,7_8,"Er was eens een hondje genaamd Max. Hij was zo lief, hij had een vacht van groen en blauw en hij kon heel hard rennen. Max woonde bij een jongen met zijn naam op de deur, hij heette ook Max, maar die was niet zo snel als zijn hondje.

Een dag ging de jongen met Max op stap en ze kwamen bij een groot park. Daar zagen ze een vrouwtje hond die heel moe leek. Ze zei: 'Ik ben erg moe, ik kan niet meer lopen.' Max, de hondje, keek naar de vrouwtje en dan naar de jongen. Dan liep hij naar de vrouwtje en begon te jagen op een eend. Die eend vloog weg en de vrouwtje hond ging op de weg liggen en opeens kon ze weer lopen. Ze zei: 'Dankjewel Max, je bent zo lief.' Max, de hondje, was heel blij en keek naar de jongen met zijn naam op de deur. Die zei: 'Max, je bent een held!'"
146,meta-llama/llama-3.1-8b-instruct,7_8,"Er was eens een konijn dat heette Benny. Hij had een rood en blauw baardje. Benny was heel slim. Hij kon allerlei dingen leren. Hij kon zelfs dansen. Benny wilde heel graag dansen op de grootste dansfeest van het land. Hij kocht een mooie groene broek en een wit shirt. Benny danste zo goed dat hij eerste prijs won. De mensen gaven hem een grote medaille. Hij was zo trots op zichzelf. Toen ging hij naast zijn vriendinnetje, een konijn die heette Flo. Ze dansten samen en waren heel blij."
147,meta-llama/llama-3.1-8b-instruct,7_8,"Een keer was er een jongetje, hij heette Pim. Pim had een hond, hij heette Max. Max was een leuke hond, hij was bruin en had een lange staart. Pim en Max waren beste vrienden.

Een keer ging Pim met Max naar het park. Ze liepen over het zandpad en Pim gooide een bal voor Max uit. Max rende naar de bal en pakte hem in zijn bek. Hij kwam terug naar Pim en liet de bal in zijn handen vallen.

Pim was zo blij en gaf Max een knuffel. ""Je bent de beste hond van de wereld, Max!"" zei hij. Max blafte gelukkig en schopte met zijn achterbenen.

Toen gingen Pim en Max op een bankje zitten en keken naar de vogels in de bomen. Pim was zo blij met Max en Max was zo blij met Pim. Ze waren echt heel gelukkig."
148,meta-llama/llama-3.1-8b-instruct,7_8,"Ik woon bij mijn opa en oma. Ze hebben een hond genaamd Max. Hij is een grote, bruine hond. Hij is heel vriendelijk en lief. Mijn opa en oma zeggen dat hij heel intelligent is.

Vorige week ging ik met mijn opa en oma op wandel met Max. We gingen naar het park. Het was zonnig en lekker warm. Max liep voor ons uit. Hij snuffelde overal aan. Hij rook een plukje gras en begon te kwispelen.

Toen we bij de speeltuin waren, zag Max een hondje. Het was een klein, witte hondje. Max ging naar het hondje toe. Hij wilde met hem spelen. Maar het hondje was bang. Het rende weg. Max was teleurgesteld. Hij kwam terug naar ons toe.

Mijn opa gaf hem een knuffel. ""Je bent een goede hond, Max,"" zei hij. Max keek opgetogen. Hij wist dat hij goed was. We gingen verder wandelen. Max liep weer voor ons uit. Hij was blij weer verder te gaan."
149,meta-llama/llama-3.1-8b-instruct,7_8,"Er was eens een konijn. Dat konijn heette Benny. Benny was een donkere konijn met witte oren. Hij was heel snel. Zijn beste vriend was een eekhoorn. De eekhoorn heette Sjors. Sjors was heel slim. Hij wist alles over de bossen.

Benny en Sjors gingen vaak op avontuur. Ze zochten naar eetbare fruit en nootjes. Ze sprongen over grote stenen en slalomden door de struiken. Sjors wist altijd de weg. Hij was de baas.

Een keer zochten Benny en Sjors naar een speciaal fruit. Het heette een bosbanaan. Sjors had gehoord dat de bosbanaan heel lekker was. Dus gingen ze op zoek. En toen vonden ze hem! Hij lag in een grote boom. Benny sprong omhoog en pakte de bosbanaan. Sjors hielp hem omlaag. Daarna aten ze de bosbanaan samen. Hij was heel lekker!"
150,meta-llama/llama-3.1-8b-instruct,8_9,"Er was een hond genaamd Max. Hij was een grote, bruine hond met een lange snuit. Hij woonde bij een man genaamd Pim. Pim was een goede man, hij gaf Max veel aandacht en speelde met hem in de tuin. Max hield van Pim, hij liep altijd bij zijn voeten en keek hem aan met zijn grote bruine ogen.

Een keer ging Pim naar het park voor een wandeling. Hij nam Max mee en ze liepen samen door het bos. Daar zagen ze een konijn. Max werd heel enthousiast, hij begon te blaffen en te rennen. Pim riep ""Max, Max, rustig!"" maar Max luisterde niet. Hij rende recht op het konijn af.

Maar het konijn was vlug, het liet zich niet vangen. Max bleef stil staan en keek naar het konijn. Pim lachte en zei ""Hé, Max, je bent snel maar niet slim genoeg."" Max keek op naar Pim en Pim feliciteerde hem met een knuffel. Max was gelukkig en liep naast Pim terug naar huis."
151,meta-llama/llama-3.1-8b-instruct,8_9,"Er was eens een hond die heette Max. Hij was een heel leuke hond en hij had een rood vachtje. Hij woonde bij een meisje dat genaamd Sophie heette. Sophie had een heel mooie tuin met veel bloemen en gras. Max hield veel van de tuin en hij ging er vaak met Sophie spelen. 

Een keer ging Sophie en Max op een kamp toen ze in het bos tegen een andere hond kwamen. Die hond was heel groot en hij had een mooie blauwe vacht. Hij heette Blue en hij was heel beleefd. Max en Blue werden snel goede vrienden en ze speelden samen in het bos.

Na een tijdje gingen Sophie en Max terug naar huis. Sophie zei tegen Max: ""Ik trek je toch een beetje aan, hè?"" Max begon te blaffen en Sophie lachte. ""Ja, je bent echt mijn beste vriend!"" Sophie aaide Max over zijn kop en hij begon te kwijlen."
152,meta-llama/llama-3.1-8b-instruct,8_9,"Dit was een keer dat mijn vriendin Lieve een paard had gehaald van een vreemde boerderij. Hij heette Superman en hij was zo groot en zo snel. Lieve had hem in de wei gezet bij ons huis en ze had hem zo graag willen leren rijden. Maar toen ze probeerde om hem te zitten, was hij zo bang en hij begon te schreeuwen en te stampen.

Mijn broer en ik hebben geprobeerd om Superman te sussen, maar hij was zo boos dat hij ons richting het hek begon te drijven. En toen ging hij plotseling door het hek en ging hij naar de andere kant van de tuin. We moesten hardlopen om hem te volgen.

Superman rende zo snel dat we bijna niet konden horen wat hij deed. Hij rende naar de boomgaard en hij begon te grazen in de boompjes. Lieve en ik moesten hem roepen om hem te stoppen, maar hij luisterde niet. Uiteindelijk moest onze vader hem komen halen en hij moest hem heen en weer sjouwen tot Superman kalm werd."
153,meta-llama/llama-3.1-8b-instruct,8_9,"We waren op kamp met school. Ik ging met mijn beste vriendin, Lotte, en we zaten in een tent met haar zusje, Lennart. Hij is echt een nerd, dat kind. Hij vertelde dat hij een nachtvlinder had gemaakt.

Lotte en ik dachten dat hij gek was, maar hij legde uit dat hij een plastic zak had gebruikt en er een lichtje in had gestoken. Hij zei dat het zo moesten kijken als als een echte nachtvlinder. Hij had hem zelfs een vleugel gegeven van een oude plastic zak.

We gingen naar buiten en Lennart gooide de plastic zak in de lucht. Die vloog echt! Hij was zo trots op zichzelf. Ik moest eigenlijk lachen, maar Lotte zei dat ik hem niet moest uitlachen. Dus ik probeerde mijn gezicht niet te trekken.

Maar toen we teruggingen naar onze tent, ging de zak kapot en viel hij op de grond. Lennart was zo boos, maar toen we hem oplapten, vonden we een hele hoop vuurwerk erin. Hij had ons een grap gespeeld. We moesten allemaal lachen."
154,meta-llama/llama-3.1-8b-instruct,8_9,"Er was een keer een kat. Die kat was zo geel als een zonnebloem. Hij had een rood lintje om zijn nek. Hij heette Sjaak. Sjaak was heel slim. Hij kon alle deuren open doen. Hij deed een deur open in een legerwinkel. Daar waren veel leuke spullen. Hij zag een bal en nam hem. Toen ging hij naar buiten. Hij gooide de bal hoog in de lucht. De bal viel op een graspel. Sjaak ging hem halen. Toen hij terugkwam, hoorde hij een hond blaffen. De hond kwam naar hem toe. Sjaak liep weg. De hond ging hem achterna. Ze renden langs de straat. Toen kwamen ze bij een bushalte. De bus kwam aan. De chauffeur stopte. Sjaak ging naar binnen, maar de hond niet. De bus reed weg. De hond rende terug naar zijn eigen huis. Sjaak ging naar zijn eigen huis. Hij ging naar zijn bed. Hij sliep."
155,meta-llama/llama-3.1-8b-instruct,8_9,"Er was eens een hond genaamd Max. Hij was heel lief, maar hij was ook heel stom. Hij kon nooit goed luisteren, en hij deed altijd wat hij wilde.

Max woonde bij een meisje genaamd Emma. Ze was heel lief en speelde veel met Max. Maar Max was ook heel dom. Hij was een keer in de tuin en hij vond een appel. Hij at de appel op en dan had hij een appelkloot.

Emma was heel boos op Max. ""Max, je bent zo dom!"" zei ze. Maar Max deed niets. Hij lag gewoon op zijn rug en hij keek naar de zon.

Emma kon niet helpen maar lachen. ""Max, je bent altijd zo stom!"" zei ze. En daarom liep Max altijd rond met een glimlach op zijn gezicht. Hij was heel gelukkig, want hij had een lief meisje als Emma, en hij had ook een appelkloot."
156,meta-llama/llama-3.1-8b-instruct,8_9,"Er was eens een konijn die heet Bobby. Bobby is heel snel en kan overal komen. Hij woonde in een groot bos met veel andere dieren. Bobby is heel slim en hij weet altijd wat hij moet doen.

Een keer ging Bobby naar de rivier om te zwemmen. Hij ziet een vis in het water. De vis heet Benny. Benny is heel bang want hij weet dat Bobby hem zal vangen.

Maar Bobby zegt: ""Wacht, Benny! Ik ga je niet vangen. Ik wil met je praten."" Benny is heel verbouwereerd. Hij zegt: ""Waarom wil jij met me praten?""

Bobby zegt: ""Omdat ik je wil leren hoe je snel kan zwemmen. Dan ben je niet bang meer."" Benny is heel blij en Bobby leert hem snel te zwemmen. Nu zwemt Benny met Bobby en hij is niet bang meer."
157,meta-llama/llama-3.1-8b-instruct,8_9,"Er was eens een vos die erg slim was. Zijn naam was Felix. Hij woonde in een prachtig bos met veel houten hokjes en dennentakken. Felix was niet zoals andere vossen. Hij had geen zwart, rood, wit of grijs vacht, maar hij was groen. Ja, echt groen! Het leek wel alsof hij uit het bos was geknipt.

Felix kon heel goed klimmen en sprong overal heen. Hij was erg snel en kon zelfs overal een weg vinden. Hij had een vriend, een eekhoorn genaamd Sjors. Sjors was erg lief en had een prachtig rode staart.

Een keer was Felix en Sjors op een expeditie. Ze wilden een bergopwaarts gaan, maar dat was lastig. Felix had een idee en klom omhoog, terwijl Sjors hem volgde. Na een poos waren ze boven en zagen ze de mooiste eikenbomen. Sjors zei: 'Wow, dit is geweldig!' Felix glimlachte en zei: 'Ja, dit is het mooiste wat ik ooit gezien heb!'"
158,meta-llama/llama-3.1-8b-instruct,8_9,"Er was eens een hond genaamd Max. Hij was zo gezelig en hij had een dikke vacht. Max woonde bij een meisje genaamd Lily. Ze hadden een mooie tuin met een grote boom. 

Een dag ging Max met Lily naar de park. Ze speelden samen en Max rende rond. Toen zag Max een konijn. Hij werd heel boos en begon te blaffen. Maar Lily zei ""Max, laat hem met rust, hij doet niets"". 

Max deed wat Lily zei en de konijn ging weg. Daarna gingen Lily en Max naar huis. Ze zaten op de bank en Max viel in slaap. Lily gaf hem een knuffel en zei ""Ik hou van je, Max"". Max sliep verder en droomde over de park."
159,meta-llama/llama-3.1-8b-instruct,8_9,"Er was eens een hondje genaamd Max. Hij was zo snel als een haas en zo slim als een vos. Max woonde bij zijn baasje, een meisje genaamd Emma. Emma was super lief, ze gaf Max altijd lekkere brokjes en speelde met hem in de tuin.

Maar Max had een geheim. 's Avonds, als Emma naar bed was, ging Max op avontuur. Hij sloop uit de tuin en ging op pad. Hij liep door de woonwijk, langs de straatlantaarns en de schaduwen. Hij voelde zich als een echte detective.

Een nacht, toen Max op pad was, kwam hij een kat tegen. De kat was zo groot als een berg en had ogen als goud. Max was bang, maar de kat zei: ""Hé, hondje, waar kom je vandaan?"" Max zei: ""Ik kom uit de tuin van Emma."" De kat zei: ""Kom, ik zal je laten zien waar de lekkere brokjes liggen. Wees stil, want het is een geheim.""

En zo ging Max op avontuur met de grote kat. Samen vonden ze de lekkere brokjes en Max was zo blij. Hij was een echte hondendetective en hij had een vriend voor het leven."
160,meta-llama/llama-3.1-8b-instruct,8_9,"Er was eens een prinses die heette Sophia. Ze woonde in een schattig kasteel met een groene tuin vol bloemen. Sophia was een lief kind, maar ze had een heel speciaal talent: ze kon praten met dieren! 

Een keer ging Sophia met haar beste vriendin, een konijn genaamd Flopsy, op pad. Ze liepen door de tuin en zagen een grote, donkere grot. Flopsy was bang, maar Sophia zei: ""Nee, niks aan de hand. Ik ga kijken."" Ze stapte naar binnen en riep naar Flopsy: ""Kom hier, ik vind iets leuks!""

Binnenin de grot was het donker, maar Sophia hoorde een stem: ""Hallo, Sophia? Hier ben ik!"" Het was een oude vos. Hij vertelde haar dat hij vastzit in de grot en dat niemand hem kan helpen. Sophia zei: ""Maar ik kan je helpen! Ik kan je uit die grot halen!"" En zo deed ze ook. Ze hielp de vos en hij beloofde haar dat hij haar altijd zou helpen als ze dat nodig had."
161,meta-llama/llama-3.1-8b-instruct,8_9,"We waren op een kamp. M'n beste vriendje is Joris. Hij is super slim. Hij heeft een hond, een golden retriever. Zijn naam is Max. We waren met de groep op een kamp. De groep was heel groot.

Joris en ik zijn naar de rivier gelopen. Daar ging hij zwemmen met Max. Hij sprong ineens in het water. Max kwam ook met hem mee. En toen zag ik een vis. Hij was zo groot als mijn hand. Hij zwom heel snel langs Joris. En toen ging-ie onder water.

Joris was heel helder en hij zei: ""Ik zie hem!"" Max ging ook zwemmen. En toen ging-ie heel snel langs Joris. Joris was heel blij. En toen zeiden we: ""Hé, Joris, je hebt een hengel!"" Joris was heel blij en hij ving de vis. We waren allemaal heel blij. We namen hem mee terug naar de groep. Daar kookten we hem. Hij was heel lekker."
162,meta-llama/llama-3.1-8b-instruct,8_9,"Een tijdje geleden woonde er een hond genaamd Max. Max was een prachtige hond, hij was bruin en had een lange staart. Max woonde bij een meisje genaamd Emma. Emma had Max gekregen toen ze nog maar klein was en Max was altijd bij haar in de buurt geweest.

Max was heel slim, hij kon zelfs op de stoel van Emma springen als ze aan het eten was. Emma vond het heel leuk om met Max te spelen, ze gooiden bal en speelden verstoppertje in de tuin.

Maar een keer ging Max nog een stukje verder dan normaal. Hij holde naar de straat en kwam terug met een grote, vieze vloerkaart in zijn bek. Emma schrok heel erg en riep ""Max, nee! Laat los!"" maar Max hield de kaart gewoon vast. Uiteindelijk moest Emma hem een snoepje geven om los te laten. Max had wel gewonnen, maar Emma had wel een hoop werk om de kaart schoon te maken..."
163,meta-llama/llama-3.1-8b-instruct,8_9,"Er was eens een kat genaamd Max. Hij was heel snel en kon overal in de stad. Hij kwam bij een kleine haven en daar zat een boot. Die boot was leeg en hij kon erop.

Hij ging op de boot en begon te zeilen. De wind deed hem vliegen en hij was zo blij. Hij ging naar een mooie eiland met palmbomen en een wit strand. Daar zat een meeuw die zei: ""Hallo, wat doe je hier?""

Max zei: ""Ik ben op vakantie!"" De meeuw vroeg: ""Wil je hier blijven?"" Max zei: ""Ja, ik wil hier blijven!"" En zo bleef hij op het eiland en had het een beetje warm.

Maar na een tijdje ging hij terug naar huis. Hij was heel moe en had veel gelachen. Hij kwam terug bij de haven en daarna kwam hij bij zijn huis. Hij sliep een beetje en toen hij wakker was, zei hij tegen zijn vriend: ""Ik was op vakantie!"""
164,meta-llama/llama-3.1-8b-instruct,8_9,"Er was eens een hond genaamd Max. Hij was super leuk en had een dikke pluim op zijn neus. Max woonde bij een oudere man genaamd meneer Thompson. Meneer Thompson was een beetje moeilijk om uit te leggen, hij was een beetje raar, net als mijn oom.

Max en meneer Thompson gingen elke dag wandelen. Meneer Thompson had een speciale tas bij zich en Max mocht altijd mee. Op een dag zagen ze een klein vogeltje op de grond liggen. Meneer Thompson zei: ""O, dat vogeltje is ziek!"" En hij pakte de vogel op.

Max was heel boos en begon te blaffen. Meneer Thompson zei: ""Rustig maar, Max! Ik ga het vogeltje naar de dierenarts brengen."" Max was nog steeds boos, maar hij liep toch mee. Toen ze bij de dierenarts waren, zat de vogel alweer op de hand van de dokter. Meneer Thompson glimlachte en zei: ""Zie je wel, Max? Het vogeltje is goed!"" Max keek hem aan en besloot dat meneer Thompson niet zo raar was als hij dacht."
165,meta-llama/llama-3.1-8b-instruct,8_9,"Er was eens een hond genaamd Max. Hij was een hondje van een vriend van mijn broer. Max was heel erg snel en hij hield van rennen. Een keer was hij bij ons op bezoek en hij rende heel snel rond in de tuin. Mijn broer en ik moesten hem achterna rennen, maar hij was veel te snel. Hij rende naar de achtertuin en hij sprong over de trampoline. Mijn broer en ik lachten heel hard toen we hem zagen springen. Toen kwam hij naar ons toe en hij begon meteen te janken. We gaven hem een bakje water en hij dronk het meteen op. Daarna ging hij liggen en hij sliep heel snel. Mijn broer en ik moesten hem maar even alleen laten slapen. We gingen naar binnen en we keken uit het raam. Max lag nog steeds te slapen. Toen we hem later wekten, vroeg hij meteen of hij nog een keer kon rennen."
166,meta-llama/llama-3.1-8b-instruct,8_9,"Er was eens een hond genaamd Max. Hij was super snel en kon overal in de buurt rennen. Hij had een vriendje genaamd Bob, die een vogeltje was. Die Bob kon vliegen en Max kon rennen. Samen waren ze een geweldig team.

Een keer ging Bob op avontuur en vond een schat. Die schat zat op een stuk land dat niet toegankelijk was. Bob kon er niet meer in, maar Max kon wel rennen en de schat ophalen. Hij rende zo hard als hij kon en kwam bij de schat. Hij pakte hem op en rende terug naar Bob.

Toen hij terugkwam, zei Bob: ""Bedankt Max! We zijn het rijkst in de buurt."" Max en Bob gingen met de schat spelen en werden de helden van de buurt."
167,meta-llama/llama-3.1-8b-instruct,8_9,"Er was eens een prinsesje, ze heette Sophia. Sophia was heel mooi en had heel lange haren. Zij woonde in een kasteel met een moeder en een vader. Vader was de koning. 

Sophia had een liefdespaard, dat heette Zilver. Zilver was super snel. Sophia en Zilver gingen vaak op avontuur door het bos. Ze zochten na al het mooiste bloemen en zongen zanglustig mee met de vogeltjes.

Een keer kwam Sophia langs een berg. Ze besloot om Zilver te vragen of ze over de berg mochten klimmen. Zilver zei ""gaatje"". Ze gingen naar boven en toen ze boven aankwamen, zagen ze een kasteel van een tovenaar. Sophia werd nieuwsgierig en besloot om met Zilver naar binnen te gaan.

De tovenaar vroeg wie er binnen waren gekomen. Sophia zei dat ze was gekomen om te kijken. De tovenaar was niet blij en liet een slang los. Sophia had niet veel tijd om weg te gaan. Zilver rende weg en bracht Sophia veilig terug bij haar ouders."
168,meta-llama/llama-3.1-8b-instruct,8_9,"Er was eens een hond genaamd Max. Hij was een super hond, hij kon zo hard rennen dat hij bijna even snel was als een autobus. Max had een beste vriend genaamd Ben. Ben kon heel goed tekenen en hij had een eigen tekenstudio in zijn tuin.

Een dag ging Max naar het tekenstudio van Ben. Ben was bezig met een tekening van een goudhaas. De goudhaas was heel mooi, hij had een gouden vacht en hij had prachtige ogen. Max vond de tekening zo mooi dat hij er niet van weg kon komen. Ben zei: ""Max, ik ga de goudhaas leven in het bos."" En Max zei: ""Ja, ik ga met je mee!""

Samen gingen Ben en Max op avontuur in het bos. Ze zochten naar de goudhaas en toen ze hem eindelijk vonden was hij echt heel mooi. Max en Ben namen elkaar bij de hand en ze zeiden: ""We hebben de goudhaas gevonden!"""
169,meta-llama/llama-3.1-8b-instruct,8_9,"Er was eens een hondje genaamd Rufus. Rufus was echt super, hij was rood en hij had een lange staart. Hij woonde bij een meisje genaamd Emma. Emma was lief voor Rufus en ze speelde met hem in de tuin.

Maar één dag ging Rufus een beetje ver. Hij liep zo ver dat hij bij een rivier kwam. Hij wilde een bootje zien, want hij had er nooit een gezien. Toen hij het water zag, wist hij niet wat hij moest doen. Hij was bang voor het water.

Rufus liep rond en rond langs de rivier en hij vroeg zich af hoe hij terugging naar Emma. Toen hoorde hij een stem achter hem. Het was een oude hond die zei: ""Hallo, jongen. Wil je echt niet in het water? Ik kan je helpen."" Rufus knikte en de oude hond zei: ""Kom, dan laten we een boot maken.""

De oude hond en Rufus maakten samen een bootje met bladeren en stokken. Rufus ging erop zitten en de oude hond zei: ""Ik ga met je mee."" Ze gingen op het water en Rufus zag de bootje heel goed werkend. Toen ze bij de overkant waren, zei de oude hond: ""Nu is het tijd om terug te gaan naar Emma."" Rufus wist dat hij nu echt terug moest gaan. Hij zei dankjewel aan de oude hond en dan ging hij terug naar Emma."
170,meta-llama/llama-3.1-8b-instruct,8_9,"Ik ken een meisje dat heel vaak naar de dierenwinkel gaat. Ze heet Sophie. Sophie heeft een konijn genaamd Flik. Flik is heel lief, maar hij is ook heel snel. Hij loopt altijd rond in zijn hok en hij heeft heel veel speelgoed.

Een keer ging Sophie naar de dierenwinkel met haar moeder. Daar zag ze een heel grote, maar heel lief kaboutervarken. Ze wilde het graag hebben. Maar haar moeder zei: ""Nee, Flik is al genoeg."" Sophie was heel verdrietig. Maar toen ging ze naar Flik en zei: ""Flik, ik heb een vriendje gevonden voor jou."" En toen nam ze Flik en het kaboutervarken met elkaar kennismaken.

Nu spelen Flik en het kaboutervarken samen in het hok. En Sophie is heel gelukkig."
171,meta-llama/llama-3.1-8b-instruct,8_9,"We waren op de speeltuin bij ons huis. Mijn vriend René en ik. We speelden verstoppertje. Ik verstopte me in de schommels. René moest me zoeken. Hij ging met zijn ogen dicht naar de schommels en hij schreeuwde: ""Heb je me gezien?!"" Ik bleef stil. Hij ging nog eens. Hij riep nog eens. Ik bleef stil. Hij draaide zich om en hij ging naar het andere eind van de schommels. Toen hoorde ik hem schreeuwen: ""Ik heb je gevonden!"" Ik stak mijn hand op. Hij kwam naar me toe en hij zei: ""Ik wist al dat je daar zat!"" We lachten. Toen gingen we naar de trampoline. We sprongen zo hoog mogelijk. De trampoline was zo zacht. We vielen op de grond. We lachten weer."
172,meta-llama/llama-3.1-8b-instruct,8_9,"Er was een keer een hond die zijn naam was Max. Hij was heel snel en had een mooi witte vacht. Max woonde bij een jongen die hij heel graag gezien had. De jongen wilde heel graag een hond en hij had een Max gekregen. Iedere dag ging de jongen met Max naar het park. Max liep daar rond en speelde met andere honden. Hij was heel slim en kon heel goed springen.

Een keer was de jongen van school en hij had zijn fiets laten staan. Toen hij thuiskwam was zijn fiets verdwenen. Hij dacht dat iemand zijn fiets gestolen had. Maar toen hij naar het park ging, zag hij Max met zijn fiets aan de katapult hangen. Max had zijn fiets opgepikt en hij had hem naar zijn vertrekken genomen. De jongen was heel blij en hij gaf Max een grote knuffel. Hij had nooit gedacht dat zijn fiets zo ver zou gaan."
173,meta-llama/llama-3.1-8b-instruct,8_9,"Er was één keer een jonge hond. Hij heette Max. Max was heel snel. Hij kon de hele straat over in een seconde. Hij was zwart en had rode ogen.

Max had een vriendje, een kat genaamd Whiskers. Whiskers was heel sluw. Hij kon door een gat alsof hij een magiër was. Max en Whiskers waren altijd samen op avontuur.

Een keer wilden ze een appel plukken uit de boom van de buurman. Max ging als eerste. Hij klom de boom in en bracht de appel naar beneden. Maar toen Max naar beneden kwam, viel de appel uit zijn bek. Whiskers kon hem niet stoppen. De appel viel op de grond en rolde weg.

Max en Whiskers zochten de appel. Eindelijk vonden ze hem achter de groenteboer. De groenteboer vroeg waarom ze de appel hadden. Max en Whiskers zeiden dat ze hem hadden gevonden. De groenteboer gaf hen de appel en ze gingen naar huis. Ze aten de appel en ze waren heel gelukkig."
174,meta-llama/llama-3.1-8b-instruct,8_9,"Er was eens een hondje genaamd Max. Hij was een heel lief en slim hondje. Max woonde bij een meisje genaamd Sophie. Sophie had Max gekregen toen hij nog heel klein was. Max was toen al heel lief geweest. Hij had Sophie elk moment beantwoord, hij was haar beste vriend.

Maar toen ging Sophie weg met haar familie naar de zee. Max was heel verdrietig. Hij had Sophie echt nodig. Maar hij ging met haar mee naar de zee. Toen ze bij de zee waren, ging Sophie met haar familie zwemmen. Max ging ook met haar mee, hij was niet bang voor de zee. Hij had Sophie nodig en hij wilde niet meer dan zij.

Maar toen Sophie ging duiken, ging Max ook mee. Hij was heel slim en ging niet beneden. Maar toen Sophie bovenkwam, was Max verzonken in het water. Sophie was heel bang en riep om hulp. Enkele minuten later kwam er een redder en redde Sophie en Max uit het water. Sophie was heel dankbaar en sloeg Max stevig op zijn rug. Max was heel blij dat hij Sophie veilig had gezien."
175,meta-llama/llama-3.1-8b-instruct,8_9,"Er was eens een hond genaamd Max. Hij was super slim en kon zelfs trappen doen. Hij woonde bij een meisje dat genaamd Sophie heette. Sophie en Max waren dikke vrienden. Ze gingen samen naar de speeltuin en Max kon altijd de trampoline op en af springen.

Toen kwam er een dag dat er een storm kwam. Het waaide zo hard dat de ramen van het huis raakten te klappen. Max was bang. Hij ging onder de bank liggen en begon te janken. Sophie ging naar hem toe en zei: ""Rustig maar, Max. Ik ben bij je.""

Maar toen hoorden ze een geluid. Het klonk alsof er iemand in de tuin was. Max begon te blaffen en Sophie ging kijken. En ja hoor, er stond een kleine vos in de tuin. De vos was ook bang van de storm en hij vroeg of hij bij hen kon komen.

Sophie en Max lieten hem binnen en ze gaven hem een bakje water. De vos heette Pip en hij werd een nieuwe vriend van Sophie en Max. Vanaf die dag gingen ze samen op avontuur."
176,meta-llama/llama-3.1-8b-instruct,8_9,"Er was eens een prinsesje die een liefde had voor paarden. Ze heette Sophia en woonde in een groot kasteel met haar vader, de koning. Sophia had een paard, het heette Snowdrop en was wit als sneeuw. Sophia en Snowdrop waren altijd bij elkaar.

Een dag verraste Sophia de koning en koningin met een groot idee. Ze wilden een feest geven voor alle kinderen in het land en Snowdrop zou tijdens het feest rijden. De koning en koningin vonden het een goed idee, dus begonnen ze met het plannen van het feest.

Op de dag van het feest kwamen alle kinderen en Sophia reed Snowdrop door de straat. Alle kinderen waren zo blij en Sophia was zo blij om Snowdrop te kunnen laten zien. Sophia en Snowdrop werden echt het middelpunt van het feest."
177,meta-llama/llama-3.1-8b-instruct,8_9,"Er was een hond met een witte vacht en een rode neus. Hij heette Max. Max woonde bij een oudere man in een klein huisje met een grote tuin. De tuin was vol met bomen en bloemen. Max kon overal in de tuin rondlopen. Hij ging graag naar het water, daarnaast stond een grote schommel. Max ging vaak op die schommel zitten en dan schommelde hij heen en weer.

Een keer zag Max in de tuin een nest met vogeltjes. Ze waren klein en wit. Max wilde ze niet storen, dus hij ging zitten en keek naar hen. Hij zag dat ze uit het nest kropen en op de grond liepen. Een van de vogeltjes viel en Max holde erheen. Hij pakte het vogeltje op en bracht het terug naar het nest. De moeder vogel was heel dankbaar. Max werd een held."
178,meta-llama/llama-3.1-8b-instruct,8_9,"Er was eens een goudhaas. Hij woonde in een berg. Hij was heel rijk omdat hij veel goud had. Maar hij was ook heel eenzaam omdat hij geen vrienden had.

Eén keer was hij heel moe. Hij liep naar beneden in de berg om water te halen. Toen hij water zag, slurpte hij het snel op. Maar hij zag ook een jonge vos. De vos had een gebroken poot.

De vos had hulp nodig. De goudhaas hielp hem. Hij nam de vos naar zijn goudkamer. Daar legde hij brokken hout neer. De vos kon nu rusten.

De vos was heel dankbaar. Hij wilde de goudhaas bedanken. Maar hij had niets om hem te geven. Hij gaf hem een knuffel.

De goudhaas was heel blij. Hij had een vriend gekregen. Sindsdien gingen ze samen op pad. Ze vonden veel interessante dingen in de berg."
179,meta-llama/llama-3.1-8b-instruct,8_9,"Er was eens een prinses. Die woonde in een kasteel met haar moeder. De moeder was heel mooi en had een magische kroon. Ze droeg hem altijd op haar hoofd. Maar de prinses vond de kroon niet mooi. Ze vond hem juist vies.

De prinses vroeg haar moeder: ""Moeder, waarom moet je die kroon altijd dragen?"" De moeder antwoordde: ""Omdat ik de koningin ben, zo hoort het!"" De prinses vroeg: ""Maar waarom is die kroon zo vies?"" De moeder zei: ""Dat is omdat ik hem al heel lang draag.""

De prinses zei: ""Ik wil hem graag afnemen, Moeder."" De moeder zei: ""Nee, dat mag niet. Ik ben de koningin."" De prinses nam de kroon toch af. Toen werd haar moeder heel boos. Toen de moeder de kroon af had, kwam er een magische vogel uit de kroon. Die vogel begon te zingen. De prinses en haar moeder begonnen ook te zingen. En toen werden ze allebei heel mooi."
180,meta-llama/llama-3.1-8b-instruct,8_9,"Er was eens een appeltaart van tante Mie. Die appel-taart was SUPER lekkers. Mijn beste vriendin, Soes, had bij haar op bezoek. Tante Mie zei: ""Willen jullie een stuk appeltaart?"" Soes en ik keken elkaar aan en zeiden allebei: ""Jaaaa!""

Tante Mie snijdt de appeltaart in stukjes en geeft er een aan Soes en een aan mij. We eten en het is zo lekker! De appeltaart is zo zoet en de aardbeien uit de taart zijn een aparte smaak. Soes en ik beleven een leuke dag bij tante Mie. Na de appeltaart gaan we een tijdje buiten spelen. We rennen, springen en lachen. Tante Mie zit op het terras en kijkt naar ons. Ze glimlacht en zegt: ""Jullie zijn zo leuk!""

En dan, ineens, vraagt Soes of ze bij mij mag slapen. Ik zeg ja! En we gaan naar binnen. Tante Mie geeft ons beide een dekentje en we gaan slapen. Morgen gaan we weer naar huis."
181,meta-llama/llama-3.1-8b-instruct,8_9,"Er was eens een vos. Hij heette Vosje. Vosje was heel slim en hij kon super snel rennen. Hij woonde in een bos met veel andere dieren. 

Een keer, toen het zonnig was, ging Vosje op jacht. Hij zag een konijn. Dat konijn had een grote schat verstopt in zijn hol. Vosje wist dat hij die schat wilde hebben. Hij begon heel snel te rennen, maar het konijn was ook heel snel. 

Toen Vosje dichtbij het hol was, sprong hij plotseling naar voren. Maar het konijn had een val voor hem gezet. Vosje viel in een gat en kwam niet uit. Hij riep: ""Help!"" 

Maar niemand hoorde hem. De dieren in het bos waren allemaal buiten. Eindelijk kwam een vos-instructeur. Die vos-instructeur had ook gereden. Hij zag Vosje in het gat liggen en hij zei: ""Hulp!"" 

Toen kwamen er een groep dieren aan om Vosje te helpen. Ze trokken hem uit het gat. Vosje was heel blij en hij bedankte alle dieren."
182,meta-llama/llama-3.1-8b-instruct,8_9,"Er was eens een hond genaamd Max. Hij was een hele leuke hond, hij was bruin en had een grote snuit. Max woonde bij een meisje dat Sien heette. Sien was heel lief, ze gaf Max altijd veel aandacht.

Max en Sien gingen samen naar het park. Daar zochten ze een bal. Max vond hem en bracht hem terug naar Sien. Sien was heel blij en gaf Max een knuffel. Toen liep Max weg en ging hij met zijn vrienden spelen.

Maar toen Sien naar huis ging, zag ze dat Max niet meer bij zijn vrienden was. Ze riep hem en hij kwam meteen terug. Sien was heel blij dat Max naar haar terugkwam.

's Avonds ging Sien naar bed, maar Max bleef wakker. Hij hield de wacht, want hij wilde dat niets mis zou gaan. Toen Sien wakker werd, zei ze tegen Max: ""Dank je wel, Max, je bent een goede hond."" Max glimlachte en ging naast Sien liggen slapen."
183,meta-llama/llama-3.1-8b-instruct,8_9,"We waren op vakantie bij mijn opa. Hij heeft een boot en hij zeilt met mijn opa zeggen. Mijn zusje en ik mochten mee.

Mijn opa zei: ""Wie wil er in de kuip?"" Mijn zusje en ik zeiden allebei ""ik!"" Mijn zusje ging in de kuip, maar toen we weggingen, ging ze overboord. Ze viel in het water!

Ik zei: ""Opa, mijn zusje is in het water!"" Mijn opa lachte en zei: ""Blijf stil, ik kom eraan!"" Hij rende naar de kuip en gooide een touw in het water.

Mijn zusje greep het touw vast en mijn opa trok haar naar binnen. Ze was helemaal nat en hij lachte en zei: ""Je bent één natte meid!"" Mijn zusje lachte en ik lachte ook.

Mijn opa zei: ""Wat wil je doen nu? We gaan nog een keer uit varen!"" Mijn zusje en ik zeiden allebei ""ja!"""
184,meta-llama/llama-3.1-8b-instruct,8_9,"Er was eens een meisje dat een hond had genaamd Max. Hij was zo groot als een beer. Max was heel snel en heel slim. Hij kon zelfs op de fiets van mijn broer zitten en hij kon zelfs rijden. Nou, maar dat deed hij maar als mijn broer er niet was.

Een keer was mijn broer bij zijn vrienden en Max was helemaal alleen. Op een gegeven moment kwam een vent die eigenlijk een echte papa was, maar die niet echt een papa was. Hij had een hond die net zo groot als Max was. Hij had hem zelfs een naam gegeven: Rex. Rex was ook heel snel en heel slim.

Max en Rex waren meteen beste vrienden. Ze liepen samen over straat en ze renden samen door het park. Mijn broer was heel blij toen hij terugkwam en hij zag dat Max en Rex zo goed met elkaar omgingen. Hij riep bijna uit: ""Max, je hebt een zus!"""
185,meta-llama/llama-3.1-8b-instruct,8_9,"Er was een keer een hond, hij heette Max. Max was een superhond. Hij kon heel hard rennen en hij kon springen als een schimmel. Max woonde bij een meisje genaamd Lisa. Lisa was mijn beste vriendin.

Max had een speciale gave. Hij kon vinden wat er verloren was gegaan. Zo had hij ooit Lisas favoriete speeltje, een roze bal, gevonden in het park. En hij had ook Lisas telefoon gevonden die ze in het strand had laten liggen.

Eén keer ging Lisa en Max op avontuur in het bos. Ze liepen een beetje verder dan ze hadden moeten en toen hoorden ze een geluid. Lisa was bang, maar Max stond erbij en blafte niet. Hij keek omhoog en daar zag hij een os op een kleine hoogte. Max kwam ernaartoe en Lisa was zo trots op hem. Ze zijn altijd heel goede vrienden geweest."
186,meta-llama/llama-3.1-8b-instruct,8_9,"Er was eens een hondje genaamd Max. Hij was een heel lief hondje en woonde bij een familie met twee kinderen. Die kinderen hadden een trampoline in de tuin en Max hield er heel veel van om daarop te spelen. Hij zou altijd vliegen en dan zo hard lachen. 

Een keer was hij heel snel, hij vloog zo hoog dat hij de bal van de trampoline in de tuin van de buren meekreeg. De buren hadden geen hond. Max nam de bal mee naar zijn eigen huis. De kinderen waren heel boos op Max. ""Max, dat is van de buren!"" Het hondje keek heel verdrietig, maar hij gaf de bal niet terug. 

Toen gaf de oudste kind een oplossing. ""We geven een andere bal aan de buren en die gaan ze aan Max geven."" En zo was het afgelopen. Max kreeg zijn straf en hij kreeg een nieuwe bal. Hij was heel blij."
187,meta-llama/llama-3.1-8b-instruct,8_9,"Een keer heb ik een leuke hond gezien. Hij was heel groot en had een rode vacht. Zijn naam was Roodje. Hij woonde bij een oude mevrouw die in een klein huis woonde. Zij was heel lief voor hem.

Roodje ging elke dag naar het park. Daar kon hij rennen en spelen met andere honden. Maar Roodje had een speciale vriend. Dat was een jonge kat. Hij heette Kwik. Kwik was heel snel en kon overal aankomen.

Eén keer waren Roodje en Kwik samen in het park. Ze speelden samen en renden over het gras. Maar toen kwamen er twee honden op hen af. Die waren heel groot en wild. Roodje en Kwik waren bang.

Maar Roodje was heel sterk en besloot om de twee honden af te weren. Hij begon te blaffen en ging recht op hen af. De honden waren bang en gingen weg. Roodje en Kwik waren heel blij en geloofden dat ze heel dapper waren. De oude mevrouw was ook heel blij en gaf Roodje een knuffel."
188,meta-llama/llama-3.1-8b-instruct,8_9,"Eerlijk gezegd, mijn vriend Bas heeft een geweldig verhaal. Vorige week ging hij met zijn familie op een vakantie naar de zee. Ze gingen naar een hotel dat aan zee stond. Mijn vriend Bas was super blij om daar te zijn. Hij hield er van om met zijn vader in het water te spelen. Ze gooiden elkaar in het water, en zijn vader deed alsof hij een walvis was. Bas vond het zo leuk dat hij bijna in de panen van de walvis viel. Toen het avond werd, ging hij met zijn moeder en zusje op een duikboot. Ze zagen veel leuke dingen, zoals een haai en een komeetvis. Bas vond het echt een top vakantie. Hij wil er nog een keer naartoe."
189,meta-llama/llama-3.1-8b-instruct,8_9,"Ik ken een meisje, haar naam is Lente. Ze heeft een kat, die heet Misty. Misty is zo'n kat die altijd verdwaalt. Een keer ging Lente op pad met Misty. Ze liep door de bossen, Misty rende voor haar uit.

plotseling hoorde Lente een geluid. Ze keek om, maar er was niets te zien. Misty was verdwenen. Lente liep terug, ze riep ""Misty!"" maar er kwam geen antwoord. Ze liep nog verder, nog harder, want ze moest haar kat vinden.

Toen zag ze een schommel. Hij zwaaide heen en weer. Misty zat op de schommel. Lente was zo blij dat ze Misty weer zag. Ze rende naar de schommel en pakte Misty op. ""Wat deed je hier?"" vroeg ze aan Misty, maar Misty was te moe om te antwoorden. Ze begon te slapen in Lentes armen."
190,meta-llama/llama-3.1-8b-instruct,8_9,"Er was eens een hondje dat heette Max. Hij was zo snel als een zeemeeuw. Max had een beste vriend, een katje dat Whiskers heette. Ze woonden allebei bij een oudere man, meneer Thompson.

Een keer keken Max en Whiskers naar meneer Thompson, terwijl hij in de tuin woekerde. Hij zocht naar iets. Hij hield zijn hoofd schuin en keek echt grondig. Max en Whiskers wisten niet wat hij zocht.

Meneer Thompson vond eindelijk iets: een oude goudstake. Hij was zo blij dat hij het vond en hij riep ""Ha! Ik wist wel dat ik hem had verloren!"" Met de goudstake in zijn hand ging hij naar binnen.

Max en Whiskers keken elkaar aan en dachten: ""Wat is er aan de hand?"" Toen ze binnengingen, zagen ze dat meneer Thompson het goud stak in een grote doos. Hij was zo blij dat hij een feestje ging geven voor zijn hond en zijn kat. Max en Whiskers waren zo blij dat ze een groot feestje gaven met alle dieren in de buurt."
191,meta-llama/llama-3.1-8b-instruct,8_9,"Er was eens een hond genaamd Max. Hij was een heel lief ding en had een vlam voor avonturen. Max woonde bij een vriend van mijn vader, hij heet Tom. Tom werkt niet maar heeft een heel groot huis. Max mocht daar altijd komen spelen. 

Een dag ging Tom met Max op zoek naar een nieuwe vriend voor Max. Ze kwamen bij een dierenwinkel en daar zagen ze een kleine hond met een felgroen oog. Max werd heel nieuwsgierig en begon te blaffen. De kleine hond keek op en zag Max. Hij begon ook te blaffen. Tom zei ""Dat is hij, dit is je nieuwe vriend!"" En zo werd er een nieuw vriendje voor Max. Zijn naam was groen oog. Max en groen oog werden heel goed vrienden en gingen samen op avontuur."
192,meta-llama/llama-3.1-8b-instruct,8_9,"Er was eens een hondje genaamde Max. Hij was heel snel en had een vlammetje in zijn ogen. Max woonde bij een oudere dame, die heel lief was. Zij had hem een rode banden om zijn hals gedaan, zodat hij sneller terug kon vinden.

Maar Max was niet zo slim. Hij ging nog steeds verdwaald. Toen ging hij bij een groep vrienden, die allemaal honden waren. Ze hadden een bos waar ze vaak speelden. Toen Max daar was, ontdekte hij een klein hondje, dat echt verdwaald was.

Dat kleine hondje was heel bang. Max was heel lief en ging naast het kleine hondje zitten. Hij bleef bij het kleine hondje tot de oudere dame hem vond. Toen zei ze tegen het kleine hondje: ""Dank je wel, Max!"" max ging dan ook met het kleine hondje mee en ze werden allebei niet meer verdwaald."
193,meta-llama/llama-3.1-8b-instruct,8_9,"Er was eens een hond genaamd Max. Hij was super snel en had een prachtige oranje vacht. Max woonde bij een meisje dat ik ken, Maya. Maya was heel lief en speelde graag met Max.

Een dag had Maya een fantastische idee. Ze pakte een touw en bond het aan een groot boomstam. ""Kom Max, laten we een touwrennenwedstrijd houden!"" riep Maya. Max sprong van enthousiasme. Hij was super snel en vloog over het touw.

Maya was heel snel ook, maar Max was sneller. Hij won de wedstrijd en Maya gaf hem een knuffel. ""Je bent de snelste hond van de wereld, Max!"" riep Maya. Max blafte gelukkig en snuffelde aan Maya's hand. Hij was heel blij. Na de wedstrijd aten ze samen een lekkere broodje."
194,meta-llama/llama-3.1-8b-instruct,8_9,"Er was eens een konijn. Hij heette Benny. Hij was heel snel. Hij kon in één seconde van de ene kant van de tuin naar de andere kant lopen. Alles was groen en er was veel bloemen. Benny hield van appels. Hij had een zak waarin hij appels bewaarde. Hij had er altijd twee of drie in zijn zak.

Een dag was heel warm. Benny was moe. Hij had niet geslapen. Hij had heel veel gespeeld. Toen hij in zijn hol lag, hoorde hij een geluid. Het was een jonge vink. Hij vroeg of Benny hem wilde helpen. De vink wilde een appel van een boom hebben. Benny zei: ""Ja, maar je moet me helpen. Ik ben moe. Ik kan niet op de boom klimmen.""

De vink zei ""Ja, ik doe het wel"". Maar hij wist niet hoe. Benny zei: ""Wacht even, ik kom bij je."" Toen hij daar was, zei hij: ""Je moet je klauwen in de boom zetten en dan zo omhoog klimmen"". De vink deed dat. Toen hij boven was, nam hij een appel en kwam weer omlaag. Hij gaf Benny de appel. Benny was heel blij. Hij bedankte de vink en zei: ""Ik ben je altijd verschuldigd""."
195,meta-llama/llama-3.1-8b-instruct,8_9,"Er was een prinses die heette Sophia. Ze was erg mooi en had lange blonde haren. Ze woonde in een groot kasteel met haar ouders, de koning en de koningin.

Een dag kwam er een boze tovenaar naar het kasteel. Hij was erg geërgerd en zei dat hij de prinses wilde kidnappen. De koning en de koningin waren erg bang en vroegen hun soldaten om de boze tovenaar te stoppen.

Maar de tovenaar was te sterk en hij kon de soldaten verslaan. Hij pakte Sophia op en vluchtte weg. De koning en de koningin waren erg verdrietig en vroegen al hun vrienden om hulp.

Een bekende held, de Grote Ridders, kwam naar het kasteel en beloofde dat hij Sophia zou redden. De Grote Ridders ging met zijn paard en zwaard de tovenaar zoeken en eindelijk vond hij hem in een donkere kloof.

De Grote Ridders vocht tegen de tovenaar en uiteindelijk versloeg hij hem. Sophia werd bevrijd en ging weer naar huis. De koning en de koningin waren erg dankbaar en gaven de Grote Ridders een grote beloning.

Sophia was erg dankbaar en sloeg de Grote Ridders op de schouders en zei: ""Dank je wel, Grote Ridders! Jij bent de beste ridder in het hele land!"""
196,meta-llama/llama-3.1-8b-instruct,8_9,"Er was eens een hond genaamd Max. Hij was een superhond, hij kon rennen zoals een renpaard! Hij had een vriend, een kat genaamd Whiskers. Hij was heel slank en kon overal doorheen kruipen.

Max en Whiskers waren zo beste vrienden, ze gingen altijd samen op avontuur. Ze zochten naar eieren in de tuin, maar Max was altijd te laat en dan bleken de eieren al door een vos gestolen te zijn.

Een keer was Max zo boos dat hij de vos achterna ging. Hij rende zo hard dat zijn pootjes vlogen en hij was boven op de vos voordat die zelfs maar kon schreeuwen. ""Ha! Nu heb ik de eieren terug!"" riep Max.

Maar toen hij thuiskwam, zat Whiskers al te eten met de eieren. ""Haha, je bent te laat, Max!"", zei Whiskers met volle mond. Max was zo boos dat hij met zijn staart begon te slaan, maar Whiskers was zo chic dat hij gewoon door bleef eten."
197,meta-llama/llama-3.1-8b-instruct,8_9,"Er was een keer een vos. Die vos was superslecht in klimmen. Hij kon niet klauteren, hij viel altijd. Hij wilde graag een appel plukken van een appelboom. Die appelboom was heel hoog, hij had stokrozen omhooggetrokken, zodat de appel niet van de tak viel. De vos keek omhoog en zei ""hmmm"". Dan zag hij een kat, die exact zoals de vos ook probeerde de appel te plukken. De vos zei ""hé, geen idee hoe je dat doet?"". De kat zei ""ja, ik probeer hem al een tijdje"". De vos en de kat werkten samen, ze gebruikten een stok om de appel op te tillen en die kon hij eindelijk. De vos en de kat waren heel blij."
198,meta-llama/llama-3.1-8b-instruct,8_9,"Er was eens een hond, hij heette Max. Max was een super hond, hij was groot en donkerbruin. Hij had twee grote oogjes die altijd alert waren. Max woonde bij een jochie genaamd Lucas. Lucas woonde in een kleine straat met veel bomen. 

Een dag ging Lucas en zijn moeder uit. Ze gingen naar de winkel om brood te kopen. Lucas liet Max in de tuin achter. Toen Lucas weg was, begon Max te kauwen op een tak. Maar dat deed hij niet goed, want de tak viel opeens naar beneden en sloeg Lucas' fiets omver! Lucas' vader was erg boos toen hij het zag. Hij zei: 'Max, je bent een slechte hond!'

Maar Lucas vond het eigenlijk wel leuk. Hij zei: 'Hé, pap, Max wilde niet slecht zijn! Hij is gewoon pech gehad!' Zijn vader lachte en zei: 'Je hebt gelijk, Lucas. Max is nou eenmaal een beetje stom.' Lucas lachte en gaf Max een knuffel."
199,meta-llama/llama-3.1-8b-instruct,8_9,"Er was een keer een prachtige hond, die heette Max. Max was een witte hond met een groene ballen in zijn bek. Hij woonde bij een dikke man met een vriendelijke glimlach. Die dikke man heette Johnny.

Johnny nam Max elke dag mee naar het park. Daar speelden Max en Johnny een spelletje met de bal. Max vloog altijd zo hoog, dat hij boven de boomtoppen uit kwam. Toen Max een keer te hoog vloog, liet hij de bal vallen en kwam hij hard op de grond terecht. Johnny was zo bang, dat hij schreeuwde: ""Max, Max, rustig maar!""

Maar Max was niet gekwetst. Hij stond op en ging weer verder met het spel. Hij vloog nog een keer te hoog, maar toen viel de bal niet, maar hij landde op de rug van Johnny. Johnny lachte en zei: ""Max, je bent de beste hond van de hele wereld!"""
200,meta-llama/llama-3.1-8b-instruct,9_10,"Er was één keer een keer een stomme hond. Hij heette Max en hij was super slim, maar hij was ook heel stom. Hij kon niet zelf water uit een beker drinken, hij kon niet zelf een bal opvangen als ik hem gooi. Maar hij was super lief.

Een keer ging ik met mijn ouders naar het strand. Max was bij ons en hij was zó opgewonden. Hij sprong en hij sprong en hij blafte zo hard dat ik dacht dat hij zou stikken.

Toen we bij het strand kwamen, ging hij meteen naar het water. Mijn vader had een bal, hij gooide hem de lucht in en Max sprong omhoog om hem te vangen. Maar hij keek niet naar de bal, hij keek naar mij. Hij dacht dat ik de bal was. En hij beet in mijn been. Ik schreeuwde zo hard dat mijn moeder dacht dat ik zou huilen.

Mijn vader lachte en hij zei: ""Hé, Max, ik denk dat je niet zo slim bent als we dachten."" En ik lachte ook en ik zei: ""Ja, Max, je bent echt stom."""
201,meta-llama/llama-3.1-8b-instruct,9_10,"Er was een keer dat ik met mijn vriendje Lennert bij hem thuis was. Hij woont in een klein huis met een tuin waar zijn moeder veel vogeltjes voert. Hij heeft een vogeltje dat een leuke naam heeft, het heet Wim.

Toen ik bij hem thuis was, ging hij naar buiten en riep Wim. Maar Wim kwam niet. Lennert ging naar binnen en vroeg zijn moeder of Wim was verdwenen. Zijn moeder zei dat ze Wim de avond ervoor had gezien.

Lennert was heel verdrietig en we zijn gaan zoeken in de tuin. We hebben onder de boom, achter het schuurtje en zelfs in de schommel gezocht. Maar Wim was nergens te vinden.

Toen we moe werden zijn we naar binnen gegaan en hebben koffie en cake gegeten met Lennerts moeder. Ze zei dat Wim wellicht verhuisd was naar een andere tuin, maar Lennert was vastbesloten om Wim te vinden."
202,meta-llama/llama-3.1-8b-instruct,9_10,"Er was eens een konijn genaamd Benny. Hij woonde in een grote boomhut met zijn vriendin Sjaan. Ze hadden een hondje genaamd Buster. Buster was heel snel en kon erg goed rennen. 

Benny en Sjaan gingen op een dag op avontuur. Ze liepen door het bos en kwamen bij een grote rivier. Benny was bang om te gaan zwemmen, maar Sjaan zei: ""Kom, ik zal je helpen!""

Sjaan nam Benny bij de hand en ze liepen samen het water in. Benny was nog steeds bang, maar Sjaan zei: ""Ik ben bij je, Benny!"" En toen ging Benny zwemmen. Ze zwommen heel ver en kwamen bij een schuilplaats. Daar waren kristalheldere wateren waar je door kon kijken. Benny was heel trots dat hij zwom.

Toen ze uit het water kwamen, stak Buster op. Hij had een vis in zijn bek. Benny en Sjaan waren heel blij en gaven Buster een knuffel. Ze gingen terug naar hun boomhut en aten een lekkere maaltijd. Benny was heel dankbaar voor Sjaan en Buster."
203,meta-llama/llama-3.1-8b-instruct,9_10,"Er was eens een duikertoren die heel hoog was. Een jongen, hij heette Jip, hij ging naar de duikertoren. Hij wilde heel hoog duiken. Hij rende naar de top en sprong van daar af. Hij was heel bang, maar hij deed het toch. Het duizelde hem, maar toen hij weer op adem was gekomen, nam hij weer een diepe adem en deed hij het nog een keer. De tweede keer was hij nog lang niet zo bang meer. Hij deed het steeds vaker en steeds vaker, hij kwam steeds sneller weer boven. Zijn vrienden keken naar hem en zeiden: ""Wow, Jip, je bent zo cool!"""
204,meta-llama/llama-3.1-8b-instruct,9_10,"Er was eens een hondje genaamd Max. Max was een lieve hond met een lange, bruine vacht en een stomme grijns op zijn gezicht. Hij woonde bij een meisje genaamd Sophie.

Sophie was een meisje van mijn leeftijd, maar ze woonde in een land ver weg van mij. Max en Sophie waren heel goed bevriend. Sophie nam Max altijd mee op pad, naar het park of naar de speeltuin.

Maar één dag ging Sophie naar de stad met haar ouders. Max bleef alleen achter op het strand. Hij was heel verdrietig en lag op zijn zij te janken. Toen hoorde hij plotseling een geluid. Het was een klein klein witte hondje dat verdwaald was. Max besloot om het hondje te helpen en samen gingen ze op ontdekkingstocht.

Ze zochten heel lang, tot ze eindelijk de eigenaar van het hondje vonden. De eigenaar was heel dankbaar en beloofde Max en Sophie te gaan zoeken als ze ooit weer verdwaald waren. Max mocht meegaan met Sophie en hij was heel gelukkig."
205,meta-llama/llama-3.1-8b-instruct,9_10,"Er was eens een hondje genaamd Max. Hij was een heel lief ding, maar hij was ook heel erg nieuwsgierig. Max woonde bij een meisje genaamd Emma. Emma was een meisje met rood haar en blauwe ogen. Ze had een klein broertje genaamd Lucas.

Emma en Lucas gingen vaak met Max op stap in de bos. Ze gingen op pad om mooie steentjes en bloemen te zoeken. Max liep altijd voorop en keek om zich heen. Hij vond altijd nieuwe dingen die hij nog niet had gezien.

Een keer gingen Emma en Lucas op pad en Max ging voorop. Hij kwam in een heel donkere hol. Hij vond een grote goudmunt in het donker. Max was erg blij. Hij kwam terug naar Emma en Lucas en happete naar de goudmunt.

Emma en Lucas waren heel blij voor Max. Maar toen hoorden ze dat in dat hol een oude vos won. Die vos was heel erg gevaarlijk. Emma en Lucas waren bang voor de vos. Maar Max was heel moedig. Hij ging terug naar het hol en sloot het deurje. De vos kon niet meer naar buiten.

Emma en Lucas waren erg blij met Max. Ze gaven hem een dikke knuffel. Max sliep die nacht heel optimaal, want hij was een held."
206,meta-llama/llama-3.1-8b-instruct,9_10,"Er was eens een hond genaamd Max. Hij was heel lief, maar soms was hij ook heel slim. Hij woonde bij een oude man die heel veel chocoladetejes had. De chocolade bij de oude man was de lekkerste van de hele wereld.

Max was heel nieuwsgierig en hij wilde altijd weten waarom de oude man zo veel chocolade had. De oude man zei altijd dat hij het voor zijn nichtje had gekocht, maar Max dacht dat de oude man gewoon veel chocolade at.

Een keer was Max heel slim. Hij had een sleutel gevonden en hij ging de kelder in. Daar zat een enorme berg chocolade! Max was heel blij en hij at alle chocolade op. Toen de oude man thuiskwam, was hij heel boos. Hij zei dat Max een slechte hond was. Maar Max deed alsof hij niets had gedaan. Hij grinnikte en ging liggen."
207,meta-llama/llama-3.1-8b-instruct,9_10,"Hadden we gisteren een feestje in de klas. De leerkracht had gezegd dat we een verhaal mochten houden, maar dat we niet mochten liegen. Nou, ik weet niet of het echt waar was, maar ik ga het je vertellen.

Er was een jongen, hij heette Max. Max was een superkunstenaar. Hij kon alles tekenen wat hij maar wilde. Hij maakte zelfs een tekening van onze leerkracht, maar dan met een piraatpet en een baard.

Toen Max naar de winkel ging, zag hij een leuke hond. De hond zag eruit als een wolf, maar hij was zo groot als een hond. De hond heette Lupus en hij was een echte held. Hij kon zelfs een kind redden van een trein.

Maar toen Max terugkwam in de klas, was zijn tekening verdwenen. Niemand wist wie het had gedaan. Dus moest Max weer een nieuwe tekening maken, maar hij was zo boos dat hij niet meer kon tekenen. Hij nam zijn tekenblok en ging naar buiten. Daar trof hij Lupus aan en hij zei: ""Lupus, ik denk dat jij mijn tekening hebt gestolen!"" Maar Lupus zei: ""Nee, ik heb niets gestolen. Ik heb zelfs je tekening gemaakt!"" En toen keek Max naar zijn tekening en zag hij dat Lupus inderdaad zijn handtekening had gezet. Max was zo blij dat hij zijn tekening aan Lupus gaf en ze werden beste vrienden."
208,meta-llama/llama-3.1-8b-instruct,9_10,"Er was eens een hond genaamd Max. Hij was super snel en had een lange vacht die voldeed aan alle kleuren van de regenboog. Hij woonde bij een klein meisje genaamd Sophie en hij was haar beste vriend.

Sophie en Max gingen altijd op avontuur in het bos achter hun huis. Ze zochten naakse vogels, sprongen over beekjes en speelden verstoppings spel. Maar op een dag vonden ze iets heel speciaals. In het bos was een klein kasteel gemaakt van takken en bladeren.

Max en Sophie dachten dat het een echte kasteel was en besloten om het te verkennen. Ze kropen door het kleine deurtje en vonden zichzelf in een ruimte vol goud en juwelen. Maar plotseling hoorden ze een roepstem. ""Hallo, ben jij daar? Ik ben de koning van het kasteel en ik heb jullie nodig om mijn schat te vinden."""
209,meta-llama/llama-3.1-8b-instruct,9_10,"Er woonde een vos met een knalrode neus. Zijn naam was Vosje. Hij woonde in een hol aan de rand van een bos. Vosje was heel slim, hij wist altijd waar hij zijn voedsel kon vinden. Hij had een kleine vriendin die een poes was. Haar naam was Poesje.

Een dag ging Poesje met Vosje op stap. Ze zochten naar stuifmeel. Poesje was heel snel, maar Vosje was sneller. Vosje vond een hele grote strook met stuifmeel. Hij at heel veel van dat strook. Poesje vond ook wat, maar Vosje vond meer.

Toen Vosje veel gegeten had, ging hij slapen. Poesje ging ook slapen, maar ze sliep heel licht. Ze hoorde een luide stem in het bos. ""Wie daar?"" vroeg de stem. Poesje stond op en ging naar de stem. Het was een grote beer. Hij vroeg aan Poesje wat hij in het bos deed. Poesje zei: ""Ik ga naar huis."" De beer zei: ""Ik ben op zoek naar stuifmeel. Wil je met me mee?"" Poesje ging met de beer mee. Vosje werd wakker en zag Poesje en de beer. Hij was heel bang. Hij ging snel weg."
210,meta-llama/llama-3.1-8b-instruct,9_10,"Er was een keer dat mijn beste vriendje, Tim, een geheime speelplek had. Hij woonde in een groot, oud huis met een enorm tuin. Hij vond het een beetje spannend om mensen mee te nemen, dus hij liet niemand er anders dan mij mee gaan. 

In zijn tuin stond een oude boom met een holle stam. Hij zei dat als je de stam in kon klimmen, je kon zien dat er een geheimzinnig kasteel in de boom stond. Ik was sceptisch, maar hij zei dat het echt bestond. Ik geloofde hem, dus ik ging mee met hem om het uit te proberen. 

We klommen in de holle stam, en ik kon niet geloven wat ik zag. Het was echt een kasteel! Tim had een kleine trap gemaakt en een klein raam. Hij had zelfs kleine bankjes en een tafel in de boom gemaakt. Het was zo cool! We speelden daar een tijdlang en ik was zo blij dat Tim me mee had genomen."
211,meta-llama/llama-3.1-8b-instruct,9_10,"Een keer was ik bij vriendinnetje van school. Ze woont bij een dorp. We gingen naar haar huis en ze vroeg of ik met haar hond wilde spelen. Ze noemde hem Rufus. Hij is een grote golden retriever en hij is super lief.

Rufus kwam naar buiten en hij was super enthousiast. Hij begon te springen en te blaffen. Ik aai en hij kwam naar me toe. Hij likte mijn handen en ik vond het geweldig.

We gingen naar het veld achter het huis van mijn vriendinnetje. Daar kon Rufus lekker rennen. Hij stak door het gras en hij was echt snel. Ik probeerde hem te volgen, maar hij was veel sneller dan ik. Hij rende naar een boom en sprong eromheen. Ik vond het echt geweldig om te zien.

Rufus kwam terug en hij was moe. Ik aaide hem nog even en hij viel in slaap. Ik moest huilen van geluk. Ik vond het zo leuk om met Rufus te spelen en ik hoop dat we nog veel meer kunnen spelen."
212,meta-llama/llama-3.1-8b-instruct,9_10,"Een keer, toen ik met mijn vrienden Maud en Tim bij hen woonden, hebben we een nachtje geslapen bij hun oude boerderij. 

Maar toen kwam er plotseling een grote, grijze hond binnen. Hij was zo groot als een paard en had grote tanden. 

Maud schreeuwde heel hard en Tim vluchtte naar zijn bed. 

Ik was super bang en ik ging ook naar mijn bed, maar toen ik me omdraaide, zag ik de hond recht in mijn gezicht kijken. Hij had heel grote, heldere ogen. 

Maar toen ging hij plotseling zitten en begon hij te knabbelen aan een oude schoen. 

Ik was zo opgelucht, ik kon weer ademhalen. De hond bleef knabbelen tot hij de schoen in kleine stukjes had verpulverd. 

Daarna ging hij zitten, keek me aan en sliep vervolgens in. 

We schrokken ons allemaal dood toen we horen dat Tim's oude hond was teruggekeerd."
213,meta-llama/llama-3.1-8b-instruct,9_10,"Er was eens een hondje genaamd Max. Hij was een prachtig rood-wit hondje met een lange staart. Max woonde bij een meisje genaamd Sophie. Sophie was heel lief en gaf Max veel aandacht. Max hield van Sophie en Sophie hield van Max.

Een dag ging Sophie op vakantie naar de zee. Max was heel verdrietig, hij wilde niet dat Sophie wegging. Maar Sophie beloofde hem dat ze snel terug zou komen. En toen Sophie weg was, ging Max naar zijn favoriete plek, de bos. Daar moest hij altijd naar het eind van de bos rennen en dan terug naar zijn huis.

Maar toen Max terug kwam, was Sophie ineens weer thuis! Ze had Max een heel speciale sleutelring gegeven. En toen Max de sleutelring zag, wist hij dat Sophie nooit meer weg zou gaan. Hij was heel gelukkig en sloeg zijn pooten om Sophie heen."
214,meta-llama/llama-3.1-8b-instruct,9_10,"Er was eens een hondje die zijn naam was Rufus. Hij was een prachtige golden retriever en hij woonde bij een oude man die zijn naam was meneer Smith. Meneer Smith was heel lief voor Rufus en Rufus hield heel veel van meneer Smith.

Een dag ging meneer Smith naar de winkel en hij liet Rufus alleen thuis. Rufus was heel nieuwsgierig en hij wilde naar buiten. Hij liep naar de voordeur en hij probeerde hem open te maken. Maar de deur was op slot.

Rufus liep naar het raam en hij probeerde het open te maken. Maar het raam was ook op slot. Rufus was heel boos en hij liet een grote trompetter horen. Meneer Smith hoorde hem en hij liep snel naar binnen.

""Mijn lieve Rufus,"" zei meneer Smith. ""Wat ben je toch een ondeugende hond."" Rufus keek hem aan en hij begon te janken. Meneer Smith lachte en hij gaf Rufus een grote knuffel. ""Kom, Rufus,"" zei hij. ""Laten we samen naar buiten gaan."" En dan ging Rufus met zijn staart tussen zijn benen mee. Hij was heel blij dat hij weer met meneer Smith kon zijn."
215,meta-llama/llama-3.1-8b-instruct,9_10,"Er was eens een hond genaamd Max. Hij was een prachtige golden retriever met een warm hart. Max woonde bij een oudere vrouw genaamd mevrouw Smith. Ze was heel lief voor Max en gaf hem veel aandacht.

Max hield van spelen buiten. Hij rende altijd rond in de tuin en achtervolgde vogels. Maar 's avonds ging hij graag binnen en lag hij naast mevrouw Smith op de bank. Ze gaf hem een knuffel en hij lag stil.

Maar toen kwam er een grote onweersbui. De wind was heel hard en er viel veel regen. Max was bang en hij ging onder de bank schuilen. Mevrouw Smith riep naar hem: ""Max, kom hier!"" En hij kwam naar haar toe. Ze gaf hem een warme knuffel en hij voelde zich veilig. De onweersbui ging langzamerhand weg en de zon kwam weer uit. Max en mevrouw Smith waren blij dat het weer beter was geworden."
216,meta-llama/llama-3.1-8b-instruct,9_10,"Er was een keer, toen ik met mijn grote broer naar de kermis was. Hij is een stuk ouder dan ik, dus hij mocht met zijn vrienden naar de grote attracties. Ik mocht alleen maar met hem naar de mini-rollercoaster.

Toen we daar aankwamen, stonden er heel veel kinderen te wachten. Mijn broer ging eerst kijken hoe lang de wachtrij was. Hij kwam terug en zei: ""We wachten een half uur!"" Ik vond dat heel lang.

Toen we eindelijk aan de beurt waren, stond mijn broer met zijn rug naar de coaster en zei: ""Ik ga eerst, dan jij!"" Ik vond dat niet eerlijk. Maar ik ging erachteraan.

Ik ging op de coaster zitten en mijn broer ging naast me zitten. Toen we allemaal klaar waren om te starten, ging de coaster plotseling omhoog. Het was alsof ik door de lucht vloog! En toen kwamen we ineens naar beneden. Het was zo'n leuk gevoel!

Mijn broer glimlachte en zei: ""Je mag kijken of ik met je naar de andere attracties mag."" Ik vond dat zo leuk. Daarna gingen we met zijn tweetjes naar de andere attracties."
217,meta-llama/llama-3.1-8b-instruct,9_10,"Er was eens een prinsesje dat in een groot kasteel woonde. Ze was heel erg lief en had prachtige blauwe ogen. Ze had een paard waar ze veel op uitreed. Haar paard heette Snowy. Snowy was wit en had een mooi gezichtje.

De prinsesje ging vaak op avontuur met Snowy. Ze reed door de bossen en over de heuvels. Een keer kwamen ze bij een meer. Het meer was prachtig en glinsterde in de zon. Snowy liep naar het water en dronk ervan.

Toen ging de prinsesje ook drinken. Maar ze viel in het water. Snowy kwam naar haar toe en hielp haar om uit het water te krijgen. De prinsesje was heel erg bedankt en omhelsde Snowy.

Na dit avontuur waren de prinsesje en Snowy de beste vrienden. Ze gingen nog veel meer op avontuur samen."
218,meta-llama/llama-3.1-8b-instruct,9_10,"Er was eens een hondje. Hij heette Max. Hij was heel snel. Max had twee beste vrienden. Ze heetten Ben en Tom. Zij gingen altijd samen zwemmen. Max kon heel goed zwemmen. Hij was zelfs beter dan Ben en Tom.

Een keer gingen ze naar het strand. Het was erg warm. Ze wilden allemaal zwemmen. Ben en Tom gingen in het water. Max ging ook naar het water. Hij zwom heel snel naar het midden. Daar stond een boot. Max ging naar de boot. Ben en Tom konden hem niet inhalen.

Toen Max bij de boot was, begon de boot te bewegen. Ben en Tom waren erg bang. Zij dachten dat Max in de boot zat. Maar Max was nog steeds in het water. Hij zwom naar Ben en Tom. Toen hij bij hen was, keek hij naar de boot. De boot ging naar het strand. Ben en Tom waren heel blij. Max was ook blij. Hij had zijn beste vrienden gered."
219,meta-llama/llama-3.1-8b-instruct,9_10,"We waren op kamp. Mijn zusje was daar ook. Ze is een jaar jonger dan ik. We zaten met een groep meisjes in een tent. Mijn zusje had een leuke kaart. Ze had hem van haar vriendin gekregen. De kaart was van een prinses. Die prinses had een paard. Ze woonde in een kasteel. 

De prinses had een vriendje. Die vriendje was een prins. Hij was heel knap. De prinses en de prins gingen samen naar het kasteel. Ze reden op het paard. Mijn zusje en ik wilden ook naar het kasteel. We wilden daar ook een prinses zijn. De kampleider zei dat we een speurtocht gingen maken. We moesten door het bos lopen. We moesten op zoek naar een schat. 

We liepen door het bos. We roepen naar elkaar. We zijn heel hard. Mijn zusje zoefde over de grond. Ze had een rood shirt aan. Ik had een groen shirt aan. We vonden een schat. Het was een zak met snoep. We waren heel blij. We gingen terug naar de tent. We gaven de snoep aan de andere meisjes. We waren heel vriendelijk."
220,meta-llama/llama-3.1-8b-instruct,9_10,"Er was eens een hond genaamd Max. Hij was heel bijzonder, want hij kon zwemmen. Max woonde bij zijn baasje, een meisje genaamd Lies. Ze hadden een vakantiehuisje aan het strand.

Max hield heel veel van Lies en wou steeds bij haar zijn. Maar Lies moest in het water en Max mocht niet mee. Lies was heel boos en zei: ""Je mag niet naar me toe, Max!"" Max was heel verdrietig en hij ging naar de kust.

Lies had een rood levensvest aan en Max wou niet dat ze verzonk. Hij sprong in het water en zwom naar Lies. ""Hé Lies, ga niet onder! Ik kom naar je toe!"" riep Max. Lies lachte en zei: ""Dank je wel, Max!"" Ze pakte zijn oren vast en hij zwom met haar naar de kust. Toen ze aan land waren, gaf Lies Max een dikke knuffel. ""Jij bent de beste hond ter wereld, Max!"""
221,meta-llama/llama-3.1-8b-instruct,9_10,"Er was eens een hond, hij heet Max. Max was een superhond, hij kon heel snel rennen en hij was erg slim. Hij woonde bij een jonge jongen genaamd Lucas. Lucas was heel lief voor Max, hij gaf hem altijd lekkers en speelde met hem in de tuin.

Eén dag ging Lucas en Max op avontuur in het bos. Ze liepen door de bladeren en roken de geur van de bloemen. Opeens hoorde Max een geluid, hij blaft hard en Lucas zei: ""Wat is er aan de hand, Max?""

Max holde naar voren en Lucas volgde hem. Toen ze om het bos heen liepen, zagen ze een klein vosje dat vastzat in een net. Lucas en Max besloten om het vosje te helpen. Lucas pakte zijn schaar en knipte het net door en het vosje kwam vrij.

Het vosje bedankte Lucas en Max met een kus op hun neus. Lucas en Max gingen terug naar huis, heel blij en tevreden over hun avontuur."
222,meta-llama/llama-3.1-8b-instruct,9_10,"Er was eens een hond genaamd Max. Hij was een leuk hondje met een witte vacht en een rood staart. Max woonde bij een oude man die heel lief was voor hem.

De oude man nam Max altijd mee op wandelingen door het bos. Max vond het geweldig om door het bos te rennen en te jagen op muizen. Maar hij vond het ook leuker om bij de oude man te blijven en met hem te spelen.

Een keer ging Max met de oude man op een wandeling door het bos. Ze liepen door een pad en plotseling hoorde Max een klein, hulpeloos geluid. Het was een konijnje dat vastzat in een vossenval.

Max begon te blaffen om de oude man te waarschuwen. De oude man keek om en zag dat Max aan het blaffen was. Hij liep naar Max toe en zag dat het een konijnje was dat vastzat in de vossenval.

De oude man hielp het konijnje uit de val en het konijnje ging weg. Max was heel blij dat hij kon helpen en hij blafte heel hard om te laten weten dat hij een held was."
223,meta-llama/llama-3.1-8b-instruct,9_10,"Er was eens een konijn dat heette Benny. Benny was supersnel. Hij kon over het veld rennen en over de heg springen in één seconde. Hij woonde in een prachtige tuin vol bloemen en bossen. Eén dag had Benny een idee. Hij dacht: ""Ik wil naar de andere kant van de tuin om een lekkere appel te eten."" Hij begon te rennen. Hij ging zo snel dat hij bijna niet te zien was. Hij sprong over de heg en kwam op de andere kant aan. Daar vond hij een prachtige appel. Hij pakte hem in zijn bek en begon weer terug te rennen. Als hij bij zijn huis was, at hij de appel op. Hij was zo tevreden. Hij had een lekkere appel gegeten."
224,meta-llama/llama-3.1-8b-instruct,9_10,"Ik weet een leuk verhaal. Het ging over een vos die Vosje heette. Vosje was heel slim en kon goed klimmen. Hij woonde in een bos waar veel dieren kwamen spelen.

Een dag kwam er een grote olifant naar het bos. Hij heette Ollie en was heel groot en zwaar. Ollie was heel moeilijk om het bos uit te krijgen omdat hij zo groot was.

Vosje dacht, ""Ik kan dit oplossen!"" Hij ging naar Ollie en zei, ""Hallo, ik ben Vosje. Weet je, ik kan je helpen om uit het bos te komen.""

Ollie zei, ""Hoe kan je dat doen? Ik ben veel te groot!""

Vosje zei, ""Ik kan naar boven klimmen en een tak pakken. Dan kan ik hem plakken aan een boom en jij kunt erlangs lopen.""

Ollie was heel blij met het idee. Vosje klimde naar boven en pakte een tak. Hij plakte de tak aan een boom en Ollie kon erlangs lopen.

Overal in het bos vlogen vogels op en riepen, ""Hou op, Vosje! Hou op!"" Maar Vosje hoorde ze niet. Hij was te druk met helpen Ollie."
225,meta-llama/llama-3.1-8b-instruct,9_10,"Er was eens een hond genaamd Max. Max was een heel lief hond. Hij was donkerbruin en had grote ogen. Max woonde bij een oude man. De oude man had geen kinderen, dus hij had Max als compagnon.

De oude man ging altijd met Max op stap. Ze gingen wandelen in de bossen en langs de rivier. Max hield van rennen en spelen met de oude man. De oude man gaf hem altijd een knuffel en een koekje.

Maar er was één ding wat Max niet leuk vond: als het regende. Hij haatte het wanneer hij nat werd. Dan ging hij naar binnen en lag hij te pruttelen. De oude man lachte dan en zei: ""Het spijt me, Max. Maar het regent toch.""

Een keer ging de oude man en Max op een lange tocht. Ze gingen door de modder en over de stenen. Max was helemaal moe. Maar hij ging door. Toen ze terugkwamen, gaf de oude man Max een dikke knuffel en een goed gevulde mand met koekjes. Max was heel gelukkig. Hij was trots op de oude man en hij hield van hem."
226,meta-llama/llama-3.1-8b-instruct,9_10,"Er was eens een kat genaamd Miesje. Miesje was een rare kat, ze had een vlek op haar snuit die eruit zag als een honkbal. Ze was heel slim en kon veel dingen doen.

Miesje woonde bij een meisje genaamd Emma. Emma was heel lief voor Miesje en gaf haar altijd lekkere dingen te eten. Miesje was heel dankbaar voor Emma.

Een keer ging Emma op vakantie naar de zee. Miesje was heel verdrietig en zat de hele dag op het raam te kijken. Toen Emma terugkwam, had ze een leuke verrassing voor Miesje: een nieuwe speeltuin in de tuin!

Miesje was zo blij dat ze begon te dansen op het tapijt. Emma lachte en zei: ""Je bent de enige kat die ik ken die dansen kan!"" Miesje was heel trots en vond het helemaal niet erg om op het tapijt te dansen."
227,meta-llama/llama-3.1-8b-instruct,9_10,"Er was eens een luiaard die heette Leander. Hij sliep altijd. De hele dag, de hele nacht... Zelfs in zijn droom slaapte hij.

Leander woonde bij zijn zusje, Linde. Die was altijd bezig. Zij deed de afwas, zette de tafel, maakte het ontbijt. Leander deed niets. Hij lag op zijn bank en sliep.

Linde was erg boos op Leander. ""Waarom doe je niets?"" vroeg ze hem. ""Waarom slaap je zo veel?"" Leander deed zijn ogen open. ""Ik ben moe"", zei hij.

Linde was niet gelukkig met Leander. Ze wilde dat hij gewoon wakker werd en bij haar hielp. Maar Leander kon zijn slaap niet shakeffin. Hij ging elke dag naar bed.

Toen kwam er een dag dat Leander wakker werd en Linde zag dat hij met een geheim was. Hij had een prachtige gouden bal gevonden. Linde was erg boos. ""Dat is mijn bal!"" riep ze. ""Je hebt hem gestolen!"""
228,meta-llama/llama-3.1-8b-instruct,9_10,"Ik had gisteren een geweldig verhaal over een hond die genaamd Max heette. Max was een superhond, hij was snel en sterk. Hij leefde bij een jongen genaamd Tom. Tom had Max gekregen toen Max nog heel klein was. Sindsdien was Max zijn beste vriend.

Een keer ging Tom en Max op pad, ze liepen naar het park. Toen ze bij het park waren, zag ze een klein konijntje. Max wilde het konijntje graag aanraken. Maar Tom zei nee, ze moesten het konijntje niet aanraken. Max luisterde niet naar Tom. Hij ging naar het konijntje en pakte hem op.

Tom werd heel boos. Hij zei tegen Max dat hij een slechte hond was. Max deed heel verdrietig. Hij legde het konijntje neer en ging naast Tom zitten. Tom nam Max in zijn armen en zei sorry tegen hem. Max was blij dat Tom sorry zei.

Vanaf die dag was Max nog een betere hond. Hij luisterde altijd naar Tom. Max en Tom waren nu nog een betere vrienden dan voorheen."
229,meta-llama/llama-3.1-8b-instruct,9_10,"Er was eens een hond. Hij heette Max. Max was een heel leuke hond. Hij was bruin en had een lange staart. Max woonde bij een meisje dat Mia heette. Mia was heel lief voor Max. Zij nam hem elke dag uit en speelde met hem in de park.

Eén dag ging Max met Mia naar het strand. Hij was super enthousiast. Hij rende naar het water toe en begon te spelen in de golven. Mia lachte heel hard en zei ""Hoe leuk is dit, Max!"" Max blafte en sprong door het water.

Maar toen ging Max te diep in het water. Hij kon het niet meer zien. Hij begon te gillen. Mia rende naar hem toe en hielp hem uit het water. Max was heel dankbaar. Hij blafte nog steeds, maar nu was hij heel blij dat hij veilig was.

Mia gaf Max een knuffel en zei ""Ik ben blij dat je veilig bent, Max."" Max blafte nog steeds en keek naar Mia. Hij wist dat hij bij Mia veilig was."
230,meta-llama/llama-3.1-8b-instruct,9_10,"We waren met de klas op schoolreis naar de dierentuin. Ik ging met Emma en Lente. We hadden een tijd om rond te lopen. We zagen een olifant die heel groot was. Hij was groen en veerden was donkerbruin. Hij atte bladeren van een boom. 

Ik vroeg om met hem te mogen spelen. De bezoeker zei dat ik op een afstand moest blijven. Het olifant was heel zwaar en kon ons geen kwaad doen. 

We gingen naar de leeuwen. Die waren rood. Ik vond het eng dat ze zo hard lachten. Emma en Lente vonden het leuk. We zagen ook een krokodil die heel oud was. Hij sliep. 

Later zei de bezoeker dat het tijd was om te eten. We gingen naar de eetzaal. Emma en Lente gingen met een vriendje spelen. Ik ging naar de bezoeker om hem te bedanken. Hij zei dat hij het leuk vond om met ons te praten."
231,meta-llama/llama-3.1-8b-instruct,9_10,"Er woonde eens een hondje genaamd Max. Hij was heel erg lief en had een vacht die net zo grijs was als de wolken. Max woonde bij een oudere dame die geen familie had en dus was Max haar enige vriend. Ze heette mevrouw Kook en ze was heel erg bazig. Max wilde altijd een bal, maar mevrouw Kook zegde hem altijd nee. Wat hij wél mocht was een stokkie.

Een keer ging mevrouw Kook naar het ziekenhuis, want ze had een zware verkoudheid. Max ging mee. In het ziekenhuis was het heel stil en Max was bang. Hij wilde terug naar huis, maar mevrouw Kook zat daar en kon niet weg. De dokter kwam en zei dat mevrouw Kook stil moest liggen, anders zou ze geen beter worden. Max bleef bij haar liggen en hij was heel erg stil.

Toen mevrouw Kook aan het herstelde was, kocht ze Max een bal. Ze lachte en zei: ""Ik ga je niet meer nee zeggen, Max. Je mag altijd een bal."""
232,meta-llama/llama-3.1-8b-instruct,9_10,"Er woonde een hond, hij heette Max. Max was een heel leuke hond. Hij was bruin en had een witte vlek op zijn snuit. Hij woonde bij een oudere vrouw, ze heette mevrouw Smith. Mevrouw Smith was heel lief voor Max.

Max hield van rennen en spelen. Hij had een speciale bal die mevrouw Smith hem had gegeven. Hij speelde ermee in de tuin en hij was heel snel.

Een keer ging mevrouw Smith naar de winkel. Ze liet Max alleen in de tuin. Toen ze weg was, kwam er een vos in de tuin. De vos probeerde de bal van Max te stelen.

Max moest nog even wachten totdat mevrouw Smith terugkwam. Maar toen hij zag dat de vos zijn bal wilde stelen, werd hij heel boos. Hij begon te blaffen. De vos werd bang en vluchtte weg. Max was heel trots. Hij had zijn bal beschermd. Toen mevrouw Smith terugkwam, was Max heel blij. Ze gaf hem een knuffel en zei: ""Goed gedaan, Max!"""
233,meta-llama/llama-3.1-8b-instruct,9_10,"Er was eens een hond, hij heette Max. Max was een heel slimme hond, hij kon heel goed springen en hij kon heel snel rennen. Hij woonde bij zijn vriendje, een jongen genaamd Lucas. Lucas was heel lief en hij gaf Max altijd veel aandacht.

Een keer ging Lucas en Max naar de speeltuin. Daar speelden ze samen op het schommel en op de zandbak. De anderen huilden en gilden, maar Lucas en Max vonden het geweldig.

Toen werd Lucas gevraagd om de hond te houden, maar Lucas wilde niet weg richting de sportwedstrijd. Daarom liet Lucas Max heel veel tijd in de speeltuin. Max sprong van de trampoline en hij rende in het park en hij deed heel veel grappen.

Als Lucas terug kwam, zei hij tegen Max: 'Jij bent de leukste hond van de wereld!' Max blafte gelukkig en hij gaf Lucas een knuffel."
234,meta-llama/llama-3.1-8b-instruct,9_10,"Er was eens een hond genaamd Max. Max was een zwarte hond met een witte snuit en hij was zo snel! Hij kwam uit een kleine stad en hij had een eigen baasje, een meisje genaamd Sophie.

Sophie en Max waren zo geliefd in de stad. Elke dag ging Sophie met Max naar het park en ze speelden daar samen. Max was zo slim dat hij kon springen over een muur en hij kon heel snel rennen.

Eén dag ging Sophie en Max naar het bos. Ze waren op avontuur! Sophie wilde een bepaalde bloem zien die ze al een keer had gezien. Maar Max was zo snel dat hij vooruit ging en hij vond de bloem! Sophie was zo blij dat ze Max omhelsde en ze zei: ""Dank je, Max!"" Max was zo gelukkig dat hij begon te kwispelen en Sophie moest lachen.

En toen ging Sophie en Max weer terug naar huis. Max was zo trots op zichzelf dat hij de mooiste bloem had gevonden en Sophie was zo blij met haar hond Max."
235,meta-llama/llama-3.1-8b-instruct,9_10,"Een keer was ik op de speeltuin met mijn beste vriendin, Sophie. We zijn allebei lief en we houden van elkaar. We wilden zo graag op de grote klimrek, maar die is heel hoog en ik durfde niet. Sophie is daarentegen heel sterk en ze zei dat ze mij naar boven zou tillen. Ze heeft me opgepakt en ik heb me om haar heen geslingerd.

Toen waren we boven en konden we zien over heel de speeltuin. We hebben een mooi uitzicht op de carrousel en de trampolines. We hebben elkaar een knuffel gegeven en we hadden zo veel lol. Toen mocht ik op de glijbaan en ik ben zo snel naar beneden geracet. Dat was zo leuk! Sophie heeft me even later gevolgd en ook zij was zo snel naar beneden geracet.

Na een poosje zijn we naar beneden geklommen en zijn we samen op de trampoline gesprongen. We sprongen zo hoog de lucht in en we vielen met een grote klap op de trampoline neer. Dat was zo gaaf! Uiteindelijk zijn we naar huis gegaan en hebben we de rest van de dag op de bank liggen gegeten, want we waren zo moe van alle lol."
236,meta-llama/llama-3.1-8b-instruct,9_10,"Er was eens een prinses met een paard dat bijna zo groot was als een huis. Ze heette Prinses Zonneschijn. Ze zat op dat paard en reed over het groene veld. Ze was heel gelukkig.

Toen zag ze een kasteel in de verte. Ze wilde daarheen. Maar het was heel moeilijk om er te komen. Het kasteel stond op een eiland in een meer. Er zat geen brug naar toe.

Maar Prinses Zonneschijn was niet bang. Ze had een idee. Ze pakte haar fiets en reed naar de kant van het meer. Daar liet ze haar fiets in het water vallen. Ze klom op een boot die daar lag en voer naar het eiland.

Toen ze bij het kasteel aankwam, was ze heel moe. Maar ze was ook heel blij. In het kasteel was een feestje. Er was eten, drinken en muziek. Prinses Zonneschijn at en danste met de anderen. Ze was heel gelukkig."
237,meta-llama/llama-3.1-8b-instruct,9_10,"Een keer ging ik met mijn broertje naar de speeltuin. Hij is heel klein, dus ik moest naar hem kijken. Hij wilde op de zesers klimmen, maar hij was te klein. Dus ging hij naar de trappen.

De trappen zijn heel leuk, hij kwam heel snel naar boven. Maar toen hij beneden kwam, zag ik dat hij een beetje huilde. Ik vroeg hem waarom hij huilde, en hij zei dat hij niet kon klimmen op de zesers. Dus ik zei tegen hem, 'Maar ik kan je wel helpen'.

Ik heb hem op mijn schouders gezet en hij kon zo klimmen. Hij was heel blij en huilde niet meer. Toen we naar huis gingen, zei hij dank je wel. Ik was ook blij dat ik hem kon helpen."
238,meta-llama/llama-3.1-8b-instruct,9_10,"Er was eens een hond, hij heette Max. Max was een huishond van mijn nichtje. Hij was een prachtig beest, hij was wit en zwart en zijn oren waren lang. Max was super lief, hij kwam altijd bij me toe als ik thuiskwam van school. Hij snuffelde aan mijn handen en likte ze.

Eén keer ging mijn nichtje met Max naar de speeltuin. Max was erg nieuwsgierig, hij snuffelde overal rond. Hij kwam aan een grote bal, hij pakte hem vast in zijn bek. Die bal vloog zo ver weg, hij rolde over het gras. Mijn nichtje moest lachen, ze was zo blij. Max was ook blij, hij was opgewonden.

Uiteindelijk kwam Max terug met de bal. Hij kwam aangelopen, de bal in zijn bek. Mijn nichtje was zo blij, ze gaf hem een knuffel. Ze zei tegen hem: ""Je bent zo cool, Max!"""
239,meta-llama/llama-3.1-8b-instruct,9_10,"Er was eens een meisje dat heette Lily. Ze had een hondje genaamd Max. Max was heel lief maar hij was ook heel stapvoets. Lily vond het altijd zo leuk om samen met Max in de tuin te spelen. Maar één keer was Max echt een held.

Er was een storm gekomen en de rivier was overgelopen. De buurt was erg nat geworden en de kinderen mochten niet buiten spelen. Maar Max was toch een keer naar buiten gegaan. Hij had het water zien stromen en kon het niet laten om er in te springen. Lily was bezorgd geworden en had hem geroepen. Maar Max was niet meer te zien.

Opeens hoorde Lily een geluid en toen zag ze Max met een houten plank in zijn bek. Hij was een oude man uit het water getrokken. De man was erg nat geworden en hij was erg koud. Lily had hem snel naar binnen gebracht en hij was gelukkig niet dood geweest. De ouders van de man waren erg dankbaar geworden en hadden Lily en Max beloond voor hun heldendaad. Sindsdien werd Max in de buurt bekend als een echte held."
240,meta-llama/llama-3.1-8b-instruct,9_10,"Er was eens een hond. Hij heette Max en hij was een golden retriever. Hij woonde bij een meisje dat Lily heette. Ze was heel lief en Max hield heel veel van haar.

Een dag zocht Lily een nieuwe speeltuin. Ze nam Max mee en toen ze daar aankwamen, zag Max een klein hondje. Dat hondje was heel bang. Max ging naar het hondje toe en snuffelde aan hem. Het hondje durfde toen niet meer weg te rennen en kwam dichterbij. Max likte hem en het hondje begon te spelen.

Lily was heel blij en zei: ""Dankjewel, Max!"" Ze gaven het hondje een naam en noemden hem Ben. Max en Ben werden beste vrienden. Ze speelden samen en liepen samen op stap. Max was heel blij dat hij Ben had leren kennen."
241,meta-llama/llama-3.1-8b-instruct,9_10,"Er was eens een vos. Hij was zo slim. Hij woonde in een bos met veel dieren. Die vos hield van eten. Hij vond een kluis met een sleutel. Die sleutel paste goed. Hij deed de kluis open. Daarin lag veel eten. Voedsel voor een hele winter.

Hij nam dat eten en ging naar zijn hol. Daar at hij zijn buik vol. Maar hij deed geen afwas. Hij deed de deur van de kluis dicht. Toen ging hij slapen.

De volgende dag waren alle dieren in het bos hongerig. Dat was omdat de vos veel voedsel had gestolen. Die dieren waren boos. Ze vonden de vos en zeiden: ""Jij bent een dief!"" De vos antwoordde: ""Nee, ik ben slim.""

Maar de dieren waren niet blij met zijn antwoord. Ze dwongen hem om terug te gaan naar de kluis. Daar vonden ze het voedsel. Ze gaven het aan alle dieren in het bos. Nu waren ze allemaal vol."
242,meta-llama/llama-3.1-8b-instruct,9_10,"Er was eens een hond die heette Max. Max was heel slim en hij kon veel dingen. Hij kon zelfs zwemmen en hij was heel sterk. Max woonde bij een meisje dat Lenna heette. Lenna was heel lief voor Max en zij gaf hem altijd zelfs eten.

Een dag ging Lenna op vakantie naar de zee. Max mocht ook mee naar de zee. Toen Lenna in het water stapte, sprong Max ook in. Hij zwom heel snel naar Lenna toe en zij gooide een bal naar Max. Max pakte de bal in zijn bek en zwom terug naar Lenna.

Maar toen Max terug kwam, zag hij een klein hondje dat in het water was. Het hondje kon niet zwemmen en het zou verdronken zijn. Max was heel snel en hij zwom naar het hondje toe. Hij nam het hondje op zijn rug en zwom terug naar Lenna.

Lenna was heel dankbaar tegen Max en zij beloofde hem altijd een stuk chocola te geven als hij zo slim was geweest. Max was heel trots op zichzelf en hij wist dat hij een heel goede hond was."
243,meta-llama/llama-3.1-8b-instruct,9_10,"Er was eens een eend met een heel speciaal verenkleed. Ze was rood en groen en blauw tegelijkertijd, dat zag er heel mooi uit. Ze woonde in een lekker warm meer, waar het water altijd zo glad was. Ze ging altijd met haar vriendjes, een vis en een pad, een dagje op avontuur.

Een keer gingen ze naar een grot, waar het heel donker was. Ze hadden een zaklamp bij zich. In de grot was een prachtige schatkist. Maar die was op slot. De eend had een idee, ze ging naar haar vriendje de pad en zei: ""Hé, ik denk dat ik weet hoe we dat slot kunnen openen."" En toen hebben ze het slot open gekregen en hadden ze een hoop geld en sieraden kunnen meenemen.

Maar toen ze uit de grot kwamen, had iedereen de schatkist al gevonden. Ze hadden allemaal geld en sieraden meegenomen. Dus was het geen speciaal avontuur meer. Maar ze hadden wel een leuk verhaal om elkaar over te vertellen."
244,meta-llama/llama-3.1-8b-instruct,9_10,"Er was eens een hondje genaamd Max. Max was een heel leuke hond die bij een meisje genaamd Sophie woonde. Sophie was een meisje dat heel graag speelde en Max was haar beste vriend.

Eén dag ging Sophie naar het park en ze liet Max bij haar thuis. Maar toen ze weg was, ging Max op zoek naar avontuur. Hij zag de deur open staan en hij dacht: ""Misschien kan ik buiten spelen!""

Max rende naar buiten en hij zag een konijn. Het konijn was heel snel en Max probeerde het te pakken. Maar het konijn was te snel voor hem en hij rende weg.

Max keek heel verdrietig, maar toen hoorde hij Sophie roepen: ""Max! Max, waar ben je?"" Max rende naar Sophie terug en ze omhelsde hem. ""Ik vond je niet"", zei ze. Max was heel blij om Sophie te zien en hij besloot nooit meer weg te rennen zonder haar.

Vanaf toen was Max heel trouw aan Sophie en hij bleef altijd bij haar."
245,meta-llama/llama-3.1-8b-instruct,9_10,"Er was een keer een vreemde hond. Hij was zwart met witte vlekken. Hij had een goudkleurige halsband aan. Hij kwam op een dag bij ons in de buurt spelen. Hij liep rond in ons park en bleef niet liegen. Hij was heel aardig, hij kwam bij ons kinderen en vocht met ons. Hij had geen baasje, maar iedereen vond hem leuk.

Een keer zag ik dat hij een vogel had gevangen. Hij droeg hem in zijn bek. Hij kwam bij mij toe en liet de vogel op de grond vallen. Ik denk dat hij wilde dat ik hem zou redden. Ik pakte de vogel op en zette hem vrij. Hij vloog weg en de hond keek hem na. Daarna ging hij naar een andere kind. Hij was heel vriendelijk.

Mijn broer wilde hem eigenlijk ook een beetje helpen. Hij wilde hem een naam geven, maar ik denk dat hij geen naam nodig heeft. We vinden hem leuk zoals hij is."
246,meta-llama/llama-3.1-8b-instruct,9_10,"Er was eens een leuke hond genaamd Max. Max was een golden retriever en hij was heel lief. Max woonde bij zijn baasje, een meisje genaamd Emma. Max hield van Emma en Emma hield van Max.

Een dag ging Max met Emma naar het strand. Ze gingen zonnen en zwemmen. Max was dol op het water en hij sprong er steeds weer in. Emma zei ""Max, kom terug!"" maar Max luisterde niet. Hij was te druk met het water.

Toen Max eindelijk terugkwam, was hij helemaal nat. Emma lachte en zei ""Max, je bent zo einer!"" Max wist niet wat ze bedoelde, maar hij wist dat hij iets leuk had gedaan.

Na een tijdje ging Emma en Max naar huis. Max was moe, maar hij was tevreden. Hij had een leuke dag gehad met Emma. En Emma was gelukkig, want ze had Max bij zich."
247,meta-llama/llama-3.1-8b-instruct,9_10,"Er was één keer een meisje, Mia. Ze was echt superieur. Ze had een hond, een witte hond, die Fluffy heette. Ze ging naar de kust met haar familie. Mijn zus heeft het me verteld. Mia had een zonnebril op en een zwemkleding. Ze ging met haar vader duiken. 

Zij zwom heel snel en ging heel diep. Mijn zus zegt dat Mia echt een goeie duiker is. Toen kwam ze omhoog en bleef gewoon hangen in de lucht. Mijn zus zei dat Mia een watertrap viste en toen viel ze in het water. Haar vader sprong naar haar toe en ze ging veilig naar beneden. Mia was heel gelukkig en had een hoop lol."
248,meta-llama/llama-3.1-8b-instruct,9_10,"Een keer ging ik met mijn vriendin Lotte op een feestje. Het was een leuke verjaardag van onze klasgenootte Tim. We gingen met de fiets. Ik had mijn fietstassen vol met eten en drankjes. Lotte had een flesje cola en een tafelkleed in haar tas. We waren heel vrolijk en zongen de hele tijd.

Toen we aankwamen was het feest al vol. Er stonden mensen overal. We gingen naar binnen en gingen op de bank zitten. Tim was heel blij dat we er waren. Hij gaf ons een glas jus. Lotte en ik dronken allebei een slokje en gingen dan weer dansen. De muziek was heel leuk. We dansten heel lang en hadden een heel leuke tijd."
249,meta-llama/llama-3.1-8b-instruct,9_10,"Ik heb het van mijn oom gehoord. Hij is een fantastische klimmer. Hij vertelde me over een reusachtige aap die in de jungle woont. Zijn naam is Max. Max is zo groot dat hij een hele boom heeft om zijn nek als brug. Hij springt van de ene boom naar de andere. Hij is zo snel dat hij de wind voorbijvliegt.

Een keer ging Max op avontuur. Hij hoorde van een prachtige waterval die kilometers ver weg lag. Hij wilde die zien. Hij ging snel op weg. Na lang lopen kwam hij bij de waterval. Hij was nog mooier dan hij had gedacht. Er stroomde water over een grote klif. Hij was zo blij dat hij er eindelijk was.

Maar dan zag hij een klein kind dat op de rand van de klif stond. Het kind wilde springen. Max wist dat dat gevaarlijk was. Hij ging snel naar het kind toe. Hij begreep dat hij niet kon wachten, hij moest het kind redden. Hij gooide zijn armen om het kind heen en liet zich met het kind in zijn armen naar beneden glijden. Het kind was heel bang maar Max hield hem vast.

Toen ze beneden waren, zei het kind: ""Dank je wel, Max. Ik had niet dood willen gaan."" Max glimlachte en zei: ""Je bent veilig, kind."""
250,meta-llama/llama-3.1-8b-instruct,10_11,"Een keer ging ik met mijn broer naar de speeltuin. Het was een superzonnige dag. Mijn broer, hij is nog een stuk kleiner dan ik, hij wilde naar de grote swing gaan. Die swing is zo lang dat hij bijna naar de grond hangt. Mijn broer wilde erop, maar hij was bang.

Mijn broer had zijn opa meegebracht. Die opa is zo sterk. Hij ging naar de grote swing en hij zette mijn broer erop. Mijn broer was zo benieuwd of hij hoog genoeg kon klimmen. Hij klom en klom. Toen hij boven was, hij begon te schreeuwen van vreugde.

Maar, toen hij naar beneden wilde, hij kon niet meer. Hij hing daar in de lucht. Mijn opa moest hem redden. Hij moest hem naar beneden tillen. Mijn broer was zo blij dat hij veilig was. Hij omhelsde zijn opa. Hij was zo dankbaar."
251,meta-llama/llama-3.1-8b-instruct,10_11,"Er leefde eens een hond genaamd Max. Hij had een dikke vacht en een grote snuit. Max was een goed hond, hij werkte bij de politie. Hij had een speciale badge en een radio om te praten met zijn baas.

Een dag ging Max op patrouille met zijn baas. Ze liepen door de straat en keken naar alle mensen. Max rook alles, hij kon zelfs de smaak van de bakkersprodden ruiken. Hij liep een beetje achter zijn baas en hoorde een gefluister. ""Die kerel steelt de sinaasappels!""

Max draaide zich om en keek naar de man. Hij was heel erg gemengd. Max ging naar zijn baas en blafte. Zijn baas keek naar de man en zei: ""Ah, die kerel? Ja, hij is heel erg verdacht."" En toen ging Max en zijn baas naar de man. De man had een tas vol sinaasappels. Max blafte weer en zijn baas zei: ""Jongens, jullie zijn betrapt!""

De man moest de sinaasappels teruggeven en Max en zijn baas gingen terug naar de politie. Max was heel trots op zichzelf, hij had een crimineel betrapt!"
252,meta-llama/llama-3.1-8b-instruct,10_11,"Er woonde een hond genaamd Max. Max was een springer spaniel en hij was zo leuk. Hij had een vriendje genaamd Ben. Ben was ook een hond, maar hij was een grotere hond. Max en Ben gingen vaak samen spelen.

Een keer gingen ze in de park. Max en Ben renden rond de speeltuin. Ze vielen niet om, want ze waren zo snel. Toen gingen ze op het gras liggen en keken naar de wolken. Ben zei, ""Max, kijk! Een vliegtuig!"" Max keek omhoog en zag het vliegtuig. Hij begon te blaffen.

Ben lachte en zei, ""Haha, Max, je bent zo grappig!"" Max blafte nog steeds. De andere dieren in het park keken naar hen. Ze waren nieuwsgierig. Toen ging Max en Ben weer spelen. Ze renden rond en blieften en lachten. Ze waren zo gelukkig. En toen ging het vliegtuig weg en was de dag afgelopen."
253,meta-llama/llama-3.1-8b-instruct,10_11,"Er was eens een hondje genaamd Max. Hij was een super leuke golden retriever. Hij woonde bij een familie met twee kinderen, Timmy en Emily. Max hield erg veel van die twee. Als hij in de buurt was, dan kwam hij altijd naar hen toe om te spelen.

Een keer, toen Timmy en Emily op school waren, besloot Max dat hij een onderzoeker wilde zijn. Hij ging op zoek naar geheimen in de achtertuin. Hij rook en snuffelde rond. Toen hij bij het oude houten schip kwam, rook hij iets heel interessants. Hij wist niet wat het was, dus hij ging er omheen snuffelen.

Toen hij op een goede plek was, voelde hij de grond onder zijn poten trillen. Hij keek op en zag een vos die onder het schip zat. Max wist dat hij niet aangevallen moest worden, dus hij ging langzaam naar zijn moeder toe en blafte hard om haar te waarschuwen.

Zijn moeder kwam aangerend en liet de vos gaan. Ze was heel trots op Max. Hij had een echte held gedaan."
254,meta-llama/llama-3.1-8b-instruct,10_11,"Er was eens een hond genaamd Max. Max was een superhond, hij kon hard lopen en heel snel rennen. Hij had een mooie donkere vacht en een lange staart die altijd omlaag hing.

Max woonde bij een meisje genaamd Emma. Emma was heel lief voor Max en nam hem mee op wandelingen door het park. Max hield van het park, er waren veel dieren en hij kon altijd wat nieuwe dingen zien.

Een keer ging Emma en Max naar het park en toen ze daar waren, zag Max een eendje in het water zwemmen. Max was heel nieuwsgierig en wilde de eendje pakken. Maar Emma zei ""Nee, Max! Laat de eendje met rust!""

Max deed wat Emma zei en ging vlakbij de eendje zitten. De eendje kwam toen naar Max toe en begon te zwemmen rondom zijn poten. Max vond het leuk en bleef zitten, want hij wist dat hij niet mocht proberen om de eendje te pakken."
255,meta-llama/llama-3.1-8b-instruct,10_11,"Er was eens een hondje. Hij heette Max. Max was een superhond. Hij was zwart en had een witte bek. Hij had een vriend, een jongen genaamd Lucas. Lucas woonde bij Max en hij speelde met hem elke dag.

Een keer was Lucas en Max aan de rivier. Ze wilden gaan varen op het bootje van Lucas. Maar toen Lucas in het bootje ging zitten, bleef het bootje even zweven. En plotseling ging Max in het water. Hij zwom naar Lucas. ""Help! Ik zweef!"" riep Lucas. Max zwom naar Lucas en Lucas klom op Max. Daarna zwommen ze naar de oever.

Lucas was super dankbaar voor Max. ""Dank je wel, Max!"" riep Lucas. Max blafte tevreden. Hij was super trots op zichzelf. Hij had Lucas uit het water gehaald."
256,meta-llama/llama-3.1-8b-instruct,10_11,"Dus, we waren op schoolfeest. Ik ging met mijn vriendinnen Emma en Lente. We gingen op de trampoline dansen. Maar toen kwam er ineens een kind en ging zitten op de trampoline. Emma en Lente gingen naar hem toe en zeiden: ""Hij mag hier niet zijn, hij is niet van onze klas!"" En hij zei: ""Ja, ik ben wel van de klas van morgen, ik was gewoon even bij de kleuters kijken.""

Maar toen kwam er een meisje van de kleutersklas en zei: ""Nee, hij is van de kleuters!"" En ik dacht: ""Dit is zo opwindend!"" Toen kwam de docent en zei: ""Even rustig aan jullie, we gaan dit oplossen."" En hij vroeg aan het kind: ""Wie ben je eigenlijk?"" En het kind zei: ""Ik ben Max, ik ben de nieuwe kind uit de kleutersklas.""

Dus, Max mocht blijven op schoolfeest en we dansten allemaal samen op de trampoline. Het was echt heel leuk!"
257,meta-llama/llama-3.1-8b-instruct,10_11,"Er was een keer een echte held, hij heet Max. Hij woonde in de stad met zijn hond. Die hond heet Rex. Zij gaan altijd op avontuur in de bossen buiten de stad. Max vindt altijd de leukste dingen. Hij vindt een oude hut die stond te rotten. Zijn vrienden vonden het ook cool. Ze besloten om de hut te restaureren. Ze hebben zoveel moeite gedaan om de hut mooi te maken. Maar toen ze klaar waren, ging er plotseling een stem vanuit de hut. Die stem zei: ""Dankjewel!"" Max en zijn vrienden waren bang. Maar toen kwam er een oude man uit de hut. Hij was heel blij dat ze zijn hut mooi hadden gemaakt. Hij gaf ze een cadeau: een oude kaart die leidde naar een schat. Ze vonden die schat en werden rijk. Max en zijn vrienden waren heel gelukkig. Ze zijn allemaal goede vrienden en gaan nog vaak op avontuur."
258,meta-llama/llama-3.1-8b-instruct,10_11,"Er was eens een hond. Hij heette Max. Max was een superhond. Hij kon heel snel rennen en hij kon super goed zwemmen. Hij woonde bij een meisje dat Lottie heette. Lottie en Max waren beste vrienden.

Een keer ging Lottie en Max op avontuur. Ze gingen in de bossen. Max zag een pad en hij ging het op. Lottie zei ""Max, wacht even!"" Maar Max ging niet meer terug. Hij ging verder en hij vond een grot. Hij ging naar binnen en hij vond een konijn. Het konijn was vastgezakt in de modder.

Max wist wat hij moest doen. Hij trok aan het konijn en hij sleepte het uit de modder. Het konijn zei ""Dank je wel Max!"" Lottie kwam aan en ze was heel trots op Max. Ze zeggen dat Max de beste hond is in de hele wereld. En dat Max en Lottie het beste duo zijn."
259,meta-llama/llama-3.1-8b-instruct,10_11,"Er woonde een hond genaamd Max. Max was een heel speciale hond. Hij kon zwemmen. Hij ging elke dag naar het strand met zijn baasje. Zijn baasje heette Tim. Tim en Max waren beste vrienden. 

Een keer ging Tim en Max naar het strand. Het was een heel warme dag. Tim gooide een bal in het water. Max sprong er meteen in. Hij zwom naar de bal en zwom terug naar Tim. Tim was heel trots op Max. 

Maar toen was er een storm op komst. De wind was heel sterk en de regen kwam in stroompjes naar beneden. Tim en Max moesten snel naar huis. Max bleef heel kalm. Hij zwom terug naar het strand en liet Tim op zijn rug zitten. Hij zwom naar huis. Tim was heel bang, maar Max hield hem vast. 

Toen ze eenmaal thuis waren, gaf Tim Max een knuffel. ""Dank je wel, Max"", zei Tim. Max blafte blij. Hij was heel trots op zichzelf."
260,meta-llama/llama-3.1-8b-instruct,10_11,"Mijn vriendin Lizzie had een hond. Hij heette Max. Max was zo leuk! Hij was een golden retriever en had een piekhaar. Lizzie vond hem de leukste hond ter wereld. 

In de zomer ging Lizzie vaak zwemmen met Max in het meer. Ze gooiden steentjes en Max sprong erin. Lizzie lachte zo hard dat ze bijna viel. Max zwom naar haar toe en zij pakte hem op. 

Maar er was een keer dat Max op een varken was gestuit. Dat klonk wat vreemd, maar het was echt zo. Dat varken had de boel in de war gegooid. Max was heel bang en rende weg. Lizzie had hem moeten zoeken. Ze riep en riep: ""Max! Max!"" Totdat ze hem in een hokje hoorde blaffen. Ze was zo blij hem te vinden! 

Toen ging Lizzie en Max naar huis en gaf ze Max een koekje. Hij was zo blij dat hij weer bij Lizzie was. Dat was echt een leuke dag!"
261,meta-llama/llama-3.1-8b-instruct,10_11,"Er was eens een hond die een zeer goede vriend was van een jongetje. Hij heette Max en hij was een labrador. Max en het jongetje, Jens, waren bijna altijd samen. Ze gingen naar het park, speelden in de tuin en gingen zelfs op avontuur in het bos.

Een keer, toen Jens en Max in het bos waren, vonden ze een oude kaart. Op die kaart stond een geheim pad aangetekend, dat naar een verborgen grot leidde. Jens en Max waren heel nieuwsgierig en besloten om dat pad te volgen.

Ze liepen door het bos, over rotsen en door het water. Het was een beetje eng, maar Max was heel moedig en Jens was heel blij dat hij zijn hond bij zich had. Uiteindelijk kwamen ze bij de grot. Binnen was het donker en stil, maar ook heel mooi. Er waren prachtige steensoorten en een groot kristal in het plafond. Jens en Max waren heel trots dat ze het geheim hadden ontdekt en ze liepen terug naar huis met een grote glimlach op hun gezichten."
262,meta-llama/llama-3.1-8b-instruct,10_11,"Er was eens een hond die heette Max. Hij was een superhond en hij kon heel hard rennen. Max woonde bij een meisje dat Lily heette. Ze was heel lief en gaf Max veel aandacht.

Een keer ging Max en Lily naar het park. Er was een grote beek in het park en Max hoorde wat water stromen. Hij keek naar de beek en hij wilde daarheen. Lily zei: ""Max, blijf bij me in de buurt!"" Maar Max ging toch naar de beek. Hij drong de beek in en hij ging zwemmen.

Lily schreeuwde: ""Max! Max!"" Ze was heel bang dat hij zou verdwijnen. Maar Max kwam terug aan de overkant van de beek. Hij was heel nat en hij schudde zich uit. Lily was heel blij dat Max weer terug was.

Max en Lily gingen weer naar huis. Ze waren heel moe en ze gingen slapen. Max had een heel leuke dag gehad en hij sliep snel in."
263,meta-llama/llama-3.1-8b-instruct,10_11,"Er was eens een vos. Die vos heette Vosje. Vosje was heel slim. Hij wist altijd wel wat hij moest doen om zijn doel te bereiken. 

Vosje woonde in een bos met allerlei dieren. Er waren honden, katten, vogels en ander wild. Vosje ging vaak op avontuur en verkende het bos. 

Een dag kwam Vosje een eend tegen. Die eend had een prachtige eierschaal. Vosje wilde de eierschaal heel graag hebben. Hij probeerde de eend te vragen of ze de schaal wilde verkopen. Maar de eend zei nee. Vosje mocht de schaal niet hebben. 

Vosje ging naar huis en kwam een oude vos tegen. Die vos was heel slim en heeft zijn hele leven al op avontuur gezogen. Vosje vroeg de oude vos hoe hij de eierschaal kon krijgen. De oude vos zei: 'Ik kan je wel helpen, maar je moet eerst een taart voor me bakken die ik heel lekker vind. Als je die taart bakt, geef ik je een plan om de eierschaal te krijgen.'"
264,meta-llama/llama-3.1-8b-instruct,10_11,"Er was eens een hondje genaamd Max. Hij was een zwart hondje met een witte snuit. Max woonde bij een meisje genaamd Sophie. Sophie was mijn beste vriendin.

Een keer was het zomer en Sophie ging naar het strand. Max mocht mee. Toen ze aankwamen, rende Max direct naar het water. Hij was zo blij om te zwemmen! Maar dan zag hij een hondje in de golven. Dat hondje was verdwaald en kon niet zwemmen.

Max rende naar het strand terug en begon te janken. Sophie begreep meteen wat er aan de hand was. Ze rende terug naar het water en hielp het verdwaalde hondje aan land. Max bleef bij haar zitten tot alles goed was.

Sophie was zo trots op Max. Ze gaf hem een knuffel en een snoepje. Max was nog steeds heel blij. Hij had geholpen en nu was hij een held!"
265,meta-llama/llama-3.1-8b-instruct,10_11,"Er was eens een jonge hond genaamd Max. Hij was super snel en kon overal komen. Max woonde bij een man en vrouw die twee kinderen hadden. De kinderen waren heel lief en speelden altijd met Max.

Een keer ging Max met de kinderen op avontuur in het bos. Ze liepen heel ver en kwamen bij een meer. Er zwom een hond in het water. Max zag hem en wilde ook zwemmen. Hij rende het water in en begon te spetteren. De andere hond kwam naar hem toe en ze begonnen samen te spelen.

Maar plotseling kwam er een grote stroom water naar beneden. De kinderen schreeuwden en Max moest uit het water springen. Hij rende terug naar de kinderen en samen liepen ze zo snel mogelijk weg van het water. Ze waren heel bang, maar Max bleef bij hen en hield ze veilig. Toen ze veilig thuis waren, kregen ze een grote knuffel van de man en vrouw."
266,meta-llama/llama-3.1-8b-instruct,10_11,"Er was eens een pauw met een prachtige pluim. Hij heette Piet. Piet vloog naar het park en daar zag hij een klein meisje met een mooie handdoek. Ze ging zitten op een bankje en Piet dacht: ""Die handdoek is zo mooi!"" En hij vloog dichterbij. 

Dit kleine meisje lag op de handdoek en Piet was zo verbaasd. Hij had nog nooit zo'n mooie handdoek gezien. De kleine meid sliep en Piet wilde het meisje niet wakker maken. Hij vloog nog dichterbij en keek naar de handdoek. Piet was zo geïnteresseerd dat hij dicht bij het meisje ging zitten. 

Het meisje ging wakker en Piet vloog snel weg. Ze was zo bang en ging roepen naar haar moeder. De moeder zocht maar zag Piet nergens. Piet zou nooit meer zo dichtbij de handdoek gaan zitten. Hij vond het niet leuk om bang te maken."
267,meta-llama/llama-3.1-8b-instruct,10_11,"Er was een keer, toen ik met mijn vriendin Lente bij het strand was. We hadden een super zonnige dag. En we wilden een boot nemen en naar de zeeleeuwen kijken. We gingen naar de boot, en toen we aan boord waren, kwam er een zeehond aan de kant van de boot. Die zeehond was echt heel lief, hij kwam zomaar naar ons toe en wilde spelen. Hij kwam zelfs bij ons in de boot zitten. Toen we terug wilden varen, wilde de zeehond niet uit de boot, hij bleef gewoon zitten. We moesten hem echt uit de boot scheppen, het was echt heel grappig. Toen we weer aan land waren, zochten we de zeehond op, maar die was er niet. Maar we keken heel lang naar de zee, en toen zagen we hem op een wijde afstand. Hij zwom heel snel weg. Het was echt een superdag."
268,meta-llama/llama-3.1-8b-instruct,10_11,"Er was eens een hond genaamd Max. Hij was super snel en had een lange, blonde vacht. Max woonde bij een meisje genaamd Sophie. Ze waren beste vrienden.

Sophie was een avonturierster. Ze ging altijd op pad, zocht een oude boom of een beekje. Max ging met haar mee. Ze liepen over het veld, renden door de bossen en speelden op de heuvels.

Een keer ging Sophie op pad met Max. Ze zochten naar een schat. Ze hadden gehoord dat er een oude man had begraven in het bos. Ze liepen langs de bomen, Max snuffelde naar de lucht. Toen hoorde Sophie een geluid. Het klonk als een deur die open ging. Max keek naar Sophie, hij was benieuwd.

Sophie en Max liepen het geluid naar. En toen zagen ze hem: een oude, lege schatkist. Sophie was super blij. Max was ook blij. Hij had gevonden wat hij zocht: een vriendin."
269,meta-llama/llama-3.1-8b-instruct,10_11,"Ik ken een meisje, dat heet Sophie. Zij woonde in een klein dorpje bij het meer. Zij hield zo van het meer. Elke dag ging zij er een eindje wandelen en vissen. 

Een keer, toen Sophie in het meer aan het vissen was, zag zij een bootje. Die boot was heel klein en rood. Het was een nepboot, maar daarom vond Sophie hem nog steeds leuk. 

Ze vroeg aan haar grootvader, die daar ook was, of hij haar de boot kon lenen. Hij zei ja. Toen moest Sophie een zeil maken. Zij had heel veel hulp nodig van haar grootvader. 

Toen Sophie de boot in het water gooide, kwam hij omhoog en bleef hij drijven. Sophie was heel blij. Met de boot ging zij een stukje meer op. 

De boot ging heel snel. Sophie moest zich goed vasthouden. Toen ging de boot omkeer en kwam hij terug naar de kant. Sophie was heel blij met haar nepboot."
270,meta-llama/llama-3.1-8b-instruct,10_11,Er was eens een meisje dat een magische hond had. Hij kon vliegen en sprak zelfs. Zijn naam was Max. 's Morgens gingen Max en het meisje op avontuur. Ze zochten naar schatten en gingen door het bos. Max vloog boven hen en zocht naar gevaar. Eén keer zochten ze naar een schat die in een grot verborgen zat. Max vloog vooruit en zocht naar een uitgang. Hij roepde terug: 'Kom snel!' Ze gingen naar de uitgang en vonden een deur die ze niet eerder gezien hadden. Die deur leidde naar een kamer met een groot goudstuk erop. Het meisje pakte het goudstuk en ze gingen terug naar huis. Max was heel trots dat hij zo'n goede hond was. 's Avonds gingen ze zitten en Max vertelde over hun dag. Hij was heel blij dat hij een magische hond was.
271,meta-llama/llama-3.1-8b-instruct,10_11,"Er was eens een meisje dat een ganzendirkje had. Dat ganzendirkje was heel speciaal, want het kon dansen. Elke keer als er muziek speelde, dan ging het ganzendirkje dansen.

Ik ken dit meisje, dat heet Lisette. Lisette had een grote krans met rozen om haar haar en ze droeg een witte jurk. Ze deed alsof ze een prinses was.

Een keer ging Lisette naar een feestje bij een vriendin. Op dat feestje speelde er een leuk liedje en het ganzendirkje begon te dansen. Maar het ganzendirkje was niet alleen boos, het was ook heel snel. Het ging zo snel dat het hele feestje over het hek heen ging. Iedereen lachte en Lisette was heel blij.

Maar toen ging het ganzendirkje nog een keer te snel en het viel op de grond. Maar Lisette was heel lief en ze zorgde ervoor dat het ganzendirkje goed bleef. En toen ging het ganzendirkje weer dansen, maar dit keer ging het veel minder snel."
272,meta-llama/llama-3.1-8b-instruct,10_11,"Er was eens een hond genaamd Max. Hij was een beetje een gekke hond, want hij hield van spelen in de regen. Hij zou liever dansen in de modder dan naar binnen te rennen.

Max woonde bij zijn baasje, een meisje genaamd Sophie. Ze had hem gekocht toen hij een klein puppy was en nu was hij groot en sterk. Sophie was heel lief voor Max en nam hem mee op lange wandelingen.

Een dag ging het regenen en Sophie wilde naar binnen rennen. Maar Max zei ""Nee, nee, nee!"" en ging met zijn neus in de modder staan. Sophie lachte en zei ""Max, je bent zo gek!"" En toen ging zij ook in de modder staan en dansten met Max. Ze hadden zo veel lol dat ze helemaal nat en modderig werden.

Toen ze thuiskwamen, had Sophie een idee. Ze zette een grote bak water in de tuin en zei ""Max, je mag nu spelen!"" Max was zo blij en sprong meteen in de bak en begon te spelen. Sophie lachte en zei ""Je bent echt een gekke hond, Max!"" En Max lachte ook en sprong steeds hoger in de lucht."
273,meta-llama/llama-3.1-8b-instruct,10_11,"Er was eens een magische eend. Die eend zwom in een klein meer, waar de zon op uitstraalde. Die eend heette Pim en hij was heel anders dan andere eenden. Hij kon praten. 

Pim was erg slim en had een fantastische stem. Hij kon zingen en dansen en hij hield van feestjes. De andere eenden in het meer vonden hem een beetje eng, omdat hij zo anders was. Maar Pim wilde alleen maar vrienden maken. 

Een keer kwam een storm opzetten. Het meer werd heel onrustig en de andere eenden waren bang. Pim zag dat ze bang waren en hij besloot om te helpen. Hij zwom naar hen toe en zei: ""Houd aan, ik heb een plan!"" Hij zong een liedje, zo mooi dat de storm langzaam afnam. De andere eenden waren in alle opwinding de storm uit en gingen naar een veilige plek. Daar werden ze allemaal vrienden met Pim."
274,meta-llama/llama-3.1-8b-instruct,10_11,"Er was eens een hond genaamd Max. Hij was super snel en had een prachtige witte vacht. Max woonde bij een meisje genaamd Sophie. Sophie had een broer genaamd Tom. Tom was altijd bang voor honden, maar Max was niet bang voor Tom. Max was zelfs altijd blij als Tom thuiskwam van school.

Een dag langstond Tom op zijn fiets voor de deur. Hij had zijn fiets vergeten en moest naar binnen om het te halen. Maar toen hij naar binnen ging, liet hij zijn sleutel achter op de stoep. Max zag de sleutel liggen en pakte hem in zijn bek.

Sophie vond Max met de sleutel in zijn bek en was super boos. ""Wat doe je, Max?"" vroeg ze. Max keek haar aan alsof hij zei: ""Ik heb de sleutel gevonden, ik kan nu het huis in!""

Tom was heel dankbaar dat Max zijn sleutel had gevonden en zei tegen Sophie: ""Dank je, Max!"" Max liep met zijn staart tussen zijn benen om te laten zien dat hij niet had gewild dat het meisje boos werd."
275,meta-llama/llama-3.1-8b-instruct,10_11,"Er was eens een hond genaamd Max. Hij was super snel en kon heel goed zwemmen. Hij woonde bij een jongen genaamd Lucas. Lucas had een klein meisje genaamd Sophie en een kleine broer genaamd Timmy. Ze boden Max veel liefde en zorg.

Een dag gingen Lucas, Sophie en Timmy naar het strand. Max wilde ook mee en hij rende met hen mee. Toen ze op het strand kwamen, zagen ze een klein kind dat in de golven verdwaalde. Lucas, Sophie en Timmy schreeuwden naar Max: ""Ga helpen, Max!""

Max rende naar het water en zwom naar het kind toe. Hij pakte het kind in zijn tanden en zwom terug naar Lucas, Sophie en Timmy. Ze waren super blij en gaven Max veel knuffels en beloningen. Lucas zei: ""Jij bent de beste hond ooit!"" En Max glimlachte met zijn bek."
276,meta-llama/llama-3.1-8b-instruct,10_11,"Er was eens een hondje dat ik kende, hij heette Max. Max was een zwarte labrador en hij was zo leuk! Hij woonde bij een meisje dat Emma heette. Emma en Max waren altijd bij elkaar. Ze gingen elke dag naar het park en speelden met andere honden.

Maar een keer, toen we al bijna thuiskwamen, zag Max eenvos. Die vos was heel snel en Max wilde hem niet laten gaan. Hij begon te blaffen en te rennen. Emma schreeuwde: ""Max, niet doen!"" Maar Max luisterde niet. Hij ging achter de vos aan.

Ik ging met Emma rennen om Max te helpen. We renden zo hard mogelijk, maar de vos was te snel. Hij verdween in een gat in de muur. Max kwam terug, hij was heel moe. Emma gaf hem een knuffel en zei: ""Ik ben zo trots op je, Max!"" Max lag dan op de grond en hij keek naar Emma. Hij was heel blij dat hij met haar kon zijn."
277,meta-llama/llama-3.1-8b-instruct,10_11,"Er was eens een hond genaamd Max. Hij was een echt superhond! Max woonde bij een oudere man genaamd Pappie. Pappie was erg lief en Max ging elke dag met hem op stap.

Eén dag ging Pappie en Max naar het park. Toen ze bij de speeltuin kwamen, zag Max een leuk kindje dat alleen was. Het kindje kon niet lopen en zat in een rolstoel. Max ging naar het kindje toe en begon te spelen met het kindje. Hij ging om hem heen lopen, likte zijn hand en gaapte.

Het kindje lachte heel hard en zei dankjewel aan Max. Toen Pappie het zag, was hij erg blij. Pappie zei: ""Max, jij bent echt een goede vriend!"" En Max wist dat hij gedaan had wat goed was. Hij ging nog een keer naar het kindje toe en begon weer te spelen. En vanaf die dag was Max en het kindje de beste vrienden van het park."
278,meta-llama/llama-3.1-8b-instruct,10_11,"Er was eens een konijn genaamd Benny. Hij woonde in een grote bos met zijn beste vrienden, een vogel genaamd Pip en een das genaamd Dina. Ze waren altijd samen en speelden in het bos.

Maar een dag kwam er een nieuwe vriend in het bos. Hij heette Leo en was een wolf. Hij was erg aardig en wilde niemand kwaad doen. Hij wilde alleen met zijn nieuwe vrienden spelen.

Maar als weet, de andere dieren in het bos waren erg bang voor Leo. Ze dachten dat hij hen zou eten. Benny, Pip en Dina wilden Leo niet uitnoodigen om te spelen. Maar Leo had geen zin om alleen te zijn.

Hij ging naar Benny en zijn vrienden en vroeg of hij mee kon doen. Benny en zijn vrienden waren bang, maar ze gingen toch met Leo spelen. En weet wat? Leo was echt aardig en hij speelde prima met hen. Nu zijn Benny, Pip, Dina en Leo de beste vrienden van het bos."
279,meta-llama/llama-3.1-8b-instruct,10_11,"Dit gaat over mijn vriendin Lotte. Ze heeft een hond genaamd Max. Max is zo snel dat hij in één seconde de hele straat kan oversteken. Hij is zo lang dat hij bijna zo groot is als ik.

Een keer ging Lotte en Max naar de speeltuin. Lotte speelde met de andere kinderen op de kast. Max ging zwemmen in de vijver. Toen Lotte klaar was met spelen ging ze naar Max kijken. Max was heel vies van het water. Lotte moest hem helemaal schoonmaken.

Toen ze naar huis gingen, zag Lotte een vogel in een boom zitten. Lotte wilde de vogel zien, dus ze liep naar de boom. Max ging ook naar de boom. Toen Lotte oog in oog stond met de vogel, vloog de vogel weg. Max was zo geschrokken dat hij op de grond ging liggen. Lotte moest lachen van Max."
280,meta-llama/llama-3.1-8b-instruct,10_11,"Ik ken een meisje, het heet Lotte. Ze heeft een hond, een heel lief hondje. Hij heet Max. Max is een golden retriever en hij is zo lief. Hij heeft een rood haar en hij is heel intelligent.

Lotte en Max gaan altijd naar het park. Daar rennen ze rond en spelen ze. Max is heel snel en hij kan heel ver rennen. Lotte is heel blij als ze met Max naar het park gaan.

Maar een keer ging het niet goed. Er was een stroomstoring en het park was donker. Lotte was heel bang en Max zou haar ook niet kunnen vinden. Maar Lotte heeft een zaklamp en ze hebben een lantaarnpaal gezien. Ze zijn naar de lantaarnpaal gegaan en daar hebben ze gewacht tot het licht weer aan was.

Nu gaan Lotte en Max elke keer naar het park, maar ze gaan niet als het donker is. Ze wachten tot het licht weer aan is. En ze zijn heel blij als ze met Max naar het park gaan."
281,meta-llama/llama-3.1-8b-instruct,10_11,"Dit was een keer als ik met mijn vriendin Emma op de speeltuin was. We speelden op de klimautomaat en ik had zojuist de hoogste plek bereikt. Mijn broer Max was er ook en hij ging omhoog, maar hij viel af en landde met een zware plof op de grond. Ik voelde me heel bang toen ik zag dat Max overeind kon komen, maar hij was helemaal niet gekwetst. En toen ging hij gewoon weer naar boven. Ik was echt verbaasd, hij had zo hard gevallen!

Ik was zo bang dat ik Emma vroeg om met me mee te gaan naar beneden. Mijn vader zei dat ik veilig was en dat ik mijn broer kon helpen, maar ik was heel bang. Mijn broer Max is echt heel stout, hij durft alles en hij ging weer naar boven. Ik denk dat ik genoeg ben voor zo'n klimautomaat."
282,meta-llama/llama-3.1-8b-instruct,10_11,"Hij heette Max en hij was een super cool hond. Hij had een rood borstbandje om zijn nek en hij kon super snel rennen. Max woonde bij zijn baas, een meisje dat Liefje heette. Ze woonden in een grote tuin met een groot zwembad. Liefje en Max gingen vaak zwemmen.

Een keer, toen Liefje in het zwembad was, kwam er een grote groep ganzen aanvliegen. Ze kwamen uit het niets en begonnen te eten in de tuin. Liefje schreeuwde ""Max, Max!"" maar Max hoorde haar niet. Hij was aan het spelen met een bal.

De ganzen begonnen Liefje te bedreigen en ze rende naar de trap om boven te gaan. Max hoorde haar schreeuwen en kwam met de bal rennen. Hij sprong in het zwembad en zwom naar Liefje toe. De ganzen vluchtten toen Max er was. Liefje gaf hem een dikke knuffel en zei ""Dank je wel, Max!"" Max was de held van de dag."
283,meta-llama/llama-3.1-8b-instruct,10_11,"Er was eens een kat genaamd Muisje. Muisje was zo grasgroen dat hij bijna door de grond verdween. Hij had ook super lange oren die altijd wapperden in de wind. Muisje woonde in een klein dorp met veel vrienden. Hij had een hond genaamd Bobbetje die altijd met hem wilde spelen. Muisje en Bobbetje waren altijd bezig om in het bos te gaan op avontuur.

Een keer gingen ze op zo'n avontuur en vonden ze een oude grot. Muisje was zo nieuwsgierig dat hij in de grot wilde kijken. Hij klopte op de deur en een stem zei: ""Wie is daar?"" Muisje schrok en antwoordde: ""Ik ben Muisje!"" En toen deed de deur open en kwam er een oude vos uit. De vos vertelde Muisje en Bobbetje dat hij een geheim had dat niemand anders wist. Maar Muisje en Bobbetje waren zo goed dat ze het geheim mochten horen. Maar als ze het vertelden zou de vos gaan boos worden.

Muisje en Bobbetje beloofden dat ze het geheim niet zouden vertellen. En toen vertelde de vos dat hij een liedje kende dat als je het zong, alle dieren in de natuur naar je toe zouden komen. Muisje en Bobbetje moesten het liedje zingen en toen waren alle dieren in de buurt en dansten ze allemaal met Muisje en Bobbetje. Dat was echt een feestje."
284,meta-llama/llama-3.1-8b-instruct,10_11,"Dit is een verhaal over een heel leuke hond genaamd Max. Hij was een golden retriever en hij was enorm lief. Hij woonde bij een man en een vrouw met twee kinderen. Die kinderen waren zo enthousiast als ik wanneer ze lekker op school zitten. Max hield van spelen en hij speelde altijd met de kinderen. Hij was zo snel en hij kon heel goed springen.

Een keer was het zondag en de kinderen hadden niet lekker geslapen. Ze waren moe en ze wilden niet naar buiten. Maar Max was zo boos. Hij wilde spelen en hij wilde zorgen dat de kinderen opstapten. Dus hij nam hun handjes en hij trok hen naar buiten. Ze werden zomaar uit bed getrokken en toen ze naar buiten kwamen was het mooi weer. Ze gingen spelen en Max was heel blij. Hij sprong en hij rende en hij speelde met de kinderen. Ze hadden een heel leuke dag. Toen ze terug waren keken de kinderen naar Max en ze zeiden: ""Dank je wel, Max!"""
285,meta-llama/llama-3.1-8b-instruct,10_11,"Een keer was ik bij mijn vriendje Sander op bezoek. We speelden in zijn achtertuin. Hij had een heel grote trampoline en we sprongen erop. Maar toen had Sander een idee. Hij zei: ""We gaan een uitdaging doen!"" En hij zei dat hij kon springen zo hoog als hij wilde. Maar dat hij niet kon landen zonder te pinnen. 

Hij zei dat ik dat wel kon. Maar ik wist het niet zeker. Ik was bang dat ik zou pinnen. Maar Sander zei dat ik het kon doen. Hij zei dat ik geweldig was en dat ik het best kon. 

Dus ging ik op de trampoline staan. Sander sprong naast me en zei: ""Ga erop!"" En ik ging. Ik sprong zo hoog mogelijk. En toen kwam ik beneden. En ik pinte niet! Sander was super trots op me. En ik voelde me ook trots. Want ik had het gedaan!"
286,meta-llama/llama-3.1-8b-instruct,10_11,"We waren op zomerkamp. Ik sliep met een stel vrienden in een grote tent. De ene vriend, we noemden hem Jack, had een vreemde hond. Hij was groot en had geel haar. Jack zei dat de hond zijn tante was, maar ik dacht dat hij liegt. Jack zei dat de hond zijn naam kon roepen. Ik denk dat hij dat niet kan.

Een nacht, toen ik sliep, klonk er een luide stem van buiten de tent. Het klonk alsof de hond Jacks naam riep. Ik schrok me kapot. Ik dacht dat het echt was. De anderen sliepen nog, maar we hoorden het ook. Toen ik wakker was, was de hond weg. Sindsdien noem ik dat ding niet meer Jacks tante. Ik denk dat het echt was."
287,meta-llama/llama-3.1-8b-instruct,10_11,"We waren laat op school en de klas van de jongere broer van mijn beste vriend, Tim, had een feestje. We hadden geen idee dat het een feestje was, maar toen we er langs kwamen, hoorden we dat er popcorn en chocolade eieren waren. Tim zei dat hij een spel zou winnen en dat hij een leuk cadeautje zou krijgen. Het feestje was buiten, onder een grote boom. Ze hadden een grote stele hangen met een grote hangslot. Ik zag dat Tim naar de stele keek, hij was zeker bang dat hij hem niet zou halen. De jongere broer van Tim, hij heet Sander, zei dat hij een verrassing had en dat iedereen moest doen wat hij zei. Hij zei dat de mensen die het spel zouden winnen, een cadeautje van hem zouden krijgen. Tim deed mee aan het spel en hij deed het heel goed. Sander zei dat hij een cadeautje zou krijgen, maar dat hij eerst nog een klein extra spel moest doen."
288,meta-llama/llama-3.1-8b-instruct,10_11,"Er was eens een heel rare hond. Hij heette Max en hij was grijs. Hij was heel snel en kon overal heen rennen. Max woonde bij een oude vrouw. Ze heette mevrouw Smith. Ze gaf Max veel aandacht en hij was heel lief voor haar.

Maar Max had een heel slecht geheugen. Hij vergat alles. Als mevrouw Smith hem een bevel gaf, vergeleek hij het later niet of hij het al gedaan had. Hij deed het dan nog een keer. Mevrouw Smith vond het heel grappig. Ze lachte veel als Max dingen herhaalde.

Maar een keer was Max bijna te snel. Hij rende weg van mevrouw Smith en ging naar de stad. Hij rende over straat, langs winkels en mensen. Iedereen keek naar hem. Toen hij eindelijk terugkwam, was mevrouw Smith heel boos. ""Je hebt me veel zorgen gemaakt, Max!"" zei ze tegen hem. Max had niet door wat hij gedaan had. Hij was heel blij om weer terug te zijn bij mevrouw Smith."
289,meta-llama/llama-3.1-8b-instruct,10_11,"Een keer was ik met mijn beste vriendin Emma op een feestje. Het was in de tuin van haar oom. Er waren zo veel kinderen! Ik zag een grote hond, hij was vooral interessant. Hij heette Max. Emma en ik wilden hem zo graag aaien, maar haar oom zei dat hij nog jong was en heel energiek. Dus we moesten hem even alleen laten.

Maar we wilden niet alleen naar binnen gaan, want dan zouden we niet meer bij Max kunnen. We moesten een manier vinden om hem te laten spelen, zonder dat hij te veel energy uit liet. We gingen naar de toonbank waar de snoepjes lagen. Emma had een idee. Ze ging naar de toonbank en haalde een koekje van de plank. Ze gooide het op de grond. En toen kwam Max hard aan rennen en pakte het op. Hij was zo blij!

Toen Max genoeg had gegeten, was hij langzaam aan het spelen. Hij liet ons aaien en werd zo lief. Emma en ik waren zo blij! We hadden Max echt opgewarmd."
290,meta-llama/llama-3.1-8b-instruct,10_11,"Dus we hadden de katten van de buurman. Zij hadden een hond en hij was erg vreemd. Hij heette Rex en hij kon zelfs hinken. Hij was erg slim en hij kon zelfs de sleutel van de voordeur vinden als je hem niet op slot deed. Dat vonden we erg cool.

Een keer, toen wij bij de buurman waren, had Rex een idee. Hij ging naar de keuken en hij begon in de kast te snuffelen. Hij vond een zakje koekjes en hij begon het open te maken. De buurman was erg boos, maar Rex deed alsof hij niets deed. Hij at de koekjes en hij ging toen naar de woonkamer.

Daar zat hij op de bank en hij keek ons aan. Hij was erg tevreden en hij had een grote glimlach op zijn gezicht. Ik vond hem erg leuk en ik wou dat ik zo'n hond had. De buurman zei dat Rex een goede hond was, maar hij vond het wel erg leuk dat hij onze koekjes at."
291,meta-llama/llama-3.1-8b-instruct,10_11,"Er was eens een hond genaamd Max. Hij was een superhond, hij kon heel hard rennen. Hij had een vriendje, een vogel genaamd Sam. Sam kon heel veel zingen. 

Een dag waren Max en Sam op het strand. Ze speelden samen in de golven. De zon scheen en het was heel leuk. Maar toen kwam er een grote golf. Die golf sloeg Max tegen de grond. Sam was erg bang en vloog weg. 

Max kwam moeizaam overeind. Hij was heel erg moe, maar hij moest Sam vinden. Hij rende langs het strand, maar Sam was nergens te vinden. 

Toen hoorde Max een zacht zingen. Hij keek omhoog en zag Sam in een boom. Sam zong heel zachtjes, want hij was erg bang. Max klom in de boom en ging naast Sam zitten. ""Het is oké Sam"", zei Max, ""ik ben hier.""

Sam begon te zingen, maar nu was het een heel andere melodie. Hij zong over Max en de grote golf. Max was erg blij dat Sam veilig was. Vanaf toen waren Max en Sam nog steviger vrienden dan ooit."
292,meta-llama/llama-3.1-8b-instruct,10_11,"Er was eens een jonge hondje genaamd Max. Hij was super snel en kon heel goed rennen. Max woonde bij een oudere man genaamd meneer Smith. Meneer Smith hield heel veel van Max en nam hem vaak mee op wandelingen.

Een dag ging Max met meneer Smith op wandeling. Ze liepen door het bos en kregen ineens een hondje in de gaten. Dat hondje was erg verdwaald en probeerde terug naar zijn eigen huis. Meneer Smith en Max besloten om het hondje te helpen.

Zo liepen ze met het hondje mee en vroegen om hulp aan andere honden die ze tegenkwamen. Ten slotte kwamen ze aan bij het huis van het hondje. De hond was zo blij om zijn eigen huis weer te zien. Meneer Smith en Max werden beloond met een grote knuffel van het hondje en zijn baas.

Vanaf die dag was Max heel beroemd in het dorp. Iedereen wist dat hij een held was. Max en meneer Smith gingen nog vaak op avontuur en hielpen anderen die in nood waren."
293,meta-llama/llama-3.1-8b-instruct,10_11,"Er was eens een goudhaas, hij woonde in een berg. Hij was heel rijk, want hij had een hele hoop goud. Maar hij was niet blij met zijn goud, want hij wilde niets met geld doen. Hij deed alles met zijn goud, hij maakte er een fontein van, hij maakte er een klein bootje van en hij maakte er zelfs een klein paardje van.

Een dag kwam een jongetje, hij was heel slim en hij hield van puzzels. Hij had een puzzel en hij wilde hem oplossen in de berg. Hij zag de goudhaas en hij vroeg hem of hij hem kon helpen met zijn puzzel. De goudhaas zei: ""Ja, maar je moet eerst mijn goudhaas zijn puzzel afmaken!"" En zo begon de jongetje aan de puzzel. Hij deed heel langzaam, maar hij was vastberaden. Uiteindelijk lukte het hem en de puzzel was opgelost.

De goudhaas was heel blij en hij gaf de jongetje een klein goudstuk. ""Bedankt voor het helpen van mijn goudhaas!"" zei hij. De jongetje was heel blij en hij ging naar huis met zijn goudstuk."
294,meta-llama/llama-3.1-8b-instruct,10_11,"Er was een keer een vos. Hij heette Vlinder en hij was erg slim. Vlinder woonde in een bos met veel andere dieren. Ze waren zijn vrienden. Hij hield van jagen maar soms kon hij niets vangen. Toen zocht hij een hulp. Een oude kwak kwam hem helpen. De kwak was erg oud en wist veel dingen. Hij leerde Vlinder hoe hij beter moest jagen. 

Vlinder leerde heel snel en hij werd de beste jager van het bos. Hij vond altijd voedsel. De dieren in het bos waren blij met hem. Ze konden veel eten omdat Vlinder voedsel vond. De kwak was trots op Vlinder. Hij had hem geholpen en nu was Vlinder de beste jager. Vlinder was dankbaar voor de kwak. Hij vond het erg fijn om hem te helpen wanneer hij oud was."
295,meta-llama/llama-3.1-8b-instruct,10_11,"Er was een keer, dat mijn beste vriendin Emma een eend had gekocht. Hij heette Kwik en hij was echt heel snel. Emma had hem van de vogelmarkt gehaald en hij was nog een beetje bang. Emma gaf hem een appel en hij begon te eten. Maar toen hij die appel at, begon hij te rennen rondom het park. Hij liep zo hard dat hij bijna klapte van zijn benen. Emma lachte en ging hem achterna. Ze renden samen rondom het park tot ze uitgeput waren. Toen gingen ze terug naar huis om te eten. Kwik had een lekkere honger gekregen en hij at bijna het hele eten op. Emma en ik hebben altijd veel lol met Kwik. Hij is echt de leukste eend van de hele wereld."
296,meta-llama/llama-3.1-8b-instruct,10_11,"We waren laat op school en ik moest mijn zak met chocoladehagelslag in mijn broertje overgeven. Hij kwam naar me toe en ik gaf hem de zak. Hij was zo opgewonden, ""Echt, echt, mag ik?!"" Hij rende naar buiten en ik moest hem volgen. Hij ging naar de boom waar we de meest lekkere appel vinden.

Hij klom de boom in en ik ook. De zon viel op ons en het rook er lekker. Mijn broertje vond een appel en ik ook. Hij gooide de appel naar beneden en ik moest hem vangen. Maar hij valt me niet in de handen, nee, hij rolt weg en ik moet hem zoeken. Mijn broertje lacht zo hard en ik ook. Het was echt een leuk moment. We gingen terug naar school, maar ik moest hem nog wat geld geven, anders mocht hij niet kauwgom hebben bij de kantine."
297,meta-llama/llama-3.1-8b-instruct,10_11,"Dit is een leuk verhaal over een hond. Hij heet Max. Hij is een witte hond met een zwarte streep op zijn neus. Hij woont bij een vrouw met een zoon. De zoon heet Lucas.

Een keer ging Lucas en zijn ma naar de speeltuin. Ze namen Max mee. Max was heel snel en hij kon hard rennen. Toen ze bij de speeltuin waren, zagen ze een ander hondje. Dat hondje was heel klein en hij was heel bang.

Max ging naar het kleine hondje toe. Hij wilde het hondje vrienden maken. Maar het kleine hondje was bang en hij begon te janken. Lucas en zijn ma probeerden de kleine hond te kalmeren.

Maar Max bleef bij het kleine hondje zitten. Hij bleef zo totdat het kleine hondje niet meer bang was. Toen ging Lucas en zijn ma hem redden. Ze namen Max en het kleine hondje mee naar huis.

Daar gaf Lucas het kleine hondje eindelijk een naam: Bella. Max en Bella werden vrienden. Ze speelden samen en sliepen samen. En Lucas en zijn ma waren heel blij met de nieuwe hond."
298,meta-llama/llama-3.1-8b-instruct,10_11,"Er was eens een kanjer van een hond. Hij heette Max en hij was super snel. Max woonde bij een oudere dame genaamd tante Agnes. Tante Agnes had een kleine winkeltje waar ze kruiswortelpuzzels verkocht.

Max was super slim en hij kon alle puzzels oplossen, zelfs de moeilijkste. Tante Agnes was heel trots op hem. Maar één dag ging een grote hond naar tante Agnes' winkeltje. Deze hond heette Boris en hij was een stuk groter dan Max.

Boris zag de puzzels en hij dacht: ""Wauw, die zijn leuk!"" Maar Boris kon de puzzels niet oplossen, hij was te dom. Max zag Boris en hij dacht: ""Hè, hij kan de puzzels niet oplossen!"" Dus hij ging naar Boris toe en hij begon de puzzels op te lossen.

Boris was heel dankbaar en hij beloofde Max dat hij zijn brood zou halen als hij terugkwam. Maar als hij terugkwam was het brood ineens verdwenen! Max dacht: ""Gaat het wel goed met Boris?"" En toen hij naar het huis van Boris ging zag hij Boris met een zelfgemaakte puzzel! ""Ik kan het zelf doen!"" riep Boris."
299,meta-llama/llama-3.1-8b-instruct,10_11,"Er was eens een hond genaamd Max. Max was een beetje een losbol. Hij deed altijd wat hij wilde en verwaarloosde soms zijn baasje. Maar hij deed het uit liefde, hoor.

Max woonde bij een jongen genaamd Lucas. Lucas was een leuke jongen die Max graag over de hei liet rennen. Max had een speciale band met Lucas. Hij wist altijd wanneer Lucas een slechte dag had en dan ging hij naast hem zitten om hem gerust te stellen.

Een keer ging Lucas met zijn familie op vakantie naar de zee. Max kwam ook mee en hij was zo blij dat hij bij Lucas mocht zijn. Hij ging met hem zwemmen en rende over het strand. Maar toen Lucas in het water sprong, ging Max er ook in. Lucas was zo bang, want hij wist niet hoe Max kon zwemmen.

Maar Max had toch nog een goede zwemmer. Lucas kon hem nog net opvangen toen hij wegvloeide. Max was zo gelukkig dat hij Lucas had kunnen redden en Lucas was zo trots op zijn hond, want hij had hem net op tijd opgevangen."
300,meta-llama/llama-3.1-8b-instruct,11_12,"Er was eens een hond genaamd Max. Hij was een super hond, met een dikke vacht en een lange snuit. Max woonde bij zijn baas, een meisje genaamd Lotta. Lotta was een leuk meisje met rood haar en een grote glimlach. 

Max was erg slim. Hij kon veel dingen doen, zoals helpen met de boodschappen en zelfs uitgaan met Lotta. Maar Max' favoriete ding was zwemmen. Hij hield van het water en hij kon super snel zwemmen. 

Een dag ging Lotta met Max naar het strand. Ze gingen zwemmen en Max was zo gelukkig. Maar toen ze terugkwamen, zag Lotta dat Max' vacht vol zand zat. Lotta moest hem dus douchen. Max vond dat niet leuk. Hij wist dat hij dan nat en koud zou zijn. 

Maar Lotta was lief voor hem en ze gaf hem een lekker knuffel. Max was zo blij dat hij nog steeds zijn favoriete hond was. En hij wist dat Lotta hem zou helpen wanneer hij nodig had."
301,meta-llama/llama-3.1-8b-instruct,11_12,"Er was een keer een magische luchthaven. Niemand wist waar het was, maar als je heel hard riep, klonk er een antwoord. Het was een stem van een vriendelijke vrouw. Ze zei dat ze je naar de luchthaven zou brengen als je heel hard riep.

Er was een jongen die heel graag vloog. Hij riep zo hard als hij kon, maar niemand kon hem horen. Maar hij gaf niet op. Hij riep nog harder. En toen klonk de stem van de vriendelijke vrouw.

Ze zei: ""Kom maar, ik kom je halen!"" De jongen was zo blij. Hij liep met de vrouw naar de luchthaven. Daar was een prachtig vliegtuig. Het had een grote kofferbak en een fiets erin.

De vrouw zei: ""Wil je echt vliegen?"" De jongen zei: ""Ja, ik wil vliegen!"" Dus stapte hij in het vliegtuig en de vrouw startte het. Ze vlogen zo hoog en ze zagen de hele stad onder zich.

Het was zo cool! De jongen vloog heel snel en hij voelde zich vrije vogel. Hij riep uitgelaten: ""Wauw, dit is het beste wat ik ooit heb gedaan!"""
302,meta-llama/llama-3.1-8b-instruct,11_12,"Er was eens een meisje dat ik ken van mijn zus. Ze heet Luna en ze is super cool. Luna heeft een hondje genaamd Max en die is ook heel cool. Hij is een golden retriever en hij is zo lief.

Een keer was Luna en Max op vakantie bij haar ouders in de zomer. Ze gingen naar het strand en Luna liet Max los. Hij sprong in het water en begon te zwemmen. Luna was zo blij en begon te lachen. Max zwom zo ver uit het water dat Luna hem had verloren.

Luna schreeuwde ""Max!"" maar hij kwam niet. Ze was heel bang dat hij verdwaald was. Maar dan zag ze hem op een rots zitten, hij had zelf naar het rots gestapt. Luna was zo blij dat ze hem eindelijk terug had en ze omhelsde hem zo hard. Max was ook blij en begon te kwispelen. Luna en Max gingen terug naar het strand en ze hadden een hoop lol."
303,meta-llama/llama-3.1-8b-instruct,11_12,Er was eens een vos met een zelfgemaakte cape. Die cape was zo groot als een vlag. Hij droeg hem bij de grote jacht. Hij rende door het bos. Zijn cape wapperde in zijn nek. Hij kwam bij de rivier. Daar zag hij een grote vis. Die vis was zo groot als een zwaan. De vos ging achter hem aan. Maar de vis was te snel. Hij sprong in het water. De vos ging ook in het water. Hij zwom naar de vis. Maar de vis was te sterk. Hij sloeg de vos met zijn staart. Die sloeg de vos zo hard dat hij naar de grond viel. De vos kwam moeizaam overeind. Hij ging snel weg. Hij ging naar zijn hut. Daar trok hij zijn cape uit. Hij gooide hem weg. Hij ging nooit meer jagen met die cape.
304,meta-llama/llama-3.1-8b-instruct,11_12,"Er was eens een hondje genaamd Max. Hij was een golden retriever en hij was heel lief. Max woonde met zijn baas bij een grote boom in een bos. Max hield van rennen en spelen.

Een dag ging Max met zijn baas op een wandeling door het bos. Toen ze bij de grote boom waren, hoorde Max iemand roepen. Het was een vogel die vast zat in een tak. Max ging dichterbij om te zien wat er gebeurde.

Zijn baas zei: ""Laat hem los, Max!"" Maar Max bleef staan en keek naar de vogel. Toen zijn baas hem aanrook, liet hij de vogel los. De vogel vloog weg en de vogel zei: ""Dank je wel, Max!"" Max was heel blij dat hij de vogel had geholpen.

Zijn baas gaf hem een knuffel en zei: ""Je bent een goede hond, Max!"" Max liep met zijn baas terug naar huis en hij voelde zich heel trots."
305,meta-llama/llama-3.1-8b-instruct,11_12,"We waren op school en ik had een les met mevrouw Janssen. Zij was onze lerares Nederlands. Mijn beste vriendin, Sofie, en ik, we zaten in de klas. Mevrouw Janssen zei dat we moesten schrijven over een avontuur van de schat van Zheng He. Zheng He was een Chinese ontdekkingsreiziger. Hij had een schip gebouwd en hij had geprobeerd om naar Europa te varen.

Ik heb me zo voor kunnen stellen dat ik op dat schip zat. We varen over de grote oceaan. Het is donker, we hebben alleen de sterren om ons heen. Het is koud en wij zijn maar klein. We hebben een klein bootje. We zien een eiland in de verte. We zetten koers naar het eiland. Als we aankomen, zitten er mensen op het strand.

Een oude man zegt tegen ons: ""Welkom, jongeren!"" Hij vertelt ons dat hij de laatste nakomeling is van Zheng He. Hij geeft ons een map met een kaart van het eiland. Hij zegt: ""Vind de schat, maar pas op, want je bent niet de enige die hem zoekt."""
306,meta-llama/llama-3.1-8b-instruct,11_12,"We waren op kampeervakantie bij ons oom en tante. Mijn broer en ik waren in de bossen aan het spelen terwijl onze ouders en tante bij de tent zaten. We hadden een geheim. Onze oom was een echte avonturier, hij had in de oorlog als soldaat gestreden. Hij vertelde ons dat de bos waarin we speelden, vol zat met geheime holtes en schuilplaatsen. We moesten ze allemaal vinden.

Toen we verder liepen, zagen we een gat in de grond. We keken elkaar aan en gingen naar binnen. Het was een klein holletje, maar we wisten dat we nog veel meer moesten vinden. We liepen verder en vonden een andere ingang naar een hol. Nu was dat een echt groot hol. We zaten er vol met spullen van onze oom, zoals oude wapens en een oude kaart. We wisten nu dat we niet alleen een holletje hadden gevonden, maar een echte schuilplaats van onze oom.

Onze ouders vonden ons uiteindelijk en we moesten de tent weer opzoeken. We vertelden niemand over ons avontuur, maar we wisten dat we de volgende dag weer terug zouden gaan in het bos."
307,meta-llama/llama-3.1-8b-instruct,11_12,"Ik ken een papa die een fantastische oppas heeft. Hij heet Sjaak en hij is zwart, wat heel apart is. Hij heeft een enorme grijns, zo breed dat het bijna niet past op zijn gezicht. 

Papa en mama gaan altijd even naar de winkel en dan blijft Sjaak bij ons. Hij is zo leuk. Hij kan een enorme trappringen en doet dan alsof hij een zwaan is. Hij maakt zo'n lawaai dat we allemaal moeten lachen. Sjaak heeft ook een klein hondje, een Duitser, die heet Bamm-Bamm. Bamm-Bamm is zo klein dat hij in mijn hand past. Hij is super lief en doet nooit kwaad.

Soms gaan Sjaak en Bamm-Bamm met ons op stap. We gaan dan naar het park en spelen met de andere kinderen. Sjaak doet altijd mee en we spelen dan een super groot gevecht met stokjes en bladeren. Sjaak is altijd de kersverse held en hij wint altijd.

Ik vind Sjaak super leuk en ik hoop dat hij altijd bij ons mag komen. Hij is de leukste oppas die ik ooit heb gezien."
308,meta-llama/llama-3.1-8b-instruct,11_12,"Er was eens een hond genaamd Max. Hij was heel snel en had een lange vacht die gemaakt was van een heel fijn en zacht materiaal. Max woonde bij zijn baas, een meisje genaamd Lisa. Ze woonde in een klein huis met een grote tuin.

Een keer ging Lisa met Max op wandel. Ze liepen langs een kleine rivier die vol water stond. Max wilde zelf maar een stukje van de rivier weglopen. Lisa riep naar hem: ""Max, kom terug!"" Maar Max wilde nog steeds weglopen. Toen hij toen eindelijk terugkwam, was hij nat en slobberig.

Lisa was heel boos op Max, maar toen ze hem zag, begon ze te lachen. Ze zei: ""Lekker, hè?"" en gaf Max een knuffel. Max was heel blij en begon te spelen met zijn tong uit zijn bek. Hij was heel blij dat hij al die leuke dingen had kunnen doen."
309,meta-llama/llama-3.1-8b-instruct,11_12,"Er was eens een meisje dat genoemd werd Lily. Ze was een vriendelijke meid en woonde in een klein dorpje bij een groot meer. Ze hield van vissen en ging vaak met haar vader op pad om te vissen. Een keer had Lily een dromerig visje in het water gezien. Ze had er heel graag een willen hebben, maar haar vader zei dat het een heel moeilijke vis was om te vangen.

Maar Lily gaf niet op. Ze ging naar haar moeder en vroeg om haar oude vissersnet. Ze had al eerder in die tijd van haar leven al een keer met dat net gefaald, maar nu had ze een plan. Ze ging met haar moeder mee en zei dat ze het net zou gebruiken om een raad te vragen aan de vis. Of die vis haar wilde helpen of niet, ze wist het nog niet."
310,meta-llama/llama-3.1-8b-instruct,11_12,"Er zat een meisje. Ze heette Luna en ze was erg cool. Ze had een hondje dat een witte vacht had en blauwe ogen. Dat hondje was erg slim. Luna en haar hondje, Luna noemde hem Snowy, gingen op avontuur in het bos. Ze zochten naar een legende. Volgens de overlevering was er in het bos een kasteel gemaakt van glas. Luna wilde dat kasteel zien. Snowy snuffelde met zijn neus over de grond. Luna vroeg: ""Wat doe je, Snowy?"" Snowy kwam met zijn kop naar Luna en gaf haar te kennen dat hij een pad vond. Ze gingen door het bos.

Na een tijdje zagen ze een klein glazen kasteeltje. Luna was verrast. Ze wilde erin. Ze ging erin. Het was heel mooi. Er stonden glazen bloemen en er was een glazen fontein. Luna was heel blij. Snowy kwam ook naar binnen en hij begon te spelen met de glazen bloemen. Luna lachte. Ze wilde daar blijven, maar haar moeder riep haar. Ze moest naar huis. Luna en Snowy gingen weg."
311,meta-llama/llama-3.1-8b-instruct,11_12,"Er was eens een hondje genaamd Max. Hij was super snel en had een warme huid. Max woonde bij een meisje genaamd Emma. Emma was heel lief en speelde met Max heel vaak. Max hield heel veel van Emma.

Een dag ging Emma en Max naar het park. Ze gingen naar de speeltuin waar Max zijn lievelingsding kon doen: rennen. Max rende zo snel dat hij bijna niet meer te zien was. Emma lachte en riep: ""Max, kom terug!""

Maar Max was te ver weg. Hij was gaan rennen in een donker hol. Hij wist niet hoe hij terug moest komen. Emma werd heel bang en riep: ""Max, waar ben je?""

Net toen Emma wilde opgeven, hoorde ze een kuchje. Max was terug! Hij kwam met zijn bek vol modder en huidplooi. Emma lachte en knuffelde Max. ""Je bent nog steeds de snelste hond van de wereld, hè?"""
312,meta-llama/llama-3.1-8b-instruct,11_12,"Er woonde eens een meisje genaamd Lea. Lea hield heel veel van dieren. Haar ouders hadden een klein dierenasiel achter hun huis. Lea hielp daar bij met het verzorgen van de dieren.

Er was één hond die super lief was. Ze noemde hem Max. Max was een hond die heel vaak verdwaalde. Toen Lea hem vond, was hij altijd heel blij. Lea had een speciale band met Max.

Maar er was ook een klein kitten. Dat kitten heette Mia. Mia was een heel kleine poes die heel veel speelde. Lea hield heel veel van Mia. Lea en Mia waren altijd samen.

Toen Lea en Mia een dag op een wandeling waren, kwam Mia verdwaald in een donker bos aan. Lea had heel veel angst. Maar ze zocht Mia op en vond haar uiteindelijk. Lea was heel blij dat ze Mia had gevonden. Mia was ook heel blij om Lea te zien."
313,meta-llama/llama-3.1-8b-instruct,11_12,"Dit was mijn vriendin Lisanne, ze woonde in de buurt. En ze had een hond, dat was een heel lief hond. Hij heette Max. 

Max was een grote hond, hij kon heel hard rennen. Lisanne zei dat Max altijd wilde spelen. Ze gingen naar een park en daar kwamen we op een dag Max tegen. Hij was alweer heel snel en hij rende naar ons toe. 

Lisanne schreeuwde ""Max, nee!"" maar Max rende gewoon door. We moesten ons aan hem vasthouden. Hij was zo hard! Lisanne had hem in de tuin van haar oma uitgelaten. Die was heel oud en Max had haar het huis uitgeduwd. Oma was heel boos geworden. 

Lisanne was heel verdrietig, ze wilde niet dat Max verdwaald zou zijn. Maar we hadden geluk, Max kwam terug. Hij kwam bij Lisanne terug en dan was hij heel blij en hij bleef heel lang bij haar."
314,meta-llama/llama-3.1-8b-instruct,11_12,"We waren bij onze vriendin Lisanne op de zomerfeesten. Lisanne's ouders hadden een boot en we gingen erop zitten. We dachten aan het water, maar toen we erop kwamen, was het een beetje saai. We liepen wat rond en zagen een oude visser. Die zei tegen ons: ""Jongens, wilt u hulp van me?"" We zeiden ja, en hij deed zijn jas open. Daar zat een grote vis in! Die vis was enorm groot, groter dan ik! De visser zei: ""Dit is mijn beste vriend. Hij heet Max."" We waren allemaal verbaasd. We vroegen of we Max mochten aaien, en dat mochten we. Max was super zacht. We liepen nog wat rond, en toen zeiden we: ""Dank je wel, visser!"" En de visser zei: ""Graag gedaan!"" Daarna liepen we terug naar Lisanne's ouders."
315,meta-llama/llama-3.1-8b-instruct,11_12,"Er was een keer een hond genaamd Max. Hij was een roodbruine golden retriever en hij was super lief. Hij woonde bij een oudere man genaamd meneer Thompson. Meneer Thompson was heel rijk en hij had een grote villa met een enorme tuin. Max mocht altijd buiten spelen en hij had zelfs een eigen pool.

Maar Max was niet zoals andere honden. Hij kon praten! Ja, je hoort dat goed, praten! Het was een heel grote verrassing voor meneer Thompson toen Max hem een dag zei: ""Hé, meneer Thompson, mag ik uit gaan spelen?""

Meneer Thompson was zo verbaasd dat hij bijna viel. Hij zei: ""Jongen, Max kan praten!"" En Max zei: ""Ja, ik kan praten! En ik wil naar het park gaan, mag ik?""

Meneer Thompson lachte en zei: ""Ja, Max, je mag naar het park gaan, maar kom alsjeblieft terug voor het donker."" En Max ging naar het park en hij speelde met andere honden en kinderen. Hij had het een beetje druk, maar hij was heel blij.

Toen Max terugkwam bij meneer Thompson, zei hij: ""Hé, meneer Thompson, ik heb een vriend gemaakt in het park. Hij heet Rocky en hij is ook een golden retriever."" En meneer Thompson lachte en zei: ""Ah, leuk voor je, Max. Kom, laten we Rocky nog even ontmoeten."""
316,meta-llama/llama-3.1-8b-instruct,11_12,"Er was een keer dat mijn beste vriendje, Luka, een rare kat had. Die kat heette Sprink. Hij was super dik en had een paar lange oren. Sprink hield van spelen, maar hij hield nog meer van eten. Luka's ouders kochten altijd veel voer voor Sprink, dus hij was super zwaar.

Ik ging één keer bij Luka logeren en hij liet me Sprink zien. Hij was echt heel dik! Sprink had even nodig om zijn benen te strekken van al zo lang liggen. Luka gaf hem een lekkere bal en Sprink ging meteen aan de slag. Hij pakte de bal in zijn poot en liep ermee naar Luka. Luka was zo blij en gaf Sprink een dikke knuffel.

Toen ik weg moest gaan, was Sprink doodmoe. Hij lag op zijn kussen en sliep met zijn ogen half dicht. Luka zei dat Sprink altijd heel vrolijk was, maar als hij te veel had gegeten, werd hij een beetje saai. Dat vond ik wel leuk, want ik vind Sprink ook super leuk."
317,meta-llama/llama-3.1-8b-instruct,11_12,"Er was eens een jonge hond genaamd Max. Hij was heel snel en had een prachtig bruin koetje. Max woonde bij een meisje genaamd Lina. Lina was heel lief en gaf Max veel aandacht.

Een keer ging Lina en Max naar het park. Lina gooide een bal in het water en Max ging zwemmen om hem op te vissen. Hij was heel goed in zwemmen en had het bal in een paar seconden.

Toen Max terugkwam met de bal, was Lina heel trots op hem. Ze gaf hem een dikke knuffel en een koekje. Max was heel blij en sprong om Lina heen om te spelen.

Maar dan zag Max een konijn in het gras. Hij werd heel enthousiast en ging aankomen. Lina riep: ""Max, nee! Ga niet naar het konijn toe!"" Maar Max ging ervoor.

Hij kwam terug met een stukje gras in zijn bek en Lina was heel blij dat hij terug was. Max had ontdekt dat hij kon rennen en spelen, maar hij had ook geleerd om te luisteren naar Lina. En ze waren heel gelukkig samen."
318,meta-llama/llama-3.1-8b-instruct,11_12,"Er was eens een hond genaamd Max. Hij was een superhond, hij had een rode vacht en een lange stekelstaart. Max woonde bij een meisje genaamd Sophie. Sophie was heel lief voor Max, ze gaf hem altijd eten en speelde met hem.

Een keer ging Sophie op vakantie naar de zee. Max mocht mee omdat hij heel lief was. Toen ze bij het strand aankwamen, zag Max een balletje in het water liggen. Hij wilde het balletje pakken, maar hij kon niet zwemmen. Sophie hielp hem en samen sleepten ze het balletje uit het water.

Toen ze terug gingen naar hun hotelkamer, viel Max in slaap. Sophie lachte en zei ""Dit is de leukste hond ter wereld!"" Max sliep nog steeds en hij droomde van het strand en het balletje."
319,meta-llama/llama-3.1-8b-instruct,11_12,"Er was eens een kippenhoender die heette Klaasje. Klaasje was een beetje rare kip, want zij was heel slim. Zij kon al lopen voordat andere kippen uit het ei kwamen. 

Klaasje woonde in een mooi schuur bij een boerderij. Daar woonden ook andere dieren, zoals varkens, geiten en een kat. 

Een keer ging de boer op vakantie. Hij liet de varkens, geiten en de kat alleen in de schuur. Maar Klaasje was slim genoeg om te weten hoe de sleutel van de schuur hing. 

Klaasje besloot om de sleutel te pakken en de schuur uit te gaan. Zij liep over het veld naar het dorp. Daar koos zij een hutje uit en ging daar wonen. 

De boer kwam terug van zijn vakantie en vond de schuur leeg. Hij was heel boos. Maar toen hij het hutje zag waar Klaasje in woonde, lachte hij. Klaasje had een mooi leven opgebouwd in het dorp. De mensen gaven haar eten en de hond deelde zijn bed met haar. 

Klaasje was heel blij met haar nieuwe leven. Zij was een slimme kip geweest om te weten dat de boer niet altijd thuis was."
320,meta-llama/llama-3.1-8b-instruct,11_12,"Er was eens een hondje genaamd Rusty. Die hond was echt super leuk! Hij had een rode vacht en een lange staart die hij telkens zo hard mogelijk klappert. Hij woonde bij een oude man genaamd meneer Johnson. Meneer Johnson was een beetje vreemd, hij droeg altijd een grote hoed op zijn hoofd en hij had een zwarte broek met rode strepen.

Rusty en meneer Johnson gingen altijd samen op avontuur. Ze gingen op pad om naar vuurwerk te zoeken en soms naar een oude verlaten kasteel dat in de buurt stond. Rusty vond het super leuk om door het donker te rennen en om te kijken naar de oude gebouwen.

Een keer ging Rusty en meneer Johnson op avontuur naar het kasteel. Ze liepen door de donkere gangen en ze hoorden allerlei rare geluiden. Rusty was een beetje bang, maar meneer Johnson zei dat hij niets te vrezen had. En toen, opeens, zagen ze een groot gat in de muur. Rusty en meneer Johnson keken elkaar aan en ze wisten dat ze daar moesten gaan kijken. En toen, opeens..."
321,meta-llama/llama-3.1-8b-instruct,11_12,"Er woonde een jongen genaamd Jip. Hij had een hond genaamd Max. Max was een hele stoere hond, hij was een Duitser. Hij was heel groot en heel sterk.

Een dag ging Jip met Max naar het park. Ze gingen naar de speeltuin. Daar was een meisje dat nooit wilde spelen met Jip. Ze heette Lotte. Lotte zei altijd dat Jip te klein was voor de grote toestellen. Jip vond het erg leuk om hoog te klimmen en van de grote toestellen af te springen.

Maar die dag was Lotte verdrietig. Haar hond was ziek geworden. Ze had hem naar de dierenarts gebracht. Jip en Max gingen naar Lotte toe. Ze vroeg of ze wilde spelen met Jip. Jip was erg blij. Hij en Max speelden met Lotte. Ze reden op de schommels. Ze klommen in het klimrek. Jip en Max richtten zich op Lotte. Ze wilden haar lachen zien.

Toen ze klaar waren met spelen ging Jip en Lotte naar Lotte's hond in de auto. Jip zei tegen Lotte dat hij hoopte dat haar hond beter zou worden. Lotte zei dat dankjewel aan Jip."
322,meta-llama/llama-3.1-8b-instruct,11_12,"Er was eens een jonge hond genaamd Max. Hij was een prachtig dier met een witte vacht en een snuit die rood was als een appel. Max woonde bij een oude man die hem veel liep. Die oude man was heel lief voor Max en gaf hem altijd lekkere bonbons.

Max en zijn baas gingen vaak op avontuur. Ze liepen door het bos, langs de rivier en door de bossen. Max was heel slim en kon altijd de weg vinden. Hij was net een echte hondenheld!

Maar eens, toen ze door het bos liepen, kwamen ze een jong meisje tegen. Ze was heel verdwaald en huilde omdat ze haar moeder niet kon vinden. Max' baas zei tegen hem: ""Help haar, Max!"" En Max deed precies dat. Hij ging naar het meisje toe, begon te blaffen en liep met haar hand in hand terug naar haar moeder.

De moeder was heel dankbaar en beloofde Max altijd lekkere dingen te geven als hij haar zocht. En Max deed dat graag, want hij hield van die meisjes en hun moeders en wilde altijd helpen."
323,meta-llama/llama-3.1-8b-instruct,11_12,"Er was eens een hondje dat heette Max. Hij was een leuke hond met een rood vacht en een lange snuit. Max woonde bij een familie die een zoon had die Max heel veel liefde gaf. Die jongen heette Tom.

Tom en Max deden alles samen. Ze gingen op stap in het park, naar het strand en zelfs naar de bergen. Max was super slim en kon veel dingen leren. Hij wist hoe hij moest springen over obstakels en hoe hij moest zwemmen.

Eén keer ging Tom en Max op avontuur in de bossen. Ze zochten naar een mysterieus eiland dat ergens moest liggen. Na een lange zoektocht vonden ze eindelijk het eiland. Het was zo mooi als ze dachten. Er groeiden mooie bloemen en bomen en er lag een mooi strand aan zee.

Max en Tom waren zo gelukkig dat ze besloten om nooit meer terug te gaan. Ze wilden op het eiland blijven en altijd samen zijn. En zo bleven ze op het eiland wonen en waren ze heel gelukkig."
324,meta-llama/llama-3.1-8b-instruct,11_12,"Er was eens een hond genaamd Max. Hij was een superhond, hij had een speciale kracht. Als hij zijn tanden liet zien, kon hij heel snel rennen. Hij was zo snel dat hij in een paar seconden over de straat kon rennen.

Max woonde bij een stel mensen die een klein jongetje hadden genaamd Lucas. Lucas was heel lief voor Max en speelde dagelijks met hem in de tuin. Maar Max mocht nooit de straat op, want hij was heel snel en kon niet goed remmen.

Een dag ging Lucas naar school en zijn moeder ging boodschappen doen. Max was heel boos dat hij niet mee mocht, dus besloot hij om een praatje te maken met de buren. Hij rende naar de straat en begon te blaffen. ""Ik wil naar Lucas!"" schreeuwde hij. De buren lachten en gaven Max een bak appel. 

Max at de appel en ging terug naar huis. Toen Lucas thuiskwam, zei hij tegen Max: ""Je bent een superhond, hè?"" En Max joeg van blijdschap om Lucas heen."
325,meta-llama/llama-3.1-8b-instruct,11_12,"Er was eens een hond genaamd Max. Hij was een blaffende hond en hij had een beste vriend, een jongetje genaamd Lucas. Lucas woonde in een kleine stad met een prachtig park.

Max en Lucas gingen vaak naar het park en speelden samen op het gras. Max was een snelle hond en hij kon heel snel rennen. Lucas was een goede gooiende en hij kon heel ver gooien. Samen kwamen ze op een dag een oude sleutel tegen.

Ze vroegen zich af wat die sleutel deed in het park. Lucas pakte de sleutel op en stak hem in zijn zak. Toen ze thuiskwamen vroeg Lucas zijn vader wat de sleutel deed. Zijn vader vertelde dat het een oude sleutel was van een oude kast in de stad.

Lucas en Max besloten om de kast te zoeken. Ze liepen door de stad en vonden uiteindelijk de kast. Het was een oude, vuile kast, maar het was duidelijk dat hij ooit gebruikt was. Lucas pakte de sleutel uit zijn zak en maakte de kast open.

Binnenin vonden ze een oude doos met een oude berging in. Lucas en Max vonden een aantal oude foto's en een oude brief. De brief was geschreven door iemand die Lucas niet kende. Hij vertelde over een familie die lang geleden in de stad had gewoond. Lucas en Max vonden het een interessant verhaal en ze besloten om meer te onderzoeken."
326,meta-llama/llama-3.1-8b-instruct,11_12,"We waren op schoolreis naar de dierentuin. Mijn beste vriendin Sophie en ik waren erg enthousiast. We liepen door het park en zagen de olifanten. Ze waren zo groot en storten. Sophie gilde nogal hard. Ik vond het ook cool, maar ik gilde niet zo hard als Sophie.

Toen kwamen we bij de leeuwen. Die waren nog veel gevaarlijker dan de olifanten. De leeuwen waren zo snel en hadden zo'n sterke keel. Ik had nog nooit zo'n dieren gezien. Sophie zei dat ze niet bang was, maar ik wist dat ze dat niet echt meende.

Na de leeuwen kwamen we bij de cirkus. Daar waren de katjes en de honden. Ze deden allemaal trucs en sprongen over elkaar heen. Ik vond het zo leuk! Sophie en ik lachten veel en we verdronken in de gelach. We hadden echt een leuke dag."
327,meta-llama/llama-3.1-8b-instruct,11_12,"Er was eens een meisje dat heette Lily. Ze woonde in een klein dorpje met een grote hond genaamd Max. Lily en Max deden alles samen. Ze gingen vliegeren, speelden in het park en gingen zelfs op avontuur in het bos.

Een dag besloot Lily en Max om een geheime schat te zoeken die ergens in het bos lag. Ze pakten een grote tas in en gingen op pad. Ze liepen door het bos, over de rivier en door het veld totdat ze een oud, hol boomhuis zagen.

Lily en Max gingen naar binnen en vonden een kaart met een grote X erop. ""Dit is het,"" zei Lily. ""De schat moet hier zijn."" Ze gingen op zoek naar de schat en na een tijdje vonden ze een grote kist met een slot erop.

Max begon te blaffen en Lily dacht: ""Hij voelt iets."" Ze probeerde het slot en plotseling ging het open. Lily pakte de kist en trok hem open. Daar lag een grote schat, vol met goud en juwelen. Lily en Max waren zo blij dat ze elkaar omhelsden."
328,meta-llama/llama-3.1-8b-instruct,11_12,"Er was eens een hond genaamd Max. Hij was een bulldog en hij was super lief. Hij woonde bij een oude dame genaamd tante Agnes. Tante Agnes had een tuin vol met bloemen en een grote schommel waar Max heel vaak op zat. 

Een dag ging Max voor het eerst naar het strand. Hij had een nieuwe halsband gekregen en hij voelde zich super speciaal. Toen hij op het strand kwam, zag hij een andere hond, een grote golden retriever. De golden retriever speelde met een bal en Max wilde ook meespelen. 

Toen Max de bal probeerde te pakken, viel hij in het water. Hij kon niet zwemmen, dus hij ging onder. Tante Agnes die op de hoge schommel zat, zag dat Max in het water lag en ging op de grond om hem te helpen. Ze kon hem uiteindelijk uit het water halen en hem droog wrijven. Max was heel blij dat tante Agnes hem had geholpen."
329,meta-llama/llama-3.1-8b-instruct,11_12,"Er was eens een hondje dat heette Max. Max was een hondje dat heel veel wilde gaan avonturen. Hij had een beste vriendje dat hij heel veel kon vertrouwen, een kat die Sjam heette. Sjam was heel slim en wist altijd wat te doen. 

Een dag besloten Max en Sjam dat ze de bos in wilden gaan. Ze liepen heel lang en kwamen dan bij een meer. Het meer was heel mooi en er waren allerlei vogels. Max en Sjam wilden heel graag kijken of ze vissen konden zien. Toen ze naar beneden keken, zagen ze een grote vis. De vis zwom naar hen toe en begon te praten. Hij vroeg of Max en Sjam hem wilden helpen. De vis was vastgeklampt aan een visnet. 

Max en Sjam besloten dat ze de vis moesten helpen. Ze probeerden de visnet los te trekken maar dat lukte niet. Toen lukte het Sjam om de visnet los te trekken. De vis was heel dankbaar en beloofde Max en Sjam dat hij hen altijd zou helpen als ze dat nodig hadden. Max en Sjam waren heel blij en liepen terug naar huis."
330,meta-llama/llama-3.1-8b-instruct,11_12,"Er leefde een vos met een prachtig witte vacht. Hij was super snel en kon overal snel zijn. Hij woonde in een bos met veel andere dieren. Hij kende een konijn die heel erg bang was. De vos was niet echt een slechte vos, maar hij kon wel heel erg hongerig zijn als hij moest.

Een keer was hij erg hongerig. Hij dacht: ""Ik ga nou dat konijn te pakken krijgen."" Maar toen hij bij het konijn aankwam, hoorde hij dat het konijn een prachtig lied zong. Het konijn zong over de mooie zon, de prachtige bloemen en de warme zomer. De vos was onder de indruk. Hij dacht: ""Ik wil niet dat dit konijn doodgaat."" Dus ging hij weg en eten zocht elders.

De vos ging terug naar zijn bos en de konijn zong nog steeds zijn lied. De vos had het hier heel fijn. Hij vertelde de andere dieren in het bos over het lied van het konijn. De andere dieren wilden ook horen hoe mooi het lied was. De vos ging naar het konijn en zei: ""Ik wil dat jij ons een keer gaat zingen."" Het konijn was heel blij."
331,meta-llama/llama-3.1-8b-instruct,11_12,"Er was eens een hond genaamd Max. Hij was een superhond, hij kon rennen zo snel als een vliegtuig. Hij woonde bij een ouderwetse boerderij, waar hij elke dag met de boer naar buiten ging om de koeien te laten grazen.

Max hield van die koeien, hij liet ze nooit alleen. Maar de boer had een geheim: hij was een wereldreiziger. Hij had in Afrika geleefd, in Azië en zelfs in Amerika. En als hij terugkwam op de boerderij, vertelde hij Max over zijn avonturen.

Een keer, toen Max nog een puppy was, zei de boer: ""Vandaag ga ik naar de jungle"". Max had geen idee waar hij het over had, maar hij wist dat het belangrijk was. En toen de boer weg was, hoorde hij hem roepen: ""Max, pas op voor de tijger!""

Max was zo snel, dat hij de tijger naar de boer kon helpen. En toen hij terugkwam, kreeg hij een bak lekkere hondenvoer. Hij was de held van de dag."
332,meta-llama/llama-3.1-8b-instruct,11_12,"Dit ging bij ons in de zomer een keer gebeuren. Mijn oom had een boot en hij vroeg of ik en mijn broer mee wilden gaan. We kwamen aan bij het meer en het zag er zo mooi uit. We pakten onze zwemvliezen en gingen in het water.

Toen we in het water waren, zag ik een vis. Hij was zo groot als mijn hand. Mijn broer wilde hem vangen, maar mijn oom zei dat dat niet mocht. Hij zei dat we de vis in het water mochten laten om hem niet pijn te doen.

We zwommen nog even en toen gingen we op de boot zitten. Mijn oom gaf me en mijn broer een ijsje. We zaten zo te kijken naar het water en toen zag ik weer die vis. Maar nu zwom hij naar de boot toe. Hij probeerde om op de boot te springen.

Mijn broer en ik kwamen zo hard staan dat we bijna van de boot vielen. Mijn oom lachte en zei dat de vis ons wel een vriend wilde zijn. We aten ons ijsje op en toen zetten we weer aan."
333,meta-llama/llama-3.1-8b-instruct,11_12,"Er was eens een hond, hij heette Max. Max was een-schoolhond bij klassenleraar meneer Waardenburg. Hij was super slim en kon alles op school leren. Hij wist wanneer iedereen moest eten, wanneer er les was en zelfs wanneer de bel ging.

Max was ook heel lief. Hij ging bij iedereen op schoot zitten en gaf stoten van liefde. Hij was zelfs lief tegenover de kinderen die bang waren voor honden. Meneer Waardenburg was heel trots op Max.

Een keer ging Max met de klas op uitstap naar het dierentuin. Max was zo blij dat hij bijna gek was. Hij had nog nooit zoveel dieren gezien in één keer. Toen hij de leeuwen zag, begon hij te janken. Hij wilde dat hij een leeuw was. Meneer Waardenburg moest hem bij de riem pakken anders was Max er geweest."
334,meta-llama/llama-3.1-8b-instruct,11_12,"Er woonde een meisje dat een fantastische hond had. Zijn naam was Max. Max was een enorme hond, hij was een groenbaardhond. Hij was heel sterk en hij kon heel hard rennen. 

De hond ging elke dag met het meisje naar school. Hij wachtte dan buiten bij de schooltoestellen. Als het meisje thuiskwam, ging hij met haar naar het park. Daar liep hij altijd rond en speelde met andere honden.

Maar één keer ging het meisje naar de kermis. Max mocht niet mee, dus bleef hij met de buurman thuis. De buurman had een klein hondje en die hond was heel bang. Max ging naar het hondje toe en ze begonnen te spelen. De buurman was heel blij en hij zei tegen de buurman van het meisje: ""Max is heel goed met andere honden."""
335,meta-llama/llama-3.1-8b-instruct,11_12,"Er was eens een klein schildertje dat zijn naam was Pieter. Pieter hield heel veel van schilderen en hij schilderde al bijna heel het jaar. Hij schilderde bloemen, vogels, en zelfs katten. Pieter woonde bij zijn ouders in een klein huis met een prachtige tuin. Hij had veel inspiratie in die tuin.

Pieter wilde zoveel mogelijk schilderen, dus hij ging elke dag naar buiten. Hij zette zijn schilderspullen neer en begon te schilderen. Eerst schilderde hij een bloemgaard, daarna een vogeltje, en toen een grote kat. Pieter was heel trots op zijn werk.

Toen hij klaar was, liet hij zijn moeder zien. Zij was heel blij met zijn schilderijen en zei: 'Pieter, je bent een uitstekend schilder!' Pieter was heel blij en hij besloot om nog veel meer te schilderen."
336,meta-llama/llama-3.1-8b-instruct,11_12,"We waren op schoolreis naar Efteling. Mijn beste vriendin, Emma, en ik hadden het zo zitten uithouden. We waren al een week niet naar school geweest en hadden nu zeker drie dagen van schoolreis. De bus was enorm en we zaten met een stuk of vijftien klasgenoten van de derde. 

Een van de meisjes uit onze klas, Lisa, was zo bang voor de rollercoasteren. Ze konden niet genoeg zitten. Mijn klasgenoot, Jip, en ik hadden besloten om samen met Lisa de eerste rollercoaster te gaan doen. We waren benieuwd of ze zou huilen. We gingen op de rollercoaster zitten en Lisa begon te huilen. Jip en ik probeerden haar te troosten, maar ze bleef huilen. Op een gegeven moment stopte de rollercoaster en kwamen we stil stil tot stilstand. We kwamen allemaal ongelukkig omhoog, maar Lisa was zo blij dat we stil waren blijven staan. Ze was zo bang geweest dat we in een ongeluk verdronken. Na die eerste rollercoaster ging Lisa met Jip en mij nog drie keer."
337,meta-llama/llama-3.1-8b-instruct,11_12,"Er woont een hond genaamd Max. Hij is een roodbruine hond en hij heeft een lange vacht. Max woont bij een oudere vrouw genaamd Dina. Dina geeft altijd een warme maaltijd aan Max en hij heeft een eigen hutje in de tuin.

Max houdt van rennen en spelen. Hij speelt met een bal en hij rent door de tuin met de bal in zijn bek. Dina lacht als ze Zie hoe hard Max rennen kan. Soms springt Max in een plas water en hij wordt nat.

Een keer ging Dina op vakantie. Ze liet Max achter bij de buren. Max zat heel lang stil in zijn hutje. Hij miste Dina en hij had honger. Hij ging naar de buren en hij begon te janken. De buren hadden medelijden met Max en ze gaven hem een warme maaltijd. Max was gelukkig en hij ging snel weer naar zijn hutje.

Na een week kwam Dina terug. Max was heel blij om haar te zien. Hij begon te janken en hij rende naar haar toe. Dina streelde hem en ze gaf hem een warme maaltijd. Max was gelukkig om weer bij Dina te zijn."
338,meta-llama/llama-3.1-8b-instruct,11_12,"Er was eens een jonge vos genaamd Flik. Hij woonde in een prachtige bossen met zijn familie. Flik was heel slim en altijd aan het ontdekken. Hij hield van spelen met de andere dieren in de bossen.

Eén dag kwam Flik op een oude kaart. Hij zag een groot eiland op de kaart staan. Hij vroeg zich af wat er op dat eiland was. Flik besloot om naar het eiland te gaan.

Hij stapte in een boot en zeilde naar het eiland. Toen hij aankwam zag hij een prachtige strand met zacht wit zand en een blauwe zee. Flik was heel blij met zijn ontdekking.

Maar toen hij verder ging, zag hij een groep wilde dieren. Ze waren heel groot en heel wild. Flik werd bang, maar hij durfde niet weg te gaan. Hij besloot om te spelen met de wilde dieren.

En dat deed hij! Hij speelde met de wolven en de beren. Hij rende en sprong om ze te vermaken. De wilde dieren werden zijn vrienden. Flik leerde dat sommige dingen zijn bang voor zijn, maar het is beter om ze aan te pakken."
339,meta-llama/llama-3.1-8b-instruct,11_12,"Dit verhaal gaat over mijn vriendje Max. Hij heeft een hond genaamd Rocky. Rocky is een grote, bruine hond. Hij is heel sterk en kan een groot stuk aflopen zonder moe te worden.

Een dag ging Max met Rocky naar het bos. Ze wilden er spelen en een wandeling maken. Toen ze door het bos liepen, zagen ze een klein konijntje liggen. Rocky wilde de konijn pakken, maar Max zei nee, hij moest hem laten. Max wist dat Rocky anders de konijn zou vermoorden.

Dus liep Max langzaam achteruit en riep naar Rocky: ""Blijf hier, Rocky! Laat de konijn lekker liggen."" Rocky bleef staan en keek naar Max. Hij begreep dat hij de konijn moest laten. Max was heel trots op Rocky, hij was zo slim.

Toen gingen Max en Rocky verder. Ze gingen naar het haventje en daar visten ze een grote vis. Max was zo blij, hij had nog nooit zoiets moois gevangen. En Rocky was ook blij, hij kreeg een stuk van de vis."
340,meta-llama/llama-3.1-8b-instruct,11_12,"Er leefde eens een hond genaamd Max. Hij was super gaaf, hij had een gouden vacht en een lange, slanke neus. Max woonde bij een oudere man genaamd meneer Smith. Hij was heel lief voor Max en nam hem graag mee op wandelingen. Max hield van die wandelingen, hij kon dan overal kijken en een hoop dingen ontdekken.

Een keer waren meneer Smith en Max in het bos. Max snuffelde rond en vond een oude, vergeten schatkist. Hij begon te blaffen en meneer Smith kwam naar hem toe. Toen zagen ze dat de schatkist vol was met oude munten en een goudring. Max was super trots dat hij de schatkist gevonden had en meneer Smith beloonde hem met een dikke knuffel en een stuk chocolade. Max was super gelukkig dat dag."
341,meta-llama/llama-3.1-8b-instruct,11_12,"Er was eens een hond genaamd Max. Hij was super snel en had een dikke witte vacht. Max woonde bij een familielid van mij. Hij was heel lief en speelde graag met mij en mijn broer.

Een dag ging Max op avontuur in de bossen bij ons huis. Hij rende zo snel als hij kon en kwam bij een vijver. Daar had hij een mooie plasje water gezien en hij wilde erin springen. Maar als hij in het water springt, klonk het alsof hij een vrachtwagen had laten crashen!

Max had zo veel plezier dat hij niet wou stoppen. Hij sprong overal in en uit. Maar toen kwam hij aan de andere kant van de vijver en zag hij een oud vrouwtje liggen. Ze lag te zonnen en was heel verdwaald. Max ging naar haar toe en begon te blaffen, alsof hij wilde zeggen: 'Hé, ik help je!'

Zijn familielid kwam hem later achterna en vond het oud vrouwtje. Ze waren heel dankbaar voor Max en gaven hem een grote knuffel. Vanaf die dag was Max een echte held en had hij nog veel meer avonturen!"
342,meta-llama/llama-3.1-8b-instruct,11_12,"Er was eens een hond genaamd Max. Max was een superhond, hij was sterk en snel. Hij had een dikke vacht en een dikke staart. Max woonde bij een gezin met een klein meisje genaamd Lily. Lily hield heel veel van Max en speelde met hem de hele dag.

Een dag was het heel warm en Max was heel moe. Hij ging liggen in de schaduw en sliep. Maar toen hoorde hij Lily roepen. ""Max, kom hier! Ik heb iets gevonden!"" Max stond snel op en liep naar Lily. Lily had een kist gevonden in de tuin en ze wilde hem openen.

Max en Lily openden de kist en er kwam een oude koning uit. Ja, echt! Een oude koning! Hij was heel vriendelijk en zei dat hij in een kist was gestopt door een heks. De heks wilde dat hij nooit zou worden gevonden. Max en Lily waren heel slim en zeiden tegen de koning: ""Hoezo, je hebt een heks gehad?""

De koning vertelde dat hij heel veel geld had en dat de heks hem wilde stelen. Max en Lily wilden niet dat de heks zou winnen, dus zeiden ze tegen de koning: ""We helpen je!"" En zo gingen Max en Lily op avontuur om de heks te stoppen."
343,meta-llama/llama-3.1-8b-instruct,11_12,"Er leefde eens een hond genaamd Max. Hij was een prachthond, met een dunne vacht en een lange staart. Max woonde bij een oude dame, die hem veel liefde en aandacht gaf. Maar Max was niet zoals andere honden. Hij kon praten!

Een dag ging hij met zijn dame naar de winkel. Daar zagen ze een hondenkoekje. Max keek naar de dame en zei: ""Mam, kun je die hondenkoekjes voor me kopen?"" De dame lachte en zei: ""Ja, natuurlijk, Max!""

Toen ze terugkwamen, at Max de hele zak leeg. Zijn dame schrok en zei: ""Max, waarom heb je zo veel eetkauwen?"" Max zei met volle mond: ""Omdat ik honger had, mam!"" De dame lachte en gaf hem een knuffel.

Max was de leukste hond van de hele stad. Iedereen wist dat hij kon praten en dat maakte hem heel speciaal. Hij ging overal mee naartoe en vertelde zijn daden aan iedereen."
344,meta-llama/llama-3.1-8b-instruct,11_12,"Dit is een verhaal over mijn vriendin Emma's broer. Hij heet Max en hij is een uitblinker op school. Hij speelt voetbal en hij is erg snel. Hij kan echt hard rennen.

Een keer speelde Max met zijn voetbalteam de halve finale van het toernooi. Het was een erg belangrijke wedstrijd. Max' team was erg moe, maar hij wilde winnen. Hij rende zo hard als hij kon en hij schoot een goal. Het was een erg mooi doelpunt!

Toen ze de wedstrijd hadden gewonnen, was Max erg blij. Hij had een goal geschoten en hij had gewonnen. Zijn teamgenoten waren ook erg blij. Ze vroegen hem om een interview te geven in de krant. Max was erg trots. Hij had een goal geschoten en hij had een interview in de krant. Dat was echt zo cool!"
345,meta-llama/llama-3.1-8b-instruct,11_12,"Er was eens een prinsesje genaamd Sophia. Zij woonde in een prachtig kasteel met een grote tuin. Sophia was een lief kind en had een kleine hond genaamd Max. Ze hield heel veel van Max.

Een dag ging Sophia met Max de tuin in. Zij speelden samen en Sophia gooide een bal voor Max. Max vloog achter de bal aan. Maar plotseling kwam Max terug met een klein, glinsterend object in zijn bek.

Sophia was nieuwsgierig en pakte het object uit de bek van Max. Het was een klein, gouden sleutel. Sophia was heel benieuwd wat de sleutel opende. Ze leek heel oud.

Sophia ging naar de oude, wijze vrouw die in het kasteel woonde. De oude vrouw had heel veel kennis en wist alles over de geschiedenis van het kasteel. Sophia vroeg de oude vrouw wat de sleutel opende. De oude vrouw glimlachte en zei: ""Dat weet ik niet precies, maar ik denk dat het een geheim deurtje in de kamer van je vader opent."""
346,meta-llama/llama-3.1-8b-instruct,11_12,"Er was eens een meisje dat heette Sophia. Ze woonde in een leuke stad met een groot park. Sophia hield van paardrijden en had een eigen paard genaamd Max.

Een dag ging Sophia naar het park om te paardrijden. Ze had een nieuwe rijbroek aan, die bruin was en had een grote zak in de achterkant. Toen ze bij het paard stond, merkte ze dat haar zak open was gegaan en haar lunch was weg. Ze had niets gegeten sinds de ochtend.

Sophia was boos en wilde naar huis gaan om te eten. Maar toen ze Max wilde lopen, zag ze een kleine hondje dat tussen de struiken verborgen zat. Het hondje had een kleine tas in zijn bek en in die tas lag Sophias lunch.

Sophia lachte en zei tegen het hondje: ""Hoezo, had je mijn lunch gestolen?"" Het hondje keek op en Sophia zag dat het hondje een kleine naamplaat om zijn hals droeg. Hij heette Bello.

Sophia en Bello werden goede vrienden. Ze gingen vaak samen op pad en hielden van elkaar. En daarna kon Sophia nooit meer genoeg krijgen van Bello."
347,meta-llama/llama-3.1-8b-instruct,11_12,"Er was eens een hond genaamd Max. Hij was een heel leuke hond, hij was zwart en had groene ogen. Max woonde bij een jongen genaamd Jip. Jip had twee honden, Max en Bella. Max was de grootste van de twee.

Een keer ging Jip met Max en Bella op een lange wandeling. Ze gingen naar de bos. Max was erg nieuwsgierig en hij wilde altijd alles onderzoeken. Hij snuffelde aan alle bladeren en stokken.

Toen ze in het bos waren, kwamen ze een klein konijntje tegen. Max werd heel nieuwsgierig en hij wilde het konijntje aaien. Maar het konijntje was bang en hij sprong weg. Max probeerde het weer te pakken, maar het konijntje was te snel. Max rende achter het konijntje aan en Bella rende ook achter hem aan.

Jip lachte en hij riep ""Max, ga terug!"" maar Max hoorde hem niet. Uiteindelijk kwam Max terug en hij was heel moe. Bella was ook moe. Jip gaf ze beide een knuffel en hij zei ""goed hond, Max""."
348,meta-llama/llama-3.1-8b-instruct,11_12,"Er was eens een hond genaamd Max. Hij was een grote, blonde hond met een mooi, rood oor. Max woonde bij een oude man genaamd meneer Smith. Meneer Smith was heel lief voor Max en gaf hem veel aandacht.

Maar Max had een probleem. Hij was heel bang voor de regen. Als er een donkere wolk in de lucht kwam, begon Max te trillen. Meneer Smith probeerde hem te kalmeren, maar niets hielp.

Een dag kwam er een erg zware regenbui. Max begon te janken en te trillen. Meneer Smith nam hem op schoot en ze gingen naar binnen. Maar Max was nog steeds bang.

Toen dacht meneer Smith aan een idee. Hij pakte een oude trombone en begon te spelen. Max was zo verrast dat hij zijn angst vergeten was. Hij begon te dansen en te lachen. De trombone maakte hem zo gelukkig dat hij zijn angst voor de regen vergat.

Vanaf die dag speelde meneer Smith elke keer dat het regende de trombone en Max kwam dan dansen. Hij was zo blij met zijn hond en hij wist dat hij hem altijd kon troosten."
349,meta-llama/llama-3.1-8b-instruct,11_12,"Ik ken een meisje, haar naam is Sophie. Zij woont in een klein dorpje bij de zee. Sophie houdt van vissen. Ze heeft een eigen bootje en vaart elke dag naar de zee. 

Sophie's vader is vissersman. Hij heeft een grote boot. Hij neemt Sophie mee op zijn boot. Sophie vindt het heel leuk om met hem mee te varen. 

Eén keer ging Sophie met haar vader vissen. Ze waren al een hele tijd op zee en hadden nog niets gevangen. Sophie was verdrietig. Haar vader zei: 'Waarom ben je verdrietig?' Sophie zei: 'Omdat ik niets heb gevangen.' 

Haar vader zei: 'We gaan nog even verder.' En toen zag Sophie een grote vis. Ze was zo blij. Ze vloog bijna van het bootje. Ze en haar vader vingen de vis. 

Ze namen de vis naar huis. Zij aten hem met patat. Sophie was heel tevreden."
