,model,age,story
0,google/gemma-3-27b-it-fast,4_6,"Eén keer… eh… was ik op vakantie! Bij oma en opa. En zij hebben een kat. Die kat heet Snorrepop. Snorrepop is heel zwart, en heel zacht. Ik mocht Snorrepop aaien, hele zachtjes.

Maar toen… was Snorrepop weg! Ik riep: “Snorrepop? Waar ben je?” Maar hij kwam niet. Ik zocht onder de tafel, en achter de stoel, en zelfs in de bloempot! Maar Snorrepop was nergens.

Mijn opa zei: “Kijk eens omhoog!” En toen… zat Snorrepop IN de boom! Hij zat heel hoog, tussen de blaadjes. Hij keek naar de vogeltjes. 

Ik lachte! Snorrepop kon klimmen! Mijn oma haalde een stok, en tikte een beetje tegen de boom. En toen sprong Snorrepop naar beneden! Ploef! Hij kwam gelijk bij me op schoot. 

Ik gaf hem een knuffel en zei: “Je bent een gekke kat, Snorrepop!” En hij spinde heel hard. Daarna kreeg ik een koekje van mijn oma. Een met chocolade!"
1,google/gemma-3-27b-it-fast,4_6,"En toen… toen ging ik met mijn opa naar het bos! Het was heel licht groen, want de blaadjes waren net nieuw. We gingen op zoek naar feeën. Mijn opa zei dat feeën heel klein zijn en van bloemen houden. 

We vonden een hele grote rode bloem en mijn opa zei: ""Misschien woont ze hier wel!"". Ik keek goed, heel goed. En toen zag ik iets glitters! Het was niet een fee, maar een kever met een glitters rug! 

Maar toen, vlak daarna, hoorde ik een piepklein geluidje. *Piep!* Ik keek in een ander bloem, een gele, en daar zat een heel klein vogeltje! Het was zo klein als mijn duim.

De vogel fladderde weg en ik dacht: misschien was dat wel een fee in vermomming! Opa lachte en zei: “Misschien wel!”. We liepen verder en ik zocht nog meer glitters en piepkleine vogeltjes. Het bos was heel leuk met mijn opa! En we kregen allemaal pannenkoeken thuis, met stroop! Dat vond ik het allerleukste."
2,google/gemma-3-27b-it-fast,4_6,"Eéns… was er een hele grote beer. Niet zomaar een beer, hoor! Een beer met een roze bril! Hij woonde in een huis van chocola. En hij at heel, heel veel taart. 

Maar… de taart was op! Oh jee! De beer werd heel verdrietig. Hij ging huilen, grote tranen! Toen kwam er een klein muisje. Het muisje zei: “Ik weet waar meer taart is!”

De beer en het muisje gingen samen op avontuur. Ze gingen over een berg van kussens! En door een rivier van limonade! Plons! Dat was nat! 

Uiteindelijk kwamen ze bij een hele grote bakkerij. Daar lagen HEEL VEEL taarten. Chocoladetaart, aardbeientaart, vanille taart! De beer was zó blij! Hij gaf het muisje een groot knuffel en ze aten samen taart. En de beer deed zijn roze bril weer op, zodat hij alles mooi kon zien. Het muisje kreeg ook een mini roze bril, die paste precies!"
3,google/gemma-3-27b-it-fast,4_6,"Oké, luister goed!

Er was eens een kleine rode vlieger. Hij woonde in een doos, met allemaal andere vliegers. Maar hij wilde niet in de doos blijven! Hij wilde heel hoog de lucht in, net als de vogels. 

Op een dag, toen de juf niet keek, rolde hij uit de doos. Hij gleed en gleed en toen… toen pakte een jongetje hem op! De jongen heette Sam. Sam rende naar het park en tilde de vlieger in de lucht. 

Woooosh! De vlieger vloog! Hij vloog hoger en hoger. Hij zag een wolk die leek op een reusachtige ijsbeer! En toen zag hij een vliegtuig. De vlieger zwaaide naar het vliegtuig! 

Maar toen… toen botste hij tegen een boom! Oh nee! Sam ving hem op. De vlieger was niet kapot, gelukkig. Sam maakte een knoopje steviger en probeerde het nog een keer. En deze keer vloog de vlieger superhoog! En hij vloog en vloog en vloog!"
4,google/gemma-3-27b-it-fast,4_6,"Oké, luister! Er was eens een hele kleine eend. Niet zo’n grote eend zoals bij de vijver, nee, echt heel klein, zo klein als mijn hand! Hij woonde in een schoen. Ja, een schoen! Een rode schoen van mijn papa. 

De eend heette Piep, omdat hij alleen maar ‘piep, piep’ kon zeggen. Piep was heel verdrietig, want hij kon niet zwemmen. Alle andere eenden zwemmen, maar Piep zat in een schoen. 

Op een dag regende het heel hard. Heel heel hard! En toen… toen liep het water in de schoen! Piep was eerst bang, maar toen zei hij: ""Piep!"" en begon te zwemmen! Het was een beetje krap, maar Piep zwom en zwom in de rode schoen! 

Toen kwam mijn papa en zei: ""Wat is dit nou?"" En hij haalde Piep uit de schoen en zette hem bij de vijver. En Piep kon eindelijk zwemmen met alle andere eenden! En hij piepte heel blij: ""Piep! Piep!"" 

Dat is het! Was het leuk?"
5,google/gemma-3-27b-it-fast,4_6,"Eén keer… was ik aan het spelen in de tuin. Mijn rode schoenen waren aan en ik rende achter een vlinder! Die was heel mooi, met zwarte stipjes. Ik rende, rende, rende… en toen viel ik! Au!

Maar het was niet erg. Want ik viel in een berg bloemen! Het waren allemaal gele bloemen en ze kriebelden een beetje. Ik ging liggen en keek naar de lucht. Daar zag ik een wolk die leek op een draak! Echt waar! 

De draak spuwde geen vuur, maar bubbels! Heel veel bubbels! En die bubbels kwamen allemaal op mij af en plopten. Het voelde net alsof ik in limonade zat! 

Toen kwam mama naar buiten. Ze moest lachen om mijn bloemenberg. Ze hielp me overeind en gaf me een koekje. Het koekje was rond en had chocola erop. Het was de lekkerste koekje ooit, want ik had in een bloemenberg gelegen en een draak gezien! Daarna ging de vlinder weer verder vliegen. Ik rende achteraan, maar die was al weg. Jammer dan."
6,google/gemma-3-27b-it-fast,4_6,"Eens was er een konijn, maar niet zomaar een konijn! Deze konijn heette Pluis en hij kon… vliegen! Ja, echt waar! Hij had geen vleugels, hoor, hij deed gewoon z’n oren wapperen, heel snel, en dan ging hij omhoog. 

Pluis vloog naar de boomgaard. Daar zaten allemaal lekkere wortels, maar meneer Vos zat er ook! Pluis was niet bang. Hij vloog heel hoog de boom in en pakte de allerlekkerste wortel. Meneer Vos kon niet bij Pluis komen, die zat beneden te mopperen.

Pluis vloog terug naar huis, en onderweg zag hij een slak die heel langzaam kroop. Pluis landde even en gaf de slak een lift op z’n rug! Samen vlogen ze naar de bloemen. De slak vond het heel leuk om zo snel te zijn! 

Toen was Pluis moe en ging hij slapen in z’n holletje. Hij droomde over wortels en vliegen en een slak die heel hard lachte. En ik denk dat hij morgen weer gaat vliegen!"
7,google/gemma-3-27b-it-fast,4_6,"Eén keer… eh… één keer was ik bij oma. Oma heeft een hele grote tuin! En daarin woonde een egeltje. Niet in een huisje, hoor! Hij woont onder een struik. 

Ik mocht appel eten in de tuin. Ik gooide de klokjes weg, achter de struik. En toen kwam het egeltje! Hij was aan het snuffelen. Hij keek naar mij met zijn kleine oogjes.

Ik gaf hem een stukje appel! Hij at het helemaal op! Het was een heel lief egeltje. Hij prikte niet, ook al heeft hij stekels. Oma zegt dat hij die stekels heeft om zich te beschermen.

Toen deed hij… toen deed hij z’n neus omhoog! En hij snuffelde weer! Misschien vond hij het lekker? Misschien dacht hij: 'hé, wie is dit lekkere appel-meisje?'. 

Ik ging later naar huis, maar ik dacht de hele tijd aan het egeltje. Ik hoop dat hij nog meer appel klokjes vond! En misschien… misschien zie ik hem morgen weer!"
8,google/gemma-3-27b-it-fast,4_6,"Eens was er een konijn, Pluisje. Pluisje was heel klein en wit. Hij woonde in een heel groot bos. En Pluisje, die hield heel erg van worteltjes! 

Maar… de worteltjes waren op! Oeps! Pluisje was heel verdrietig. Hij ging zoeken, heel ver, door het bos. Hij keek onder de bladeren, en achter de bomen. Niks!

Toen zag hij ineens een eekhoorn. Die had een héle grote tas. “Wat zit er in je tas?” vroeg Pluisje. De eekhoorn lachte. “Noten!” zei hij. “En… kijk!”

De eekhoorn haalde een wortel uit de tas! Een hele grote, oranje wortel! Pluisje juichte! “Ja! Een wortel!”

De eekhoorn gaf de wortel aan Pluisje. Pluisje knabbelde en knabbelde. Mmm, lekker! Hij zei bedankt tegen de eekhoorn en ging heel blij naar huis. Hij had weer een buikje vol! En de eekhoorn had nog héel veel noten! Fijn hè?"
9,google/gemma-3-27b-it-fast,4_6,"En toen… toen ging ik met mijn opa naar de boerderij! Daar liepen allemaal koeien, heel groot! En één koe had een belletje om haar nek. *Rinkel-rinkel!* Die koe was mijn favoriet. 

We mochten de kippen voeren! Met brood! Ik gooide het brood in het hok en de kippen pikten het snel op. Kakel-kakel! Eén kip kwam zelfs bij mij op schoot! Hij was zacht. 

Daarna gingen we de paarden aaien. Die waren best wel lang! Ik gaf een paard een wortel en hij kauwde heel langzaam. Mmm, lekker voor een paard!

Opa liet me ook een lammetje zien. Een heel klein lammetje! Het had krulletjes en sprong een beetje. Ik mocht het aaien en het maakte een zacht geluid. Meh!

We hebben ook ijs gegeten, vanille! En toen gingen we weer naar huis. Ik was heel moe, maar heel blij! De boerderij is het allerleukste!"
10,google/gemma-3-27b-it-fast,4_6,"Eén keer, heel lang geleden, was er een konijn. Niet zomaar een konijn, nee! Deze konijn was héél blauw! Hij woonde in een bos, maar het bos was niet groen, het was paars! En er groeiden snoepjes in plaats van bloemen. 

De blauwe konijn, hij heette Plons, ging op zoek naar… naar een rode bal! Want hij wilde ermee gooien. Hij vroeg aan de beer, een paarse beer! “Heb jij een rode bal?” Maar de paarse beer schudde zijn hoofd. “Nee Plons, ik heb alleen knuffels!”

Toen vroeg Plons het aan de uil, een hele oranje uil! “Heb jij een rode bal?” De uil knipperde met zijn ogen. “Hoo, nee. Ik heb veren!”

Plons werd een beetje verdrietig. Maar toen! Zag hij iets! Achter een hele grote snoepjesstruik! Ja! Een rode bal! Hij pakte hem en gooide hem omhoog! Heel hoog! Hij lachte helemaal. Want een blauwe konijn met een rode bal, in een paars bos, is toch superleuk? En hij gooide en gooide en gooide tot hij moe was. En daarna ging hij snoepjes eten. En de paarse beer en de oranje uil kwamen ook snoepjes eten. En toen waren ze allemaal heel blij!"
11,google/gemma-3-27b-it-fast,4_6,"En toen… toen was ik aan het spelen in de tuin! Met mijn rode emmer en mijn schop. Ik ging een heel groot kasteel maken, voor de koning. De koning is een eend, en hij heet Kwakkel. 

Maar toen, toen kwam een slak! Een hele grote, glibberige slak! Hij kroop over mijn kasteel en maakte allemaal sporen. Bah! Ik zei: “Hé, slak! Niet op mijn kasteel!”

De slak keek me aan met zijn oogjes op stokjes. Hij liet een glibberig spoor achter recht op mijn schoen! En toen… toen begon hij te lachen! Nou ja, slakken kunnen niet echt lachen, maar hij deed alsof.

Ik pakte een blaadje en deed alsof het een bootje was. Ik zette de slak erop en zei: “Vaar maar weg, glibberd!” En toen duwde ik het blaadje in de plas. De slak ging rondjes varen! Kwakkel de eend vond het heel grappig. Hij kwek-kwek-kwek! En ik ook! Dat was een leuke dag."
12,google/gemma-3-27b-it-fast,4_6,"Eén keer, heel lang geleden… of misschien gisteren, ik weet het niet precies. Er was een beer. Geen grote, enge beer, hoor! Een beetje knuffelbeer-achtig. Hij heette Boris. Boris woonde in een huisje van suikerklontjes. Echt waar! En het dak was van hagelslag. 

Boris was verdrietig. Hij had al zijn honing kwijt. Hij zocht overal! Onder zijn bedje, achter de stoel, zelfs in de koelkast, maar niks. Toen hoorde hij iemand roepen: “Kiekeboe!” Het was een klein muisje met een emmertje. In het emmertje zat… HONING!

Boris was zo blij! Hij gaf het muisje een suikerklontje van zijn huis. En samen aten ze de honing op. Het was heel plakkerig, maar heel lekker. Het muisje heette Piep. En Boris en Piep werden beste vrienden. Ze bouwden een kasteel van koekjes en dansten de polonaise! En daarna… gingen ze slapen. Want honing eten maakt moe, weet je wel?"
13,google/gemma-3-27b-it-fast,4_6,"Eens was er een konijn, maar niet zomaar een konijn! Deze konijn had een héle glimmende neus, net als een kers! En hij woonde in een wortel. Ja, echt waar, in een hele grote wortel, met een deurtje. 

De konijn heette Plons. Plons dolde heel graag verstoppertje. Hij was heel goed in verstoppen, want hij kon heel snel wegrennen. En hij kon goed onder de blaadjes kruipen. 

Op een dag, wilde Plons verstoppertje spelen met zijn vriendje, Eekhoorn.  “Ik tel!” riep Eekhoorn, en hij begon te tellen tot tien. Plons rende heel snel weg en… hij rende de wortel in! 

Maar toen, toen zat hij vast! De wortel was een beetje te smal. Eekhoorn kwam kijken. “Plons, wat doe je daar?” lachte Eekhoorn. 

Plons trok en duwde, en Eekhoorn hielp met duwen. En toen, plof! Plons kwam eruit, met een beetje aarde op zijn neus.  “Ik zit niet meer vast!” riep Plons. En ze speelden weer verstoppertje, maar Plons paste op dat hij niet meer in de wortel ging zitten. Want dat was niet zo handig!"
14,google/gemma-3-27b-it-fast,4_6,"Eens was er een hond, maar niet zomaar een hond. Hij was heel klein, zo klein als mijn teddybeer! En hij was helemaal blauw. Ja, blauw! Mama zei dat hij in een bak blauwe verf was gevallen, maar ik denk dat hij gewoon een magiehond is.

Hij woonde in een schoen. Een hele grote, rode laars, van mijn papa. Op een dag, toen hij in de schoen zat, kwam er een hele grote reus voorbij! De reus was verdrietig, hij had zijn lollipop verloren. 

De blauwe hond sprong uit de schoen en zei: “Waf! Ik kan helpen!” En hij snuffelde en snuffelde, en toen vond hij de lollipop! Onder een bloem! De reus was heel blij en gaf de hond een hele grote knuffel. 

Maar de hond was te klein, hij werd bijna kapot geknuffeld! Dus hij rende snel terug naar de schoen en zat weer veilig binnen. De reus lachte en ging verder met zijn lollipop. En de blauwe hond? Die ging lekker slapen in zijn rode laarshuis. Sssst!"
15,google/gemma-3-27b-it-fast,4_6,"Nou, luister! Ik was laatst met mama in het bos. Het was heel licht groen, want de blaadjes kwamen net uit. En ik zag een heel klein beestje! Hij was oranje en zwart en hij liep héél snel over het pad. 

Mama zei dat het een kever was! Ik zei: “Mama, hij heeft haast!” Weet je waarom? Omdat hij naar zijn feestje moest! Ja, echt waar! Alle kevers hadden een feestje in een holle boom. 

Daar waren allemaal bloemetjes en bladeren als slingers. En hij had een klein hoedje op, de kever! Ik zag hem met een andere kever dansen. Ze deden zo: draaien, draaien, draaien! 

Toen gingen ze taart eten. Het was een hele grote bes, als een rode knikker! Ik mocht geen taart, want ik ben geen kever. Maar het was wel heel leuk om te zien. Toen gingen mama en ik weer naar huis. En ik droomde 's nachts over kevers die dansen!"
16,google/gemma-3-27b-it-fast,4_6,"Oké, luisteren! Mijn konijn, Pluis, is heel bijzonder. Hij is niet zomaar wit, hij heeft ook een blauwe poot! Echt waar! 

Pluis en ik gingen naar de speeltuin. Ik ging op de glijbaan, zo whee! Pluis zat in mijn tas, want hij kon niet zelf glijden, natuurlijk. Toen zag Pluis een wortel! Een héle grote, oranje wortel. Hij sprong uit mijn tas en… hij probeerde hem op te eten! 

Maar de wortel was van meneer Jansen, die zat op een bankje. Meneer Jansen lachte heel hard. “Die wortel is voor mijn eendjes!” zei hij. Pluis keek zielig. 

Toen gaf meneer Jansen Pluis toch een heel klein stukje wortel. Pluis knabbelde erop en hij ging heel hard met z’n blauwe poot stammen! Dat betekent ‘dankjewel’ in konijnentaal. Ik denk dat meneer Jansen het wel begreep, want hij lachte nog harder. Daarna gingen Pluis en ik naar huis en at hij al z’n paardenvoer op! Pluis is de allerbeste."
17,google/gemma-3-27b-it-fast,4_6,"Eén keer… was ik bij oma. Oma heeft een tuin met héél veel bloemen. En daar zat een slak! Een hele grote, groene slak. Hij zat op een rode roos. 

Ik ging heel voorzichtig kijken, want oma zegt dat slakken zacht zijn. En ja hoor, hij glom! Hij glom zo mooi in de zon. Ik wilde hem aanraken, maar mama zegt dat je slakken niet mag aanraken, want ze zijn slijmerig.

Toen ging de slak heel langzaam… kruipen! Hij kruip naar een andere bloem. Een gele! En hij at van de bloem! Hij knabbelde en knabbelde. Ik lachte. 

Toen kwam opa buiten. Hij zei: “Kijk, een slakje!” En hij pakte een slakkenhuis van de grond. Hij legde het naast de slak. De slak kroop erin! Zo makkelijk!

Oma zei toen dat de slak moe was en ging slapen. Ik mocht de slak goedendag zeggen. Dus ik zei: “Dag slak! Slaap lekker!” En toen gingen wij binnen limonade drinken. Het was een hele leuke dag!"
18,google/gemma-3-27b-it-fast,4_6,"Eén keer... was ik bij oma. Oma heeft een hele grote tuin. En daarin woont een egel! Ik noem hem Priksel. Priksel is heel lief, maar hij is wel een beetje... pfff... rommelig.

Eén dag, was ik aan het spelen met mijn rode emmertje. Ik deed zand erin en ik deed bloemetjes erin. Heel mooie bloemetjes! En toen, zag ik Priksel! Hij liep met een appel! Een hele grote, rode appel. Maar hij liet hem vallen! Pats! Op mijn zandkasteel!

De appel rolde door het zand en op mijn bloemetjes! Auw! Mijn bloemetjes waren nu allemaal plat. Ik werd een beetje boos.

Maar Priksel... hij keek me heel zielig aan. Met zijn kleine oogjes. En toen gaf hij me een kusje op mijn neus! Met zijn prikkelneus! Het kietelde!

Toen lachte ik. En samen met Priksel, aten we de appel. Hij mocht een heel klein stukje. Want appels zijn voor mensen, zei oma. En Priksel, die vond het toch heel lekker. En daarna bouwden we samen een nieuw kasteel!"
19,google/gemma-3-27b-it-fast,4_6,"Nou, luister goed! Er was eens een konijn, maar niet zomaar een konijn. Deze konijn was paars! En hij had een héle lange oren, zo lang! Hij woonde in een wortel, ja, echt waar! Een hele grote wortel, die hij zelf had uitgegraven. 

Op een dag, wou Paarse Konijn taart eten. Maar hij had geen taart! Dus ging hij naar oma Uil, want oma Uil bakt de lekkerste taart. Oma Uil zei: “Je moet eerst vijf rode bloemen zoeken!” 

Paarse Konijn ging zoeken. Hij vond één rode bloem, en nog één, en nog één… en toen… vier rode bloemen! Oeps! Eén bloem tekort! Toen zag hij een lieveheersbeestje, en die had een rode stip! Dus plukte hij de stip van het lieveheersbeestje. Die was heel klein, maar hij mocht hem hebben!

Toen gaf hij de bloemen aan oma Uil en kreeg hij een hele grote aardbeientaart! Hij nam hem mee naar zijn wortel en deelde hem met al zijn vriendjes. En het lieveheersbeestje kreeg een klein stukje taart terug, met een beetje aardbei erop! Was dat niet lief?"
20,google/gemma-3-27b-it-fast,4_6,"Eens was er een konijn, maar geen gewoon konijn. Deze konijn kon heel goed verstoppen! Hij was heel zacht en wit en hij heette Pluis. Pluis woonde in een heel groot bos met allemaal bomen. 

Op een dag zocht de vos Pluis. De vos wilde Pluis opeten! Pluis wist dat en hij ging heel snel rennen. Hij rende achter een grote boom en… poef! Weg was hij! De vos keek en keek maar zag Pluis niet. 

Pluis zat helemaal stil achter de boom, verstopt tussen de wortels. Hij deed net alsof hij een steen was. De vos liep verder en zocht onder de struiken, maar Pluis zat gewoon daar, heel still.

Toen de vos wegging, sprong Pluis weer tevoorschijn en hij sprong en sprong! Hij was zo blij dat hij niet opgegeten was. Daarna ging hij worteltjes eten. Want konijnen, die houden van worteltjes! En Pluis kon heel goed verstoppen, dus hij was veilig."
21,google/gemma-3-27b-it-fast,4_6,"Eén keer… eh… was er een hond! Een heel klein hondje, zo klein! Hij heette Woefie. Woefie woonde in een huisje van lego. Het was een rood huisje, en het had een blauw dak.

Woefie was heel verdrietig. Want al zijn botten waren weg! Hij had ze verstopt, onder een bank, maar ze waren weg! Hij vroeg aan de kat, Miauw, “Heb jij mijn botten gezien?” Miauw zei “Miauwww, nee!”

Toen vroeg Woefie het aan de eend, Kwak! Kwak zei “Kwak, ik heb ze niet! Die zijn vast in de tuin!” Dus Woefie ging zoeken in de tuin. En… raad eens? Daar lagen al zijn botten! Onder de bloemen!

Woefie was heel blij! Hij at alle botten op. En toen ging hij slapen in zijn lego-huisje. Miauw en Kwak kwamen ook slapen. En toen was het nacht! En iedereen droomde over botten en bloemen en blauwe daken. Is het een mooi verhaal?"
22,google/gemma-3-27b-it-fast,4_6,"Nou, luister goed! Er was eens een konijn. Niet zomaar een konijn, maar een hele blauwe! Hij heette Bobbie en hij woonde in een wortel. Ja, echt waar, een hele grote wortel, met een deurtje!

Bobbie was heel verdrietig. Hij had zijn lievelingsknuffel, een beer, kwijt. Dat was echt heel vervelend. Hij zocht overal! Onder de bloemen, achter de boom, zelfs in de vijver, maar de beer was nergens. 

Toen hoorde hij een piepklein stemmetje. Het was een mierenfamilie! Ze waren heel hard aan het werken. Bobbie vroeg: “Hebben jullie mijn beer gezien?” En de mieren zeiden: “Kijk, daarboven!”

En raad eens? De beer zat vast aan een tak, heel hoog in de boom! Een eekhoorn had hem daar opgehangen. Bobbie sprong en sprong, maar hij kon er niet bij. Gelukkig kwam de eekhoorn naar beneden en gaf de beer terug. Bobbie was super blij! Hij knuffelde zijn beer heel stevig en gaf de mieren een worteltje. Want wortels zijn het lekkerste!"
23,google/gemma-3-27b-it-fast,4_6,"Eén keer... één keer was ik bij oma. Oma heeft een kat, Ploef! Ploef is heel zacht en zwart. Weet je wat Ploef het liefste doet? Spelen met mijn rode schoen! 

Ploef duwt hem met z’n neus. En dan… *slaat op schoot* pats! Ploef springt erop en rent ermee! Ik lach! 

Maar dan verstopt Ploef de schoen onder de bank! Oh nee! Ik kijk onder de bank, maar ik kan ‘m niet zien. Ploef kijkt me aan en… *doet alsof hij lacht* Hij vindt het grappig!

Oma helpt me zoeken. Ze zegt: “Waar zou Ploef de schoen verstopt hebben?” Dan kijkt ze in de bloempot! En ja hoor! Daar lag de schoen! Ploef zat erbij en gaf m’n hand een pootje! 

We hebben de schoen schoongemaakt en ik mocht hem weer aan. Ploef keek toe. Ploef is een grappige kat! En oma geeft lekkere koekjes! Ze zijn met stroop! Mmm…"
24,google/gemma-3-27b-it-fast,4_6,"Eens was er een blauwe olifant. Niet grijs, echt blauw! Hij woonde in een huis van taart. Ja, van échte taart, met allemaal spikkels! En hij had een vriendje, een gele giraffe. De giraffe heette Giel.

Blauwe olifant en Giel gingen altijd samen spelen. Ze bouwden torens van snoepjes. Maar de torens vielen altijd om! Dats jammer, want de snoepjes waren lekker. 

Eén keer, kwamen er piepkleine muisjes naar hun taarthuis. Ze wilden ook taart! Maar Blauwe olifant en Giel hadden de hele taart al opgegeten! Oeps! Dus ze gaven de muisjes allemaal knuffels. De muisjes werden er heel blij van.

En toen ging de zon slapen en werd het nacht. Blauwe olifant en Giel kropen in hun bedjes, gemaakt van marshmallow. En ze droomden over nog meer snoepjes en allemaal vrolijke muisjes! Ja, dat was een leuke dag!"
25,google/gemma-3-27b-it-fast,4_6,"Eens was er een konijn, luister goed! Hij heette Pluis. Pluis woonde in een heel groot wortelveld. Maar Pluis… die vond wortels niet lekker! Hij wilde wel iets anders. 

Hij zag een vogel vliegen. “Wat eet jij?” vroeg Pluis. De vogel zei: “Wormpjes!” Brrr, nee, wormpjes wilde Pluis ook niet.

Toen zag hij een eekhoorn. Die at een nootje. Krak! “Lekker?” vroeg Pluis. De eekhoorn knikte. Pluis probeerde een nootje, maar het was te hard voor zijn tandjes.

Hij werd verdrietig. Hij zat bij mama konijn. Mama konijn gaf hem een… een bloem! Een gele bloem! Pluis at de bloem niet op, maar hij rook eraan. Het rook heel lekker! En hij knuffelde de bloem.

Toen zei mama konijn: “Soms is het leuk om gewoon te ruiken, Pluis.” En Pluis was weer blij, want hij had nu zijn eigen speciale bloem. En hij hoefde geen wortels te eten!"
26,google/gemma-3-27b-it-fast,4_6,"Eén keer… was er een hele kleine blauwe beer. Niet zo’n grote beer zoals papa beer, maar echt heel klein! Hij woonde in een bos met heel veel bloemen. Rode bloemen, gele bloemen, en paarse bloemen! De blauwe beer heette Boep.

Boep was verdwaald. Hij zocht zijn mama. Hij liep en liep en liep, maar hij kon haar niet vinden. Toen zag hij een slak! De slak was heel langzaam, heel heel langzaam. Boep vroeg: ""Heb jij mijn mama gezien?"" 

De slak zei: “Zzz… misschien… zzz… kijk bij de grote boom!”

Boep rende! Hij rende zo hard als hij kon naar de grote boom. En wie zat daar? Zijn mama! Hij sprong in haar armen en gaf haar een hele dikke knuffel. 

Mama beer zei: “Waar was je nou, Boep?”

Boep zei: “Ik zocht je! En ik vroeg het aan een slak!”

Mama beer lachte. Ze gaf Boep een potje honing. En toen gingen ze samen naar huis. En Boep was niet meer verdwaald. En de slak… die sliep nog steeds! Zzzzzz…"
27,google/gemma-3-27b-it-fast,4_6,"Eén keer, heel lang geleden, had ik een hond. Niet echt, hoor. Het was een knuffelhond! Hij heette Woefie. Woefie was heel zacht en bruin. En hij had één oog dat los zat, maar dat maakte niet uit.

Woefie en ik gingen heel vaak op avontuur. We gingen naar de tuin en daar was een hele grote jungle! Met allemaal hoge, hoge planten. Dat waren eigenlijk gewoon de tomatenplanten van papa. We moesten heel voorzichtig zijn, want daar woonde een draak! Een hele kleine draak, maar wel eentje die soms gromde.

Ik gaf Woefie een bot. Een speelgoedbot natuurlijk, want echte botten mogen honden niet! En Woefie bewaakte de jungle voor de draak. Soms verloor ik Woefie, dan was ik heel verdrietig. Maar dan vond ik hem weer, onder een grote tomaat! 

En 's avonds, dan sliep Woefie bij mij in bed. Hij was de allerbeste hond ter wereld, ook al was hij maar een knuffel. Nu ligt hij boven op de kast, maar ik haal hem zo weer even af. Want ik wil hem knuffelen!"
28,google/gemma-3-27b-it-fast,4_6,"Eén keer… eh… was ik aan het spelen in de tuin, met mijn rode emmer en mijn schep. Ik wilde een heel groot kasteel bouwen, voor de koningin! Die is mijn pop, Roos. Ze heeft een heel mooi jurkje, met bloemetjes.

Maar toen, toen kwam Koos, de kat van de buurman. Hij is een beetje stout. Hij rende door mijn zand! Hij liet pootafdrukken in mijn muur. Ik zei: “Nee Koos! Niet kapot maken!”

Maar hij deed het toch. En toen ging hij in mijn emmer zitten! Pff! Al mijn zand over de grond. Ik werd een beetje boos.

Mama kwam toen buiten. Ze lachte. “Oh, wat een vrolijke kat,” zei ze. 

Ik zei: “Maar hij maakt mijn kasteel kapot!”

Mama zei: “Dan bouwen we er samen een nieuw kasteel, maar dan nog groter! Met een toren!”

En dat deden we. Roos vond het kasteel heel mooi. Zelfs Koos kwam kijken, maar hij moest wel weg blijven van het zand! Hij ging lekker in het zonnetje liggen. En ik? Ik was weer blij."
29,google/gemma-3-27b-it-fast,4_6,"Kijk, eens! Ik was aan het spelen in de tuin. Met mijn rode emmer en mijn schepje. Ik wou een heel groot kasteel maken, voor de koningin. De koningin is mijn knuffel, Fieke. 

Maar toen… toen zag ik hem! Een hele grote, groene kikker! Hij zat bij de bloemen. En hij keek naar mij! Ik dacht eerst dat hij me bang zou maken, maar hij glimlachte… eh, nou ja, kikkers glimlachen niet echt, maar hij keek gewoon lief.

Ik gaf hem een klein schelpje. Hij pakte het met zijn… zijn plakhandjes! En toen sprong hij! Niet weg, hoor! Hij sprong op mijn emmer! En hij begon te zingen! Een heel zacht kikkerliedje.

Maar… het was helemaal geen liedje! Het was mijn mama! Ze riep dat het eten klaar was! Dus toen zwaaide ik naar de kikker en ging ik naar binnen. Misschien komt hij morgen weer. Ik heb wel een extra schelpje voor hem bewaard! En Fieke vindt kikkers ook heel leuk, echt waar!"
30,google/gemma-3-27b-it-fast,4_6,"Eens was er een hond. Niet zomaar een hond! Hij was ROZE! Ja, echt waar. En hij kon vliegen! Hij had geen vleugels, hij ging gewoon… *wieeeeush*… omhoog. 

Zijn naam was Roze Woezel. Hij woonde in een huis van koekjes. Een héél groot huis van koekjes. En hij at elke dag koekjes! En soms de muren ook een beetje. Niemand vond dat boos, want het was zijn huis.

Op een dag vloog Roze Woezel naar de boerderij. Daar zag hij een koe. De koe was verdrietig. “Wat is er?” vroeg Roze Woezel. De koe zei: “Ik kan geen wortels vinden!” 

Roze Woezel vloog super snel naar de tuin en hij pakte een heleboel wortels voor de koe. De koe was heel blij! Ze gaf Roze Woezel een hele grote knuffel. En Roze Woezel vloog weer terug naar zijn koekjes huis en at nog meer koekjes. Het was een fijne dag!"
31,google/gemma-3-27b-it-fast,4_6,"Nou, eh… er was eens een konijn. Niet zomaar een konijn, maar een *heel* vrolijk konijn. Hij heette Plons. Plons woonde in een heel groot bos, met allemaal hoge, hoge bomen. 

Plons had een beste vriend, een eekhoorn! Die heette Piep. Piep was altijd aan het zoeken naar nootjes. Plons sprong altijd met Piep mee! Maar hij sprong *veel* hoger. Kijk, zo! (Ik spring even.)

Eén keer, toen ze nootjes zochten, kwamen ze een draak tegen. Maar het was geen enge draak! Het was een hele kleine draak, en hij was verdwaald. Hij huilde! Plons en Piep waren niet bang. Plons sprong op de rug van de draak en Piep gaf hem een nootje.

Toen vloog de draak ze naar het huis van zijn mama! Die was heel blij! Ze gaf Plons en Piep allemaal lekkere worteltjes en nootjes. En daarna speelden ze samen verstoppertje in het bos. Het was een hele leuke dag! En de draak was niet meer verdwaald."
32,google/gemma-3-27b-it-fast,4_6,"Nou, eh… er was eens een konijn. Een hele witte! En hij woonde in een heel groot bos, maar hij was een beetje… eh… verdwaald. Hij zocht naar zijn mama. 

Hij liep en liep en toen zag hij een eekhoorn! De eekhoorn zat op een boom en hij had een nootje. Het konijntje vroeg: “Hé, eekhoorn, heb jij mijn mama gezien?” 

De eekhoorn schudde zijn hoofd. “Nee, maar ik heb wel een nootje! Wil je een stukje?”

Het konijntje knikte. Hij had honger. Hij at een stukje van het nootje en toen zag hij ineens… een heleboel worteltjes! Die lagen daar op de grond. 

En wie zat er naast de worteltjes? Zijn mama! Hij sprong naar haar toe en gaf haar een dikke knuffel. Zijn mama was heel blij hem te zien.

En de eekhoorn? Die zat nog steeds op zijn boom en die keek toe. En hij had nog meer nootjes! Dus gaf hij het konijntje en zijn mama ook nootjes. En ze aten samen. Het was heel gezellig! Eh… en toen gingen ze naar huis. Ja, dat was het."
33,google/gemma-3-27b-it-fast,4_6,"Eén keer, heel lang geleden… was er een konijn. Niet zo’n gewoon konijn, nee! Deze konijn, Ploffie, had een hele rode neus. En hij kon heel hoog springen! 

Ploffie woonde in een bos, met allemaal bomen en bloemen. Hij had een vriend, een eekhoorn. Die heette Noortje. Noortje was heel goed in het verstoppen van nootjes. 

Ploffie en Noortje speelden samen verstoppertje. Noortje verstoptte zich achter een hele grote boom, en Ploffie telde: “Één, twee, drie…”. Toen Ploffie z’n ogen opende, kon hij Noortje niet vinden! 

Hij sprong heel hoog, heel hoog, om over de boom te kijken. En toen… zag hij Noortje! Ze zat bovenin de boom, in een nestje van takjes. Ploffie lachte. “Jij bent echt heel goed in verstoppen!” riep hij. 

Noortje lachte terug en gooide een nootje naar beneden, recht in Ploffie’s rode neus! Ploffie viel bijna om, maar hij bleef staan. En ze bleven de hele dag verstoppertje spelen. En Ploffie’s neus werd nog roder van het lachen."
34,google/gemma-3-27b-it-fast,4_6,"Eén keer… eh… toen was ik aan het spelen in het bos bij oma. Het was heel lichtgroen daar, want de blaadjes waren net uit. En ik zag een heel klein beestje! Het had een rood jasje aan, en een pluizige staart. Zo! *maakt zwaaiende bewegingen met zijn hand*

Het beestje liep heel snel heen en weer. Ik dacht dat het verloren was. Dus ik riep: “Hé! Beestje! Waar wil je heen?” Maar hij zei helemaal niks!

Toen zag ik een hele grote boom. Met een gat erin. En het beestje rende naar het gat toe! Hij stopte daar even en keek naar me. En toen… toen zag ik héél veel kleine beestjes in het gat! Rode, en blauwe, en gele! Dat waren zijn kindjes!

Het rode beestje – het was een eekhoorn! – had een nootje vast. Hij gaf het aan één van zijn baby-eekhoorntjes. Zó! *demonstreert met een denkbeeldige noot*

Ik ging weg, want ik wilde de eekhoorns niet storen. Maar ik zag ze wel. Heel schattig! En later kreeg ik een koekje van oma. Dat was ook lekker. Het rode beestje was vast ook blij met zijn nootje."
35,google/gemma-3-27b-it-fast,4_6,"Eén keer, heel lang geleden… was er een konijn. Niet zomaar een konijn, nee, een hele *blauwe* konijn! Hij heette Bobbie. Bobbie woonde in een wortel. Ja, een hele grote wortel! 

Bobbie was verdrietig. Hij had geen vriendjes. Hij probeerde met de eekhoorn te spelen, maar de eekhoorn was heel druk met nootjes verstoppen. En de vogel vloog steeds weg! Bobbie zat dan weer alleen in z’n wortel.

Maar toen! Zag Bobbie een klein, roze olifantje. Het olifantje had een ballon. Een hele grote, glitterende ballon! Bobbie sprong uit z’n wortel en riep: “Hoi!” 

Het olifantje keek. En keek. En toen lachte hij! “Hoi!” riep hij terug. Samen speelden ze met de ballon. Ze gooien hem op en deden alsof ze piraten waren die de ballon wilden vangen! Bobbie was niet meer verdrietig. Nu had hij een vriendje! En ze speelden de hele dag door. En dan gingen ze samen worteltjes eten. Want Bobbie’s huis was een wortel, natuurlijk!"
36,google/gemma-3-27b-it-fast,4_6,"Eens was er een konijn, en die heette… Pluisje! Pluisje was heel zacht, echt heel zacht, net als mijn knuffel! Pluisje woonde in een heel groot bos, met allemaal hoge bomen. En Pluisje kon héél goed verstoppen. 

Eén dag ging Pluisje worteltjes zoeken. Hij liep en liep, en toen zag hij een grote, rode wortel! Maar… er zat een slak op! Een hele langzame slak. Pluisje wilde de wortel, maar de slak zat in de weg.

Pluisje probeerde heel hard de wortel te trekken, maar de slak bleef zitten. Toen begon Pluisje te giechelen! Het kietelde de slak, en hij trok zich terug in zijn huisje. Pluisje pakte snel de wortel en rende weg! Hij at hem helemaal op, krokant! En de slak? Die zochte gewoon een andere bloem om op te kruipen. Pluisje vond het heel leuk om te verstoppen én worteltjes te eten, en de slak… die ook!"
37,google/gemma-3-27b-it-fast,4_6,"Kijk, er was eens een klein konijntje, Sjoemel. Sjoemel woonde in een heel groot wortelhuis. Het wortelhuis was helemaal vol met wortels! Maar Sjoemel, die wilde geen wortels. Hij wilde taart! 

Dus ging Sjoemel naar Oma Uil. Oma Uil bakt altijd de lekkerste taart, met allemaal bosbessen erop. “Oma Uil, kan ik een taart?” vroeg Sjoemel. 

Maar Oma Uil zei: “Nee Sjoemel, je moet eerst drie stapels takjes verzamelen voor mijn nest.” 

Sjoemel zuchtte. Takjes verzamelen is lastig! Maar hij deed het. Hij sleepte en sjouwde, en toen had hij drie héle hoge stapels takjes!

Oma Uil was blij! Ze gaf Sjoemel een héle grote bosbessentaart. En Sjoemel, die at hem helemaal op! Hij kreeg allemaal blauwe snor. Het was de lekkerste taart ooit. En hij deelde een kruimeltje met een mierenfamilie. Die vonden het ook lekker! Zn je, had ik al verteld dat Sjoemel daarna toch ook een klein worteltje at?"
38,google/gemma-3-27b-it-fast,4_6,"Eens was er een heel klein konijntje. Hij heette Pluis. Pluis woonde in een groot, groen veld. Hij had een mama en een papa konijn, en heel veel broertjes en zusjes! 

Pluis was een beetje ondeugend. Hij sprong de hele tijd rond, ook al zei mama dat hij rustig moest doen. Op een dag sprong hij… héél hoog! Zo hoog dat hij in een grote rode ballon belandde. 

De ballon vloog omhoog, heel hoog de lucht in! Pluis gilde een beetje, maar het was ook wel leuk. Hij zag de hele wereld onder zich! Hij zag de koeien en de schapen en de boerderij van meneer Jansen. 

Toen, kriebelde het in zijn neus. A-TSJOE! Pluis niesde heel hard en de ballon… PLOF! Hij kwam zachtjes op een grote hoop bloemen terecht. Gelukkig! Mama konijn kwam hem heel snel halen en gaf hem een hele grote knuffel. Pluis sprong daarna niet meer zo hoog. Althans… niet zonder mama in de buurt."
39,google/gemma-3-27b-it-fast,4_6,"Oké, heel goed. Luisteren hoor!

Er was eens… een blauwe olifant. Ja, echt blauw! Hij heette Bobbie. Bobbie woonde in een hele grote tuin, met een glijbaan en een schommel. Maar Bobbie vond glijden en schommelen niet zo leuk. Hij wilde bloemen plukken!

Maar hij was een olifant, en olifanten zijn een beetje… lomper. Telkens als hij een bloem wilde plukken, brak hij de hele plant af! Oeps! 

Toen kwam er een klein beestje. Een rupsje! Het rupsje zei: ""Bobbie, je moet niet trekken. Je moet de bloem zachtjes vasthouden, kijk!"" En toen liet het rupsje zien hoe je een bloem plukt zonder hem te breken.

Bobbie probeerde het, en het lukte! Hij gaf de bloem aan het rupsje. Het rupsje was heel blij.  Ze plukten samen heel veel bloemen en Bobbie was super trots. Hij vond bloemen plukken nu wél leuk! En hij brak er geen planten meer af.  
 
Is het nu klaar? Ja."
40,google/gemma-3-27b-it-fast,4_6,"Eén keer, heel lang geleden, had ik een hond. Niet zo’n grote, maar een heel klein hondje. Hij was bruin, met witte pootjes. Zijn naam was Woefie! 

Woefie en ik, we bouwden een kasteel van blokken. Het was een héél hoog kasteel! En daar zat een prinses in, dat was mijn pop, Roosje. Woefie was de ridder! Hij blafte heel hard naar de draak, dat was mijn paardje. 

Maar toen… toen kwam de grote stofzuiger! Brrr… Woefie was doodsbang! Hij rende onder de tafel, heel snel. En Roosje viel van het kasteel, oeps! 

Ik zei: “Nee stofzuiger! Laat Woefie met rust!” En mama zette de stofzuiger uit. 

Toen kwamen Woefie, Roosje en ik weer bij elkaar. We bouwden het kasteel opnieuw. En Woefie blafte niet meer naar de draak, hij likte hem! Dat was veel leuker. Want Woefie is mijn allerbeste vriend. En paardjes en poppen mogen ook vriendjes zijn."
41,google/gemma-3-27b-it-fast,4_6,"Kijk! Ik heb een hondje, Pluisje! Pluisje is heel klein en wit, net een wolkje. Eén keer wilde Pluisje heel graag een koekje. Mama zei nee, want koekjes zijn voor mensen. Maar Pluisje keek me zo zielig aan, met z’n grote bruine ogen.

Dus ik gaf hem stiekem een kruimel! Eén kruimel van mijn koekje. En weet je wat? Pluisje gooide de kruimel weer op de grond! Hij snuffelde eraan en liep er dan omheen.

Ik zei: “Pluisje, waarom lik je het niet op?”

En Pluisje keek naar me en begon te blaffen! Blaf blaf! Net alsof hij zei: “Ik wil een bal! Geen kruimels!”

Dus ik ging een bal halen. En toen speelden we samen in de tuin. Pluisje sprong en rende en ik gooide de bal ver, heel ver! En Pluisje was heel blij. Blije hondjes blaffen niet om koekjes, maar om ballen! Is dat niet gek?"
42,google/gemma-3-27b-it-fast,4_6,"Nou, luister eens! Eén keer… euh… toen was ik aan het spelen in de tuin, met mijn rode emmer en schep. En ik zag een hele grote worm! Nee, niet een vieze worm, een grappige worm! Hij had geen beentjes, duh, want wormen hebben geen beentjes.

En hij zat in de modder, en hij probeerde een heel klein bloemetje te tillen! Maar hij was te zwak. Toen ben ik gaan helpen! Ik pakte de bloem vast, een heel paars bloemetje, en ik tilde hem op. De worm lachte! Ja, echt! Hij lachte met zijn mond… nou ja, hij had geen mond, maar hij wiebelde heel blij.

Toen zei hij: “Dankjewel!” Maar wormen kunnen niet praten, dus hij zei het met zijn wiebel. En toen kroop hij weg, de worm. Ik denk dat hij naar zijn mama ging. Mijn mama zei dat wormen mama’s hebben. En ik ging weer in de modder spelen met mijn rode emmer. En ik wacht op de worm, misschien komt hij morgen weer terug. En dan spelen we samen!"
43,google/gemma-3-27b-it-fast,4_6,"Nou, luister! Ik was aan het spelen in het bos bij oma. En ik zag een heel klein beestje! Het was groen, met stippen, maar niet zoals een kikker. Hij had… glitters! Ja, echt waar!

Hij rende heel snel, en ik rende er achteraan. “Wacht!” riep ik, maar hij verstoptte zich onder een hele grote paddenstoel. Zo’n rode, met witte stippen. Ik keek eronder en… hij had een mini-hoedje op! 

En toen, toen zei hij: “Hallo!” Ik schrok een beetje, want beestjes praten normaal niet. Hij zei dat hij een glitterfee was en dat hij zijn glitter kwijt was. Hij had hulp nodig om ‘m terug te vinden. 

Dus we zochten en zochten, en uiteindelijk vonden we de glitter in het gras. Hij was heel blij! Hij gaf me een feeënkus en toen… poef! Was hij weg! Maar ik had nog wel wat glitter op mijn hand! Kijk! (Houdt hand omhoog)"
44,google/gemma-3-27b-it-fast,4_6,"Nou, luister! Ik was aan het spelen in het park, met mijn rode schoenen, die zijn het allerleukst. En toen zag ik een eekhoorn! Hij was heel klein en bruin en hij zat in een boom.

Hij had een nootje vast in zijn pootjes. Echt waar! Ik wilde hem vragen of ik het nootje mocht zien, maar toen sprong hij naar een andere boom. Heel hoog! 

Ik riep: ""Wacht even!"" maar hij luisterde niet. Toen rende ik naar de boom toe en ik probeerde ook te springen, maar ik kon niet zo hoog. Mijn juf zegt dat ik nog moet groeien.

Maar toen, toen viel er een blad van de boom… recht op mijn neus! Ik moest heel hard lachen. En de eekhoorn, die keek me aan en hij deed… net of hij lachte! Tenminste, ik dacht dat hij lachte. Dat was een hele fijne dag in het park. En ik kreeg ijs van papa daarna!"
45,google/gemma-3-27b-it-fast,4_6,"Eén keer… was er een pinguïn. Niet zomaar een pinguïn, maar Piet de Pinguïn! Piet woonde in een heel koud land, met heel veel ijs. Hij had een blauwe sjaal, want anders werd hij te koud!

Piet had een beste vriend, een zeehond. Die heette Bobbie. Bobbie kon heel goed zwemmen, en Piet ook, maar Piet was een beetje… klunzig. 

Eén dag wilden Piet en Bobbie een vis vangen. Bobbie dook in het water, plons! Hij kwam heel snel weer omhoog met een grote, glinsterende vis. Piet probeerde het ook, maar hij gleed en plons! Hij viel met zijn neus in het water!

Bobbie lachte! “Je bent een slungel, Piet!” 

Piet grinnikte. Hij proefde zout water. Bobbie deelde zijn vis met Piet. Het was de lekkerste vis ooit! Toen gingen ze samen op de buik liggen en naar de wolken kijken. De wolken waren een beetje zoals ijsjes! En toen gingen ze slapen. Want pinguïns en zeehonden worden moe."
46,google/gemma-3-27b-it-fast,4_6,"Eens, heel lang geleden… woonde er een beer. Niet een grote, enge beer, hoor! Een kleine, pluizige beer, net zo groot als mijn knuffelbeer Boes. En Boes is niet zo heel groot!

Deze beer, hij heette Bram, vond een ballon. Een rode! Hij pakte de ballon vast met z’n pootjes, maar toen vloog ‘ie weg! Oeps! Bram rende achter de ballon aan, door het bos. Hij rende langs hele hoge bomen en over hobbelige wortels. 

Toen zag hij een eekhoorn. Die eekhoorn had een noot. Bram vroeg: “Heb jij mijn rode ballon gezien?” De eekhoorn schudde z’n koppie. “Nee, maar ik heb wel een lekkere noot!”

Bram rende verder. Hij zag een konijn! “Heb jij mijn rode ballon gezien?” vroeg Bram. Het konijn sprong in het rond. “Nee! Maar ik ben heel snel!”

Uiteindelijk zag Bram de ballon! Hij zat vast aan de top van de hoogste boom! Bram kon er niet bij. Toen kwam de eekhoorn en het konijn! Ze duwden en trokken samen, en… POEF! De ballon kwam los! Bram pakte de ballon stevig vast en knuffelde hem heel hard. Hij was zo blij! En toen ging hij met de eekhoorn en het konijn een nootje eten. En de ballon, die bleef bij Bram!"
47,google/gemma-3-27b-it-fast,4_6,"Oké, luisteren!

Eén keer, heel vroeger… was er een blauwe olifant. Niet grijs, echt blauw! Hij heette Bobbie. Bobbie woonde in een heel groot bos, met allemaal bloemen. En hele grote paddenstoelen, waar je op kon klimmen. 

Bobbie was verdrietig. Want hij had geen vriendjes. Alle andere olifanten waren grijs, en die wilden niet met een blauwe olifant spelen. Ze zeiden: “Je bent te anders!”

Toen zag Bobbie een vogeltje. Een heel klein, geel vogeltje. Die zong een liedje. Bobbie luisterde en hij ging mee zingen! Het vogeltje vond Bobbie heel leuk.

En toen kwamen er nog meer vogeltjes! Rode, groene, en zelfs een paarse! Ze dansten met Bobbie en ze speelden verstoppertje tussen de bloemen. Bobbie was niet meer verdrietig. 

Want hij had nu heel veel vriendjes. En Bobbie leerde dat het niet uitmaakt als je anders bent. Anders is juist leuk! Het vogeltje en Bobbie werden de beste vrienden, voor altijd en altijd. En ze zongen en dansten en lachten, heel hard! En zo was het."
48,google/gemma-3-27b-it-fast,4_6,"Nou, luister goed. Ikke was laatst op vakantie, bij opa en oma. En daar was een hele grote boom in de tuin! Niet zomaar een boom, hoor. Die had een geheime deurtje!

Eerst zag ik het niet, maar toen ik heel goed keek, zat er een klein deurtje in de stam. Ikke heb eraan getrokken en toen ging ie open! En… binnen was een heel klein huisje!

Daar woonde een eekhoorn, maar niet zo’n gewone eekhoorn. Die kon praten! Hij zei: “Hallo! Ik ben Nutsie!” En hij had een heel klein theekopje en een klein koekje. 

Ikke kreeg ook een koekje. Het was een pindakoekje! Mmm, lekker! We hebben samen getekend met mini-kleurtjes en toen heeft Nutsie me een veer gegeven. Een hele mooie, glimmende veer. 

Toen moest ik weer naar binnen, want mama riep. Ik heb Nutsie wel beloofd dat ik volgende keer weer kom, en dan neem ik nog meer pindakoekjes mee! Want eekhoorns houden toch van pindakoekjes? Ja toch?"
49,google/gemma-3-27b-it-fast,4_6,"Eens was er een hele grote beer. Niet zoals een knuffelbeer, nee, echt een *grote* beer! Hij woonde in een bos met heel veel bomen. En hij had een vriendje, een heel klein muisje. Het muisje heette Piep.

De beer en Piep deden alles samen. Ze kliederden met modder, maar de beer was niet zo goed in kliedderen, haha! Hij maakte het allemaal maar vies. Piep zei dan: “Nee beer, zo doe je het! Kijk!” En dan maakte Piep mooie streepjes.

Eén keer wilden ze een taart bakken. Maar de beer was te groot om in de keuken te passen! Dus Piep klom op de rug van de beer en vertelde hem wat hij moest doen. “Doe daar een beetje bloem, beer! Niet zo veel! Oeps!”

De taart werd een beetje raar, maar ze vonden hem wel lekker. Ze aten hem op met z'n tweeën, en toen gingen ze samen slapen onder een grote boom. De beer snoerde heel hard! Piep vond het zielig, dus hij kriebelde de beer wakker. En toen speelden ze weer verder!"
50,google/gemma-3-27b-it-fast,6_7,"Oké, luister goed!

Eens was er een heel klein, paars konijntje. Hij heette Piep, omdat hij niet zo hard kon roepen. Piep woonde bij een grote, groene boom in het bos. En de boom… die kon praten! 

De boom zei altijd: “Piep, pas op voor de grommende schaduw!” Piep begreep niet wat de boom bedoelde met ‘grommende schaduw’. Hij was niet bang in het bos, helemaal niet. 

Op een dag ging Piep worteltjes zoeken. Ploef! Hij viel in een kuil! En toen kwam er een grote, zwarte schaduw over hem heen. Hij gromde! Het was geen monster! Het was alleen maar de grote hond van de boer, Bello! Bello wou alleen spelen! 

Piep lachte. De ‘grommende schaduw’ was helemaal niet eng. Bello likte Piep over zijn paarse vacht. De boom lachte mee, heel zachtjes. En Piep en Bello speelden de hele middag verstoppertje tussen de bomen. Bello blafte heel vrolijk en Piep… Piep piepte heel blij!"
51,google/gemma-3-27b-it-fast,6_7,"Eens was er een hond, maar niet zomaar een hond! Hij heette Woezel en hij kon... *fluisteren*! Niet gewoon blaffen, nee, echt praten met mensen, maar heel zachtjes, alsof hij een geheim vertelde. 

Woezel woonde bij een oude meneer die heel eenzaam was. Die meneer heette meneer Krinkel en hij had een hele grote tuin met heel veel bloemen. Maar meneer Krinkel was verdrietig want er kwam nooit iemand langs.

Woezel wou dat veranderen! Hij liep naar de poort en fluisterde tegen de eerste voorbijganger: ""Kijk eens naar de bloemen! Ze zijn heel mooi!"" En raad eens? Die mevrouw kwam de tuin in! Ze lachte en zei: ""Wat een prachtige kleuren!""

Daarna fluisterde Woezel tegen een jongetje met een ballon. ""Kom, ruik de rozen!"" En de jongen kwam en gaf meneer Krinkel een bloem. 

Meneer Krinkel was niet meer verdrietig! Hij lachte en praatte met iedereen. Woezel was heel blij dat hij meneer Krinkel gelukkig kon maken met zijn fluisterende stem. En weet je? Misschien kan *jij* ook iemand blij maken, door aardig te zijn!"
52,google/gemma-3-27b-it-fast,6_7,"Eén keer… eh… was ik aan het spelen in de tuin. Met mijn rode schep en mijn gele emmer. Ik zat een heel groot kasteel te bouwen voor de wormen. Want die wonen onder de stenen, weet je? 

Toen zag ik iets glitters. Echt heel erg glitters! Het lag onder de rozenstruik. Ik dacht: oeh, misschien een snoepje! Maar nee, het was een… een eenhoorn! 

Helemaal klein, zo groot als mijn hand. En hij had een regenboogmanen! Hij zei: “Hallo!” en ik zei terug: “Hallo!” 

Hij vroeg of ik hem kon helpen. Hij was zijn weg kwijt naar het land van de dromen. Dus ik zette hem in mijn emmer, heel voorzichtig, en ik liep door de hele tuin. Ik vouwde een bloem tot een bootje en legde de eenhoorn erin.

Toen zette ik het bootje in de vijver en… plons! De eenhoorn voer weg! Hij zwaaide nog en zei: “Bedankt!” Ik denk dat hij nu weer in het land van de dromen is. En ik heb een hele mooie herinnering."
53,google/gemma-3-27b-it-fast,6_7,"Eén keer, heel lang geleden, had ik een knuffelhond. Hij heette Woefie, maar hij blafte niet echt, hij piepte een beetje. Woefie was m’n allerbeste vriend. We deden alles samen! We bouwden forten van kussens en dekens, en Woefie was altijd de koning. Hij zat dan altijd heel trots op de hoogste kussen.

Maar… toen, toen was het feestje van oma. En ik moest blijven slapen bij oma, want dat is best ver weg. Ik mocht Woefie niet meenemen, want oma zei dat ze allergisch was voor hondenharen. Zelfs piephondenharen! Ik was superverdrietig.

Bij oma speelde ik met blokken, maar het was niet zo leuk zonder Woefie. Ik tekende een plaatje van Woefie en van mij, samen in een fort. En… toen gebeurde er iets! Ik droomde dat Woefie echt bij me was! Hij piepte en sprong in m’n dromen en we bouwden het aller grootste fort ooit! 

De volgende ochtend was ik niet meer verdrietig. Want ik wist dat Woefie altijd in m’n hart zat, ook als hij niet echt bij me was. En als ik weer thuis was, gaf ik hem een hele grote knuffel!"
54,google/gemma-3-27b-it-fast,6_7,"Nou, luister. Mijn opa heeft een échte geheime tuin. Niet zomaar een tuin met bloemen, nee! Het is achter zijn schuur, en er staat een heleboel rommel, en er zit een beetje een gaatje in de heg. Als je erdoorheen kruipt… dan ben je er.

Daar groeien de állergrootste aardbeien die je ooit gezien hebt. Zo groot als je vuist! En er zitten glitters op, echt waar! 

Maar het állerveelste wat daar is, zijn de pratende slakken. Ze zijn niet eng, hoor. Ze hebben kleine stemmetjes en ze vragen altijd: “Heb je een blaadje voor ons?” Want ze zijn heel gulzig.

Eén keer nam ik mijn zusje mee, die is vijf. Die dacht eerst dat het niet echt was, maar toen hoorde ze de slakken ook. Ze heeft er eentje op haar hand laten zitten! Het was een beetje glibberig.

Mijn opa zegt dat de tuin alleen werkt als je er met een goed gevoel naartoe gaat. Anders zie je gewoon een hoop rommel. Dus ik denk altijd aan ijs als ik erheen ga. Dan kunnen de aardbeien extra goed groeien!"
55,google/gemma-3-27b-it-fast,6_7,"Oké, luister goed!

Eén keer, heel lang geleden, had ik een hond. Niet zomaar een hond, maar Roos! Roos was heel klein en helemaal wit, met slof oren. Ze kon supergoed apporteren, maar alleen met mijn rode bal. Andere ballen vond ze stom.

Weet je wat ze altijd deed? Ze probeerde haar eigen staart te vangen! Draaide in rondjes en sprong, maar ze kreeg 'm nooit te pakken! Dat was zo grappig.

Eén keer gingen we naar het bos. En Roos! Die rende weg! Ik riep heel hard: “Roos! Roos, kom terug!” Maar ze luisterde niet. Ik werd heel bang. Ik ging zoeken, tussen de bomen en bij de struiken. En toen… zag ik haar! Ze zat bij een eekhoorn! Ze zaten samen een nootje te eten! 

De eekhoorn deelde dus gewoon! Ik lachte heel erg en Roos kwam gelijk naar me toe waggelen. Sindsdien gingen we altijd voorzichtig op zoek naar eekhoorns in het bos. Roos en ik, beste vrienden. Dat is mijn verhaal!"
56,google/gemma-3-27b-it-fast,6_7,"Mama zegt dat ik goed kan fantaseren. Dat klopt! Kijk, gisteren was ik in mijn tuin. Niet echt, hoor. In mijn hoofd was het een heel groot bos, met allemaal bomen van lolly’s! Rode, gele, groene… Echt, alles! En er liep een draak, maar hij was niet eng. Hij was paars en had glitters op zijn schubben.

De draak, die heette Poffie, kon niet goed vliegen. Zijn vleugels waren te klein. Dus ik hielp hem! Ik maakte een hele lange tak van een appelboom en die plakte ik aan zijn rug. Net een vliegtuigvleugel! 

Toen kon Poffie wel! Hij vloog rond en liet allemaal regenboog-sneeuw vallen. Dat was niet koude sneeuw, nee, het smaakte naar aardbeien! We aten samen al die sneeuw op en Poffie vertelde me dat hij een heleboel verborgen schatten bewaakte. 

Hij gaf me een steen. Het was geen gewone steen, hoor. Die steen kon wensen! Maar ik weet nog niet wat ik ga wensen. Misschien een hele berg lolly’s… Net als in mijn bos!"
57,google/gemma-3-27b-it-fast,6_7,"Nou, ik weet niet of jullie dit geloven, maar… gisteren zag ik een echte fee! Echt waar! Ze zat in onze appelboom. Ik was aan het spelen met Tim, die woont naast ons, en we waren prins en draak aan het doen. Ik was de prins en Tim was de draak, heel boos! 

Toen, terwijl Tim “BRUL!” riep, zag ik iets glitters in de boom. Het was niet de zon, want het was bewolkt. Het was… heel klein, en had vleugels! 

We keken heel stil toe en toen kwam ze naar beneden zweven. Ze had een jurk van bloemblaadjes en haar haar was vol met dauw. Ze zei, heel zachtjes, dat ze haar toverstaf kwijt was. Een toverstaf!

Tim en ik hebben overal gezocht. Onder de boom, in het gras, zelfs in de zandbak! En raad eens? Ik vond hem! Hij zat verstopt onder een grote, rode appel. De fee was super blij! Ze gaf me een kus op mijn neus en toen… fladderde ze weer weg. Tim zei dat hij het niet geloofde, maar ik weet zeker dat het waar is! Het kriebelde nog op mijn neus!"
58,google/gemma-3-27b-it-fast,6_7,"Toen ik gisteren naar buiten ging, zag ik iets heel bijzonders in de tuin! Het was een klein, glinsterend huisje, maar dan voor slakken! Mijn opa zegt dat slakken helemaal geen huisjes nodig hebben, maar deze slak wel. Hij had er echt een, met piepkleine raampjes en een mini-deurtje. 

Ik ging heel voorzichtig kijken. En raad eens? Er zat een heel klein slakje in! Hij had een roze hoedje op. Echt waar! En hij zat te tekenen met een grassprietje op een bloemblad.

Ik fluisterde: “Hallo!” 

Het slakje keek op en zei, heel zachtjes: “Ik teken een regenboog voor mijn mama.”

Ik zei: “Wow!” en bood hem een klein stukje aardbei aan. Hij nam het, maar at het niet op. Hij plakte het op zijn huisje! “Nu is het nog mooier,” zei hij.

Toen moest ik naar binnen, want mama riep. Maar ik ga vandaag zeker weer kijken bij het slakkenhuisje. Misschien tekent hij wel een kasteel!"
59,google/gemma-3-27b-it-fast,6_7,"Oké, luister! Eh… mijn opa heeft een hele grote tuin. En daarin… daarin woont een kabouter! Niet zomaar een kabouter, nee. Deze kabouter is heel klein, echt heel klein, en hij heeft een rode muts die altijd scheef zit. 

Eén keer, toen ik ging logeren bij opa, zag ik hem! Ik was aan het verstoppertje spelen en ik verstopte me achter de rozenstruik. En toen hoorde ik een heel klein geluidje. *Piep!* Ik keek en daar zat hij, op een paddenstoel, een piepklein theetje te drinken!

Hij had een kopje van een dopje van een flesje en hij zat een kruimeltje koekje te eten. Ik durfde niet te praten, want ik was bang dat hij weg zou rennen. Ik bleef heel stil zitten. Hij glimlachte naar mij! En toen… toen gaf hij me een bloem! Een heel klein bloemetje, dat ik in mijn zakje deed. 

Mama zei dat ik het verbeeld had, maar nee hoor! Ik weet zeker dat hij echt bestaat. En als je heel goed oplet in de tuin van opa… misschien zie je hem ook wel!"
60,google/gemma-3-27b-it-fast,6_7,"Nou, eh… gister zag ik een heel gekke vogel. Hij zat in de tuin van oma. Niet zo’n gewone merel of zo. Nee, hij was… roze! Ja, echt roze! En hij had helemaal geen veren, maar glitters. Overal glitters!

Hij probeerde een worm te pakken, maar hij was heel klungelig. Hij prikte ernaast, en ernaast, en ernaast. Ik lachte me helemaal kapot. 

Toen vloog hij een beetje wankelend naar het bloembed. Hij landde paf in de rozen. Oeps! En toen bleef hij een beetje vastzitten. Hij wiebelde met zijn vleugels en zei: “Help! Help!”

Ik rende naar oma en ik zei: “Oma, kom! Een roze glittervogel zit vast!” Oma kwam en ze pakte heel voorzichtig de rozenstruik vast. Ze hielp de vogel los. 

De vogel schudde zijn glitters en zei: “Dank je wel!” En toen vloog hij de lucht in. Hij liet een spoor van glitters achter. Het was net alsof er regenboogconfetti viel! Ik denk dat het een tovervogel was."
61,google/gemma-3-27b-it-fast,6_7,"Kijk, mijn opa heeft een hele grote tuin. En daarin staat een appelboom! Maar niet zomaar een appelboom, hoor! Die appelboom kan… praten! Echt waar! 

Eerst dacht ik dat het gewoon opa was, die grapjes maakte. Maar nee, ik hoorde de boom zelf. Hij zei: “Piepkleine handjes, pluk mijn appels!” En toen zag ik dat opa niet eens bij de boom was!

De appels zijn heel rood en glimmen een beetje. Ze smaken naar… zonnestralen! Echt! Ik heb er eentje gegeten toen ik er was. 

Maar weet je wat het allerleukste is? De boom kan ook verhaaltjes verzinnen. Hij vertelde over een klein wormpje, Willie, die heel graag de allerhoogste appel wilde bereiken. Hij klimde en klom, maar hij was te klein! Toen hebben de bijtjes hem geholpen, door hem op hun ruggetjes te zetten! 

Soms, als ik buiten speel, ga ik naar de appelboom en luister ik naar nieuwe verhaaltjes. Het is mijn geheime vriend! En opa weet het niet eens… nog niet!"
62,google/gemma-3-27b-it-fast,6_7,"Nou, het begon zo. Ik was met Pappa in het bos. Niet ver hier vandaan, echt! We zochten naar paddenstoelen, want Pappa maakt er soep van, lekker met een beetje brood. Ik wilde eigenlijk liever kabouters zoeken, maar Pappa zei dat die niet echt bestonden. 

Toen, ineens, zag ik iets glitters! Niet zomaar glitter, maar zo’n heleboel glitter, aan een boom. Ik rende ernaartoe en… daar zat een héle kleine draak! Hij was maar zo groot als mijn hand. En hij zat te huilen!

Ik vroeg wat er aan de hand was. Hij zei dat hij zijn schat kwijt was. Zijn allermooiste steen! We hebben samen gezocht, onder de bladeren en tussen de boomwortels. En raad eens? Ik vond ‘m! Hij was rood en blinkend. 

De draak was super blij! Hij gaf me een drakenveer in ruil. Kijk! (Haalt iets uit haar zak) Die is echt! Pappa geloofde me niet, maar ik weet zeker dat het echt is. De draak vertelde dat hij terug moest naar zijn moeder, dus hij vloog weg. En ik heb de veer!"
63,google/gemma-3-27b-it-fast,6_7,"Weet je, gisteren was echt superleuk! Ik was bij opa en oma, en we gingen naar het bos. Niet gewoon naar het bos, hoor! Naar het allerdiepste bos, waar de beestjes wonen. 

Opa zei: “Kijk goed, Marieke, misschien zie je wel een kabouter!” Ik keek en keek, maar ik zag geen kabouter. Wel een hele grote, rode vliegerhoed! Die lag gewoon op de grond. Ik pakte ‘m op en toen… toen hoorde ik een piepstemmetje. 

“Eh… die is van mij!” 

Ik keek om me heen en daar zag ik hem! Een héél klein mannetje met een lange baard en een puntmuts. Een echte kabouter! Hij was heel boos, want hij moest zijn vliegerhoed terug voor hij kon vliegen. Hij vloog boodschappen voor de eekhoorns!

Ik gaf hem de hoed en hij was meteen weer blij. Hij gaf mij een glinsterende steen als bedankje. En je weet wat? Die steen maakt al mijn wensen waar! Nou ja, nog niet allemaal, maar wel dat ik vandaag lekker mag spelen."
64,google/gemma-3-27b-it-fast,6_7,"Eén keer… eh… toen was ik bij oma in de tuin. Oma heeft een héle grote tuin met allemaal bloemen. Maar er zat ook een… een kabouter! Echt waar! Hij was niet zo groot, ongeveer net zo hoog als mijn knie. Hij had een rode puntmuts en een lange, witte baard. 

Hij zat bij de rozenstruik en keek heel boos. Ik vroeg: “Wat is er mis?” En hij zei, met een heel knorrerig stemmetje: “De slakken! Die eten al mijn paddenstoelen op!”

Ik zei toen: “Ik kan helpen!” En ik ging met een bakje alle slakken vangen. Het waren wel vieze beestjes, maar ik deed toch mijn best. Toen ik klaar was, bedankte de kabouter me en gaf me een… een glitterschoen! Ja, een echte! 

Die schoen kon je dragen en dan kon je héél snel rennen. Ik probeerde het uit en ik was sneller dan Joris! Joris is altijd zo snel, maar niet als je de glitterschoen van de kabouter hebt! Maar toen… toen werd ik wakker. Het was een droom. Jammer. Maar ik denk nog steeds dat die kabouter echt bestaat."
65,google/gemma-3-27b-it-fast,6_7,"Nou, euhm… gisteren was ik bij oma. En oma heeft een kat, Snuggles. Snuggles is heel pluizig en zwart, met een beetje wit op z’n voetjes. Mama zegt dat Snuggles een beetje eigenwijs is.

Dus ik zat in de tuin met Snuggles, hé, en ik had een hele mooie rode ballon. Een cadeautje van papa! Ik wilde hem heel hoog de lucht in gooien. Maar Snuggles, die sprong! Echt, hij sprong HEEL hoog en probeerde de ballon te pakken te krijgen met z’n pootjes.

En toen… toen ging de ballon weg! Hij vloog HOOG, HOOG, HOOG de lucht in! En Snuggles keek er helemaal verbaasd achteraan. Hij ging helemaal plat liggen en z’n oren gingen zo heen en weer. 

Ik werd een beetje verdrietig, want ik wilde die ballon nog gooien. Maar oma gaf me een koekje, een heel grote met chocola! En Snuggles kwam bij me liggen en spinde, heel zachtjes. Toen was ik niet meer verdrietig. Oma zei dat Snuggles gewoon dacht dat de ballon een heel groot speeltje was. Haha!"
66,google/gemma-3-27b-it-fast,6_7,"Dus, eh… gisteren was ik bij oma. Oma heeft een kat, Pluis. Pluis is heel dik en zwart, en hij slaapt de hele dag. Maar gisteren was Pluis anders! Pluis zat naar de tuin te kijken, bij het raam. En hij… hij wiebelde met zijn staart!

En toen ging Pluis naar buiten! Hij liep heel langzaam, maar toen zag hij een vlinder! Een héle grote, blauwe vlinder. En Pluis jaagde! Hij rende, echt, ongelooflijk snel voor zo’n dikke kat. 

Hij sprong! Heel hoog! Maar hij pakte de vlinder niet. De vlinder vloog weg. Pluis viel in een bloembed. Hij zat helemaal onder de aarde en de bloemen. Hij keek boos, maar toen ging hij rollen! In de aarde! Hij leek wel een modderman!

Oma moest heel hard lachen. En ik ook! Papa zei dat Pluis een gekke kat is. Maar ik denk dat hij gewoon heel vrolijk was om de vlinder. Daarna ging Pluis weer slapen. En ik kreeg koekjes. Die waren lekkerder dan aarde, geloof ik."
67,google/gemma-3-27b-it-fast,6_7,"Nou, eh… gisteren, toen ik bij oma was, gebeurde er iets heel raars! We waren aan het spelen in de tuin. Oma heeft zo’n hele grote appelboom, en daar hangen altijd heel veel appels aan. Niet zoete appels, maar een beetje zure. 

Ik zag een eekhoorn! Maar hij was niet aan het zoeken naar appels. Hij had een… een hele kleine hoed op! Echt waar! Zo’n mini-hoedje, van een bloemblad. Hij rende heen en weer, en hij deed alsof hij heel belangrijk was.

Ik zei: “Oma, kijk! Een eekhoorn met een hoed!” En oma lachte, en zei dat ik wel heel veel fantasie had. Maar ik zweer het, de hoed was echt! Hij zat net boven zijn oogjes. 

Toen viel de hoed eraf, en de eekhoorn pakte hem weer op en zette hem weer op! Hij keek me even aan, en toen rende hij de boom in. Ik denk dat hij een koning was, die eekhoorn. Of een geheime agent. Misschien moest hij wel een noot stelen! Ja, dat is het! Een noot stelen van de buurman! Dat zou wel cool zijn."
68,google/gemma-3-27b-it-fast,6_7,"Eén keer, toen ik heel klein was, ging ik met opa naar het bos. Niet het bos dichtbij, maar het *echte* bos! Met hele hoge bomen en allemaal takken over de grond. Opa zei dat er een kabouter woonde in een hele oude boom.

We liepen en liepen en ik zocht overal naar de boom, maar er waren zoveel bomen! Toen zag ik iets glitters. Zo’n heel klein beetje glitters. Ik liep er naar toe en… daar lag een steen! Maar niet zomaar een steen, hij had allemaal glinsterende dingetjes erop.

“Opa!”, riep ik. “Kijk!”
Opa pakte de steen en hij lachte. “Dit is een kabouwersteen,” zei hij. “De kabouter heeft hem verloren.”

Ik mocht hem mee naar huis nemen! Ik heb hem op mijn nachtkastje staan. Als ik ‘s nachts niet kan slapen, kijk ik naar de steen, en dan denk ik aan de kabouter in het bos. Misschien droom ik dan wel over kabouters. En dan hoor je ze soms wel heel zachtjes lachen!"
69,google/gemma-3-27b-it-fast,6_7,"Nou, het begon zo. Ik was aan het spelen in de tuin, met mijn blauwe emmer en schop. Ik wilde een heel groot kasteel bouwen, voor een koning en een koningin. Maar toen ik aan het graven was, stootte ik iets hards aan. 

Ik ging verder graven, en het bleek een doos te zijn! Een houten doos, met allemaal gekke tekens erop. Papa zei dat het misschien een piratendoos was! We maakten hem voorzichtig open…en er lagen geen gouden munten of juwelen in. 

Nee, er lagen knikkers in! Héél veel knikkers. In alle kleuren van de regenboog. En één, met een swirl van paars en groen. Die was superspeciaal. Papa zei dat we de knikkers mochten houden en we moesten er iets leuks mee doen. 

Dus we organiseerden een knikkerbaan in de tuin! We gebruikten de stenen van het pad en de bloempotten. Het was de állerbeste knikkerbaan ooit. En de swirl-knikker? Die won altijd! Want hij rolde supersnel. We hebben er de hele dag mee gespeeld. Tot mama riep dat het eten klaar was, natuurlijk."
70,google/gemma-3-27b-it-fast,6_7,"Oké, luister goed!

Er was eens een konijn, maar niet zomaar een konijn. Deze konijn heette Pluis, en Pluis kon... vliegen! Ja, echt waar! Hij had geen vleugels, hoor. Hij ging gewoon heel hard met zijn pootjes zwaaien, en dan ging hij zweven.

Op een dag was Pluis op zoek naar worteltjes. Hij vloog door het bos en zag een hele grote berg. “Wow!” dacht Pluis. “Daar moet wel een supergrote wortel liggen!”

Dus vloog hij naar de berg. Maar op de top zat een boze beer! Een hele grote, grommende beer. Pluis werd een beetje bang. Hij vloog heel snel rond de beer heen en gooide kleine steentjes naar zijn neus.

De beer begon te niezen! Heel hard te niezen! “Atsjoe! Atsjoe!” Hij werd zo druk met niezen, dat hij de wortel helemaal vergat. Pluis pakte snel de wortel en vloog heel snel naar huis. 

Thuis deelde hij de wortel met zijn mama en papa. En hij vertelde dat hij een boze beer had verslagen met steentjes en niezen! Dat vond iedereen heel grappig!"
71,google/gemma-3-27b-it-fast,6_7,"Nou, eh… het gebeurde gisteren. Mijn opa en ik, we gingen naar het bos. Niet het hele bos, want dat is te groot, maar het stukje achter oma’s huis. Daar zoeken we altijd naar kabouters.

Mijn opa zegt dat kabouters heel goed verstoppen kunnen. En dat klopt! Want je ziet ze nooit. Maar gisteren… gisteren zag ik iets! Het was klein, en rood, en had een puntmuts. Echt waar! Het zat verstopt onder een hele grote paddenstoel. 

Ik wees ernaar, en ik zei: “Opa! Kijk! Een kabouter!” Maar toen opa keek, was hij weg. Weg! Maar er lag wel iets anders. Een piepklein schoentje. Heel netjes gepoetst, en een beetje bedekt met mos. 

Ik heb het schoentje meegenomen. Ik zet hem straks onder mijn bed. Misschien komt de kabouter ’s nachts wel terug om hem op te halen. Misschien brengt hij dan wel een cadeautje, een mooie steen of zo. Mijn opa lacht erom, maar ik weet zeker dat er kabouters zijn! Echt waar!"
72,google/gemma-3-27b-it-fast,6_7,"Eens was er een hond, maar niet zomaar een hond. Hij was paars! Zijn naam was Pluis, en hij woonde bij oma in een heel klein huisje met veel bloemen. Pluis kon niet blaffen. Hij kon… zoemen! Net als een bij! 

Eén keer, liep Pluis in het bos en zag hij een piepklein vogeltje dat gevallen was uit zijn nest. Het vogeltje kon niet meer vliegen! Pluis zoemde heel hard, maar de mama vogel hoorde het niet. Toen kreeg Pluis een idee! Hij rende naar oma en trok aan haar jurk. Oma begreep het meteen en volgde Pluis het bos in.

Oma tilde het vogeltje voorzichtig op en zette het weer in het nest. De mama vogel was heel blij! Ze gaf Pluis een heel lekker wormpje, maar Pluis vond wormen niet lekker. Hij gaf het aan oma. Oma lachte en zei: “Wat een lieve, paarse zoemhond je bent!” En Pluis zoemde vrolijk terug. Echt heel hard! Zoem!"
73,google/gemma-3-27b-it-fast,6_7,"Eén keer, heel lang geleden, woonde er een eendje genaamd Piep. Piep was niet zomaar een eendje, nee hoor! Piep kon… onzichtbaar worden! Niet helemaal, hoor. Alleen als hij heel, heel hard knipperde met z’n ogen. Knipper-knip-knipper! En dan was hij weg! 

Hij woonde bij oma Eend, en zij was altijd heel bang dat Piep verdween. ""Piep, niet knipperen, Piep!"" zei ze dan. Maar Piep kon het soms niet helpen. Vooral niet als meneer Vos in de buurt was.

Eén dag zag Piep meneer Vos sluipen naar oma’s eieren! Piep knipperde zo hard als hij kon – knip-knip-knip! Meneer Vos keek naar links, keek naar rechts, maar Piep was weg! Hij pikte heel voorzichtig een steentje op en gooide het naar meneer Vos’ neus. Plons! Meneer Vos schrok en rende weg! 

Toen knipperde Piep weer terug – knip! Oma Eend was super blij en gaf Piep extra broodkruimels! Dat was een goed plan, want Piep was best wel een knip-eendje. En een held!"
74,google/gemma-3-27b-it-fast,6_7,"Eén keer, toen ik nog héél klein was – nou ja, iets kleiner dan nu – ging ik met mijn opa naar het bos. Niet het bos hier om de hoek, maar écht het bos. Heel ver weg. Opa zei dat het een tovenaarshuisje had.

We liepen en liepen en zagen een eekhoorn! Die keek ons heel boos aan, want we waren te dichtbij zijn nootjes. Toen vonden we een heel klein deurtje in een boom. Dat was het tovenaarshuisje! Het was maar voor een muis.

Opa zei dat we moesten fluisteren, want anders werd de tovenaar boos. Ik fluisterde: “Hallo meneer de tovenaar!” En… er kwam een klein lichtje uit het deurtje! Het was heel zwak, maar het was er.

Opa lachte en zei dat het misschien een vuurvliegje was. Maar ik weet zeker dat het de tovenaar was! Hij zat binnenkant te werken aan toverdrank of zoiets. We legden een klein bloemetje voor het deurtje, voor de tovenaar. En toen liepen we weer terug. Het was het leukste bos ooit! We hebben later pannenkoeken gegeten, met héél veel stroop."
75,google/gemma-3-27b-it-fast,6_7,"Eén keer, heel lang geleden, was er een konijn. Niet zomaar een konijn, hoor! Deze konijn heette Pluis en hij kon… vliegen! Ja, echt waar! Hij had geen vleugels, hij maakte gewoon *whoosh* en dan ging hij omhoog. 

Pluis woonde in een heel groot bos met allemaal andere dieren. En iedereen lachte hem uit. “Konijnen kunnen niet vliegen!” riepen de eekhoorns. “Dat is onzin!” brulde de beer. 

Maar Pluis vond het niet erg. Hij vloog gewoon weg, boven de bomen door. Op een dag ging het regenen, heel hard. En de rivier kwam over! Alle dieren zaten vast op een klein stukje land. Ze waren bang.

Toen kwam Pluis eraan. Hij vloog naar alle dieren en maakte touwtjes vast aan zijn oren. En hij trok en hij trok en hij sleepte iedereen naar een veilige plek! Zelfs de beer. Toen lachten de eekhoorns niet meer. Ze zeiden: “Pluis, jij bent de held van het bos!” En Pluis? Die vloog weer weg, *whoosh*, en smilede. Want vliegen is superleuk!"
76,google/gemma-3-27b-it-fast,6_7,"Dus, gisteren… gisteren was ik bij oma. Oma heeft een tuin, maar geen gewone tuin. Het is een geheime tuin! Nouja, niet *echt* geheim, maar oma zegt dat alleen mensen die goed kijken de magie kunnen zien.

En ik zag het! Er zat een hele kleine draak in een bloem. Hij was groen, met glitters op zijn vleugels. Hij was heel klein, niet groter dan mijn duim. Ik zei: “Oma! Een draak!” Maar oma lachte alleen maar en zei dat het de zon was die op de bloem scheen.

Maar ik *zag* hem! Hij knipoogde naar me! En toen… toen at hij een aardbei, helemaal in één hap. Een hele aardbei! En hij zei – heel zachtjes, want hij was klein – hij zei: “Lekker!”

Ik mocht hem een klein beetje honing geven. Hij likte het van mijn vinger. Het kietelde! Daarna vloog hij weg, tussen de rozen. Oma zei dat het een bij was, maar ik weet beter. Hij was een draak. En hij komt morgen weer terug, dat weet ik zeker. Want draken houden van aardbeien en honing. En van mij!"
77,google/gemma-3-27b-it-fast,6_7,"Nou, eh… gisteren was ik bij oma. En oma heeft een kat, Pips. Pips is heel zwart, net een schaduw eigenlijk. Maar Pips is niet zo lief. Pips krabt altijd! 

Oma zei: “We gaan Pips een lekker visje geven, dan is hij vast wel lief.” Dus ik mocht een visje uit de pot halen. Een klein, glibberig visje. En ik liep naar Pips, en ik zei: “Kijk Pips, een visje!”

Maar Pips sprong! Echt hoog! En hij sloeg met z’n poot naar het visje. En raak! Het visje vloog door de lucht en… plons! In oma’s kopje thee!

Oma schrok zich dood! En Pips keek ons aan met z’n groene ogen, alsof hij zei: “Wat?” 

Toen moest oma het visje eruit vissen met een lepel. En ik moest heel stil zitten. Want oma was best een beetje boos. Maar uiteindelijk heeft Pips toch nog een lekker stukje vis gekregen. En daarna krabte hij nog steeds."
78,google/gemma-3-27b-it-fast,6_7,"Nou, eh, luister. Mijn opa heeft een hele grote tuin. Niet gewoon groot, echt *heel* groot! En in die tuin woont Pluis. Pluis is een eekhoorn, maar geen gewone eekhoorn. Pluis draagt een heel klein petje. Echt waar! Een rood petje met een veer. 

Eén keer, ik zat in de schommel, toen zag ik Pluis heel snel naar beneden rennen, helemaal in paniek. Hij riep: ""De noot, de noot!"" Ik vroeg wat er aan de hand was. Pluis legde uit dat hij zijn allerlekkerste noot, eentje die hij al heel lang bewaarde, kwijt was!

Dus gingen we zoeken. Ik keek onder de rozenstruiken en Pluis klom in de appelboom. We zochten overal, echt overal! Toen, ineens, zag ik iets glimmen in het zand. Het was de noot! Maar... er zat een slak op!

Pluis was eerst boos op de slak, maar toen zei ik: ""Misschien was de slak gewoon nieuwsgierig!"" Toen gaf Pluis de slak een klein stukje van de noot. En de slak was heel blij. Het was een hele leuke dag. En Pluis heeft nu een slakkenvriend!"
79,google/gemma-3-27b-it-fast,6_7,"Oké, luister!

Eens was er een konijn, Sjoerd. Sjoerd woonde in een heel groot bos, maar hij vond het bos een beetje eng. Vooral 's nachts! Hij was bang voor de uil. Die uil had heel grote ogen en die keek altijd! 

Dus Sjoerd bouwde een huis van wortels. Ja, echt waar! Hij legde wortels op elkaar en smeerde ze vast met modder. Het was een heel knus huis, maar de modder was een beetje plakkerig.

Eén nacht hoorde Sjoerd een geluid! *Woesh!* Hij dacht dat het de uil was. Hij durfde niet eens te kijken! Toen hoorde hij weer *Woesh!* en toen *Woesh!* Heel zachtjes. 

Hij keek toch, heel voorzichtig, en het was… een eekhoorn! De eekhoorn was aan het spelen met een blad. Hij liet het blad steeds vallen en ving het weer op. *Woesh!*

Sjoerd moest heel hard lachen. De uil kwam helemaal niet! De eekhoorn bleef spelen en Sjoerd vond het bos helemaal niet meer eng. Hij kreeg er zelfs een nieuwe vriend bij! En ze aten allebei wortels van het huis, maar dat mocht van Sjoerd."
80,google/gemma-3-27b-it-fast,6_7,"Kijk, het begon met een konijn. Niet zomaar een konijn, hoor! Deze konijn, Pluis genaamd, kon…praten! Echt waar! En Pluis woonde in de tuin van opa. Opa had een hele grote tuin, met allemaal bloemen en een boom.

Pluis zei tegen mij: ""Hé jij! Wil je mee op avontuur?"" Ik zei ja natuurlijk! We gingen op zoek naar de glinsterende steen. Pluis zei dat die steen wensen kon vervullen. 

We zochten overal. Onder de rozenstruiken, achter de grote zonnebloem, zelfs in opa’s oude laarzen! Maar we vonden ‘m niet. Toen begon het al donker te worden en kwam opa naar buiten. 

""Wat zijn jullie aan het zoeken?"" vroeg hij. Pluis fluisterde iets in mijn oor en ik zei: ""De glinsterende steen!"" Opa lachte en zei: ""Die steen? Die ligt op de schommel, onder een blaadje!""

En ja hoor, daar lag hij! Hij glinsterde echt! Ik dacht heel hard aan een ijsje en…toen kwam opa binnen met een ijsje! Pluis knikte en zei: “Zie je wel!”"
81,google/gemma-3-27b-it-fast,6_7,"Oké, luister!

Er was eens een slak, maar niet zomaar een slak. Deze slak had een héle glimmende, rode schoen aan! Hij vond z’n huisje veel te saai. Hij liep heel langzaam, maar hij wilde heel graag meedoen met de race van de hazen.

De hazen lachten hem uit. “Hé, slak! Met die schoen kan je nóóit winnen! Je bent veel te traag!” Maar de slak zei: “Ik probeer het gewoon!”

En toen begon de race… De hazen sprongen en sprongen en sprongen, heel snel! De slak glibberde en glibberde en glibberde, maar hij kwam maar een heel klein stukje verder. 

Maar de hazen… die werden moe! Ze gingen slapen onder een boom. Snurk!

De slak ging door. Hij glibberde en hij glibberde en hij glibberde, heel langzaam, helemaal naar de finish. Toen de hazen wakker werden, was de slak al binnen! 

Hij had gewonnen! De rode schoen had geholpen, omdat hij er zo goed mee kon glijden. En iedereen zong: “Hoera voor de slak met de rode schoen!”"
82,google/gemma-3-27b-it-fast,6_7,"Nou, eh… eens was er een konijn. Niet zo’n gewoon konijn, hoor. Deze konijn, hij heette Pluis, kon… verdwijnen! Niet helemaal, hoor. Zijn oren bleven altijd staan. Zó! (Ik houd mijn handen boven mijn hoofd als oren). 

Dus Pluis zat in het bos en hij zag een vos. Een hele grote, slinkse vos! De vos wilde Pluis opeten! Pluis werd heel bang, maar toen dacht hij: “Ik verstop me!” En hij probeerde te verdwijnen. Poff! Zijn hele lijf was weg, behalve zijn oren! 

De vos keek overal, maar hij vond Pluis niet. Hij snuffelde hier en snuffelde daar, maar hij zag alleen maar twee lange oren die uit het gras staken. De vos werd boos! “Waarom staan die oren hier?” gromde hij. 

Pluis grinnikte een beetje. Toen sprongen zijn oren ineens op en neer! De vos schrok zich een bult en rende weg. Pluis kwam weer helemaal tevoorschijn en at een wortel. Hij was niet bang meer. Zijn oren waren heel handig! En daarna ging hij verstoppertje spelen met de eekhoorn."
83,google/gemma-3-27b-it-fast,6_7,"Nou, eh… Het gebeurde gisteren. Ik was buiten aan het spelen met Tim. We waren piraten! Tim was Kapitein Haakneus, want hij had een beetje een rare neus, en ik was Piraat Roos, want ik hou van rozen.

We zochten naar een schat in de tuin van mijn opa. Daar liggen allemaal oude potten en dingen. Tim zei: “Ik voel het! De schat is dichtbij!” En toen… toen ging hij heel diep graven bij de grote bloempot met de zonnebloem. 

En raad eens? Hij vond iets! Het was geen goud, het was geen diamanten… het was een groene, rubberen kikker! Een hele grote! Tim werd eerst een beetje boos, maar toen zei ik: “Misschien is de kikker de bewaker van de schat!”

Dus we gaven de kikker een naam. We noemden hem Kwakkel. En kwakkel hielp ons de rest van de middag zoeken. We vonden geen schat, maar we vonden wel allemaal mooie keien en een pluim. En Kwakkel, die bleef gewoon op onze schouders zitten! Het was de allerbeste schat ooit."
84,google/gemma-3-27b-it-fast,6_7,"Eén keer, toen ik nog héél klein was, ging ik met mama naar het bos. Niet het grote bos waar de juf over vertelde, maar een klein beetje bosje achter oma’s huis. We hadden een mandje mee om bloemen te plukken. 

Ik zag een héle grote paddenstoel! Hij was rood met witte stippen. Net als die van Sneeuwwitje! Mama zei dat ik hem niet mocht aanraken, want die waren giftig. 

Toen zag ik iets bewegen. Achter een boom! Ik werd een beetje bang, maar ik keek goed. Het was een egeltje! Hij had heel veel stekels en hij snuffelde aan een slak!

Ik probeerde heel stil te zijn, zodat ik hem niet wegjoeg. Hij liep heel langzaam verder en verdween in het gras. 

Mama lachte en zei dat we geluk hadden gehad hem te zien. We plukten bloemen en toen gingen we terug naar oma. Ik vertelde oma alles over het egeltje. Oma zei dat egeltjes ’s winters slapen. Dat is toch gek? Slapen de héle winter! Ik wou dat ik dat ook kon!"
85,google/gemma-3-27b-it-fast,6_7,"Nou, eh… het is dus zo. Mijn opa heeft een heleboel kippen. Echt heel veel! En één van die kippen, die heet Pluis. Pluis is niet zoals de andere kippen. Die pikken de hele dag naar wormen, maar Pluis… die vindt glitters leuk!

Ja, echt waar! Mijn opa heeft een doos met glitter, want mijn oma maakt knutselwerk. En Pluis, die sloop altijd naar die doos toe. Hij pikt niet naar de glitter, hoor. Hij gaat er gewoon in liggen! En dan waggelt hij rond met allemaal glitters aan zijn veren. Hij ziet er dan uit als een glitterkoning!

De andere kippen vinden het heel raar. Ze kakelen dan: “Klak, klak! Wat doe jij nou, Pluis!” Maar Pluis lacht gewoon, of nou ja, hij doet alsof hij lacht, kippen kunnen niet echt lachen. 

Eén keer, toen mijn opa Pluis pakte, viel alle glitter van hem af. En toen… toen deed Pluis alsof hij heel verdrietig was! Hij ging op z’n grond zitten en deed z’n kop omlaag. Mijn opa moest toen weer glitter op Pluis doen, anders was hij niet blij. Pluis is echt een hele bijzondere kip!"
86,google/gemma-3-27b-it-fast,6_7,"Eén keer… euh… toen was ik met mijn opa naar het bos. Niet het grote bos, maar het kleine bos achter de speeltuin. We gingen paddenstoelen zoeken. Mijn opa had een mand, en ik had een kleine emmer. 

Opa zei dat we alleen de rode paddenstoelen met witte stippels mochten zoeken. Die zijn heel mooi! We liepen tussen de bomen en ik keek onder allemaal blaadjes. En toen… zag ik er één! Een hele grote! Hij was nog mooier dan die op de plaatjes.

Ik riep heel hard: “Opa! Kijk!” Maar opa was al weg! Ik raakte een beetje bang. Ik bleef staan en keek om me heen. Toen hoorde ik gegrinnik. En toen zag ik hem! Opa zat verstopt achter een dikke boom, helemaal wit!

Hij zei: “Boe!” En ik schreeuwde, en lachte tegelijk! We hebben heel veel paddenstoelen gevonden, maar de leukste was opa die verstoppertje speelde. We namen de paddenstoelen mee naar huis en mama maakte er soep van. Maar die soep smaakte niet zo lekker als opa’s verstoppertje!"
87,google/gemma-3-27b-it-fast,6_7,"Nou, het begon met een konijn. Niet zomaar een konijn, maar Pieter Konijn! En Pieter Konijn kon… toveren! Hij had een heel klein hoedje, maar als hij daar in keek en ‘Hop, hop, toverdoos!’ zei, dan gebeurde er iets.

Eén keer toverde hij een reusachtige wortel! Zo groot dat hij er bijna in verdween. Hij probeerde hem naar huis te slepen, maar hij was veel te zwaar. Toen toverde hij hem weer kleiner, maar niet helemaal. Hij bleef nog steeds best groot.

En Pieter Konijn had een vriend, een eekhoorn genaamd Noortje. Noortje kon niet toveren, maar ze kon heel goed klimmen. Ze woonde in een boom met héél veel noten. Pieter Konijn wilde graag een noot, maar hij kon niet klimmen. Dus toverde hij… een ladder! Een hele lange, wankele ladder. 

Noortje lachte. Ze zei “Je kon ook gewoon vragen!” En toen gaf ze Pieter Konijn een noot. Pieter Konijn vond toveren toch het leukste, ook al was het soms een beetje handiger om gewoon te vragen."
88,google/gemma-3-27b-it-fast,6_7,"Nou, ik ging laatst naar oma. En oma heeft een kat, die heet Snorpoes. Snorpoes is heel zwart en heeft hele groene ogen! Toen ik binnenkwam, zat Snorpoes op de bank en keek heel boos. Niet naar míj, maar naar… een sok!

Ja, een sok! Een rode sok met streepjes. Snorpoes zat er helemaal naar te staren en hij maakte zo’n geluid… een soort prrr, maar dan heel laag. 

Ik vroeg aan oma: “Waarom kijkt Snorpoes zo naar die sok?” En oma lachte. Ze zei: “Die sok heeft Snorpoes gisteren geprobeerd te vangen! Hij dacht dat het een muis was!”

Ik moest heel hard lachen. Een muis van een sok! Snorpoes sprong van de bank en keek een beetje boos naar oma, alsof hij dacht: ""Hoe wist je dat nou?!"" 

Daarna heb ik met Snorpoes gespeeld, maar we hebben niet nog een sok proberen te vangen. Want oma zei dat die sok nu een beetje bang was. En Snorpoes, die wilde geen bange sokken!"
89,google/gemma-3-27b-it-fast,6_7,"En toen… toen was ik aan het spelen in de tuin bij oma. En er zat een slak op het paadje! Maar niet zomaar een slak, nee, eentje met een héél mooi huisje. Het was glimmend en bruin en er zaten kleine, kleine streepjes op. 

Ik zei: “Hé slak, wat doe jij hier?” Maar de slak zei niets, duh, een slak kan niet praten. Dus ik pakte een blaadje, een heel fris en groen blaadje, en ik gaf het aan de slak. Ik dacht, misschien is hij wel hongerig.

En weet je wat? De slak ging het blaadje opkruipen! Hij at het helemaal op, langzaam, heel langzaam. En toen kroop hij weer terug in zijn huisje. Ik bleef heel stil zitten, want ik wilde hem niet schrikken.

Toen kwam oma buiten en zei: “Wat ben je aan het doen, liefje?” Ik wees op de slak en ik zei: “Ik heb hem een lekker etentje gegeven!” Oma lachte en zei dat slakken van blaadjes houden. 

Ik denk dat ik een vriendje heb gemaakt, die slak. Misschien zie ik hem morgen weer. En dan neem ik wel een heleboel blaadjes mee!"
90,google/gemma-3-27b-it-fast,6_7,"Eén keer, heel lang geleden, woonde er een eekhoorn. Niet zomaar een eekhoorn, hoor! Deze heette Piep. Piep was heel goed in verstoppen. Hij kon zich verstoppen achter een héle grote boom, maar ook achter een klein bloemmetje. Niemand kon Piep vinden!

Maar Piep had een probleem. Hij moest pinda’s verzamelen voor de winter. En elke keer als hij een pinda had, vergat hij waar hij ‘m verstopt had. 

Eén keer stopte hij een pinda onder een rode schoen. Toen was de jongen die de schoen droeg boos! Een andere keer stopte hij ‘m in de muts van meneer de bakker. Haha! Meneer de bakker keek heel verrast.

Uiteindelijk vond Piep een slim plan. Hij tekende een kaart! Op de kaart stonden allemaal gekke tekens en een grote X. En raad eens? Hij vond al zijn pinda’s! En hij had genoeg pinda’s voor de hele, lange winter. Piep was best een slimme eekhoorn, toch?"
91,google/gemma-3-27b-it-fast,6_7,"Oké, luister goed!

Eens was er een hele kleine draak. Die was niet eng, echt niet! Hij was groen, met kleine schubjes en hij kon nog niet eens goed vuur spuwen. Hij kreeg steeds hoestbuien als hij het probeerde. 

Die kleine draak woonde in een hele grote boom, met héél veel bladeren. De boom stond in een bos, en in het bos woonde ook een eekhoorn. De eekhoorn heette Noortje.

Noortje en de draak waren vrienden. De draak kon niet vliegen, want hij was nog te klein. Dus klom Noortje in de takken en liet dingen vallen om de draak te kietelen! 

Eén keer liet ze een hele grote dennenappel vallen. Die belandde op de neus van de draak. Dat vond hij helemaal niet leuk. Hij ging snuiven en hoesten en… plotseling kwam er een heel klein vlammetje uit zijn neus! Zo'n klein vlammetje alsof je een kaars aansteekt.

Noortje lachte heel hard. En de draak lachte ook mee. Hij kon vuur spuwen! Alleen was het nog heel klein. Maar hij oefende elke dag, met Noortje die hem helpt. En nu kunnen ze samen hele kleine vuurtjes maken voor een kampvuurtje!"
92,google/gemma-3-27b-it-fast,6_7,"Nou, eh... gisteren was ik bij oma. Oma heeft een kat, een heel dikke kat, die Noortje heet. Noortje is altijd heel lui. Ze ligt de hele dag te slapen. Maar gisteren was Noortje niet lui!

Noortje zat naar buiten te kijken en toen… toen zag ze een vogel! Een hele kleine, blauwe vogel. Noortje sprong recht op! Echt, ze sprong! Dat had ik nog nooit gezien! Ze ging op haar achterpoten zitten en ze wipte met haar staart. Zo wilde ze de vogel pakken!

Maar de vogel vloog weg, natuurlijk. Noortje was heel boos en ze trapte met haar pootjes. Net alsof ze aan het stampvoeten was! Ik moest heel hard lachen. 

Toen ging Noortje naar haar voerbak, en ze at alles in één keer op. Echt alles! Daarna ging ze weer slapen. Dus ze was toch weer lui, hoor. Maar even, heel even, was Noortje een superheldenkat! Die een vogel wilde vangen. En dat is grappig!"
93,google/gemma-3-27b-it-fast,6_7,"Nou, eh... Het begon bij oma. Bij oma in de tuin! Daar staat een hele grote appelboom, en die is... betoverd! Niet door een heks hoor, maar door een kabouter. Een hele kleine kabouter met een puntmuts en een baard van mos.

Ik zag hem! Eerst dacht ik dat het een blad was, maar toen bewoog het! En toen hoorde ik 'tink, tink, tink'. Dat was hij, hij sloeg met een heel klein hamertje op de appels. En hij maakte ze... roze!

Ja, roze appels! Ik plukte er één en ik gaf het aan Roos. Roos is mijn beste vriendin. Ze beet erin en ze zei: ""Wow! Dit smaakt naar aardbeien en bubbels!"" 

Toen gingen we er allemaal eten, en juf Femke ook. Juf Femke vond het ook lekker! Maar de kabouter, die werd een beetje boos toen we te veel appels aten. Hij zwaaide met zijn hamertje en opeens werden alle appels groen! 

Maar groene appels smaken ook goed, vooral met kaneel! En daarna speelden we verstoppertje in de boomgaard, en de kabouter verstopt zich het beste. Dat weet ik zeker!"
94,google/gemma-3-27b-it-fast,6_7,"Weet je, gisteren was ik bij oma. En oma heeft een kat! Een hele dikke, grijze kat, die Pluisje heet. Maar Pluisje is geen gewone kat. Pluisje kan praten! Niet zoals wij, maar wel een beetje. Hij zegt altijd ‘Miauw-vraag?’. 

Dus ik vroeg Pluisje: “Miauw-vraag?”, en hij keek me aan met z’n groene ogen en zei: “Miauw-vraag! Waar is de koek?” Oma had net koekjes gebakken, met chocokruimels erop! 

Ik zei dat de koekjes op de tafel lagen. Pluisje sprong meteen op de tafel! Dat mocht eigenlijk niet, maar oma lachte erom. Pluisje pakte een koekje en… hij probeerde hem te verstoppen onder z’n dikke buik! 

Maar de koek was te groot! Hij viel er steeds weer uit. Toen begon Pluisje te rollen van het lachen, en de koekjes rolden mee! Oma en ik lachten ook. Pluisje is echt de grappigste kat van de hele wereld! Ik ga snel weer naar oma, want ik wil Pluisje weer een ‘Miauw-vraag!’ doen."
95,google/gemma-3-27b-it-fast,6_7,"Nou, luister… Eerst was er een teckel. Zo’n lange, lage hond. Hij heette Worst. Niet omdat hij lekker was om te eten, nee! Omdat hij zo lang en dun was, net een worst. 

Worst woonde bij oma. En oma had een tuin met héél veel bloemen. Maar er woonde ook een kabouter in die tuin. Die kabouter was heel klein, en hij had een rode muts. Hij heette Pim.

Pim mocht niet van oma in de bloemen, want hij trapte ze soms kapot. En Worst, die vond Pim heel leuk om achterna te zitten! Dus ja, dan rende Pim door de tuin en blafte Worst. 

Op een dag was Pim verdwenen! Oma zocht en zocht, maar ze kon Pim niet vinden. Toen ging Worst snuffelen. Hij snuffelde onder de rozen, hij snuffelde bij de tulpen… en toen snuffelde hij in oma’s oude laarzen! 

En ja hoor! Daar zat Pim! Hij had zich verstopt in de laarzen. Hij giechelde. Worst likte aan zijn neus. Daarna kreeg Pim een klein koekje van oma en mocht hij een bloem uitzoeken die hij mocht houden."
96,google/gemma-3-27b-it-fast,6_7,"Nou, luister maar… Er was eens een hele kleine eend. Niet zo’n grote, sterke eend, echt een piepklein eendje. Hij woonde met z’n mama en z’n broertjes en zusjes bij de vijver. Maar hij was bang om in het water te gaan! Alle andere eendjes dookten en zwommen, en speelden met rietjes, maar hij bleef aan de kant staan. 

“Kom op, Pietje!” riep z’n mama. “Kijk, het water is niet eng!” Maar Pietje bibberde. Hij dacht dat er krokodillen onder lagen of zo.

Op een dag rolde er een rode bal in het water. Pietje’s lievelingsbal! Hij keek naar de bal, en toen naar het water. Hij moest er wel achteraan, anders was hij z’n bal kwijt!

Hij deed z’n oogjes dicht en sprong! Plons! Het water was eigenlijk helemaal niet koud, en er zaten geen krokodillen! Hij zwom naar z’n bal en pakte hem. 

Toen kwam z’n mama hem halen. “Zie je wel, Pietje?” zei ze. “Het is helemaal niet eng!” En Pietje lachte. Vanaf die dag zwom hij het allerleukste met z’n bal en z’n familie."
97,google/gemma-3-27b-it-fast,6_7,"Oké, luister goed!

Eén keer, heel lang geleden, had ik een hond. Niet zo’n grote, maar echt een mini-hond! Hij heette Plons, omdat hij altijd in plassen sprong. Zelfs als het niet regende! Mijn opa zei dat Plons dacht dat plassen geheime poorten waren naar een andere wereld. 

Plons was heel gek. Hij at alleen blauwe dingen. Blauwe blokjes, blauwe bessen, zelfs mijn blauwe sokken! Nou ja, die probeerde hij dan. Mijn mama was daar niet blij mee.

Op een dag verdween Plons! We zochten overal. Onder de tafel, achter de stoelen, zelfs in de koelkast! Toen zagen we een blauwe plek in de tuin. Heel groot en glibberig. We liepen dichterbij en… Plons stond erin! Hij kwakte en had een hele blauwe snor! 

Hij was de poort ingegaan, naar de wereld van de blauwe dingen! Hij kwam weer terug met een blauwe bloem en een blauwe veer. Daarna sprong hij weer in een plas. Plons, die gekke hond! En nu heb ik een nieuwe, maar die heet niet Plons. Die is rood!"
98,google/gemma-3-27b-it-fast,6_7,"Nou, eh… gister, toen ik naar opa en oma ging, gebeurde er iets heel raars. Weet je, de kat van oma, Minoes, is echt een beetje gek. Ze rent altijd achter stofjes aan, en ze praat… ja, echt! Niet met woorden die jij en ik kunnen verstaan, maar zo’n ‘miauwww’ dat klinkt alsof ze boos is op een verdwaalde sok.

Dus, ik zat buiten te spelen, en Minoes zat in de appelboom. En toen… zag ik een eekhoorn! Heel klein en bruin, met een pluimige staart. Hij rende de boom in, en Minoes ging achter hem aan. 

Maar toen! Sprong Minoes NIET naar beneden. Ze bleef in de boom zitten en deed alsof ze een eekhoorn was! Ze klom omhoog en om omlaag en maakte piep-geluidjes. 

Opa moest haar eruit halen met een ladder. En Minoes… ze keek me gewoon heel stoer aan, alsof ze dacht: ""Wat? Is dit niet normaal?"" Het was echt heel grappig! Mama zei dat Minoes gewoon gek was, maar ik denk dat ze even een eekhoorn wilde zijn."
99,google/gemma-3-27b-it-fast,6_7,"Nou, het gebeurde vorige week… Mijn opa en oma waren bij ons! En opa, die heeft een hele grote tuin. Echt, je kunt er helemaal verdwalen! En daar, achter de rozenstruiken, zag ik iets blinken. 

Ik ben gaan kijken en… het was een fee! Echt waar! Ze was heel klein, zo klein als mijn duim. Ze had een jurk van bloemblaadjes en vleugels die glinsterden in de zon. 

Ze zei dat haar staf was kapot gevallen. Zo’n stokje waarmee feeën toverkracht hebben, snap je? En als ze haar staf niet repareert, dan gaan alle bloemen in de tuin verdrietig worden en hangen ze met hun koppie naar beneden.

Ik zei: “Ik kan helpen!” Mijn opa heeft een hele gereedschapskist. Dus we zijn samen naar de kist gegaan en ik zocht een hele kleine spijker en een beetje draad. En samen hebben we de staf gerepareerd!

De fee was super blij! Ze gaf me een zaadje en zei dat ik het moest planten. Als het zou bloeien, dan zou ik een wens mogen doen. Ik heb het zaadje in een potje gedaan en nu staat hij op mijn kamertafel. Hij is nog niet gegroeid, maar ik hoop zo dat hij snel bloeit! Dan wens ik dat opa en oma altijd blijven komen."
100,google/gemma-3-27b-it-fast,7_8,"Nou, gisteren… gisteren was echt raar. Ik was aan het spelen in de tuin, met mijn rode laarzen, want het was een beetje nat. En ik zag een piepklein deurtje in de wortels van de oude appelboom. Echt heel klein! Ik had 'm nog nooit gezien.

Ik ging dichterbij kijken en ik trok eraan en toen ging ie open! En er zat een trap in, heel smal, naar beneden. Ik was een beetje bang, maar ik moest weten waar ie naartoe ging. Dus ik klom eraf.

Het was donker, maar de trap kwam uit in een soort… kamer! En er zat een eekhoorn aan een tafeltje, en ‘ie dronk thee! Een héél klein kopje. Hij keek op en zei: “O, hallo! Je bent er vroeg voor de taart!”

Ik zei dat ik niet wist dat er taart was. En hij lachte en gaf me een heel klein stukje bosbessentaart. Het was de lekkerste taart ooit! We hebben een tijdje gepraat, over noten en zo. Toen zei de eekhoorn dat ik weer naar boven moest, want mijn moeder zou me zoeken. En toen ging ik weer omhoog, en het deurtje was weer gewoon dicht! Niemand gelooft me, maar het is waar!"
101,google/gemma-3-27b-it-fast,7_8,"Nou, eh… het gebeurde afgelopen zomer. We gingen naar het strand met mijn opa en oma. En we bouwden een supergroot kasteel! Echt heel groot, met allemaal torens en zo. Mijn opa hielp met graven, want ik kon nog niet zo goed met die schep. 

Maar toen, toen kwam de golf. Niet zo’n klein golfje, nee, een REUSACHTIGE golf! En hij kwam recht op ons kasteel af. Ik schreeuwde: “Nee! Niet kapot!” Maar de golf was sneller. 

Hij sloeg er helemaal overheen! Alles was nat en het kasteel… het was weg. Helemaal weg! Ik was echt heel verdrietig. 

Maar toen lachte mijn opa en zei: “We bouwen er gewoon een nieuw kasteel, maar dan nóg groter!” En dat deden we. En die keer lag het kasteel verder weg van de zee. Dus die golf kon het niet pakken. We hebben er de hele dag aan gewerkt en het was het mooiste kasteel ooit. Zelfs met een vlag erop die oma had gemaakt!"
102,google/gemma-3-27b-it-fast,7_8,"Nou, gisteren… gisteren was echt super raar. Ik was aan het spelen in de tuin, met mijn rode tractor, en ik zag een heel klein beestje. Het was niet een worm, en niet een mier. Het was… glitterig!

Het was zo’n beetje zo groot als mijn duim, en het had vleugeltjes die glinsterden in de zon. Het vloog een beetje rond mijn tractor en toen… landde het op de schoen van mijn pa! Pa stond net de bloemen te water te geven.

Ik riep: “Pa! Pa! Kijk nou!” Maar pa deed net alsof hij niks zag. Hij zei: “Nee, niks bijzonders, Thomas.” Maar ik zag het wel! Het glitterbeestje kroop op Pa’s schoen en liet een soort stof achter. 

En toen… toen werden de bloemen van Pa roze! Echt roze! Alleen de bloemen waar het glitterbeestje langs was geweest. Het was net alsof er toverstof was. Ik denk dat het een bloemenfee was. Een hele kleine, glitterige bloemenfee! Ik ga vandaag weer kijken of ik hem zie. Misschien kan hij mijn tekening ook roze maken."
103,google/gemma-3-27b-it-fast,7_8,"Nou, het begon eigenlijk met een pietje. Niet zomaar een pietje, hoor! Een heel klein pietje, van misschien zo groot als mijn duim. Hij woonde onder de rots in de tuin van oma. Ik zag hem per ongeluk toen ik kevers aan het vangen was. 

Hij had een heel blauw bloempotje als huis en een blaadje als bed. Hij zag er een beetje verdrietig uit. Ik vroeg wat er was en hij zei dat hij zijn favoriete steentje kwijt was. Een heel glad, rond steentje, zei hij. Die vond hij het allerleukste om op te zitten.

Dus ik hielp hem zoeken! We zochten overal, onder alle bladeren en tussen het gras. Uiteindelijk… lag ‘ie verstopt onder oma’s pantoffel! Het pietje werd heel blij! Hij gaf me een klein bloemblaadje om te bewaren. 

Mama zei dat het gewoon een stukje gras was, maar ik weet zeker dat het van het pietje was. En sindsdien kijk ik altijd goed onder oma’s pantoffels als ik daar ben. Misschien ligt er nog iets anders verstopt!"
104,google/gemma-3-27b-it-fast,7_8,"Nou, eh… het begon met een konijn. Niet zomaar een konijn, hoor. Eentje met een bril! Hij heette professor Pluis en hij woonde in een wortel. Ja, echt waar! Een hele grote wortel, uitgesneden.

Professor Pluis was een beetje een stuntelaar. Hij was heel slim, maar hij botste overal tegenaan. Op een dag was hij op zoek naar paardenbloemen, want hij wilde een speciale drank maken. Eentje die je kon laten vliegen! 

Maar, terwijl hij zocht, botste hij tegen een grote steen. En wat er onder die steen zat… een heel klein draakje! Het draakje was rood en hij huilde. Professor Pluis vroeg wat er aan de hand was en het draakje zei dat hij zijn knuffel kwijt was, een kleine pluche wortel. 

Dus gingen ze samen zoeken, professor Pluis die steeds botste en het draakje dat heel klein was. Uiteindelijk vonden ze de wortel achter een bloem. Het draakje was super blij! En professor Pluis? Die maakte van de paardenbloemen limonade voor ze allebei. En je raadt het nooit… de limonade liet je niet vliegen, maar je kreeg er wel kriebels van in je buik!"
105,google/gemma-3-27b-it-fast,7_8,"Toen ik nog heel klein was, misschien zes jaar, was opa op vakantie. Niet met ons, maar met oma. En opa had beloofd een supergeheim kado voor me mee te nemen! Ik vroeg er elke dag naar. 'Opa, wanneer kom je? Wat is het kado?' Mama zei dat ik geduld moest hebben. 

Eindelijk kwamen ze terug. Opa had een hele grote tas. Ik sprong en joelde! “Is het er al? Is het er al?” Opa lachte en haalde er… een steen uit. Een gewone, grijze steen. 

Ik was echt boos! “Een steen?!” riep ik. “Dat is geen kado!”

Opa grinnikte en zei: “Maar deze steen is speciaal. Kijk maar goed.” Hij gaf me een beetje water en toen… toen werd de steen zacht! Heel zacht! En er kwamen kleine bloemetjes uit! Het was een soort zadensteen. Als je hem water gaf, groeide er een bloemetje. 

Ik vond het toen helemaal niet meer stom. Ik heb de steen heel goed verzorgd en er kwamen steeds meer bloemetjes. Nu heb ik er een heleboel! En elke keer als ik ernaar kijk, denk ik aan opa."
106,google/gemma-3-27b-it-fast,7_8,"Nou, gisteren… gisteren gebeurde er iets supergrappigs! Ik was met mijn opa in de tuin, en opa heeft een heleboel tomatenplanten. Maar niet normale tomaten, nee, hele grote, rode tomaten!

En opa zei: “Kijk, Leo, je mag de mooiste tomaat uitzoeken voor vanavond!” Dus ik liep daar tussen de planten en ik zocht en zocht. En toen zag ik ‘m! De állermooiste tomaat ooit! Hij was zo rood en glimmend, en hij was echt heel groot. 

Ik wilde hem pakken, maar toen… toen kwam er een eekhoorn! Zo’n snel beestje, die sprong op de plant en probeerde ook de tomaat te pakken! Ik riep: “Hé!” en de eekhoorn keek me aan, alsof ie zei: “Wat kijk jij?” En toen begon ie te trekken aan de tomaat!

Opa lachte heel hard, en ik ook! De tomaat kwam los, maar hij viel niet op de grond. Nee, hij viel… precies op opa’s hoofd! Opa deed net alsof ie heel kwaad was, maar hij moest eigenlijk heel erg lachen. En de eekhoorn rende weg met een klein stukje tomaat in z’n mond. Dat was echt te gek!"
107,google/gemma-3-27b-it-fast,7_8,"Eén keer, toen ik heel klein was, ging ik met mijn opa naar het bos. Niet het bos hiernaast, echt een groot bos, met allemaal hoge bomen. Opa had een kompas bij en hij zei: “We gaan op schattenjacht!”

Ik werd super blij! Ik dacht aan piraten en gouden munten. Opa zwaaide met het kompas en we liepen en liepen. We kregen allemaal bladeren in onze haren en ik zag een eekhoorn!

Toen, plotseling, zei opa: “Hier! Kijk!” Hij wees naar een dikke, oude boom. Daar zat iets verborgen onder de wortels. Het was geen gouden munt, maar een heel mooi, glimmend steentje. Het was blauw en groen tegelijk. 

“Wow!” riep ik. “Is dit de schat?”

Opa knikte. “De beste schat is niet altijd goud,” zei hij. “Soms is het iets moois dat je vindt, en de herinnering aan hoe je het gevonden hebt.”

Ik bewaarde het steentje in mijn zak en we liepen terug. Het steentje is nu mijn gelukssteen en ik heb hem nog steeds! Ik denk aan opa als ik ernaar kijk. Hij is de allerbeste schattenzoeker."
108,google/gemma-3-27b-it-fast,7_8,"Dus, mijn opa heeft een hele grote tuin. Niet zomaar een beetje groot, echt supergroot! En daar woont een egel. Die heet Priksel. Ik mocht Priksel afgelopen zomer helpen met het zoeken naar lekkere dingen om te eten.

Priksel is heel grappig, want hij snuffelt eerst heel lang en dan… snoept hij allemaal slakken! Echt vies, maar Priksel vindt het lekker. Eén keer probeerde ik een slak te pakken voor Priksel, maar hij glibberde weg en zat aan mijn vinger! Blegh!

Opa zegt dat egels heel belangrijk zijn in de tuin, want ze eten al die vervelende beestjes op. Priksel kon ook heel snel wegrollen als je te dichtbij kwam. Als een kleine prikkelbal! 

Eén avond zagen we Priksel met allemaal blaadjes op zijn rug lopen. Opa zei dat hij een bed aan het maken was voor de winter. Daarna werd Priksel heel stil. Opa zei dat hij ging slapen tot het weer warm werd. Ik mis Priksel al. Ik hoop dat hij droomt over slakken!"
109,google/gemma-3-27b-it-fast,7_8,"Nou, gisteren… gisteren gebeurde er iets superraars. Ik was bij oma, en oma heeft een tuin, heel groot. En daarin staat een hele oude appelboom. Mama zegt dat de boom nog ouder is dan oma! 

Ik zat onder de boom te spelen met mijn auto’s, en toen hoorde ik een heel klein geluidje. Zo’n 'piep, piep'. Ik keek overal, maar ik zag niks. Toen keek ik omhoog, in de boom, en daar… daar zat een piepkleine draak! 

Echt waar! Hij was groen, met mini-vleugeltjes en hij had een heel klein beetje rook uit zijn neusje. Hij was verdwaald, zei hij. Hij was weggevlogen van zijn mama tijdens een windvlaag. 

Ik heb hem een klein stukje appel gegeven, van oma’s appelboom. En hij at het op! Echt, hij kauwde en alles. Toen heb ik hem geholpen om zijn mama te zoeken. We zijn de hele tuin rondgelopen, en toen… toen hoorden we een heel grote drakenroep! Zijn mama kwam aan vliegen en ze waren zo blij elkaar weer te zien! Ze bedankten me met een beetje drakenstof, dat glinsterde in de zon!"
110,google/gemma-3-27b-it-fast,7_8,"Nou, eh, het begon gisteren. Mijn opa heeft een hele grote tuin, met een schuur erachter. Normaal mag ik daar niet komen, want daar liggen allemaal gereedschappen enzo. Maar gisteren zei opa: “Je mag hoor, maar kijk goed uit!”

Dus ik liep naar de schuur en ik zag… een deur! Niet de grote deur waar de fietsen in staan, maar een klein deurtje, helemaal aan de zijkant. Zo eentje voor een konijntje bijna. Ik duwde hem open en er was een tunnel!

Het was donker, maar niet eng. Ik kroop erin en toen kwam ik in een ander deel van de tuin! Daar stond een heus piratenhuis! Het was gemaakt van takken en doeken en er lag een schatkist. En, geloof je het of niet, er zat een pop erin, met een ooglapje!

Ik denk dat de tuinelfjes het gemaakt hebben. Omdat opa nooit zoveel tijd heeft om een piratenhuis te bouwen. Ik heb de pop meegenomen en aan opa laten zien. Hij lachte en zei dat het vast van een van de andere kinderen was. Maar ik weet het zeker, het was een echt piratenhuis! Ik ga er vandaag weer terug."
111,google/gemma-3-27b-it-fast,7_8,"Eén keer, toen ik nog héél klein was, ging ik met opa naar het bos. Niet het bos dichtbij school, nee, een héél groot bos! Opa had een hele rare tas bij zich. Hij zei: “We gaan op zoek naar meneer Drol!” 

Ik vroeg: “Meneer Drol? Is dat een mens?”

Opa lachte. “Nee, domme! Meneer Drol is een kei. Een steen, maar een speciale. Hij heeft een baard van mos!”

We liepen en liepen. Ik zocht overal, ook onder de bladeren. “Opa, ik vind hem niet!”

Toen zei opa: “Kijk nou!” 

En daar lag ie! Een hele grote steen, helemaal groen met een lange, pluizige baard. Ik lachte, meneer Drol was best wel grappig! Opa haalde een klein borsteltje uit z’n tas en ging de mosbaard poetsen. 

“Moet je dat doen?” vroeg ik.

“Ja,” zei opa, “anders wordt z’n baard vies en dan is hij verdrietig.”

We bleven heel lang bij meneer Drol. Daarna mochten we een ijsje halen, maar ik denk nog steeds wel eens aan meneer Drol en z’n schone, groene baard."
112,google/gemma-3-27b-it-fast,7_8,"Nou, het is dus echt waar! Mijn opa, die heeft een geheim. Niet zomaar een geheim, nee, een supergeheim! Hij heeft een vogelhuisje in de tuin, maar daarin zit geen vogel. Daarin zit een dwerg!

Ik mocht het van opa zien, maar ik moest héél stil zijn. De dwerg is heel klein, ongeveer zo groot als mijn hand. Hij heeft een puntmuts en een lange baard. En hij kan… toveren! 

Opa zei dat de dwerg de bloemen in de tuin extra mooi laat bloeien. En weet je wat nog gekker is? Op mijn verjaardag heeft de dwerg een heel klein cadeautje voor me gemaakt! Het was een steentje, maar als je erin blies, kwam er een beetje glitter uit. 

Mama zegt dat opa soms een beetje praatjes heeft, maar ik weet zeker dat de dwerg echt is. Want ik heb hem gezien! Echt waar! En hij knipoogde naar me. Opa en de dwerg, die zijn de allerbeste vrienden. En misschien, als ik heel lief ben, laat opa me de dwerg nog een keer zien."
113,google/gemma-3-27b-it-fast,7_8,"Nou, het is echt waar! Mijn opa heeft een geheime tuin. Niet zomaar een tuin met bloemen, nee, een hele speciale. Die tuin is… zwevend! Ja, echt!

Opa zegt dat hij die tuin heeft gemaakt met heel veel bloemen en dromen. Je moet er een speciale trap voor vinden, die verstopt is achter de schuur. En dan moet je heel zachtjes wensen dat je omhoog wilt.

De eerste keer dat ik mee ging, was ik bang. Ik dacht dat we zouden vallen! Maar toen we boven waren, was het zo mooi. Overal kleur! Bloemen die glinsterden en bessen die rookten. Er vlogen vlinders die net zo groot waren als mijn hand!

Opa zei dat de tuin alleen zichtbaar is voor mensen die geloven in magie. En dat je er alleen van kunt eten als je iemand anders blij maakt. Ik plukte een glimmende bes, en gaf die aan mijn kleine zusje. Ze vond het heerlijk!

Maar je moet wel opletten voor de Kriebelbeestjes. Die houden van giechelen en je schoenveters vastmaken! Opa heeft altijd een zakje met zaadjes bij zich, die de Kriebelbeestjes afleiden. Het is echt de allerleukste tuin ter wereld!"
114,google/gemma-3-27b-it-fast,7_8,"Nou, eh, het is dus echt waar gebeurd! Mijn opa heeft een hele rare tuin. Niet met bloemen enzo, maar met allemaal… dingen. Oude fietsen, kapotte stoelen, een hele oude radio, echt van heel lang geleden. Mijn opa zegt dat hij het allemaal ‘schatten’ noemt.

Laatst was ik daar, en ik mocht in de tuin spelen. Ik had een stok en deed alsof ik een ridder was. Toen zag ik iets blinken, onder een hele stapel oude kranten. Ik ging kijken en… het was een sleutel! Zo’n oud, roestig sleuteltje.

Ik vroeg aan opa wat hij ermee opende. Hij zei dat hij het echt niet meer wist! Misschien een kist, misschien een oude deur… We zijn de hele tuin afgezocht, overal waar misschien een slot zat. We vonden niets!

Toen, vlak voordat ik wegging, keek ik nog één keer naar de radio. En raad eens? Er zat een heel klein deurtje achterop! En de sleutel paste! Binnenin zat… een foto van opa als jongetje, met een hele grote hond! Hij werd helemaal blij toen hij die zag. Dus de sleutel was voor de foto, van zijn allerbeste vriend! Dat was wel cool, hè?"
115,google/gemma-3-27b-it-fast,7_8,"Dus… gisteren was echt raar. Ik was met mijn opa in het bos, we zochten naar paddenstoelen, want opa maakt daar soep van. Hij zegt altijd dat het bos vol geheimen zit. Ik geloofde dat eerst niet, maar gisteren… gisteren was anders.

We waren al best ver gelopen en ik was een beetje moe. Toen zag ik iets glinsteren tussen de wortels van een mega-oude boom. Ik dacht eerst aan een snoepje, maar het was geen snoepje! Het was een klein, zilveren flesje.

Ik pakte het op en er kwam meteen een blauwe rook uit! Niet eng, meer… sprankelend. En toen hoorde ik een heel klein stemmetje, echt piepklein. Het zei: “Dankjewel! Ik zat vast!”

Ik keek rond, maar er was niemand. Toen zag ik het! In het flesje zat een minuscule, glimmende draak! Hij was niet groter dan mijn duim. Hij vloog rond mijn hoofd en zei dat hij de bewaker was van het bos en dat hij per ongeluk in het flesje was gevallen. 

Opa had het hele ding niet gezien! Ik heb de draak snel terug in het flesje gedaan en het weer tussen de wortels gelegd. Anders zou opa denken dat ik gek ben. Nu weet ik zeker dat het bos echt vol geheimen zit!"
116,google/gemma-3-27b-it-fast,7_8,"Oké, luister! Echt waar, dit is echt gebeurd. Mijn opa heeft een hele grote tuin, met een schuur. In die schuur staan allemaal oude spullen. En een keer… toen waren we bij opa en oma, en ik mocht in de schuur kijken. 

Mijn broertje zei dat er spoken in de schuur waren, dus ik was een beetje bang. Maar ik ging toch kijken. En er stond een oude kist! Niet zo’n nieuwe kist van plastic, nee, echt een houten kist, met slotjes en alles. 

Ik riep opa en oma erbij. Opa maakte de kist open. En raad eens wat erin zat? Geen spoken! Maar allemaal heel oude foto’s! Foto's van opa toen hij klein was, en oma ook! En foto's van mensen die ik nog nooit gezien had.

Opa zei dat het z’n overgrootouders waren. Ze droegen allemaal hele gekke kleren! En ze stonden op foto’s met paarden en karren, en allemaal heel oude auto’s. Het was net alsof ik een tijdmachine had gevonden! We hebben de hele middag naar de foto’s gekeken en opa vertelde er verhalen bij. Dus eigenlijk waren er geen spoken in de schuur, alleen maar heel oude herinneringen."
117,google/gemma-3-27b-it-fast,7_8,"Oké, luister goed!

Er was eens een konijn, maar niet zomaar een konijn. Deze konijn heette Pluis en Pluis kon… *tromgeroffel*… praten! Hij woonde in een heel groot bos, met allemaal bomen en bloemen. En hij had een beste vriend, een slak. Ja, echt waar, een slak! Slakje was heel langzaam, natuurlijk.

Eén keer wilden Pluis en Slakje een wedstrijdje doen. Wie kon er het snelst naar de grote eikenboom? Pluis sprong en sprong en sprong, hij was super snel! Maar toen, halverwege, zag hij een heel lekker worteltje. Pluis kon het niet laten. Hij moest die wortel opeten! 

Terwijl Pluis aan het knabbelen was, kwam Slakje, heel, heel langzaam, voorbij gekropen. Hij glimlachte naar Pluis en bleef gewoon doorgaan. En raad eens? Slakje won! Pluis lachte toen. Het is niet altijd belangrijk om te winnen, zei hij. Soms is het gewoon leuk om samen te zijn, zelfs als je een super snelle konijn bent en een hele langzame slak. En het worteltje was ook heel lekker!"
118,google/gemma-3-27b-it-fast,7_8,"Nou, het begon met een kat. Niet zomaar een kat, hoor. Een heel, héél grote kat! Zo groot als een pony bijna. Hij woonde in de tuin van opa en oma, en hij heette Woest. Maar Woest was helemaal niet woest, hij was juist heel lief.

Eén keer, toen ik bij opa en oma was, zag ik Woest achter een vlinder aanrennen. Hij was zo groot, dat hij bijna de hele bloemenbak omver liep! De vlinder vloog toen boven in de appelboom. Woest sprong! Echt heel hoog! Maar hij kon niet bij de vlinder.

Toen had ik een idee. Ik klom in de appelboom en pakte de vlinder voorzichtig van een blaadje. Ik gaf ‘m aan Woest. Woest snuffelde eraan en krabbelde een beetje tegen me aan. Hij was zo blij!

Even later kwam oma buiten. Ze keek naar Woest en naar mij in de boom. “Wat een heldhaftige redding!” riep ze. En toen gaf ze ons allebei een koekje. Woest kreeg een speciale kattencoekje, en ik een met chocolade! Die vlinder vloog daarna gewoon weer weg."
119,google/gemma-3-27b-it-fast,7_8,"Nou, het gebeurde afgelopen zomer. We gingen naar het strand, met mijn hele familie. Mijn opa had een nieuwe vlieger gekocht, super groot en rood! Hij zei dat ik hem mocht vasthouden als de wind goed was.

Maar toen we daar waren, was er *heel* veel wind. Echt, super hard. En opa zei: ""Voorzichtig, die kan je meesleuren!"" Ik lachte, want dat leek me juist wel leuk.

Toen gaf hij me de lijn en ik hield hem vast. Eerst gebeurde er niks, maar toen… WHOOSH! De vlieger schoot omhoog! Zo snel! Ik probeerde hem vast te houden, maar de wind was sterker. Ik trok en trok, maar hij bleef omhoog gaan. 

En toen… toen begon ik ook een beetje omhoog te komen! Niet helemaal vliegen natuurlijk, maar mijn voeten kwamen van de grond! Ik gilde heel hard en opa moest me snel vasthouden, anders was ik weggevlogen met de vlieger.

Mijn mama moest heel hard lachen, maar ik was stiekem een beetje bang. We hebben de vlieger daarna wat minder hard vastgehouden, en het was toch wel superleuk. Al vlieg ik zelf liever niet meer mee!"
120,google/gemma-3-27b-it-fast,7_8,"Kijk, het gebeurde echt! Echt waar! Mijn opa heeft een geheim. Niet zomaar een geheim, nee. Hij kan met eekhoorns praten! Ja, echt! Ik zag het zelf.

We waren in het bos, opa en ik. We keken naar een eekhoorn die een noot begroef. En opa fluisterde iets. Heel zachtjes. En de eekhoorn… die stopte met graven! Hij ging rechtop zitten en keek naar opa. Opa zei toen: “Zeg, wil je misschien een plakje appel?”

En weet je wat? De eekhoorn knikte! Echt, hij knikte! En opa had een stukje appel in zijn zak. Hij gaf het de eekhoorn en hij at het op! Zo snel! 

Ik vroeg aan opa hoe hij dat deed, maar hij lachte alleen maar. En hij zei: “Ssst, dat is een geheim.” 

Maar ik denk dat hij gewoon heel lieve woorden zegt tegen de eekhoorns. Misschien vraagt hij of ze het goed hebben en of ze genoeg nootjes hebben gegeten. Of misschien vertelt hij grappige verhalen! Ik wil ook met eekhoorns kunnen praten! Dan zou ik ze vragen of ze mijn verdwaalde sokken hebben gezien. Die zijn al weken weg!"
121,google/gemma-3-27b-it-fast,7_8,"Nou, gisteren... gisteren was echt raar. Ik was aan het spelen in de tuin bij oma, weet je, achter het huis waar de kersenbomen staan? En ik zocht naar kabouters, want oma zegt dat die daar wonen. 

Ik keek onder een hele grote kersenboom en daar zag ik iets glimmen. Het was geen snoepje, want ik zocht al goed. Het was een piepklein huisje! Echt voor een kabouter, maar dan van steentjes en met mos erop.

Ik ging dichterbij kijken en... en er kwam een heel klein deurtje open! Echt heel zachtjes, krek, krek. En er kwam een mini-meisje naar buiten. Ze was maar zo hoog als mijn hand! Ze had groen haar en een jurk van bloemblaadjes.

Ze zei: “Hallo, ben je niet bang?” En ik zei: “Nee, ben jij een kabouter?” Toen lachte ze en zei: “Nee, ik ben een bloemenfee! Ik pas op de kersenbloesems.” 

We hebben even gepraat en ik mocht haar helpen om een verdwaalde bij terug te vinden. Daarna viel ze weer in slaap in haar huisje. Ik heb het deurtje voorzichtig dichtgedaan en ben snel naar oma gegaan. Oma geloofde me niet, maar ik weet zeker dat het waar is!"
122,google/gemma-3-27b-it-fast,7_8,"Nou, ik weet wel een superleuk verhaal. Echt waar! Het gaat over een eekhoorn, maar niet zomaar een eekhoorn. Deze eekhoorn heette Pindie, en hij kon… tja, hij kon heel goed verstoppertje spelen! Maar niet alleen maar met zijn vriendjes. Nee, Pindie speelde verstoppertje met de zon!

Elke ochtend, als de zon opkwam, rende Pindie zo snel mogelijk naar een andere boom. Hij probeerde de zon te slim af te zijn. Want als de zon Pindie te vroeg zag, dan kreeg Pindie kriebels! Echt, heel erg kriebelen over zijn hele lijfje!

Eén keer verstopte hij zich achter een heel groot blad, maar de zon scheen er gewoon doorheen! Toen moest Pindie heel hard giechelen, want het kriebelde zo. Een andere keer zat hij in een holle boom, maar de zon keek gewoon naar binnen! 

Uiteindelijk ontdekte Pindie dat hij het beste achter de dikste tak kon zitten. Daar kon de zon niet bij! En dan kreeg hij geen kriebels, en kon hij lekker nootjes eten. Maar soms… soms liet hij de zon even piepen, want een beetje kriebelen vond hij eigenlijk wel grappig."
123,google/gemma-3-27b-it-fast,7_8,"…En toen! Toen ging opa en ik naar het strand. Niet om te zwemmen, want het was nog koud. We gingen schelpen zoeken! Opa zei dat de mooiste schelpen altijd verstopt zitten onder de natte, glibberige stenen. 

Ik vond eerst allemaal saaie, witte schelpen. Gewoon, hele gewone. Maar toen, heel ver weg, zag ik iets glimmen. Ik rende erheen, zo hard als ik kon. En raad eens wat het was? Een schelp! Maar niet zomaar een schelp. Hij was roze en paars en had allemaal kronkeltjes. 

Ik riep: “Opa, kijk!” En opa zei: “Wow, die is prachtig! Dat is een wijfje!” Een wijfje? Ik dacht dat wijfjes mensen waren! Maar opa legde uit dat het een soort schelp was. Een hele speciale.

Ik deed hem in mijn emmertje, tussen mijn andere schelpen. Die waren ineens niet meer zo saai. Ik ging heel voorzichtig lopen, zodat ik het wijfje niet zou laten vallen. Thuis heb ik hem op mijn nachtkastje gezet. Elke nacht voordat ik ga slapen, kijk ik naar het wijfje en denk ik aan het strand met opa."
124,google/gemma-3-27b-it-fast,7_8,"Nou, het is echt waar! Gisteren gebeurde het. Ik was met mijn opa in het bos, we zochten paddenstoelen. Maar niet om op te eten, om er plaatjes van te maken. Opa heeft een heel groot boek met allemaal paddenstoelen erin en ik mocht ze aankruisen als we ze vonden. 

We liepen een beetje verder dan normaal, want opa zei dat daar de speciale sporenzakpaddenstoelen groeiden. En ineens, zag ik iets blauws! Niet een beetje blauw, echt superblauw, alsof iemand er verf overheen had gegooid.

Het was een huisje… heel klein, van mos en takjes en met een mini-deurtje. En er zat een klein mannetje voor! Zo klein, echt niet groter dan mijn duim. Hij had een puntmuts en een lange baard.

Ik werd superstil, ik durfde niet eens te ademen. Opa zag het niet! Hij was nog bezig met een rood paddenstoeltje. Het mannetje keek naar mij en knipoogde. Toen zei hij - heel zachtjes - “Sst, niet vertellen!” en verdween in zijn huisje. 

Ik zei het wel tegen opa, maar hij lachte alleen maar en zei dat ik te veel fantasie had. Maar ik weet zeker dat het waar is! Het blauwe huisje was er echt!"
125,google/gemma-3-27b-it-fast,7_8,"Toen ik nog heel klein was, ging ik met opa naar het bos. Niet het bos achter mijn huis, nee, een héél groot bos! Opa zei dat daar een kabouter woonde. Ik geloofde het echt, want opa vertelt nooit leugens. 

We gingen zoeken en zoeken, onder allemaal grote bomen en tussen dikke wortels. Ik zag een rode vliegenzwam, en opa zei dat kabouters die soms gebruiken als stoel. Toen schreeuwde ik “Kijk, kijk!”, want ik zag iets bewegen!

Het was geen kabouter. Het was een eekhoorn, met een hele grote noot in zijn mond. Hij keek me heel boos aan, alsof ik hem stoorde. Opa lachte. “Misschien is hij wel de bewaker van de kabouter,” zei hij. 

We bouwden een klein huisje van takjes en mos, voor de kabouter. We legden er een nootje voor de deur. Toen we weggingen, was het nootje weg! Ik weet zeker dat de kabouter het heeft gehad. Of misschien de eekhoorn… Maar ik denk toch echt aan de kabouter."
126,google/gemma-3-27b-it-fast,7_8,"Oké, luister goed!

Gisteren… gisteren was super spannend. Ik was bij oma. Oma heeft een tuin, maar niet zomaar een tuin! Ze heeft een geheime plek achter de grote struik met de rode bessen. Niemand mocht daar komen, zei oma, want daar woonde de Tuinkabouter.

Ik mocht stiekem kijken, heel even. En raad eens wat ik zag? Een hele kleine deur, helemaal verborgen tussen de wortels van de boom. En er lag een mini-stoel en een mini-tafeltje! 

En er zat iemand op de stoel! Het was niet een echte kabouter, het was… een muis! Maar hij droeg een hoedje van een bloemblaadje! En hij had een heel klein theekopje in zijn pootjes. Hij leek te wachten op iemand. 

Ik gilde bijna, maar toen bedacht ik me dat ik de Tuinkabouter niet wilde bang maken. Dus ik sloop heel stil weg. Ik heb het wel aan oma verteld, maar die lachte alleen maar. Ze zei dat de muis gewoon van de bloemetjes vond. Maar ik weet zeker dat het de Tuinkabouter was! Echt waar!"
127,google/gemma-3-27b-it-fast,7_8,"Dus, gisteren… gisteren was echt raar! Ik was in de tuin, oké? Ik zocht naar kevers, want ik wil er een hele collectie. En ik keek onder de grote stenen, daar waar het altijd een beetje donker is. En toen zag ik hem!

Een mini-draak! Echt waar! Niet zo’n heel groot monster, maar wel echt een draakje. Hij was groen met glitter op zijn rug en hij had heel kleine vleugeltjes. En hij kon… hij kon bellenblazen! Maar niet met een bubbelblaasje, nee, gewoon met zijn neus!

Hij blies een heleboel bellen en ze vlogen door de tuin. Ik probeerde er één te vangen, maar ze ploften steeds uit. Het draakje lachte! Een heel piepend lachje.

Toen kwam mijn moeder buiten en ze riep dat ik moest komen eten. En toen ik terugkeek… weg was hij! Helemaal weg. Ik heb overal gekeken, zelfs onder de stenen. Maar hij was er niet meer. 

Misschien was het een droom, maar hij voelde wel heel echt. En ik zag nog glitter op mijn hand! Dus ik denk dat hij écht bestond. Nu zoek ik elke dag in de tuin, maar ik heb hem nog niet teruggezien."
128,google/gemma-3-27b-it-fast,7_8,"Nou, het begon bij opa. Opa heeft een hele grote tuin, met allemaal bloemen en een kippenhok. Maar het állerleukste is de appelboom. Die is super oud en heeft hele lekkere appels. 

Eén keer zat ik bij opa in de tuin en zag ik een piepklein vogeltje, heel klein, met een gebroken vleugeltje. Hij zat onder de appelboom, helemaal bang. Ik vroeg aan opa wat we moesten doen. Opa zei: “We maken een soort bedje voor hem in een schoenendoos.”

Dus dat deden we! Met zacht gras en een doekje. Ik gaf het vogeltje heel voorzichtig een kruimeltje cake. Hij at het op! Ik noemde hem Pipo. Elke dag gaf ik Pipo wat te eten en opa maakte zijn vleugeltje beter met een speciaal verband. 

Na een week kon Pipo vliegen! Hij vloog helemaal op de appelboom, en keek toen naar me. Ik zwaaide, en Pipo piepte! Opa zei dat hij nu weer helemaal de vrije vogel was. Het was wel een beetje jammer, maar ik was ook heel blij voor Pipo. En nu, elke keer als ik bij opa ben, kijk ik naar de appelboom, en denk ik aan Pipo."
129,google/gemma-3-27b-it-fast,7_8,"Kijk, gisteren… gisteren was echt gek! Ik was in de tuin aan het spelen, met Max, mijn hond. We deden alsof we piraten waren en zochten naar een verborgen schat. We hadden een kaart getekend, met een X op de plek waar de schat lag.

We graafden en graafden, achter de appelboom. Het was best moeilijk, de grond was hard. En toen… toen raakte Max iets! Hij begon heel hard te blaffen en te graven. Ik keek en… het was geen gouden munten of een kist vol juwelen. Het was een grote, rode schoen!

Een hele rare schoen, met glitters erop. En er zat een briefje in! Met letters. Mijn mama las het voor: “Ik ben Perik, de dwerg. Ik ben mijn schoen verloren tijdens het vliegen. Als je me helpt zoeken, krijg je een wens!” 

Een wens! Dus nu zijn we Perik aan het zoeken. We plakken briefjes op, met ‘Heeft iemand Perik gezien?’ erop. En mama zei dat als we Perik vinden, we iets heel leuks mogen wensen. Ik hoop dat ik een echte piratenboot mag wensen!"
130,google/gemma-3-27b-it-fast,7_8,"Nou, het begon met een kikker. Niet zomaar een kikker, hoor! Deze kikker was heel klein, misschien zo groot als mijn duim. En hij woonde in de gootsteen bij mijn oma. Echt waar! Mijn oma zegt dat hij er al is sinds ik heel klein was.

Die kikker kon praten. Echt praten! Niet zoals wij, met woorden, maar hij kwakte en 'kroakte' dingen die ik snapte. Eén keer zei hij “bubbel, bubbel, vies!” toen mijn broertje zijn handen niet gewassen had. 

Op een dag was hij verdwenen! Ik zocht overal: onder de gootsteen, in de prullenbak… nergens! Ik was echt verdrietig. 

Toen hoorde ik een gekroak vanuit de bloempot op het raam. Daar zat hij! Hij had een mini-zonnebril op en een heel klein hoedje. Mijn oma lachte. Ze zei dat de kikker op vakantie was naar de tropen, in mijn verbeelding! 

Ik pakte een heel klein bakje water en zette het bij hem. Hij kwakte blij! En sindsdien gaat hij soms op vakantie, maar komt altijd weer terug naar de gootsteen bij mijn oma."
131,google/gemma-3-27b-it-fast,7_8,"Nou, het is eigenlijk waar gebeurd… met mijn opa. Hij heeft een heel oud huis, een beetje knarrend, weet je? En in de tuin staat een appelboom. Niet zomaar een appelboom, hoor. Opa zegt dat er een kabouter in woont.

Ik geloofde het eerst niet, maar… toen. Ik was aan het spelen in de tuin en ik zocht naar een rode appel. En ik zag iets bewegen! Heel klein, achter de stam. Ik sloop dichterbij en toen zag ik hem. Echt een kabouter! Met een puntmuts en alles. Hij was bezig met… nou ja, hij was appels aan het stapelen! Niet in een mandje, maar gewoon op een stapel, heel hoog.

Ik zei “Hallo!” en hij keek heel boos. Hij gromde iets wat ik niet verstond en liet bijna alle appels vallen! Opa kwam toen buiten en lachte. Hij zei dat de kabouter niet zo graag bezoekers heeft. 

Daarna gaf opa me een appel. En ik keek weer naar de boom, maar de kabouter was weg. Nu ben ik stiekem aan het kijken als ik bij opa ben. Misschien zie ik hem weer! En misschien… misschien breng ik hem dan wel een koekje mee."
132,google/gemma-3-27b-it-fast,7_8,"Oké, luister goed!

Gisteren was ik bij oma. Oma heeft een héle grote tuin, met allemaal bloemen en een hele oude kersenboom. En daar, onder die boom, zag ik iets bewegen. Het was een klein beestje, helemaal grijs en met hele lange snorharen. Ik dacht eerst dat het een muis was, maar toen bewoog hij weer en hij… hij vloog!

Maar niet zoals een vogel. Hij fladderde een beetje, met z’n hele lange snorharen voor z’n gezicht. Het zag eruit alsof hij een superheldenmasker op had! Ik riep oma, maar toen we samen keken, was het beestje weg. 

Oma zei dat het misschien een nachtvlinder was, maar ik denk dat het een… een tuinkabouterdief was! Ja, dat is het! Die stelen soms knopen van de kleding van mensen die in de tuin slapen. Ik had mijn blauwe knoop van mijn jas nog wel, dus ik was veilig. Maar ik denk dat hij op zoek was naar de rode knoop van oma’s schort. 

Ik ga vandaag terug naar oma, en dan kijk ik extra goed onder de kersenboom! Misschien zie ik hem nog een keer. En dan… dan mag ik hem een mooie bloem geven, zodat hij geen knopen meer hoeft te stelen."
133,google/gemma-3-27b-it-fast,7_8,"Oké, luister! Echt waar gebeurd!

Mijn opa heeft een tuin, heel groot. En daarin staat een hele oude kerselaar. Niet zo’n boom die je in een winkel koopt, nee, zo’n boom die al heel lang staat. 

Eén dag, ik was aan het spelen in de tuin, zag ik iets blinken tussen de wortels van de boom. Ik ging kijken… en raad eens? Een kleine, gouden sleutel! 

Ik riep opa erbij en samen probeerden we te bedenken waar hij bij hoorde. We probeerden alle deuren in huis, de schuur, de poort… niks! 

Toen bedacht ik het! De kerselaar zelf!  Wij gingen heel goed kijken en toen zagen we een heel klein deurtje in de stam, bijna verstopt door mos. En ja hoor, de sleutel paste!

Achter het deurtje zat… een doosje! En in het doosje zaten allemaal glimmende knikkers! Heel veel! Opa zei dat hij die knikkers al als kind had verstopt en ze helemaal vergeten was.  Ik mocht ze houden!  Nu heb ik de mooiste knikker collectie van de hele klas!  En het was een geheim van de kerselaar.  Pssst!"
134,google/gemma-3-27b-it-fast,7_8,"Nou, eh… het is dus echt waar gebeurd! Mijn opa heeft een tuin, maar niet zomaar een tuin. Een supergeheime tuin! Althans, dat zegt hij zelf. Hij laat er nooit iemand in behalve mij. 

Daar groeit alles. Niet alleen tomaten en bloemen, maar ook…feeënhoeden! Kleine, rode paddenstoelen. En opa zegt dat als je die ’s nachts laat staan, er echt feeën op komen zitten.

Eén keer, toen ik verstopt was achter de braambessen, zag ik echt iets glinsteren! Het was heel klein en snel, maar het leek wel… vleugels! Ik durfde niet dichterbij te kijken, want opa zegt dat feeën bang zijn voor grote mensen, en ik wilde er geen bang maken.

En er zit ook een hele oude, kromme boom in de tuin. Opa zegt dat die al honderd jaar oud is! Als je er tegenaan leunt en heel hard wensen doet, komen die wensen echt uit. Ik heb gewenst dat ik een puppy mag, maar mama zegt dat dat misschien nog moet wachten. Misschien moet ik nog harder wensen… in de supergeheime tuin van mijn opa."
135,google/gemma-3-27b-it-fast,7_8,"Dus, gisteren… gisteren was echt raar. Ik was in de tuin aan het spelen met mijn auto's. Ik had een hele racebaan gemaakt, helemaal met een tunnel van een kartonnen doos. En toen hoorde ik een piepklein geluid. Zo’n piep, piep, piepje.

Ik keek overal, maar ik zag niks. Toen keek ik onder de rozenstruik en daar zat hij! Een mini-draak! Echt waar! Hij was maar zo groot als mijn hand. Hij was groen en had kleine, glimmende paarsche vleugels. 

Hij was aan het huilen. Ik vroeg wat er aan de hand was en hij zei… nou ja, hij piepte iets wat ik wel begreep. Hij was zijn teddybeer kwijt! Zijn heel speciale teddybeer. 

Dus gingen we zoeken. Onder de schommel, achter de boom, zelfs in de zandbak! En uiteindelijk… lag hij onder mama’s plantenbak. De draak was zo blij! Hij gaf me een klein, groen schubje als dank en vloog toen weg. Ik heb het schubje bewaard in een doosje. Niemand gelooft me natuurlijk… maar het is wel echt gebeurd!"
136,google/gemma-3-27b-it-fast,7_8,"Nou, luister eens! Mijn opa heeft een hele speciale tuin. Niet met bloemen, nee. Met… kabouters! Niet dat je ze *mag* zien, hoor. Opa zegt dat ze heel verlegen zijn. Maar ik heb ze wel eens gezien!

Het begon zo: ik moest worteltjes plukken voor de konijnen van opa. Ik was een beetje aan het dromen over superhelden, en toen hoorde ik een piepklein geluid. Kijk! zei ik, een miniatuur paddenstoel! Maar het was geen paddenstoel, het was een… huisje! Zo klein!

Daar zat een kabouter met een rode puntmuts, te poetsen met een heel klein doekje. Hij keek me heel boos aan. Ik bleef heel stil staan. Toen kwam er nog een kabouter, en nog een! Ze waren druk bezig met van alles en nog wat. Eentje was een slootje aan het vegen met een grassprietje, en een ander was een slak aan het helpen omhoog te komen.

Opa kwam toen, en toen waren ze weg! Hij lachte en zei: “Je hebt een goede fantasie, kleindochter.” Maar ik *zag* ze! Echt waar! En nu weet ik zeker, mijn opa’s tuin is magisch!"
137,google/gemma-3-27b-it-fast,7_8,"Nou, gisteren… gisteren was echt super gek. Ik was aan het spelen in de tuin met mijn auto’s, echt heel hard racen, en toen zag ik iets bewegen in de struiken. Eerst dacht ik dat het de kat was van de buurvrouw, maar nee! Het was een heel klein mannetje! Niet groter dan mijn Duplo-mannetje, echt waar!

Hij had een puntmuts op en hij zat op een slak. Een héle grote slak, die heel langzaam vooruit kroop. Ik knipperde een paar keer met mijn ogen, want ik dacht dat ik droomde. 

“Mag ik even liften?” vroeg het mannetje. Zijn stem was piepklein.

Ik zei ja natuurlijk! Ik tilde de slak met het mannetje voorzichtig op en zette hem op mijn speelgoedauto. “Hou je vast!” riep ik. De slak liet een glibberig spoor achter op de auto.

Hij lachte en we raceten door de tuin! Toen, bij de rozenstruik, sprong hij eraf en zei: “Bedankt! Ik moest op tijd naar de paddenstoelenbal!” En toen… was hij weg! Ik weet niet waar hij naartoe is gegaan, maar ik geloof echt dat het waar was."
138,google/gemma-3-27b-it-fast,7_8,"Nou, dus... gisteren was ik bij oma. Oma heeft een tuin, zo’n hele grote met allemaal bloemen en dan ook een plek met allemaal bessenstruiken. We mochten bessen plukken! Maar er zat ook een hele grote wesp rond. Echt heel groot!

Ik vond een superdikke, lekkere, blauwe bes. Net toen ik hem wilde opeten, kwam die wesp zo zoemen, recht op de bes af! Hij landde erop. Ik schreeuwde het uit, want ik was bang. 

Oma zei dat ik heel stil moest zitten. De wesp zat gewoon op de bes, te happen en te zuigen. Het was net een hele kleine stofzuiger! Hij zat er heel lang. Echt, ik dacht dat hij nooit meer weg zou gaan. 

Toen, plotseling, vloog hij weg! En raad eens? Hij vloog recht op Joris af, die ook bessen aan het plukken was! Joris gilde en gooide zijn emmertje om. We hebben heel hard gelachen. 

Maar de allerlekkerste bes, die at ik uiteindelijk toch op! En de wesp, die zat ergens anders, denk ik. Misschien bij Joris zijn omgevallen bessen!"
139,google/gemma-3-27b-it-fast,7_8,"Nou, het is dus echt waar gebeurd! Mijn opa, die heeft een héle bijzondere tuin. Niet met alleen maar bloemen enzo, nee, daar woont ook een kabouter. Echt waar! Ik heb hem zelf gezien. 

Hij is niet zo groot, ongeveer zo hoog als mijn knie. En hij heeft een puntmuts, natuurlijk, en een lange witte baard. Opa zegt dat hij Bram heet. Bram is een beetje verlegen, dus hij verstopt zich altijd achter de grote zonnebloem.

Eerst dacht ik dat het een grap was van opa, maar toen… toen zag ik kleine schoenenstempels in het zand. En er lagen mini-worteltjes klaar bij de deur van de tuinkas! Bram is heel handig. Hij helpt opa met de groente en de bloemen.

Laatst wilde ik Bram écht zien aan mijn vriend Thomas. We hebben heel lang gewacht achter de zonnebloem, maar Bram kwam niet. Opa lachte en zei dat Bram alleen komt als je er in gelooft. Dus ik heb heel hard in mijn hoofd gezegd: “Ik geloof in Bram!” En… en toen zag ik een piepklein handje dat even zwaaide achter de bloem! Thomas zag het niet, maar ik wel! Echt waar!"
140,google/gemma-3-27b-it-fast,7_8,"Oké, luister goed!

Mijn opa heeft een tuin, maar niet zomaar een tuin. Het is een héle grote tuin, met allemaal verborgen plekjes. Achter de kersenboom zit een gat in de heg, en daar… daar woont Pluisje. Pluisje is geen konijn, en ook geen eekhoorn. Pluisje is… een klein draakje!

Hij is niet eng, hoor. Hij is maar zo groot als mijn hand en hij glinstert helemaal in de zon. Hij is blauw, met groene stippen. Opa weet niet van Pluisje. Ik heb het hem nog niet verteld.

Elke dag, na school, ga ik naar de tuin en neem ik Pluisje een klein bakje melk mee. Hij vindt melk superlekker! Soms vliegen we samen, maar dan heel laag over de bloemen, zodat niemand ons ziet. Hij flapt met z’n vleugeltjes en ik lach, heel stiekem. 

Eens, toen het heel hard regende, was Pluisje verdrietig. Hij kon niet vliegen! Toen heb ik snel een klein parasolletje van een bloem gemaakt. Hij was zo blij! Hij spuwde een heel klein vlammetje, maar het was een warme vlam, om me te bedanken. Pluisje is mijn beste vriend. En hij blijft een geheim."
141,google/gemma-3-27b-it-fast,7_8,"Nou, het begon toen ik bij opa en oma was. Die hebben een hele grote tuin, met een boomhut! Maar die boomhut is niet zomaar een boomhut, daarin woont… een kabouter! Oma zegt dat ik me het verbeeld, maar het is waar!

Eerst zag ik hem helemaal niet. Maar toen, ik zat in de boomhut, tekeningen te maken, en hoorde ik een heel klein gelach. Ik keek rond, maar er was niks. Toen zag ik een klein schoentje, echt piepklein! En daarna, een baard, heel bruin en pluizig, die naar buiten keek achter een potje verf.

De kabouter heet Piet. Hij is heel lief, maar ook een beetje ondeugend. Hij verstopt mijn kleurpotloden en legt ze dan in de bloemen. En hij heeft een heel klein huisdier: een slak! Die slak heet Speedy, maar die is dus helemaal niet snel. Piet zegt dat Speedy droomt over racen.

Ik mocht Piet een koekje geven, een heel klein koekje. Hij werd er super blij van! Oma zei dat ik wel fantasierijk ben, maar ik weet zeker dat Piet echt is. Wie anders zou Speedy eten geven?"
142,google/gemma-3-27b-it-fast,7_8,"Nou, het begon met Pips. Pips is mijn hamster, maar hij is een héle speciale hamster. Pips kan… toveren! Niet met een toverstok, nee. Pips knippert gewoon met zijn snorharen en *poef*, dan gebeurt er iets.

Eerst had ik het niet door. Ik gaf hem een worteltje en hij knipperde en er lagen ineens drie worteltjes! Ik dacht: oeh, ik heb er vast eentje gemist. Maar toen deed hij het nog een keer met mijn tekening. Ik had een blauwe auto getekend en Pips knipperde en ineens reed die auto op de tekening zelf!

Toen had ik een ruzie met Sam. Hij had mijn LEGO ruimteschip afgepakt. Echt heel gemeen. Ik was supersnel boos. Ik zat thuis en vertelde het aan Pips. Ik zei: “Ik wou dat Sam helemaal geen LEGO had!” En Pips, die knipperde dus.

De volgende dag ging ik naar school en stonden al zijn LEGO's IN de wc! Zijn moeder moest ze eruit vissen. Ik moest wel lachen, maar… het was ook een beetje eng. Pips’ toverkracht is best krachtig, en ik moet nog leren hoe ik hem goed kan gebruiken. Ik denk dat ik hem liever worteltjes laat vermeerderen. Dat is veiliger!"
143,google/gemma-3-27b-it-fast,7_8,"Oké, luisteren!

Mijn opa heeft een hele speciale tuin. Niet met rozen enzo, maar met… snoep! Ja, echt waar! Er staan allemaal planten, maar in plaats van bloemen groeien er lolly’s, dropjes en chocolaatjes.

Eerst dacht ik dat het een grap was. Maar toen pakte opa een rode lolly van een plant en gaf ‘ie die aan me. Hij smaakte naar aardbei! Echt super lekker.

Eén keer, toen was ik met mijn kleine broertje, Pieter, bij opa. Pieter is een beetje… eh… ondeugend. Hij trok aan een heel groot snoep-ei, dat hing aan een soort klimplant. En toen, *boem!* vielen er honderden chocolade eitjes op de grond! 

Opa lachte. “Nou, dan hebben we genoeg voor Pasen!” zei hij. 

We mochten ze allemaal opeten, maar Pieter kreeg buikpijn. Mama was niet blij. Ze zei dat je niet zomaar aan planten mag trekken, zelfs niet als het snoep is. 

Maar het was wel de allerleukste buikpijn ooit! En ik ga volgende week weer naar opa, want de gummibeertjes zijn bijna rijp. Ze zijn al een beetje kleverig, weet je wel."
144,google/gemma-3-27b-it-fast,7_8,"Oké, luister goed!

Gisteren, toen mama en papa naar die saaie vergadering waren, bleef Finn bij mij. Finn is mijn hond, een hele pluizige, bruine. We deden net alsof de woonkamer een jungle was. Ik was de dappere ontdekkingsreiziger en Finn was mijn trouwe gids. 

We klommen over de kussens, dat waren bergen, en de bank was een supergroot ravijn. Finn sprong er keer op keer vanaf, hij vond het echt leuk! Toen, opeens, zag ik iets bewegen onder de gordijnen. Een… een DINOSAURUS! Nou ja, het was eigenlijk een sok van papa, maar hij zag er heel eng uit.

Ik schreeuwde en sprong achter Finn aan. Finn blafte super hard naar de sok-dinosaurus en toen begon hij er op te kauwen! Hij probeerde hem te verslaan! Mama en papa vonden het heel grappig toen ze thuiskwamen. Papa zei dat Finn de beste dinosaurus-bestrijder ter wereld was. En ik ook, natuurlijk. Want ik was de dappere ontdekkingsreiziger! We kregen ijsjes als beloning. Het was de beste jungle-dag ooit!"
145,google/gemma-3-27b-it-fast,7_8,"Eens was er een konijn, maar niet zomaar een konijn! Deze konijn heette Pluis, en hij kon… kleuren zien in geluiden! Als iemand lachte, zag hij een beetje geel. Als papa hoestte, was het bruin. Super raar, hè?

Op een dag was iedereen verdrietig. Oma was ziek. En Pluis zag overal grijs. Heel veel grijs! Hij dacht: dat is niet fijn. Pluis besloot een liedje voor oma te zingen. Hij zong heel hard, met zijn piepkleine stem. 

En weet je wat? Terwijl hij zong, zag hij een klein beetje blauw in zijn hoofd. En toen een beetje roze! Oma glimlachte zwakjes. “Wat een mooi liedje, Pluis,” fluisterde ze.

Pluis zong en zong. Steeds meer blauw, steeds meer roze, en zelfs een beetje groen! Hij wist dat oma zich niet beter zou worden van het zingen, maar hij zong omdat hij wilde dat het grijs weg ging. En een beetje, heel een beetje, leek het wel zo. Dus zong Pluis door, voor de kleuren en voor oma."
146,google/gemma-3-27b-it-fast,7_8,"Oké, luister. Eergisteren ging ik met oma naar het bos. Niet het kleine stukje bos achter de school, nee, écht het bos! Oma woont een beetje verder weg en daar is het bos supergroot. 

We zochten paddenstoelen, want oma maakt daar soep van. Ik vond er eerst geen één! Alleen allemaal bladeren en takken. En toen, ineens! Onder een hele grote boom, zag ik iets roods met witte stippels. Een vliezelhoed! Zo heet die, heeft oma gezegd. 

Maar toen ik hem wilde plukken, bewoog hij! Niet de paddenstoel, maar er zat een hele kleine, rode salamander op! Hij keek me aan met kleine oogjes. Hij was niet bang! Ik durfde hem bijna niet aan te raken, maar oma zei dat het mocht. Hij voelde heel zacht en een beetje koud. 

We hebben de salamander even op mijn hand gehad en daarna voorzichtig weer teruggezet. En toen hebben we de vliezelhoed geplukt. Mama vond de soep lekker, maar ik denk dat de salamander het allerleukste was. Het bos is echt magisch."
147,google/gemma-3-27b-it-fast,7_8,"Nou, weet je, gisteren was echt super bijzonder. Ik was met opa in het bos, en we zochten paddestoelen. Opa kent alle paddestoelen, behalve de giftige! Dus dat is best handig. We hadden al een heleboel rode met witte stippen gevonden, en opa zei dat die heel goed in de soep waren.

Maar toen, heel diep in het bos, zag ik iets glimmen. Het was een klein huisje, maar dan écht klein! Zoals een huisje voor een muis, maar dan mooier. En er zat een deurtje in, en een raampje. Ik wilde er heel graag kijken, maar ik durfde niet. 

Toen kwam er een piepklein mannetje uit het huisje. Hij had een blauwe jas en een hele lange, witte baard. Hij zag me en hij lachte! Hij zei: “Welkom! Ik ben Glimmerbom, de boswachter van de kabouters!” 

Hij gaf me een klein steentje. Hij zei dat als ik die steen vasthield en iets wilde, dat het dan misschien zou gebeuren. Ik dacht aan een hele grote LEGO-doos. Weet je wat? Toen we thuiskwamen, stond er écht een LEGO-doos in de woonkamer! Papa zei dat opa die had gekocht. Maar ik weet zeker dat Glimmerbom er iets mee te maken had!"
148,google/gemma-3-27b-it-fast,7_8,"Nou, het is dus echt waar gebeurd! Mijn opa, die heeft een hele oude schuur. Niet zo’n nette schuur zoals bij ons thuis, nee, echt eentje met spinnenwebben en allemaal oude spullen. Ik mocht er laatst mee naar toe, want opa zei dat er ‘schatten verborgen lagen’.

Eerst rook het een beetje naar stof en oude houten planken. En ja hoor, er lagen allemaal dingen! Een kapotte fiets, een heleboel oude blikken, en een kist. Een houten kist met slotjes! Opa zei dat hij die al jaren niet meer open had gemaakt.

We probeerden het slot open te maken, maar dat lukte niet. Toen zei opa: “Weet je wat? Misschien zit er een sleutel verstopt!” We zochten overal! Onder de fiets, in de blikken, zelfs in een oude laars! En toen… vond ik hem! Hij zat vastgeplakt aan de onderkant van een oude stoel.

We maakten de kist open… en er lagen allemaal oude knikkers in! Niet zomaar knikkers, nee, knikkers in alle kleuren van de regenboog! En een paar heel speciale, glimmende blauwe. Opa zei dat hij die knikkers had verzameld toen hij zelf jong was. Nu mogen ik ze houden! Dus nu heb ik de allerleukste knikkers van de hele school!"
149,google/gemma-3-27b-it-fast,7_8,"Nou, gisteren was echt supergrappig! Ik was met opa in de tuin, en opa heeft een héle grote pompoen gekweekt. Echt héél groot! Zo groot als… nou ja, bijna zo groot als ik!

We wilden ‘m gaan uithollen, maar opa zei dat we eerst een gezicht op de pompoen moesten tekenen. Ik zei: “Laten we er een monster van maken, met heel veel tanden!” Dus dat deden we. Ik mocht de tanden tekenen, en opa de ogen.

Toen we klaar waren, rolde de pompoen opeens! Echt waar! Hij rolde zo de tuin in, en toen… in de vijver! Opa en ik moesten heel hard lachen. De pompoen dreef daar rond als een gek, met z’n monstergezicht.

We hebben ‘m er weer uitgehaald, natuurlijk. Maar het water zat in z’n mond, dus leek het alsof het monster spuugde! En toen moest opa nog harder lachen. Het uithollen werd wel een beetje lastig, want hij was helemaal nat, maar het was de grappigste pompoen ooit, hoor! En we hebben ‘m nu in de tuin staan, met een lichtje erin. Hij lacht iedereen aan die voorbij loopt!"
150,google/gemma-3-27b-it-fast,8_9,"Dus… gisteren gebeurde er iets superraar. Ik was aan het spelen in de tuin, bij de grote eik, weet je wel, die met de superdikke takken? Ik was een ridder en die tak was mijn kasteel. En toen, plotseling, zag ik iets bewegen in het gras. Eerst dacht ik dat het gewoon de wind was, maar toen zag ik het echt. 

Het was een mini-draak! Echt waar! Niet zo’n eng, vuurspuwende draak, maar eentje van ongeveer… mijn handpalm groot. Hij was groen, met glimmende schubben en kleine vleugeltjes. Hij zat vast in een spinneweb, echt zielig.

Ik heb hem voorzichtig uit het web gehaald. Hij piepte zo zachtjes! Ik gaf hem een beetje van mijn appel, en hij at het op! Hij zat op mijn vinger en keek me aan met z’n kleine oogjes. Daarna vloog hij een rondje om mijn hoofd en… en toen vloog hij weg!

Ik denk dat hij terug moest naar z’n mama. Ik heb z’n mama niet gezien, maar misschien woont ze wel in de eik! Ik ga morgen weer kijken, misschien zit hij er dan weer. Niemand gelooft me natuurlijk, maar het is waar! Ik zweer het!"
151,google/gemma-3-27b-it-fast,8_9,"Dus, gisteren was ik met opa naar het bos. Niet het bos vlakbij, maar het *echte* bos, waar je een beetje kan verdwalen. We zochten paddenstoelen. Opa kent alle soorten, maar ik kan ze nog niet onthouden.

We liepen al best ver toen ik iets zag bewegen. Heel snel! Ik dacht eerst een eekhoorn, maar het was… een poes! Zo’n heel klein poesje, helemaal zwart, met piepkleine oren. En hij was *bang*. Hij zat hoog in een boom te trillen.

Opa zei dat hij vast uit een doos was gezet ofzo. We probeerden hem te lokken met koekjes, maar hij kwam niet naar beneden. Toen had ik een idee! Ik begon te miauwen. Echt heel zachtjes, net als een poes. 

En weet je wat? Het werkte! Hij keek naar me en toen klom hij langzaam naar beneden. Hij sprong in mijn armen en spinde heel hard. We hebben hem mee naar huis genomen en nu woont hij bij ons! Hij heet Spook, want hij is helemaal zwart en zo snel wegrende in het bos. Mijn moeder was eerst boos, maar Spook is echt super lief."
152,google/gemma-3-27b-it-fast,8_9,"Nou, het begon allemaal op de zolder. Mijn opa heeft een heleboel spullen op zolder staan, écht veel. Oude meubels met stoffen eroverheen, en dozen, heel veel dozen. Mijn mama zei dat ik niet op zolder mocht, want het was stoffig en er stonden breekbare dingen. Maar… ik moest en zou weten wat er in die oude kist zat.

Die kist was van hout, heel donker en met een slotje erop. Ik had stiekem een haarspeld van mama gepikt en daarmee probeerde ik het slot te openen. Het duurde wel een tijdje, maar toen… klik! 

Daar lag een kompas. Niet zo’n gewoon kompas, nee, dit was van messing, heel glimmend en met rare tekens erop. Toen ik eraan draaide, begon het te gloeien! En ineens zag ik op de vloer een kaart verschijnen, alsof er iemand die had getekend met licht. 

De kaart leidde naar de tuin! En weet je wat? Daar lag begraven… een oude pet. Gewoon een oude pet. Een beetje jammer, eigenlijk. Maar opa zei dat de pet van zijn opa was geweest, en dat hij ermee op avontuur was geweest. Dus eigenlijk was het best wel cool. Nu ga ik ook op avontuur, met de pet van opa’s opa!"
153,google/gemma-3-27b-it-fast,8_9,"Nou, het begon allemaal met een verdwaalde slak. Echt waar! We hadden een moestuin, achter het huis van oma. En ik mocht er worteltjes oogsten. Maar toen ik bij een hele grote wortel kwam, zat daar een slak op. Niet zomaar een slak, maar eentje met een héle glimmende huisje, net alsof ie van parels was gemaakt.

Ik vond het zielig, want hij zat helemaal alleen. Ik dacht: die moet ik een vriendje geven! Dus ik stopte 'm in mijn broekzak. Ja, echt! Het kriebelde een beetje, maar dat was oké.

Toen liep ik naar de vijver, want daar zaten vast wel andere slakken. Maar de vijver was… weg! Er zat een hele grote kikker op de plek waar de vijver altijd was. En die kikker keek me heel boos aan! 

Ik schrok en liet de slak per ongeluk vallen. Die rolde toen recht op de kikker af! De kikker pakte de slak met z’n lange tong op en… slikte ‘m op. Sluik! 

Ik was zo verdrietig, maar de kikker knipoogde naar mij. Misschien vond hij de slak wel heel lekker. En misschien had de slak wel een heel groot avontuur gehad!"
154,google/gemma-3-27b-it-fast,8_9,"Nou, het gebeurde dus… laatst, toen we op vakantie waren in Zeeland, gingen mijn broertje Finn en ik schelpen zoeken. Het was heel hard waaien, en de golven waren super hoog! Mijn papa zei dat we niet te dicht bij het water mochten komen, maar Finn luistert nooit helemaal.

Hij rende weg! Ik schreeuwde nog “Finn, nee!”, maar hij was al weg. Hij rende naar een heel groot, donker schelp. Zo’n hele mooie, gecurvede. Hij bukte zich om ‘m op te pakken en… PLONS! Een golf kwam en sleurde hem mee!

Ik werd zo bang! Ik schreeuwde keihard om papa. Papa kwam meteen aangerend en rende het water in. Het duurde echt heel lang, maar uiteindelijk had hij Finn te pakken! Finn was helemaal nat en huilde, maar hij had de schelp nog vast!

Papa was boos, maar hij knuffelde Finn ook. En weet je wat? Die schelp was echt de allermooiste die ik ooit gezien had. We hebben hem mee naar huis genomen en hij staat nu op mijn nachtkastje. Finn mag ‘m niet meer alleen hebben, want hij luistert echt nooit naar papa. En ik pas op ‘m!"
155,google/gemma-3-27b-it-fast,8_9,"Nou, het begon allemaal toen ik bij opa en oma was, in dat heel oude huis. Niet eng oud, meer… alsof het al heel lang stond. Opa had een tuin, en in die tuin een hele grote appelboom. En daar, onder die boom, zat een heel klein, glimmend ding. Het leek wel een steentje, maar dan veel mooier. 

Ik pakte het op en het voelde warm in mijn hand. Toen ik er naar keek, zag ik een heel klein mannetje erin! Hij was echt minuscuul, en hij had een petje op. Hij schreeuwde iets, maar ik kon het niet verstaan. 

Toen gebeurde er iets geks. Ik werd kleiner! Echt, ineens was de appelboom reusachtig en de grassprieten leken bomen! En het mannetje riep: “Snel! Help me mijn kroon terugvinden!” 

Blijkbaar was hij een koning en had iemand zijn kroon gestolen. We zochten overal, onder de bloemen en tussen de stenen, en uiteindelijk vonden we hem! Het was een heel klein dopje van een flesje. De koning was zo blij! Hij gaf me een heel klein snoepje en toen… werd ik weer normaal. Ik keek naar mijn hand en het steentje was weg."
156,google/gemma-3-27b-it-fast,8_9,"Dus, gisteren... gisteren was echt gek. We gingen naar oma, zoals elke zondag. Maar oma zat niet in haar schommelstoel te breien. Ze zat aan de keukentafel met een heleboel flessen en dingetjes. Ze zei dat ze een toverdrank aan het maken was. 

Ik vroeg wat voor toverdrank, en ze knipoogde! Ze zei dat het een drankje was om te kunnen praten met dieren. Echt waar! Ik geloofde het niet meteen, maar ze gaf me een slokje. Het smaakte naar aardbeien en… vissenzaak? Een beetje raar.

Toen gingen we naar buiten, en de parkiet van de buurman, Pietje, zat op het hek. Normaal fluit hij alleen, maar nu... nu zei hij: “Hé! Die koekjes van oma zijn wel lekker, hè?” 

Ik schrok! En toen zag ik de kat van meneer Jansen, die zat te klagen dat hij honger had! Echt waar, hij zei: “Mijn bakje is leeg!” 

Het was super grappig! Ik heb oma beloofd niks te vertellen, anders wordt het te gek. Want iedereen zou dan toverdrank willen! Maar ik kan je wel vertellen… Pietje wil een blauwe vogelkooi. Dat is wat hij zei."
157,google/gemma-3-27b-it-fast,8_9,"Oké, luister even! Het gebeurde vorige week, bij opa en oma op het platteland. We gingen allemaal pannenkoeken bakken, en oma had net een héle stapel stroop neergezet. Superleuk, toch? Maar toen zagen we hem! Een egel! Hij zat onder de struik bij de schuur, en hij was helemaal aan het snuffelen.

Mijn broertje, Tim, die is echt een durfal, wilde hem gaan aaien. Maar opa zei: ""Nee Tim, dat is geen goed idee! Een egel prikt, en hij is bang."" 

Toen bedacht ik wat! Ik pakte een schaaltje met appelsap, en ik zette het voorzichtig bij de egel neer. Hij keek eerst heel schuw, maar toen begon hij eraan te likken! Hij dronk het helemaal op! Het was zo schattig!

Hij bleef even zitten, en toen rolde hij langzaam weer weg, de struiken in. Tim was een beetje teleurgesteld dat hij hem niet mocht aaien, maar ik zei: ""Kijk, we hebben hem wel geholpen! Hij had dorst!"" En opa knikte en zei dat ik heel slim was. We aten daarna lekker pannenkoeken, maar ik bleef maar denken aan die egel."
158,google/gemma-3-27b-it-fast,8_9,"Kijk, het begon allemaal met een heel oud boek. Mijn opa gaf het me, en hij zei: “Dit boek… dit boek heeft geheimen.” Ik dacht dat hij grapte, want het was helemaal versleten en de bladzijden waren bruin. Maar op de eerste pagina stond een tekening van een boom, en eronder een raar woord: ‘Fluisterhout’.

Ik vroeg aan mijn opa wat Fluisterhout was, maar hij haalde alleen zijn schouders op. Dus ik pakte mijn fiets en fietste naar het bos achter ons huis. Dat bos is niet zo groot, maar ik had er nog nooit van gehoord dat het ‘Fluisterhout’ heette.

Ik fietste steeds verder, en toen zag ik het. Een boom, precies zoals op de tekening! Hij was heel oud en er hingen allemaal slingers van mos aan. Toen ik dichterbij kwam, hoorde ik… fluisteren! Niet van mensen, maar van de boom zelf! Hij zei iets over een verdwenen schat, en een sleutel die verstopt zat onder een steen.

Ik zocht en zocht, en ja hoor! Een steen, en onder de steen een klein, zilveren sleuteltje. Waar die sleutel voor is? Dat weet ik nog niet… maar ik ga het zeker uitzoeken!"
159,google/gemma-3-27b-it-fast,8_9,"Nou, het is eigenlijk wel een gek verhaal. Het gebeurde vorige week, bij opa en oma in de tuin. Die hebben een hele oude appelboom, en daar hangen altijd hele zure appels aan. Niemand durft die te eten, behalve oma, die maakt er appelmoes van. 

Maar goed, ik was aan het verstoppertje doen met mijn broertje, Luuk. En ik dacht: ik verstop me in de boom! Dus ik klom erin, en ik zat daar verstopt tussen de bladeren. Toen hoorde ik een piepklein stemmetje. 

“Help! Help!”

Ik keek rond, maar er was niks te zien. “Wie is daar?” vroeg ik.

“Ik!” zei het stemmetje. En toen zag ik hem! Een héél klein mannetje, maar dan met vleugels! Een soort mini-elf, maar dan met een groen jasje en een puntmuts. Hij was vast komen zitten in een appel.

Ik moest heel voorzichtig zijn, want hij was echt piepklein. Ik heb de appel voorzichtig opengebroken en de elf eruit gehaald. Hij bedankte me heel erg, en vloog toen weg. Luuk vond het maar een raar verhaal, maar ik zweer het! Ik heb een echte elf gered!"
160,google/gemma-3-27b-it-fast,8_9,"Kijk, het gebeurde echt waar, bij opa en oma in de tuin! Er lag een hele oude appelboom, zo krom dat hij bijna op de grond lag. Maar er hingen altijd superlekkere appels aan.

Nou, daar zat een eekhoorn, echt zo’n fluffy met een pluimstaart. Die was altijd aan het knagen aan de appels. En die eekhoorn, die had een probleem. Hij wilde een appel meenemen, maar hij was te lui om ‘m helemaal naar z’n nest te sjouwen.

Dus, hij begon te rollen! Hij duwde de appel met z’n neus over de grond. Maar de appel rolde steeds terug omhoog! Het was net een spelletje. Toen kwam opa kijken en die moest heel hard lachen. 

“Die eekhoorn wil die appel echt, hé?” zei opa.

Toen greep opa de appel en rollde ‘m zelf een stukje, naar de rand van het gras. De eekhoorn sprong erachteraan en sleepte ‘m toen wel naar z’n nest. Ik vond het zo grappig dat een eekhoorn zó lui kon zijn! En dat opa hem hielp. Weet je, ik denk dat die eekhoorn wel een vriendje van opa is."
161,google/gemma-3-27b-it-fast,8_9,"Nou, laat ik jullie iets vertellen. Het gebeurde vorige zomer, bij oma op het land. We hadden een nieuwe puppy, een kleine, bruine met flaporen. Hij heette Max. Max was heel ondeugend. Echt heel ondeugend!

Eén dag was oma aan het bakken, koeken. Lekkere, warme koeken met suiker. En Max…Max vond die koeken *heel* lekker ruiken. Terwijl oma even naar buiten ging, sprong Max op de tafel! Hij probeerde een koek te pakken, maar hij was nog te klein. Hij duwde de hele stapel om! Overal koeken, op de grond, op de tafel, zelfs een beetje in zijn vacht!

Ik schrok me dood toen ik binnenkwam. Max keek me aan met een hele schuldige blik en een beetje suiker op zijn neus. Ik moest lachen, maar ik wist dat we in de problemen zouden komen. 

Toen kwam oma terug. Ze keek eerst heel boos, maar toen zag ze Max met die suiker op zijn neus en ze begon ook te lachen! We hebben samen alles opgeruimd en uiteindelijk kregen we nog iéts lekkers, maar Max mocht niet meer in de buurt van de tafel komen als oma aan het bakken was!"
162,google/gemma-3-27b-it-fast,8_9,"Nou, het begon echt raar. Ik was aan het spelen in de tuin, achter de schuur, waar het altijd een beetje donker is. Ik verstopte me voor mijn broertje, want hij wilde echt steeds politieagentje spelen en mij arresteren. 

Toen zag ik iets glinsteren. Het was een steen, maar niet zomaar een steen. Hij was helemaal blauw en had kleine, gele vonkjes erin! Ik pakte ‘m op en… hij werd warm! Niet heet, maar zo’n lekker warm gevoel, alsof je hand in een warme kop thee zit.

En toen hoorde ik een stem! Niet een stem van iemand die mij riep, maar een stem *in* mijn hoofd. Hij zei: “Wees voorzichtig met mij...” Het was super eng! Ik liet de steen bijna vallen, maar toen dacht ik, misschien is hij magisch! 

Ik liep ermee naar Lisa, mijn beste vriendin. Ik liet haar de steen zien en raad eens? Zij hoorde ook de stem! We probeerden er iets mee te doen, we wilden dat er bloemen groeiden of dat mijn tekening zichzelf kleurde, maar niks gebeurde. We geloven nu dat hij alleen maar waarschuwt. Voor wat? Dat weten we nog niet. Misschien voor monsters onder mijn bed!"
163,google/gemma-3-27b-it-fast,8_9,"Nou, het is dus echt waar gebeurd hoor! Gisteren was ik bij oma, en oma heeft een hele grote tuin, met een boomgaard. Ik mocht appels plukken voor de appeltaart, maar ik wilde eigenlijk niet. Het was veel leuker om te zoeken naar kabouters. 

Oma zegt altijd dat er kabouters in de boomgaard wonen, maar ik heb ze nog nooit gezien. Ik liep dus tussen de bomen, en ik keek onder elk blad, en achter elke wortel… niets! Toen, ineens, zag ik een hele kleine deur in de stam van een oude appelboom. Echt heel klein, zo’n deur voor een muis.

Ik knielde neer en ik keek door het deurtje. Het was donker, maar ik zag een klein tafeltje met mini-stoelen! En er zaten drie kabouters te kaarten! Ze waren niet groter dan mijn duim! 

Ik wilde ze heel graag roepen, maar ik was bang dat ze weg zouden rennen. Dus ik bleef heel stil zitten en ik keek. Ze hadden een potje klavertje vier! Toen, heel plotseling, keek één van de kabouters recht in mijn ogen. Hij knipoogde! En toen, puff, puff, puff, vlogen ze allemaal weg. 

Ik rende direct naar oma, maar die zei dat ik wel heel veel appels had geplukt en dat het aan mijn fantasie lag. Maar ik weet zeker dat ik ze gezien heb!"
164,google/gemma-3-27b-it-fast,8_9,"Nou, het is dus echt waar. Gisteravond, toen ik naar bed ging, hoorde ik een geluid. Niet zomaar een geluid, maar een soort… piep-piep-piep. Net alsof iemand heel kleine belletjes rinkelde. Ik dacht eerst aan mijn zusje, die soms verstoppertje speelt nadat we naar bed moeten, maar ze sliep al, dat had mama gecheckt.

Dus ik ging heel stilletjes uit bed en liep naar de keuken. Papa en mama sliepen ook al. En toen… zag ik het! Een heel klein, glimmend dingetje zat op de keukentafel. Het leek wel een mini-robot, maar dan met vleugels! En dat piep-piep-piep kwam daar vandaan.

Het dingetje zag mij en begon nog harder te piepen en met zijn vleugeltjes te fladderen. Ik pakte voorzichtig een bakje en probeerde het erin te doen. Het was supersnel! Het vloog door de keuken, om de stoelen heen en zelfs nog een rondje om de lamp! Uiteindelijk lukte het. Ik heb het bakje buiten gezet, bij de bloemen. 

Vanmorgen was het bakje leeg. Weg! Misschien een droom? Maar ik hoorde mijn oma vanmorgen zeggen dat ze een heel mooi, klein bloemetje zag in de tuin, eentje die ze nog nooit eerder had gezien. Ik denk dat het van de mini-robot was."
165,google/gemma-3-27b-it-fast,8_9,"Gisteren, toen ik bij oma was, gebeurde er iets superraars. We waren in de tuin, oma aan het tuinieren en ik aan het zoeken naar kevers. Ik zag er eentje, heel glimmend zwart, en toen ik hem wilde pakken, zag ik… een heel klein deurtje in de wortels van de oude appelboom!

Het deurtje was maar zo groot als mijn duim. Ik riep: “Oma! Oma! Kijk!” Maar oma was druk bezig met haar rozen, dus ze hoorde me niet. Ik probeerde het deurtje open te maken. Het ging best wel stroef, maar toen ging het opeens!

Achter het deurtje was een heel donker gangetje. Ik was een beetje bang, maar ook heel nieuwsgierig. Ik pakte mijn zaklampje uit mijn jaszak en scheen in het gangetje. Daar zaten… kabouters! Kleine, lachende kabouters die aan een mini-tafeltje zaten te picknicken met frambozen en dauwdruppels! 

Eén van de kabouters keek naar me en knipoogde. Hij bood me een framboos aan. Hij was heel lekker! Toen oma riep dat het tijd was om te gaan, moest ik het deurtje weer dichtdoen. Ik weet niet of ik het nog eens terug kan vinden. Maar de framboos smaakte nog steeds!"
166,google/gemma-3-27b-it-fast,8_9,"Oké, luister. Mijn opa heeft een héle oude schuur. Echt superoud! Hij zegt dat hij er al staat sinds zijn opa leefde. In de schuur staan allemaal rommel dingen. Kapotte fietsen, een kachel die niet meer werkt, en heel veel oude dozen.

Laatst, toen het regende, ging ik met mijn opa naar de schuur. Ik mocht in de dozen snuffelen. In één doos zat een heleboel oude sleutels. Zo’n glimmende, zilveren en koperen. En één… één was goudkleurig! 

Ik vroeg opa waar die sleutels van waren. Hij zei dat hij het zelf niet meer wist. Dat ze misschien van een oude kist waren, of van een geheime kamer! Een *geheime kamer*!

Dus we zijn de hele schuur afgegaan, alle kisten open gemaakt, overal gekeken. We vonden niks. Maar toen, achter een hele grote hoop oude zakken met aardappelschil, zagen we iets. Een heel klein deurtje in de muur! Super klein.

En raad eens? De goudkleurige sleutel paste! Er zat helemaal niks spannends achter, alleen een oude glazen pot met knikkers. Heel veel knikkers! Maar het was wel een geheime kamer, toch? En dat komt door die sleutel!"
167,google/gemma-3-27b-it-fast,8_9,"Nou, gisteren… gisteren was echt iets. Ik liep met mijn opa naar de winkel voor snoep, want het was bijna weekend. Opa bromt altijd een beetje, maar hij koopt altijd de lekkerste dingen. 

We waren bijna bij de winkel, toen zagen we een kat! Maar niet zomaar een kat. Hij had een heel klein hoedje op! Echt waar! Een mini-hoedje, rood met een veertje. We bleven staan kijken. De kat liep heel serieus, alsof hij op weg was naar een heel belangrijk feest.

Opa lachte en zei dat ik gek keek, maar ik zweer het! We volgden de kat een stukje, maar hij sloeg een steegje in. We durfden niet achteraan, want het was best donker daar. 

Toen we bij de winkel waren, kocht opa me een hele zak zure matten. Maar ik bleef maar denken aan die kat met zijn hoedje. Waar zou hij naar toe gaan? Misschien naar een verjaardag? Of naar een geheime kattenbijeenkomst? Ik moet echt eens in dat steegje kijken. Misschien zie ik hem nog een keer!"
168,google/gemma-3-27b-it-fast,8_9,"Dus, gisteren… gisteren gebeurde er iets supergek. Ik was bij mijn oma, en oma heeft een kat, Boris. Boris is een heel dikke kat, en hij slaapt bijna de hele dag. Maar gisteren niet!

Gisteren zat Boris naar buiten te kijken. En toen… zag hij een eekhoorn! Echt waar! En Boris, die springt ineens op de vensterbank, en probeert door het raam naar buiten te gaan! *Zoeft* tegen het glas. Hij bleef maar springen en krabben. 

Ik probeerde hem weg te trekken, maar hij was zo gefixeerd op die eekhoorn, dat hij ging miauwen en aan mijn arm zat te trekken. Het was net alsof hij zei: “Ik moet die eekhoorn pakken, ik moet die eekhoorn pakken!”

Oma kwam erbij en moest heel hard lachen. Ze zei: “Boris, je bent een kat, je kunt niet vliegen!” Ze heeft hem uiteindelijk van de vensterbank gehaald en een snoepje gegeven. Boris was toen meteen rustig. 

Maar de eekhoorn? Die zat nog steeds in de boom en keek Boris uit te lachen, denk ik. Het was echt grappig, hoor!"
169,google/gemma-3-27b-it-fast,8_9,"Dus, gisteren… gisteren was echt raar. Ik was aan het spelen in de tuin, achter onze appelboom, en ik ving een kever. Zo’n hele glimmende, groene. Normaal zijn kevers gewoon… kevers, maar deze kever was anders. Hij was héél klein, en hij begon te praten! 

Echt waar! Hij zei: “Help! Ik ben verdwaald!” Ik dacht eerst dat ik droomde, want kevers praten toch niet? Maar hij bleef maar zeggen: “Ik moet terug naar het Kristallen Bos, maar ik weet de weg niet meer!”

Het Kristallen Bos! Dat klinkt toch super cool? Ik vroeg waar dat was, en hij zei… achter in de schuur! In de hoek, onder de oude emmers. Daar was een kleinig doosje en daarin… een heleboel mini-lichtjes! Het zag er uit als een echt bos, maar dan héél klein.

Ik heb de kever in het doosje gezet en hij vloog meteen naar een klein, lichtgevend bloemetje. Hij zwaaide nog met zijn pootjes en zei: “Bedankt!” Daarna was hij weg. 

Ik heb de emmers weer teruggezet en toen ging ik appelmoes eten. Mama geloofde me natuurlijk niet, maar ik weet zeker dat het echt gebeurd is!"
170,google/gemma-3-27b-it-fast,8_9,"Nou, het is dus echt waar gebeurd, hè! Mijn opa heeft een tuin, maar niet zomaar een tuin. Die is supergroot en er zit een geheim in. Mijn opa zei dat er een kabouter woonde, maar ik geloofde hem niet. Kabouters bestaan toch niet?

Maar vorig weekend was ik bij opa en ik ging verstoppertje spelen. Ik verstopte me achter een hele grote pompoen, zo’n oranje reus. En toen hoorde ik gepiep! Heel klein gepiep. Ik keek goed en… er zat een heel klein vogeltje vast in het net dat om de pompoen zat!

Het was een jong vogeltje, helemaal verward. Ik zei zachtjes: “Niet huilen, ik help je wel.” Papa en opa waren niet te vinden, dus ik moest zelf iets verzinnen. Ik pakte heel voorzichtig het net los, met mijn kleine vingertjes. Het duurde lang, want het zat heel vast. 

Uiteindelijk kon het vogeltje eruit! Het vloog meteen op en landde op opa’s schouder. Opa lachte en zei: “Zie je wel? De kabouter heeft hulp nodig gehad!” Ik denk toch dat het gewoon een vogeltje was, maar het was wel heel spannend! En opa zei dat het mijn geluk bracht."
171,google/gemma-3-27b-it-fast,8_9,"Oké, luister goed. Mijn opa heeft een hele oude schuur. Echt super oud! En in die schuur… daar lag een kist. Een houten kist met een slotje, maar het slotje was kapot.

Ik mocht hem openmaken! Eerst dacht ik dat er piratenschat in zat, want opa vertelde altijd verhalen over piraten. Maar het was geen goud. Het was… heel veel knopen. Allerlei soorten! Grote, kleine, blinkende, saaie, rood, blauw, alles!

Opa zei dat het de knopen waren van zijn vader, mijn overopa. Die was matroos geweest. Elke knoop had een verhaal, zei opa. Eén knoop was van een jas die hij droeg toen hij een storm overleefde. En een andere knoop was van een trui die hij kreeg van zijn moeder, voordat hij op reis ging. 

Ik kreeg er één om in mijn knopenverzameling te doen. Een heel klein, wit knoopje. Opa zei: ""Die knoop herinnert je eraan dat zelfs de kleinste dingen een groot verhaal kunnen hebben."" Ik bewaar hem nu in een doosje onder mijn bed. En elke keer als ik ernaar kijk, bedenk ik me wat voor verhaal die knoop allemaal zou kunnen hebben."
172,google/gemma-3-27b-it-fast,8_9,"Dus euh… gister, toen ik van school kwam, was opa in de tuin. Niet aan het tuinieren, maar hij zat gewoon te kijken naar een slak! En niet gewoon een slak, echt een hele grote, met een huisje dat glom. 

“Kijk, Finn,” zei opa, “dat is Simon.”

“Simon?” vroeg ik.

“Ja, Simon de Slak. Hij is de snelste slak van de hele buurt, zegt hij zelf.”

Ik lachte. Snel? Een slak? Maar opa knikte heel serieus. Hij had een klein beetje sla bij zich en legde dat voor Simon. Simon kroop er helemaal op af en begon te eten. Het duurde heel lang, echt heel lang!

Toen zei opa: “We gaan Simon een race laten doen!” We maakten een streep in het zand en opa legde Simon er net voor. We moesten wachten. En wachten. En wachten! Uiteindelijk kwam Simon bij de streep. 

“Hij heeft gewonnen!” riep opa. Ik moest lachen. Had opa het verzonnen? Misschien wel. Maar Simon leek wel heel blij. En opa ook. Het was gewoon een hele rare, en leuke middag."
173,google/gemma-3-27b-it-fast,8_9,"Nou, het is dus echt waar. Echt waar! Mijn opa, die heeft een kat. Niet zomaar een kat, hoor. Een hele speciale. Hij heet Pluis, maar hij is helemaal niet pluisig. Meer zo… stoer. Pluis kan praten! Niet zoals wij, natuurlijk, meer zo in z’n kop. En dan weet opa het opeens.

Eergisteren was ik bij opa. We zaten buiten en Pluis zat op de schutting. Plotseling zei opa: “Pluis denkt dat de buurman zijn sokken steelt!” En ik dacht: wat? Sokken stelen?

Toen gingen we stiekem kijken. En weet je wat? De buurman, die had een hele hoop sokken in z’n tuin liggen! Heel gekke kleuren en met gaatjes. Pluis zat op de schutting te miauwen, en opa zei dat hij zei: “Ik wist het!” 

We hebben het niet tegen de buurman gezegd, dat zou raar zijn. Maar nu weten wij het wel. En Pluis. En Pluis vind het heel belangrijk dat iemand het weet. Hij is namelijk de detective van de straat! Ja, echt waar."
174,google/gemma-3-27b-it-fast,8_9,"Nou, het is echt waar hoor! Het gebeurde vorige week. Ik was bij mijn oma, en zij heeft een héle grote tuin. Achterin, bij de oude appelboom, staat een klein huisje. Niet voor mensen, maar voor egels! Oma zegt dat daar Egelbert woont.

Ik mocht Egelbert eten geven, dat was superleuk. Oma had een schaaltje met kattenvoer neergezet. Ik zag het helemaal niet zitten om kattenvoer te geven aan een egel, maar oma zei dat ze het lekker vinden.

En toen, toen ging ik kijken... en zat Egelbert IN de schaal! Hij was helemaal onder het voer, met z'n snoet vol brokjes! Het leek wel alsof hij zich verstoppte. Ik moest heel erg lachen, en oma ook.

Hij zat daar zo te knabbelen, en opeens keek hij op en keek recht in mijn ogen. Hij had z'n neusje omhoog en z'n snorharen trilden. Het leek net alsof hij zei: “Wat sta je nou te kijken?”

Daarna is hij weer verder gaan smullen, alsof er niks aan de hand was. Ik denk dat hij wist dat ik hem niet deed pijn zou doen. Egelbert is echt een gekkie!"
175,google/gemma-3-27b-it-fast,8_9,"Dus… gisteren was echt raar. Weet je, mijn opa heeft een hele oude schuur achterin de tuin. Zo’n schuur waar je eigenlijk nooit mag komen, omdat het er gevaarlijk is. Nou, gisteren was opa niet thuis en mijn broertje Finn en ik… we sloopten stiekem naar de schuur. 

Het was superdonker binnen en overal lagen oude spullen: kapotte fietsen, een oude schommel, en heel veel dozen. Finn zocht naar snoep, want hij dacht dat opa daar verstopt had, maar ik vond een doos met allemaal… veren! Niet zomaar veren, echt heel mooie, glimmende veren in alle kleuren van de regenboog.

Toen we de veren aanraakten, begonnen ze te gloeien! En er kwam een heel klein, blauw vogeltje uit de doos gevlogen. Hij was niet bang, hij landde gewoon op mijn vinger! Hij tjilpte naar ons en toen… verdween hij weer in de doos. 

De veren waren toen weer gewoon veren. Finn dacht dat ik het verzon, maar ik zweer het! Het was echt waar! Ik denk dat het een magische vogel was. Ik ga vandaag kijken of de doos er nog staat… en misschien nemen we wel een zakje rijst mee, voor het vogeltje, als hij terugkomt!"
176,google/gemma-3-27b-it-fast,8_9,"Nou, het gebeurde afgelopen weekend. We gingen naar mijn oma, en die heeft een tuin, heel groot! Met allemaal bloemen en een kersenboom. Mijn oma zei dat er een kabouter in de tuin woonde, maar mijn grote broer, Tim, lachte me uit. “Kabouters bestaan niet!” zei hij. 

Ik geloofde haar wel. Ik zocht overal. Achter de rozenstruiken, onder de koolbladeren, zelfs in de kersenboom, maar ik zag niks. Toen, toen ik bij de vijver zat, zag ik iets bewegen. In het gras, tussen de waterlelies. Het was héél klein. 

Ik kroop dichterbij en ik zag hem! Een echte kabouter! Hij had een puntmuts en een heel lang, grijs baardje. Hij was druk bezig met een klein bootje te maken van een esdoornblad! Ik durfde niet te ademen.

Tim kwam net kijken, en toen... was de kabouter weg! Tim lachte weer. “Zie je wel?!” Maar ik weet zeker dat ik hem gezien heb. En mijn oma knipoogde. Ze zei dat kabouters heel snel zijn als ze willen. En dat hij vast blij was met de kersen die ik voor hem had neergelegd."
177,google/gemma-3-27b-it-fast,8_9,"Dus, gisteren… gisteren was echt raar. Ik was met opa in het bos, we zochten naar paddenstoelen, weet je, van die mooie rode met witte stippen. Maar we vonden geen paddenstoelen. We vonden wel een hut! Niet zomaar een hut van takken, nee, eentje die bestond uit allemaal… blikjes. Oud drinkenblikjes en conservenblikjes, allemaal aan elkaar vast. 

Het zag er uit als een klein huisje, echt heel knap gemaakt. En er zat een briefje bij! Opa las het voor. Er stond: ‘Voor de Blikjeskoning’. Wie is de Blikjeskoning?! We keken rond, maar er was niemand.

Toen hoorden we een geluid, zo’n ritselend geluid in de bosjes. We dachten dat het een dier was, maar het was een klein meisje! Ze had een zak vol blikjes bij zich. Ze zei dat zij de Blikjeskoningin was en dat ze de hut had gebouwd. Ze verzamelt blikjes om… om de boselfen een huis te geven! Ja, echt! Ze zei dat elfjes in blikjes wonen als je ze mooi maakt. 

Opa lachte een beetje, maar ik geloofde haar. Ze vroeg of ik ook blikjes wilde verzamelen. Dus dat ga ik doen! Misschien wel morgen."
178,google/gemma-3-27b-it-fast,8_9,"Nou, dus… gisteren was ik bij mijn opa en oma. Oma had net een heleboel koekjes gebakken, met glitters erop! Echt superlekkere. En opa had een nieuwe soort kattenkruid gekregen. Voor Pluis, hun kat. 

Pluis is een beetje gek. Niet heel erg, maar hij rent de hele tijd rond en springt op alles. Dus opa deed een beetje kattenkruid op de grond en Pluis begon te rollen! Hij draaide rondjes en hij gilde, maar het was geen gemeen gillen, meer een vrolijk gillen. 

En toen… toen ging hij achter mijn schoenveters aan! Hij probeerde ze open te maken, hij beet eraan en hij sprong erop. Ik lachte me kapot, maar ik wou niet dat hij mijn nieuwe schoenen kapot maakte. Dus ik tikte hem voorzichtig op zijn neusje. 

Pluis keek me heel boos aan, en toen… toen sprong hij op oma’s hoofd! Oma schreeuwde een beetje, maar ze vond het eigenlijk grappig. Ze zei dat Pluis een gekke clown was. En daarna ging hij gewoon weer rollen en gillen. Het was echt heel leuk."
179,google/gemma-3-27b-it-fast,8_9,"Dus, eh, gisteren was echt supercool. Ik was met mijn opa aan het vissen. We gingen naar de oude steiger, weet je, waar het water een beetje bruin is en er altijd kikkers zitten? 

Opa zegt altijd dat je geduld moet hebben, maar ik hou niet zo van geduld. Ik wil gewoon meteen een vis! Dus ik gooide mijn lijn uit, en… niks. En niks. En nog eens niks. Ik zat al bijna te mopperen, toen ik ineens een ruk voelde!

Het was zwaar! Super zwaar! Ik trok en trok, en opa hielp een beetje. En toen, toen zagen we het! Het was geen gewone vis! Het was een… een rubberen laars! Een hele oude, groene rubberen laars. 

Opa moest heel hard lachen. Hij zei dat die laars er vast al jaren lag. Ik vond het eerst een beetje jammer, want ik wilde een vis. Maar toen bedacht ik me dat het eigenlijk best grappig was. We hebben de laars op de steiger gezet en hij ziet er nu uit alsof er iemand zijn voet heeft verloren! We hebben wel een kleine vis gevangen daarna, maar de laars was het leukste."
180,google/gemma-3-27b-it-fast,8_9,"Nou, het is dus echt waar gebeurd, echt! Het was vorig weekend. Mijn opa en oma hebben een tuin, maar geen gewone tuin. Het is een beetje een jungle. Met allemaal hoge planten en zo. En daar, achter de takken van de oude appelboom, zag ik iets glitters. 

Ik dacht eerst dat het gewoon water was, door de zon. Maar het glinsterde anders. Dus ik kroop er helemaal onderdoor, heel voorzichtig, want er zaten ook bijen enzo. En raad eens wat ik vond?

Een doos! Een kleine, houten doos met allemaal gekleurde steentjes erop geplakt. Hij was een beetje roestig, maar nog heel stevig. Ik kon hem open krijgen. En er zat… een kaart in! Een soort schatkaart. Met een grote X op de plek waar de oude wilg staat.

Ik heb hem direct aan opa laten zien. We hebben samen gaan graven. Het duurde best lang, want het was harde grond. Maar uiteindelijk vonden we… een bakje vol oude knikkers! Niet zomaar knikkers hoor, echt hele mooie, met swirl en allemaal kleuren. 

Opa zei dat het knikkers waren van zijn opa, dus van mijn over-overopa! Cool toch? Ik mag ze houden. En nu spelen we er elke dag mee."
181,google/gemma-3-27b-it-fast,8_9,"Dus, gisteren was echt… raar. Ik was aan het spelen in de tuin bij opa en oma. Je weet wel, die tuin die heel groot is met al die struiken? Nou, ik zocht een kever. Een echt grote, glimmende kever. Ik wilde hem meenemen naar school om aan Joris te laten zien, die is gek op beestjes.

Ik kroop onder de rozenstruiken, want daar zitten altijd veel beestjes. En toen zag ik het. Geen kever, maar… een deur. Een héle kleine deur, in de wortels van de rozenstruik! Het was echt een deurtje, met een mini-knop.

Ik draaide de knop om en de deur ging open! Het was helemaal donker binnen. Ik was een beetje bang, maar ik had mijn zaklamp bij me. Ik scheen ermee naar binnen en… er zaten paddenstoelen! Maar niet zomaar paddenstoelen, nee, ze waren aan het dansen! Ze draaiden rond op een piepklein muziekje. Het was alsof er een feestje was voor het slapengaan.

Ik bleef heel stil kijken. Toen gaf een van de paddenstoelen me een mini-bloem. Ik nam hem mee en ik beloofde ze dat ik hun geheim niet zou vertellen… tot nu dus."
182,google/gemma-3-27b-it-fast,8_9,"Nou, het is eigenlijk echt waar! Mijn opa heeft een geheim tuin. Niet zomaar een tuin met bloemen enzo, nee, een tuin waar allemaal dingen gebeuren. Hij zegt altijd dat je er niet zomaar in mag, maar ik… ik ben er een keer ingeglipt.

Het was toen mijn opa weg was om boodschappen te doen. De poort was niet eens op slot! In de tuin stonden allemaal planten die ik nog nooit had gezien. Een met knipperende bloemen, en eentje die naar vanille rook. En er liep een heel klein konijntje dat blauw was! Echt waar! 

Ik probeerde het te aaien, maar toen begon hij te zweven! Hij vloog een rondje om mijn hoofd en landde toen weer op de grond. Toen hoorde ik mijn oma roepen. Ik was zó geschrokken dat ik gelijk wegrende.

Nadat ik het mijn oma vertelde, lachte ze alleen maar. Ze zei dat opa een fantasierijk mannetje was. Maar ik weet beter! Ik heb het met mijn eigen ogen gezien! En ik ga er zeker weer terug, als opa er niet is. Misschien kan ik dan weer met het blauwe konijntje spelen."
183,google/gemma-3-27b-it-fast,8_9,"Weet je, gisteren gebeurde er iets superraars. Ik was aan het spelen in de tuin, verstoppertje met mijn hond, Max. Max is een hele lieve golden retriever, maar hij is echt heel slecht in verstoppen. Zijn staart zwiept altijd, dus je ziet hem meteen!

Ik telde tot twintig, en toen ging ik zoeken. Ik keek achter de struiken, onder de schommel, maar Max was nergens te vinden. Toen hoorde ik een heel zacht geluid, zo’n soort… tjirp? Ik volgde het geluid naar de oude appelboom. 

En raad eens? Daar zat Max, helemaal boven in de boom! Hoe hij daar is gekomen, weet ik echt niet. Hij keek me aan met zijn grote bruine ogen, alsof hij zei: “Help me, ik zit vast!” 

Papa moest hem eruit halen met een ladder. Max was helemaal niet boos, hij kwispelde gewoon. Het was wel de raarste verstoppertje-sessie ooit! En nu zegt papa dat Max geen verstoppertje meer mag spelen. Soms is hij echt een gekke hond."
184,google/gemma-3-27b-it-fast,8_9,"Nou, het is echt waar hoor! Mijn opa, die heeft een hele bijzondere tuin. Niet met bloemen ofzo, maar met… dingen. Gisteren was ik er, en ik mocht helpen met de ‘voedselvoorraad’. 

Opa zei: “We moeten de Flubberblippers voeden vandaag.” Ik snapte er niks van, Flubberblippers? Maar hij pakte een bak met glitters en strooide dat over allemaal gekke planten. Ze waren niet groen, maar paars en oranje en hadden allemaal ogen! Kleine, wiebelende ogen.

Eén Flubberblipper, die was extra hongerig. Hij rekte zijn takjes naar me uit, alsof ie me wilde knuffelen. Opa lachte: “Pas op, die willen alleen glitter!” Dus ik gooide een handvol glitter naar ‘m. Hij begon te trillen en te glimmen! Echt cool!

Opa zegt dat Flubberblippers de tuin beschermen. Tegen… saaie dingen. En tegen mensen die niet van glitter houden. Dus als je ooit bij opa in de tuin komt, moet je wel glitter meenemen, anders krijg je problemen! Het is een geheim, hoor. Niet doorvertellen aan juffrouw Maria. Zij heeft vast geen Flubberblippers."
185,google/gemma-3-27b-it-fast,8_9,"Nou, het begon allemaal toen ik bij opa en oma was. Opa heeft een supergrote tuin, met een boomgaard! En in die boomgaard staat een hele oude perenboom. Die peren zijn niet zo lekker, zegt mama altijd, maar opa vindt ze het lekkerst.

Ik zat onder die boom, te spelen met m’n leger, plastic soldaatjes, en toen…zag ik iets bewegen. Niet in het gras, nee, IN de boom! Een klein deurtje, heel verborgen tussen de takken. Ik was geschrokken, maar ook superbang nieuwsgierig. 

Ik klimde net zolang, heel voorzichtig, tot ik bij het deurtje was. Het was echt een deurtje! Ik duwde het open en er zat een trap! Een heel klein trapje, naar beneden. Ik keek naar beneden, en het was helemaal donker. 

Ik haalde diep adem en ging naar beneden. Het was een beetje eng, maar toen zag ik lichtjes! En…een heel klein huisje! Met een mini-tafeltje en stoeltjes en allemaal glinsterende steentjes. En daar zat een…fee! Ze was echt heel klein, met vleugels en een jurk van bloemblaadjes. Ze keek me aan en lachte. Ze zei dat ik de eerste was die haar huisje had gevonden in honderd jaar!"
186,google/gemma-3-27b-it-fast,8_9,"Nou, eh… het is dus echt waar gebeurd. Gisteren, na school, ging ik met mijn opa naar het bos. We moesten eigenlijk alleen maar takken zoeken voor de open haard, maar dan gebeurde het. We waren al best ver het bos in, toen opa ineens heel stil werd. Ik vroeg wat er was, en hij wees. 

Daar, tussen de wortels van een hele grote boom, zat een klein, glinsterend huisje! Zo eentje van een kabouter, maar dan echt. Het was van mos en kleine steentjes gemaakt, en er was een piepklein raampje.

Ik wilde er heel graag kijken, maar opa zei dat we niet mochten storen. Misschien woonde er wel iemand in! We keken nog even, en toen zagen we een heel klein beestje wegrennen. Het was niet een muis, en ook geen eekhoorn… Het was net een miniatuur-hertje, maar met vleugels! 

Ik geloof dat het de bewoner van het huisje was. We hebben snel takken gezocht en zijn toen teruggegaan. Ik heb het aan iedereen thuis verteld, maar ze geloofden me niet helemaal. Maar het is wel echt gebeurd! Ik zweer het!"
187,google/gemma-3-27b-it-fast,8_9,"Nou, eh… het gebeurde dus echt! Mijn opa, die heeft een héle speciale tuin. Niet zo’n gewone tuin met bloemen enzo, nee. In zijn tuin groeien… praatstenen. Ja, je hoort het goed! Stenen die konen praten. 

Maar je moest wel heel goed luisteren, want ze fluisterden. En niet allemaal hetzelfde. Er was er eentje, die had altijd honger, die zei heel zachtjes: ‘Koekje?’. En er was een rode steen, die vertelde over piraten. Echt waar! Die had alles gezien, zei hij.

Ik mocht er af en toe eentje vasthouden. Maar opa zei dat ik ze niet moest meenemen naar huis, want dan werden ze stil. En dan waren het gewoon… stenen.

Eén keer probeerde ik toch een kleine, blauwe steen verstoppen in mijn jaszak. Toen ik thuis was, wilde ik hem laten praten, maar hij zei niks. Echt helemaal niks. Ik was zo verdrietig! Ik bracht hem de volgende dag meteen terug naar opa. Toen zei hij heel zachtjes ‘Zee’. En vanaf dat moment werkte hij weer. Dus je moet ze echt in de tuin laten, hoor. Anders zijn ze weg."
188,google/gemma-3-27b-it-fast,8_9,"Eh... nou, gisteren gebeurde er iets superraars. Ik was aan het spelen in de tuin, bij oma. Oma heeft een heel grote tuin, met allemaal bloemen enzo. En een oude appelboom. Ik was aan het verstoppen spelen met mijn knuffelhaas, Boris.

Toen ik achter de appelboom kroop, zag ik iets glitters. Zoals... feeënstof! Ik keek goed en zag een hele kleine deur in de wortels van de boom. Echt heel klein, net voor een muis! Ik dacht eerst dat ik me iets verbeeldde, maar toen hoorde ik iemand roepen: ""Hé, wie staat daar?""

Het was een heel klein mannetje met een puntmuts. Hij was niet groter dan mijn hand! Hij had een baard en een hele rode wang. Hij zei dat hij een kabouter was en dat dit zijn huis was. Boris was best wel bang, maar ik vond het supercool. 

De kabouter gaf me een klein steentje. Hij zei dat als ik er op zou blazen, ik een wens kon doen. Maar ik had nog geen wens bedacht, dus ik heb het steentje bewaard voor later. Oma riep me toen om te eten, dus ik moest weg. Ik heb de deur weer dicht gedaan en ik hoop echt dat de kabouter er nog zit als ik morgen terugga!"
189,google/gemma-3-27b-it-fast,8_9,"Dus, eh... gisteren was echt raar. Ik was aan het spelen in de tuin, bij de grote eik, weet je wel, waar ik altijd mijn fort maak? Ik was een superheld, en ik moest de tuin redden van... van slechte kabouters! 

En toen zag ik iets glinsteren. Het was een klein doosje, verstopt onder de wortels van de boom. Zo'n houten doosje, met een slotje. Ik probeerde het open te maken, maar dat lukte niet. Dus ik vroeg mijn opa. Hij had een hele oude sleutel, en die paste!

In het doosje zat geen goud, geen snoep… nee, er zaten vijf steentjes in. Maar niet zomaar steentjes! Ze glinsterden in alle kleuren van de regenboog. En toen ik ze vasthield, hoorde ik een heel zacht gelach. Echt heel zacht! 

Ik denk dat het de kabouters waren. Misschien waren het goede kabouters, en die hadden de steentjes verstopt voor mij! Ik heb ze nu in een speciaal doosje op mijn nachtkastje liggen. Ik denk dat ze me 's nachts beschermen tegen monsters. En ze glinsteren heel mooi in het donker."
190,google/gemma-3-27b-it-fast,8_9,"Nou, het gebeurde vorige week. Ik was bij mijn opa en oma op bezoek, en daar is een héél groot bos achter. Je mag er niet alleen in, zegt mijn mama, want hij is echt heel diep. Maar opa zei: “Kom, we gaan even kijken naar de paddenstoelen!”

We liepen een beetje het bos in, en ik zag er ineens één. Niet zomaar een paddenstoel, nee, hij had rode stippen! Opa zei dat het een vliegenzwam was en dat je die echt niet mag aanraken, want die is giftig.

Toen zag ik iets bewegen bij een hele grote boom. Ik dacht eerst dat het een eekhoorn was, maar het was… een kabouter! Echt waar! Hij was niet heel groot, misschien zo hoog als mijn knie. Hij had een puntmuts aan en een lange baard en hij was heel druk bezig met iets.

Ik wou hem roepen, maar opa pakte mijn arm en fluisterde: ""Niet schrikken, anders rent hij weg!"" We keken stilletjes toe en de kabouter was een klein huisje aan het bouwen van takjes en blaadjes. Toen keek hij op en lachte naar ons! We lachten terug en toen gingen we weer terug naar oma, want het werd al bijna donker. Ik geloof dat ik echt een kabouter heb gezien!"
191,google/gemma-3-27b-it-fast,8_9,"Oké, luister! Mijn opa heeft een hele oude tuin. Niet zo’n nette tuin met rozen enzo, maar eentje met allemaal dingen die gewoon… groeien. Daar zit ook een hele grote kerselaar in. Echt hoog! 

Vorig jaar zomer waren we bij opa en ik wilde zoooo graag kersen plukken. Maar ze zaten zo hoog! Ik sprong en sprong, maar ik kon er niet bij. Toen zei opa: “Weet je, als je heel stil bent en je concentreert, kan je soms de wind horen fluisteren. Die weet wel waar de rijpste kersen zitten.”

Ik ging staan en luisterde. En je weet wat? Ik hoorde een soort zacht gezoem. Alsof de wind echt iets aan het zeggen was! En raad eens waar de kersen dan zaten? Precies! Aan de takken die de wind een beetje op en neer liet gaan. Ze waren superrood en superzoet! 

Ik denk dat de wind echt opa’s geheime tuinhelper is. En nu weten jullie het ook! Maar je moet wel heel goed luisteren. Anders hoor je hem niet."
192,google/gemma-3-27b-it-fast,8_9,"Nou, gister was echt gek. We gingen naar oma, en oma heeft een kat, Snorpoes. Snorpoes is heel oud en een beetje knorrig, maar ik vind hem stiekem het leukst. 

We zaten taart te eten, en ik morste een beetje jam op mijn shirt. Niet boeie, dacht ik, maar toen Snorpoes dat zag... hij sprong op tafel! En hij begon aan mijn jam te likken! Echt, aan mijn shirt! 

Mijn broertje, Tim, die begon te giechelen en oma moest heel hard lachen. Snorpoes vond het ook wel grappig, want hij spinde heel hard. Maar daarna ging hij helemaal wild. Hij sprong van tafel, rende door de kamer en begon met een bolletje wol te spelen. Hij rolde er helemaal in en zag eruit als een wollige monster!

Tim en ik hebben hem toen geprobeerd te vangen, maar Snorpoes is super snel. Uiteindelijk lagen we alle drie op de grond in de wol, lachend. Papa zei dat het de gekste theekrans was ooit. Snorpoes kreeg wel een straf, geen visje van oma vanavond. Maar hij was er niet verdrietig om, hij lag gewoon te slapen in een berg wol."
193,google/gemma-3-27b-it-fast,8_9,"Nou, het is dus echt waar gebeurd! Mijn opa heeft een heel oud huis, met een tuin waar álles groeit. Niet alleen bloemen en tomaten, maar ook… dingen die je niet mag plukken. Want er wonen kabouters!

Mijn opa zegt dat je ze niet kunt zien, maar ik wél. Ze zijn heel klein en hebben puntmutsen. Eén, die heet Piep, heeft altijd een rode muts.

Laatst was ik bij opa en ik mocht een wortel uit de grond trekken voor de konijnen. Toen zag ik Piep heel boos naar me kijken! Hij stond op een paddenstoel en schreeuwde iets wat ik niet verstond, maar het klonk niet vriendelijk. 

Ik trok toch aan de wortel en… BAM! Er kwam een hele stapel stenen omhoog! Opa zei dat die daar al jaren lag, begraven. En raad eens? Er zat een oude, glimmende munt onder! Piep was meteen weer blij en knikte naar me. 

Mijn opa zegt dat de kabouters de tuin bewaken. En ik denk dat ze ook stenen verstoppen met schatten! Dus als je ooit in een rare tuin komt, kijk dan goed naar de paddenstoelen… en misschien zie je wel Piep!"
194,google/gemma-3-27b-it-fast,8_9,"Dus… gisteren, toen ik van school naar huis fietste, zag ik iets heel raars. Normaal fietst oma Jans altijd achter me aan, maar gisteren was ze nergens te zien. Ik dacht: misschien heeft ze iets moeten doen? 

Maar toen, ik zag een glimp. Achter een hele grote struik, bij de speeltuin, zat… een draak! Echt waar! Hij was niet supergroot, ongeveer zo hoog als meneer Dijkstra, de wiskundeleraar. En hij was groen, met gele ogen. 

Ik stopte met fietsen en keek goed. Hij zat te huilen! Dus ik ging dichterbij. Hij had een klein steentje in zijn poot, en hij kon hem er niet uitkrijgen. Ik vroeg: “Wat is er?” en hij keek me heel verdrietig aan. 

Ik pakte het steentje er voorzichtig uit en toen bedankte hij me! Hij zei dat hij van een heel ver land kwam en dat hij zijn mama kwijt was. Ik gaf hem een koekje dat ik van mama mee had gekregen. Hij at hem in één hap op! En toen vloog hij weg, om zijn mama te zoeken. Ik vertelde het tegen mama, maar ze zei dat ik vast iets verzon. Maar ik weet zeker dat het waar is!"
195,google/gemma-3-27b-it-fast,8_9,"Oké, dus… gisteren was ik bij opa en oma. Niet dat dat raar is, maar normaal ga ik alleen in het weekend. Maar gisteren was er iets speciaals! Opa had een nieuwe vogelhuisje in de tuin gehangen. Echt mooi, van hout, met een rood dakje. 

We zaten op het terras limonade te drinken en toen zagen we hem. Een héle kleine vogel, echt piepklein, die landde op het dakje. Hij keek een beetje rond, alsof hij dacht: ""Is dit wel de goede?"". Toen vloog hij naar binnen!

Opa zei dat het een pimpel was. Ik wist niet eens wat een pimpel was! Het is een klein blauw vogeltje met een oranje borst. Echt heel schattig. 

Later die middag zag ik iets bewegen in het gras. Een kat! De kat van de buurman, Snuffel. Ik schreeuwde naar opa: ""Opa! Snuffel zit bij het vogelhuisje!"" Opa rende meteen naar buiten en joeg Snuffel weg. 

De pimpel was nog in het huisje! Ik hoop dat hij er nog lang blijft wonen, en dat Snuffel niet meer terugkomt. Want dat kleine vogeltje, die heeft een veilige plek nodig."
196,google/gemma-3-27b-it-fast,8_9,"Nou, het is dus echt waar gebeurd! Mijn opa heeft een poes, Sjakie. Sjakie is heel oud, echt superoud. Hij slaapt bijna de hele dag. Maar Sjakie houdt van verstoppertje spelen, raar hè? Normaal verstoppertje spelen is leuk, maar Sjakie verstopt zich *altijd* op de meest gekke plekken. 

Laatst waren we bij opa en ik riep: “Verstoppertje met Sjakie!” En Sjakie, die was gelijk weg. We zochten overal, onder de tafel, achter de stoelen, zelfs in de bloempot! Maar Sjakie was nergens te vinden. 

We werden een beetje boos, want we wilden heel graag gevonden worden. Toen, toen hoorden we een raar geluid. Een soort… gekreun? We keken omhoog en daar, helemaal bovenop de boekenkast, zat Sjakie! Hij had zich in een lege schoenendoos gepropt, die daar al maanden stond. 

Mijn opa moest op een stoel gaan staan om hem er weer af te halen. Sjakie keek ons gewoon aan, alsof het heel normaal was. Hij miauwde heel zachtjes en ging daarna weer slapen. We moesten heel hard lachen! Sjakie is echt de gekste poes die er is."
197,google/gemma-3-27b-it-fast,8_9,"Nou, het begon allemaal met een verdwenen knuffel. Mijn knuffel, Otto de olifant. Hij is heel zacht en heeft een beetje een scheve snuit, omdat ik hem altijd knuffel. Ik was hem kwijt na het spelen in het bos achter opa en oma’s huis. Echt helemaal weg!

Ik werd supermoedig en ging zelf zoeken, echt helemaal alleen. Papa zei dat ik niet alleen in het bos moest, maar ik wilde Otto TE graag terugvinden. Ik liep een stukje, en toen hoorde ik een soort getik. Zo’n tik-tik-tik. Ik ging dichterbij kijken en ja hoor! Een eekhoorn zat aan een takje en tikte met een noot tegen een boom. 

Maar… daar zat Otto! De eekhoorn had hem helemaal in zijn nest getrokken en gebruikte hem als kussen! Ik vroeg heel lief of de eekhoorn Otto terug wilde geven, en hij keek me eerst heel boos aan, maar toen gaf hij hem toch. Otto was wel een beetje vol met bladeren, maar hij was heel! Ik was zo blij! En de eekhoorn kreeg van mij een lekkere koekje als bedankje."
198,google/gemma-3-27b-it-fast,8_9,"Nou, het is dus echt waar gebeurd! Mijn opa, die heeft een hele oude schuur achter z’n huis. Niet zo’n nette schuur met allemaal tuingereedschap, nee, echt een rommelige schuur. Met allemaal oude dozen en kapotte stoelen enzo. En er woonde een egel.

Maar niet zomaar een egel. Deze egel, die heette professor Prikkel, want hij droeg altijd een heel klein brilletje – nouja, dat zei mijn opa dan. Ik heb hem nooit een brilletje zien dragen. 

Elke keer als ik bij opa was, ging ik ’s avonds stiekem naar de schuur. Ik bracht professor Prikkel dan een stukje appel of een wormpje. En dan zat hij daar, in een oude teekop, te knabbelen. 

Eén keer was er een kat in de schuur gekomen. Een grote, grijze kat. Ik werd superschrikken! Ik dacht dat de kat professor Prikkel zou opeten! Maar toen… toen rolde professor Prikkel zich op tot een bal en ging heel hard rillen. En die kat? Die werd opeens heel bang en rende weg! 

Zo stoer was professor Prikkel dus. Hij was de baas van de schuur. En nu zit hij vast te slapen voor de winter, zegt mijn opa. Ik hoop dat ik hem snel weer zie!"
199,google/gemma-3-27b-it-fast,8_9,"Dus, gisteren… gisteren was ik bij oma. En oma heeft een tuin, maar geen gewone tuin, echt een héle speciale. Ze heeft allemaal soorten bloemen enzo, maar verstopt er ook kabouters! Niet van die plastic, nee, echte!

Nou ja, oma zegt dat ze echt zijn. Ik geloof het wel een beetje. Ik was aan het zoeken naar een verdwaalde bal, achter de grote rozenstruik, en toen zag ik hem. Een piepklein mannetje met een rode puntmuts. Hij was super druk bezig met een slak. Hij duwde de slak heel voorzichtig op een blaadje!

Ik wilde hem heel graag vragen wat hij aan het doen was, maar toen ik probeerde te praten, verstomde ik! Echt waar! Mijn stem wilde gewoon niet meer. De kabouter keek op en knikte naar mij. Toen glimlachte hij en… en hij verdween!

Ik keek overal, echt overal. Onder de bladeren, achter de stenen, niks. Oma zei dat ze soms verlegen zijn. Ik denk dat hij me gewoon niet durfde. Maar ik weet zeker dat hij er was. En ik ga morgen weer kijken! Misschien neem ik wel een klein koekje mee. Voor de slak, natuurlijk."
200,google/gemma-3-27b-it-fast,9_10,"Dus, het gebeurde vorige zomer, bij m’n oma op het platteland. We gingen vogels spotten, want oma heeft zo’n dik boek met alle soorten. We hadden verrekijkers, echt coole! En we slopen door de tuin, superstil, want anders schrik je ze weg. 

Ineens zag ik iets blauws flitsen in de struiken. Ik dacht eerst dat het gewoon een stuk plastic was, maar toen bewoog het! Ik wees met m’n verrekijker naar oma en fluisterde: “Kijk!”

Het was een ijsvogel! Echt, zo’n klein, felblauw vogeltje, zoals in oma’s boek. Hij zat op een takje boven de vijver en keek heel serieus naar het water. Toen dook hij er in! Zo snel, pfoef! En kwam een paar seconden later weer boven met een klein visje in z’n snavel. 

Ik heb gesmuld van de foto die ik daarna heb gemaakt. Hij zat precies heel mooi op een tak. Het was het mooiste beestje dat ik ooit gezien heb. En oma zei dat ijsvogels heel zeldzaam zijn, dus ik was extra blij dat ik ‘m had gezien. Ik heb er zelfs een tekening van gemaakt voor de kunstles!"
201,google/gemma-3-27b-it-fast,9_10,"Oké, luister goed! Het gebeurde vorige zomer, bij opa en oma in het bos. Wij hebben daar een hele oude schuur, die is eigenlijk meer een hut, en daar verzamelen ze allemaal rare dingen. Oude gereedschap, kapotte fietsen, en heel veel oude dozen.

Ik mocht in die schuur zoeken naar spullen voor een verjaardagskaart voor oma. En ik vond een doos! Zo'n hele stoffige doos, met allemaal touwtjes eraan. Toen ik hem openmaakte, zaten er allemaal glimmende stenen in! Niet zomaar stenen, hoor. Ze waren echt… magisch.

Eén steen, die was paars en die voelde warm aan. En toen ik hem vast had, hoorde ik geruis in de bomen, maar er was niemand! Ik werd een beetje bang, maar ook heel nieuwsgierig. Ik liet de steen even liggen en pakte een rode steen. Die voelde koud en toen begon het ineens heel hard te regenen! 

Ik heb snel alle stenen weer in de doos gedaan en de doos dichtgemaakt. Ik weet niet wat voor stenen het waren, maar ik denk dat ze toverstenen waren. Ik heb het nog niet aan oma verteld, want ik ben een beetje bang dat ze me niet gelooft! Maar ik weet zeker dat die stenen iets bijzonders zijn."
202,google/gemma-3-27b-it-fast,9_10,"Dus, eh, gisteren gebeurde er iets superraars. Ik was bij oma, en oma heeft een tuin, echt een hele grote tuin. Met allemaal bloemen en een kersenboom. En achterin, helemaal achterin, staat een schuurtje. 

Normaal mag ik daar niet komen, want oma zegt dat het ‘een beetje rommelig’ is. Maar gisteren was ze heel druk met koekjes bakken, dus ik dacht, ik sloop stiekem even.

Het was niet rommelig, het was… anders. Het was vol met allemaal dozen en rare voorwerpen. En in een hoek stond een koffer. Een oude, bruine koffer met allemaal stickers erop van plekken die ik nog nooit gehoord had. 

Ik maakte hem open, en er lagen geen kleren in, maar… steentjes! Supermooie steentjes, in alle kleuren van de regenboog. En ze gloeiden! Niet heel fel, maar een beetje. Ik pakte er één op en ineens hoorde ik iets. Een hele kleine stemmetje, die zei: “Dank je wel, bevrijder!”

Ik schrok zo erg dat ik de steen liet vallen en heel snel terugrende naar oma. Ik heb er niks van gezegd, maar nu denk ik steeds aan die stem. Ik ben benieuwd wat er nog meer in die koffer zit!"
203,google/gemma-3-27b-it-fast,9_10,"Nou, het gebeurde vorige zomer. We gingen kamperen met opa en oma, en niet naar zo’n camping met een zwembad en een kantine, nee, echt in het bos! Het was supercool, maar ook een beetje eng. Opa had beloofd dat we op bevers zouden spotten.

De eerste avond zagen we helemaal niks. Alleen een uil die heel raar floepte. De tweede avond… toen gebeurde het. We zaten te roosteren marshmallows, het knisperde lekker, en opeens hoorden we een SPLASH! In het meer, vlak voor onze tent. 

“Bevers!” fluisterde oma. Opa pakte zijn zaklamp en we slopen naar de oever. En ja hoor! Er zwom een bever, met een tak in zijn mond! Hij was druk bezig met een dam bouwen. Hij sleepte takken en modder en kauwde er op. 

Toen zag hij ons, en hij keek verschrikt. Hij liet de tak vallen en dook onder water! We hebben hem daarna niet meer gezien, maar het was echt geweldig. Het was de állerleukste bever die ik ooit gezien heb, ook al was het maar kort. En we mochten extra marshmallows opeten, omdat we zo stil waren geweest!"
204,google/gemma-3-27b-it-fast,9_10,"Nou, het begon allemaal met een oude sleutel. Ik vond 'm in de tuin, onder de rozenstruik van oma. Hij was heel roestig en had zo’n raar, ingewikkeld ding erop. Weet je, zo’n krul met een streep erdoorheen. 

Ik vroeg aan oma wat het was, maar die zei alleen maar: “Oh, die sleutel… die is al heel lang weg.” Heel mysterieus! Dus ik ging met mijn beste vriend, Sam, op zoek naar wat hij dan zou kunnen openen.

We probeerden 'm in het kippenhok, de schuur, zelfs in de brievenbus! Maar niks paste. Toen, heel toevallig, liep ik langs de oude eikenboom in het bos. Daar zat een klein, houten deurtje in de stam, helemaal verborgen achter klimop.

Ik probeerde de sleutel en… *klik!* Hij paste! Niet te geloven! Achter het deurtje zat een klein kamertje met allemaal oude, gekleurde flessen. En in de flessen… glimmende, gekleurde steentjes! Het waren geen gewone steentjes, ze gloeiden een beetje in het donker. Sam en ik hebben er een heleboel meegenomen en ze nu in onze geheime grot! Niemand weet er iets van, behalve wij. Het is ons geheim!"
205,google/gemma-3-27b-it-fast,9_10,"Dus, het gebeurde afgelopen weekend. Mijn opa en oma hebben een tuin, echt een héle grote tuin. En daarin staat een oude appelboom. Niet zo’n netjes gesnoeide boom, maar zo’n wilder, rommeliger ding. 

Ik was aan het verstoppertje spelen met mijn kleine broertje, Finn. Hij is pas zes, dus die verstopt zich heel slecht. Maar ik zocht hem toch even goed, want verstoppertje is veel leuker als je echt moet zoeken. Ik rende achter de appelboom en… ik zag iets glinsteren!

Het was een klein, houten kistje, begraven onder de wortels. Ik trok hem eruit en maakte hem open. Binnenin lagen allemaal oude knopen! Glanzende, matte, grote, kleine, van ivoor, van metaal, van hout. En… een briefje! 

Het was geschreven met heel mooi, krulletter-schrift. Er stond: “Voor de vinder. Bewaar de herinneringen.” Mijn opa kon me vertellen dat het kistje al van zijn opa was geweest, dus echt superoud! Ik heb de knopen nu in een schoenendoos, en ik verzamel er steeds meer bij. Misschien gaan ze wel iets betekenen, die knopen. Misschien herinneren ze zich wel alles wat er in die tuin is gebeurd!"
206,google/gemma-3-27b-it-fast,9_10,"Oké, luister goed. Mijn opa heeft een tuin, maar niet zomaar een tuin. Daar groeit alles een beetje… gek. Hij heeft een pompoen die paars is, en tomaten zo groot als basketballen! Maar het all-allergekste is de bloem. Hij heeft een bloem die liedjes zingt. Echt waar!

Het is een soort zonnebloem, maar de bloemblaadjes zijn roze en blauw en als de zon schijnt, begint hij te zingen. Niet hard, meer zo’n zacht getokkel. Eerst dacht ik dat ik het me verbeeldde, maar nee, echt! Mijn opa zegt dat de bloem gelukkig is als er bij hem gepraat wordt. 

Dus, ik ga altijd naar de tuin en ik lees hem verhalen voor. Of ik vertel over school. Eerst vertelde ik wat er gebeurde, maar toen kwam ik erachter dat de bloem het liefst verhalen over draken en ridders hoort. En weet je wat? Ik denk dat hij heel goed kan luisteren. Want als ik een spannend stukje vertel, dan gaat hij steeds harder zingen! Soms denk ik dat hij zelfs meezingt."
207,google/gemma-3-27b-it-fast,9_10,"Dus, gisteren gebeurde er iets super raars. Ik was aan het fietsen naar oma, want ze had beloofd pannekoeken te bakken. Ik ging via het bos, want dat is het snelste, ook al zegt mijn moeder dat het niet veilig is. Maar het is helemaal niet eng, er zijn alleen maar vogels en eekhoorns!

Nou, ik fietste een beetje hard, toen zag ik… een eenhoorn! Echt waar! Hij stond gewoon aan de kant van de weg, te eten van een hele grote bloem. Hij had een hele glimmende, witte hoorn en zijn manen waren alle kleuren van de regenboog. Ik durfde bijna niet te ademen. 

Ik stapte af van mijn fiets en liep heel voorzichtig naar hem toe. Hij keek me aan, maar hij was niet bang! Ik gaf hem een wortel die ik voor mijn konijn had meegenomen. Hij at hem op! Daarna wreef hij zijn hoofd tegen mijn hand. Het voelde kriebelig en zacht.

Toen kwam er een meneer aanlopen en hij riep: “Fijn hoor, Lucky!” En toen begreep ik het. Het was geen échte eenhoorn, het was een paard met een hoorn op zijn hoofd. Lucky! De meneer zei dat hij hem zo noemde omdat hij altijd zo’n geluk brengt. Maar het voelde wel echt magisch, hoor! En ik heb nog steeds pannekoeken gegeten bij oma."
208,google/gemma-3-27b-it-fast,9_10,"Oké, luister goed.

Gisteren was echt de gekste dag ooit. Mijn opa, die woont een beetje afgelegen in het bos, had een nieuwe uitvinding gemaakt. Hij noemde het de 'Droom-Aansteker'. Het is een soort zaklamp, maar als je erop schijnt, dan zie je precies wat je wilt dromen! Echt waar!

Eerst droomde ik over een gigantische pizza, met héél veel kaas en salami. En toen, toen schijnte ik met de Droom-Aansteker op mijn knuffelbeer, en droomde ik dat Beer kon praten! Hij vertelde súper grappige grappen, echt veel beter dan de grappen van mijn papa. 

Maar toen, toen ging het mis. Mijn kleine broertje, Ties, pakte de Droom-Aansteker af en schijnte hem op de kat. En raad eens? We droomden allebei dat onze kat kon vliegen! En hij gooide heel de woonkamer overhoop, met kussens en dekens overal.

Mijn opa moest heel lang de woonkamer opruimen. En Ties mocht de Droom-Aansteker niet meer gebruiken. Maar het was wel een superleuke droom, al was het ook wel een beetje chaos. Ik hoop dat opa snel weer een nieuwe uitvinding maakt!"
209,google/gemma-3-27b-it-fast,9_10,"Dus, gisteren… gisteren was echt raar. We gingen naar oma, en oma woont in een heel oud huis, met een tuin waar ALLES groeit. Echt, overal! En er stond een nieuwe boom in de tuin, die daar eigenlijk niet stond. Niemand wist waar die vandaan kwam. Hij was heel krom en de bladeren waren een beetje… paarsig.

Mijn broertje, Ties, dacht dat hij een monsterboom was. Echt, hij was super bang. Ik lachte hem uit, want monsterbomen bestaan niet. Maar toen gingen we dichterbij kijken. En er hingen… snoepjes in die boom! Echt waar! Van alles: zure matten, dropjes, zelfs lolly’s!

We pakten er wat, natuurlijk. Oma zei dat we niet mochten, dat de boom misschien wel betoverd was. Maar die snoepjes… die smaakten naar avontuur! Na een paar snoepjes begon alles een beetje te zweven. Niet hoog, maar net genoeg om niet met je voeten op de grond te staan. En Ties? Die was niet meer bang. Hij huilde alleen toen de snoepjes op waren en we weer gewoon moesten lopen. We hebben nog gezocht naar meer, maar de snoepjes waren weg. En de boom… zag er ineens gewoon uit als een gewone boom."
210,google/gemma-3-27b-it-fast,9_10,"Dus, gisteren… gisteren was echt raar. Ik ging met mijn opa naar het bos. Opa zegt altijd dat hij de weg kent als geen ander, maar hij dwaalde een beetje af. We zochten paddenstoelen, want hij maakt er soep van, super lekkere soep! 

Maar toen zagen we iets glitters. Zo veel glitters! Het zat vast aan een heel groot, oud boomwortel. Toen keken we beter en het waren… kleine, mini schoentjes! Echt, schoentjes voor een elfje ofzo. Héél mooi, met kleine belletjes eraan.

Opa zei dat we ze moesten laten liggen, dat elfen ze nodig hadden. Maar ik kon het niet laten. Ik nam er één mee. Stiekem. In mijn jaszak.

Thuis, toen ik naar bed ging, zette ik het schoentje onder mijn kussen. ’s Nachts hoorde ikgetik. Heel klein getik. Ik durfde niet te kijken. Maar toen ik ‘s ochtends wakker werd, was het schoentje weg! En er lag een piepklein, glimmend steentje in de plaats. Ongelofelijk, toch? Ik denk dat een elfje mijn schoentje kwam halen en het steentje achterliet. Ik ga het nooit meer afgeven!"
211,google/gemma-3-27b-it-fast,9_10,"Weet je, gisteren gebeurde er iets superspannends. Ik was in het bos achter het huis van oma, om te zoeken naar mooie stenen. Oma zegt altijd dat daar de allermooiste liggen, want de beek spoelt ze schoon. 

Ik liep al best ver, tussen de bomen door, en toen zag ik iets glinsteren. Geen steen, maar iets… metaligs. Ik duwde wat bladeren opzij en daar lag 'ie: een oude, roestige sleutel! Niet zomaar een sleutel, hij had zo’n gekke vorm, met allemaal bochtjes en rare tandjes.

Ik vroeg me af waar hij van was. Er stond geen kistje of deur in de buurt. Toen bedacht ik dat hij misschien van de geheime schatkaart was die opa altijd vertelde! Opa is er niet meer, maar hij zei dat hij als kind een schatkaart had gemaakt in het bos. 

Ik rende naar huis en vroeg aan oma of zij iets wist van de sleutel. Ze lachte en zei dat opa vroeger alles verborg in een oude eikenboom. Ik ben meteen teruggegaan en ja hoor! Tussen de wortels van de boom zat een klein, houten doosje. De sleutel paste perfect! Binnenin zaten… nou ja, eigenlijk gewoon oude knikkers en een gedroogde bloem. Maar het was wel *zijn* schat!"
212,google/gemma-3-27b-it-fast,9_10,"Nou, eh... het gebeurde dus toen we op vakantie waren in Frankrijk. We zaten in een hele oude campingcar, echt zo’n slak! En mijn opa zei dat die campingcar bijna net zo oud was als hij. Dat vond ik niet lief.

We reden door een heel bos en de zon scheen door de bomen. En toen, ineens, zag ik iets glitters! Het was helemaal verstopt tussen de wortels van een gigantische boom. Ik sprong eruit, natuurlijk, want ik moest kijken.

En raad eens wat het was? Een piratenpen! Echt waar! Hij was zilver en had een hele gekrulde punt. Mijn opa zei dat hij vast van een echte piraat was, die ooit in het bos verdwaald was. 

Ik heb hem meteen opgestoken in mijn haar, alsof ik zelf een piraat was. Mijn zusje Sofie zei dat het stom was en dat het eruitzag alsof ik een antenne was. Maar ik vond het supertof! 

We hebben de piratenpen de hele vakantie meegehouden. En toen we thuis kwamen, heb ik hem in een doosje gedaan. Misschien is hij wel echt magisch... wie weet!"
213,google/gemma-3-27b-it-fast,9_10,"Oké, luister goed. Mijn opa heeft een schuur. Niet zomaar een schuur, echt een supergeheime schuur! Hij zegt dat er allemaal oude dingen in staan, maar hij laat me er nooit in. Tot gisteren. 

Hij zei: “Vandaag mag je, maar pas op! Er staat van alles wat rommelt.” Ik was zo blij! In de schuur was het pikdonker en het stonk een beetje naar oud hout en…vissen! Ik voelde overal tegenaan. Er stonden oude fietsen, een kapotte radio en allemaal dozen. 

In één doos vond ik een heel oud kompas. Toen ik eraan draaide, begon het te gloeien! Echt waar! En ineens hoorde ik een soort geruis. Ik keek om me heen en zag een klein, houten kistje. Ik probeerde het open te maken, maar het zat op slot. 

Toen kwam opa binnen. “Wat heb je gevonden?” vroeg hij. Ik liet hem het kistje zien. Hij lachte. “Dat is de schatkist van Kapitein Snorrebaard,” zei hij. “Maar de sleutel die is…verloren.” We zoeken nu samen naar de sleutel! En ik denk dat ik hem een keer ga vinden. Echt waar!"
214,google/gemma-3-27b-it-fast,9_10,"Oké, luister goed…

Mijn opa heeft een schuur, maar niet zomaar een schuur. Die is supergeheim! Tenminste, dat denkt hij. Hij zegt altijd: “Geen kat mag binnen, Joris!” Maar ik ben stiekem al heel vaak binnen geweest. 

Het is een beetje een rommelige schuur. Overal staan oude fietsen, kapotte stoelen en dozen. Maar achterin, helemaal achterin, staat een grote, afgedekte kist. Opa zegt dat daar oude foto’s in zitten. Maar… dat geloof ik niet.

Laatst was ik stiekem in de schuur, toen opa niet keek. Ik tilde de deksel van de kist op. Geen foto’s! Er lagen allemaal gekke spullen in. Een kompas, een verrekijker, een heel oud dagboek en… een kaart! Een kaart met een rode X op een plekje in het bos bij ons huis.

Ik heb de kaart aan mijn vriend Thomas laten zien. We zijn meteen naar het bos gegaan. We zochten en zochten en toen… vonden we een klein, houten doosje! Daarin zat een glimmende steen. We denken dat het een piratensteen is! Opa zegt dat hij hem ooit heeft gevonden, maar hij vertelt nooit hoe. Nu weten wij het wel een beetje. Het is nog leuker als je het zelf ontdekt, zegt ie dan."
215,google/gemma-3-27b-it-fast,9_10,"Dus… gisteren gebeurde er iets superraars. Ik was met mijn opa naar het bos. Hij houdt van paddenstoelen zoeken, en ik mag met hem mee, maar ik vind dat niet zo leuk. Saai. Ik zat een beetje te spelen met een stok, en toen zag ik iets bewegen in het struikgewas. 

Eerst dacht ik dat het een konijn was, maar toen kwam er een klein, blauw beestje tevoorschijn! Het had allemaal glitters op z’n rug en grote, paarse ogen. En… en het kon vliegen! Niet heel hoog, maar het zweefde gewoon een beetje boven de grond.

Ik wees naar het beestje, maar opa keek nergens naar. “Wat is er, Joris?” vroeg hij, terwijl hij heel ingewikkelde paddenstoelen aan het bestuderen was. Ik wees nog een keer, maar het blauwe beestje was weg!

Ik vroeg aan opa of hij het ook had gezien, maar hij zei dat ik wel heel veel fantasie heb. Maar ik zweer het! Het was echt waar! Misschien was het een soort bosgeest ofzo. Ik denk dat ik morgen weer met opa mee ga, om te kijken of ik het nog een keer zie. Misschien neem ik wel een potje mee om het te vangen… maar alleen om het even te bekijken hoor!"
216,google/gemma-3-27b-it-fast,9_10,"Dus, gisteren… gisteren was echt raar. Ik was bij oma, en oma woont een beetje afgelegen, je weet wel, met allemaal bomen en zo. En ik was aan het spelen in de tuin, achter het kippenhok, en ik zocht naar kevers. Ik hou van kevers!

Toen zag ik hem. Een mini-man, echt heel klein, misschien zo groot als mijn duim. Hij zat op een paddenstoel! En hij had een groene jas aan en een puntmuts. Ik dacht eerst dat ik het me verbeeldde, want het was al bijna donker.

Maar toen sprak hij! Hij zei: “Excuseert u, meneertje, zou u mij misschien kunnen helpen? Ik ben mijn magische knop verloren.” Een magische knop? Hij zei dat het een heel belangrijk knopje was, anders zou de maan straks niet op kunnen komen!

Ik keek overal, en ja hoor! Onder een blad lag een glinsterende, rode knop. Ik gaf hem aan de mini-man, en hij werd super blij. Hij lachte en zei: ""Hartelijk dank! Als beloning mag u één wens doen."" Ik dacht heel lang na en ik wenste... een voorraadje oneindig veel drop! En toen was hij weg! 

Nu heb ik dus drop voor de rest van mijn leven, en niemand gelooft me dat het waar is. Maar het is echt waar!"
217,google/gemma-3-27b-it-fast,9_10,"Nou, het is echt waar, dit is me echt overkomen. Het was afgelopen zomer, we waren met z'n allen naar het strand. Mijn opa en oma gingen mee, en mijn kleine broertje Thomas natuurlijk. Thomas is altijd maar aan het graven, echt de hele tijd. 

We bouwden een supergroot kasteel, echt met allemaal torens enzo. Maar op een gegeven moment riep Thomas: ""Kijk! Ik heb iets gevonden!"" En hij hield een fles omhoog. Zo'n oude, glazen fles.

We maakten hem open, en er zat een briefje in! Het was in het Engels, maar opa kon het lezen. Het was van een piratenkapitein, echt waar! Hij had de fles al heel, heel lang geleden in de zee gegooid. In de brief stond een tekening van een plek op het strand.

We zijn gaan zoeken, en wat denk je? We vonden een klein, houten kistje! Daarin zaten geen gouden munten, jammer genoeg. Maar er zaten allemaal mooie, bijzondere schelpen in. Zo had ik nog nooit schelpen gezien. Thomas was super blij, en ik ook. We hebben ze meegenomen naar huis en ze staan nu op mijn kamertafel. Het was net alsof we zelf piraten waren!"
218,google/gemma-3-27b-it-fast,9_10,"Dus, gisteren... gisteren was echt raar. Ik was bij oma, en oma heeft een hele grote tuin. Niet zo’n stadstuintje, echt een tuin waar je in kan verdwalen bijna. Ik speelde verstoppertje met mijn kleine broertje, Tim. Hij is echt slecht in verstoppertje, hij lacht altijd. 

Ik rende weg, achter de grote rozenstruiken, en toen zag ik iets. Een soort deurtje, maar dan heel klein. Zo klein dat je er bijna overheen stapt. Het zat in de wortels van de oudste appelboom. Ik had dat deurtje nog nooit gezien!

Ik kroop dichterbij en ik duwde het open. Het was donker, en een beetje stoffig. En er zat een trap naar beneden! Zo’n wenteltrap. Ik durfde eerst niet, maar toen riep Tim al “Ik zoek je!”, dus ik moest wel.

Ik ging naar beneden en... nou, er zat een hele kleine keuken. En een mini-oven! En op de tafel stond een piepklein taartje. Het rook naar kaneel. Ik pakte het taartje en nam een hap. Het was het lekkerste taartje ooit! Toen riep oma dat het tijd was voor koekjes en toen was het deurtje weer weg. Echt waar! Ik heb Tim er alles over verteld, maar hij gelooft me niet. Hij zegt dat ik het verzonnen heb. Maar het taartje was echt!"
219,google/gemma-3-27b-it-fast,9_10,"Dus, eh, gisteren gebeurde er iets super raar. Ik was aan het spelen in de tuin, weet je wel, verstoppertje met mijn hond, Max. Max is een hele grote labrador, dus hij is niet heel makkelijk te verstoppen, haha. Maar ik kon achter de grote blauwe bosbes struik kruipen.

En toen hoorde ik een geluid. Zo'n soort… gepiep. Niet als een muis, meer als een heel klein vogeltje. Ik keek tussen de takken en ik zag iets glimmen. Het was een doosje! Zo'n oud, houten doosje met grappige bloemetjes erop geschilderd. 

Ik opende hem. En er zat geen snoep, of stickers, nee. Er zat een… miniatuurplaneet in! Echt waar! Zo’n klein wereldje met bergjes en een heel klein stukje blauw eromheen. En er zat een piepklein mannetje in, met een hele rare hoed.

Hij keek me aan en zei, heel zachtjes, ""Help... mijn zon is uitgevallen."" Ik schrok me dood! Max begon te blaffen. Ik weet niet wat ik moest doen. Toen werd mijn moeder geroepen voor het eten, en toen ik terugkwam… was het doosje weg! En Max keek me heel apart aan. Ik denk dat hij het ook gezien heeft!"
220,google/gemma-3-27b-it-fast,9_10,"Nou, gisteren gebeurde er iets superraars. Ik was bij oma, en oma heeft een tuin, heel groot. En in die tuin staat een hele oude appelboom. Niet zo’n normale appelboom, hoor. Die is echt krom en knoestig, en er zitten allemaal rare dingen in verstopt. 

Gisteren zat er een vogelhuisje in, maar dat wist ik nog niet. Ik was aan het verstoppertje spelen met mijn kleine broertje, en ik dacht: perfect, achter die boom! Ik rende erheen en plofte helemaal tegen de stam aan. 

Toen hoorde ik een piepje! En een fladderen. Boven mijn hoofd, in zo’n klein, rond gaatje, zat een mini-uil! Niet zo’n grote bosuil, maar echt een piepkleintje. Hij keek me heel boos aan met z’n gele oogjes.

Ik zei: “Oh, sorry!” en ik ben meteen weggerend. Want oma zegt altijd dat je een uil niet moet storen. Mijn broertje vond het heel grappig en hij bleef roepen: “Jij bent bang voor een mini-uil!” Maar ik was niet bang, ik was verrast! En nu denk ik dat die appelboom een geheim heeft. Misschien wel meer geheimen..."
221,google/gemma-3-27b-it-fast,9_10,"Dus, gisteren... gisteren was echt raar. We gingen naar oma, zoals elke zondag, en normaal is oma's tuin gewoon... een tuin. Met rozen en zo. Maar gisteren was er een trein.

Een héle kleine trein, maar nog steeds een trein! Hij reed rond tussen de tomatenplanten. En hij was rood, met een zwart rondje om de schoorsteen. Niemand anders zag hem! Ik vroeg aan mijn moeder: ""Kijk, een trein!"" En ze zei: ""Jij hebt een levendige fantasie, schat.""

Mijn broertje Lucas ook niet. Hij was druk bezig met verdwalen in de struiken, dus die merkte er niks van. Alleen ik zag hem. De machinist zat erin, een heel klein mannetje met een blauwe pet, en hij zwaaide naar mij!

Ik liep dichterbij en de trein stopte. Het mannetje gaf me een snoepje. Het was een zuurtje, superzuur! Toen ik hem wilde bedanken, reed de trein weer weg, heel snel, en was hij weer weg tussen de tomaten. 

Ik vroeg aan oma of ze ook een trein had gezien, maar ze lachte alleen en zei dat ik wel erg veel suiker had gehad. Maar het was waar! Ik weet zeker dat ik een trein in oma's tuin heb gezien!"
222,google/gemma-3-27b-it-fast,9_10,"Kijk, het gebeurde vorige zomer. We gingen kamperen met mijn opa en oma, en mijn kleine zusje Lotte. We zaten in het bos, echt héél diep in het bos. Opa had een kaart, maar die was een beetje… gekrabbeld, snap je? Alsof een mierenfamilie hem had getekend. 

We waren op zoek naar een speciale plek, een verborgen beekje waar Opa vroeger altijd kwam vissen. Lotte liep voorop, ze dacht dat ze een fee was, met een tak als toverstaf. En ineens… viel ze! Niet zomaar, ze gleed een gat in, BAM!

Ik en Opa renden ernaartoe. Het was geen diep gat, maar ze kon er niet zelf uitkomen. Toen hoorden we een geluid, een soort gekraak. Een eekhoorn kwam naar beneden, met een noot in zijn mond. En toen nog één! Hij gooide de noten in het gat, naar Lotte! 

Lotte begon te lachen! En de eekhoorns bleven komen, steeds meer. Ze gooiden allemaal noten. Opa trok Lotte eruit en zei dat de eekhoorns haar hielpen omdat ze zo lief was geweest om te doen alsof ze een fee was. Ik geloof het echt!"
223,google/gemma-3-27b-it-fast,9_10,"Nou, afgelopen weekend… Dat was echt iets. We gingen naar oma, en oma woont in een heel oud huis, met een tuin die echt super groot is. En er staat een hele oude eik in, die is echt hoger dan het huis!

Mijn broertje, Finn, en ik vonden een soort van geheime plek onder die boom. Er waren allemaal wortels die een soort kamertje hadden gemaakt. We waren aan het spelen dat het een fort was, en we waren piraten die op zoek waren naar een verborgen schat.

Toen zagen we iets glimmen. Echt heel laag bij de wortels, verstopt tussen het mos. We gingen kijken en… het was een flesje! Een echt oud, groen flesje met een kurk erop. 

We deden het open, en er zat een briefje in! Het was in gekrabbeld handschrift, en er stond: “Als je dit leest, weet dan dat de kabouters echt bestaan. Kijk goed rond in de tuin.”

We zijn de hele middag rond gaan zoeken! We hebben geen kabouters gezien, maar we vonden wel een heleboel lieveheersbeestjes en een supergave steen die leek op een draak. Misschien waren de kabouters wel de lieveheersbeestjes? Of zaten ze in de steen verstopt? We weten het niet, maar het was super spannend!"
224,google/gemma-3-27b-it-fast,9_10,"Weet je, gisteren was echt super gek. Mijn opa, die woont in een heel oud huis, had een nieuw huisdier gekocht. Niet een hond of een kat, hoor. Nee, een egel! 

Maar deze egel was niet zoals de egels in de tuin. Deze kon… praten! Echt waar! Opa zei dat hij hem vond in het bos, bij een paddenstoelencirkel. Toen Opa hem “Prikkie” noemde, zei Prikkie gewoon: “Een mooie naam, hoor!”

Ik schrok me dood! Prikkie zat op Opa’s schouder en vroeg of ik wel genoeg groenten had gegeten. Ik zei dat wel, maar hij keek me wantrouwend aan. 

Toen gingen we buiten spelen. Prikkie zat in een kleine mand op de fiets. En raad eens? Hij begon opeens liedjes te zingen! Heel rare liedjes over slakken en regenwormen.

Tegen het eind van de dag moest Prikkie weer terug naar het bos. Hij knuffelde Opa en zei: “Tot volgende week!” Ik geloof niet dat iemand ons gelooft als we dit vertellen, maar het is echt waar! Een pratende, zingende egel. Wie had dat gedacht?"
225,google/gemma-3-27b-it-fast,9_10,"Dus, gisteren… gisteren was echt raar. Ik liep met mijn hond, Max, door het park. Max is een beagle, dus hij snuffelt ALTIJD overal. Hij trok me mee naar een heel dicht bosje, waar ik eigenlijk nooit kom. Ik dacht: nou, vooruit dan maar. 

En daar, verstopt tussen de struiken, zagen we… een mini-kasteel! Echt waar! Het was niet heel groot, zo’n beetje ter grootte van een schoenendoos, maar het had wel allemaal kleine torentjes en zelfs een mini-poort. 

We probeerden te kijken of er iemand in woonde, maar er was niks. Toen Max aan een van de torentjes snuffelde, kwam er ineens een heel klein lichtje uit! Het was een soort glimwormenlampje. En het lichtje begon te knipperen in morsecode! Ik weet een beetje morsecode, van opa. En… en het zei “Help!”.

Ik weet niet wie er om hulp riep, of wie er in dat kasteel woonde! Maar ik moest naar huis, want mama riep al. Ik moet vandaag terug om te kijken, maar ik ben een beetje bang. Misschien komen er wel echte kabouters uit!"
226,google/gemma-3-27b-it-fast,9_10,"Dus, gisteren… gisteren was echt raar. Ik was in het bos achter het huis van oma. Je weet wel, waar de supergrote boom staat met al die lianen? Ik zocht naar mooie steentjes, want ik begon een collectie. En toen hoorde ik een geluid. Zo’n soort… giecheltje. Echt heel klein.

Ik dacht eerst dat het een vogel was, maar het kwam van onder de wortels van de boom. Dus ik ging dichterbij kijken. En er zat een klein mannetje! Echt, heel klein, ongeveer zo groot als mijn hand. Hij had een blauw puntmutsje en een paars jasje.

Hij zat te schilderen. Op een paddenstoel! Hij gebruikte sap van bessen als verf en een klein blaadje als penseel. Ik stond er helemaal stil naar te kijken. Toen keek hij op en sprong hij bijna op van schrik!

“Oh!” zei hij. Zijn stem was piepklein. “Je mag niet staren, dat is onbeleefd!”

Ik zei heel zacht: “Sorry. Wat ben je aan het maken?”

“Een portret van de uil,” zei hij. “Maar die wil niet poseren.”

Ik heb hem geholpen de uil te lokken met een stukje koek. Daarna heeft hij me een mini-portret van mijn hond getekend op een bloemblaadje. Het was zo gaaf! Toen was het al donker en moest ik naar huis. Ik heb zijn naam gevraagd, maar hij zei dat hij geen naam had. Gewoon een boself."
227,google/gemma-3-27b-it-fast,9_10,"Nou, eh, gister dus… We waren bij oma. Niet bij mijn mama’s oma, maar bij mijn papa’s mama. Die woont in een heel oud huis met een tuin waar alles woest groeit. Echt, overal! 

En ik zat een beetje te spelen met mijn kevers die ik had gevangen, in een oude emmer, en toen zag ik iets bewegen in de struiken. Het was helemaal donkergroen en het had echt supergrote ogen! Ik dacht eerst een kat, maar het was veel te groot. 

Ik riep mijn broertje, Luuk, want die durft alles. Hij keek ook en toen zei hij: “Wacht, dat is toch… de tuinheks!” Oma vertelde altijd over een tuinheks die in haar tuin woonde en bloemen beschermde. We dachten altijd dat dat een verzonnen verhaal was!

De ‘heks’ kwam dichterbij en toen zagen we dat het gewoon oma’s buurvrouw was, mevrouw Jansen! Ze had een hele grote hoed op met groene bloemen en een heleboel camouflagestroken aan. Ze was aan het zoeken naar slakken! We hebben zo gelachen, echt heel hard. Luuk riep: “Je bent geen heks, je bent een slakkenjager!” Mevrouw Jansen lachte mee, en gaf ons allebei een slakkenhuisje. Best cool, eigenlijk."
228,google/gemma-3-27b-it-fast,9_10,"Nou, laat ik eens kijken… Het is echt waar, dit is me echt overkomen! Dus, wij waren op vakantie in Spanje, met mijn hele familie. We hadden zo’n huisje gehuurd bij het strand. En het strand was echt super! Heel fijn zand en blauw water.

Maar er was één ding… er zat een krab op het strand met één schelp. Niet twee, maar ééntje! Hij liep altijd heel snel heen en weer, en hij keek je aan met zijn oogstengels. Mijn broertje, Thomas, zei dat hij een piratenkrab was, omdat hij maar één klauw had.

Ik vond hem eigenlijk best zielig, dus ik probeerde hem te vangen. Niet om hem in een emmer te doen, hoor! Ik wilde hem een nieuwe schelp geven van mijn verzameling. Ik had er heel veel! Ik kroop heel langzaam naar hem toe, maar hij was te snel. Ik rende achter hem aan, maar hij dook steeds het water in. 

Uiteindelijk gaf ik het op. Toen zag ik iets. Hij had een beginnetje van een nieuwe schelp aan de andere kant! Hij was gewoon bezig om er een nieuwe te laten groeien. Dat vond ik wel heel cool. Toen liet ik hem lekker met rust. En Thomas bleef denken dat hij een piratenkrab was."
229,google/gemma-3-27b-it-fast,9_10,"Dus, gisteren gebeurde er iets superraars. Ik was bij oma, en zij woont in een heel oud huis met een tuin waar je je helemaal kunt verstoppen. Ik zocht verstoppertje met mijn kleine broertje, Tim. Hij is nog maar zes, dus hij is niet zo goed in verstoppen. 

Ik telde tot twintig en ging zoeken. Ik keek achter de struiken, onder de tafel buiten, overal! Maar ik kon Tim nergens vinden. Toen hoorde ik een soort gekriebel, een beetje alsof er een muis rondliep. Het kwam uit de oude wilg in de tuin. 

Ik liep dichterbij en keek omhoog. En raad eens wie daar zat? Tim! Maar hij zat niet *in* de boom, hij zat *in* een gat in de boom. Zo'n gat dat ik nog nooit gezien had! Hij zei dat er een soort wenteltrap in de boom zit, en dat hij helemaal tot beneden kon klimmen.

Ik geloofde hem eerst niet, maar toen zag ik kleine lichtjes in het gat. En toen hoorde ik, heel zachtjes, muziek. Omdat ik bang was, ging ik naar oma. Ze zei dat de wilg een 'droomboom' is en dat hij soms dingen laat zien die niet echt zijn. Maar Tim heeft er wel echt gezeten hoor! En hij zei dat hij een pratende eekhoorn had ontmoet."
230,google/gemma-3-27b-it-fast,9_10,"Nou, het is echt waar! Vorige week was ik met opa aan het vissen. Niet in een sloot of zo, maar in de zee! We gingen heel vroeg, nog voordat de zon op was. Het water was heel donker en de boot wiebelde een beetje, dus ik was een beetje bang.

Opa zei: “Rustig aan, Lot. Vissen houdt van stilte.”

Dus ik zat stil. Heel stil. En toen… voelde ik een ruk aan mijn hengel! Echt heel hard! Ik trok en trok, maar het zat vast. Ik dacht dat ik een mega-grote vis had gevangen, misschien wel een haai!

Opa lachte. “Trek nog een keer, Lot!”

Ik trok nog een keer, en toen kwam er… een oude fiets tevoorschijn! Ja, een fiets! Helemaal verroest en met één wiel eraf. Opa moest heel hard lachen en ik ook, uiteindelijk. 

We hebben de fiets weer terug in het water gegooid en toen heb ik een kleine snoek gevangen. Niet zo spectaculair als een fiets, maar wel lekker op het brood! En ik heb geleerd dat er soms heel verrassende dingen in de zee zwemmen."
231,google/gemma-3-27b-it-fast,9_10,"Toen ik zes was, had ik een steen. Niet zomaar een steen, hoor. Hij was perfect rond en grijs met witte streepjes. Ik vond hem op het strand, bij oma en opa. Ik noemde hem Rocky. 

Rocky ging *overal* mee naartoe. Naar school, verstopt in mijn jaszak. Naar bed, onder mijn kussen. Tijdens het eten zat hij op de rand van mijn bord. Mama zei soms dat hij niet aan tafel mocht, want hij was niet netjes, maar ik zei dan dat hij heel stil was.

Eén dag was Rocky weg. Echt weg! Ik zocht overal. Onder mijn bed, in de tuin, zelfs in de koelkast gekeken! Ik was zo verdrietig. Ik dacht dat iemand hem had gestolen. Ik wilde huilen.

Toen zag ik mama lachen. Ze haalde haar hand uit haar zak en daar zat Rocky! Ze had hem meegenomen toen ze boodschappen ging doen, omdat ik zo verdrietig zou zijn als ik hem alleen liet. Ze zei dat hij een coole steen was om mee te winkelen. 

Ik was zo blij! Ik gaf Rocky een enorme knuffel... nou ja, zo goed als je een steen kunt knuffelen. Hij is nog steeds mijn beste vriend, Rocky. Alleen gaat hij nu niet meer mee naar school, want juffrouw zei dat hij misschien afleidt."
232,google/gemma-3-27b-it-fast,9_10,"Oké, dus… gisteren was echt super raar. Weet je, opa heeft een schuur achter in de tuin, helemaal vol met oude spullen. Meestal mag ik daar niet komen, want het is te rommelig enzo. Maar gisteren zei opa dat ik even een oude emmer mocht halen voor oma, voor de bloemen water te geven.

Dus ik naar de schuur, en het was nog rommeliger dan ik dacht! Oude fietsen, kapotte stoelen, en heel veel dozen. Ik zocht naar die emmer, en toen… zag ik iets glinsteren. Het was een soort sleutel, maar dan heel apart. Zo’n oude, van een kistje of zo. 

Ik pakte ‘m, en ik zag dat er een klein kistje stond, verstopt achter een stapel oude kranten. Ik probeerde de sleutel en… hij paste! In het kistje zat geen geld, geen snoep, helemaal niks! Behalve een heel oud, leren boekje. 

Het boekje was leeg. Maar toen ik het openmaakte, en ik naar de bladzijdes keek, begon het te regenen! Maar niet buiten, in het boekje! Kleine, minuscule regenboogjes vielen op de bladzijdes. Ik denk dat het een toverboekje is, maar ik heb het nog niet aan opa durven laten zien. Misschien is het wel stiekem van hem!"
233,google/gemma-3-27b-it-fast,9_10,"Dus, gisteren… gisteren was echt raar. Ik was bij oma, en oma heeft een tuin, hè? Een hele grote tuin met allemaal bloemen en zo. Maar achter in de tuin, bij de oude schuur, daar groeit een hele grote pompoen. Echt, die is zo dik als ik!

Nou, ik zat er naar te kijken, en ik dacht: “Ik ga proberen om hem te omarmen!” Dus ik liep er naartoe en ik ging er omheen met mijn armen. En toen… toen voelde ik iets bewegen! Niet de pompoen, maar *in* de pompoen!

Ik schrok me dood! Ik duwde mijn gezicht erbij, en ik zag een heel klein deurtje, net zoals in een sprookjesboek. En er zat een muisje in, maar het was geen gewoon muisje. Hij had een hele kleine kroon op zijn hoofd en hij had een minuscule zwaard vast. 

Hij zei, heel boos: “Hé, wat doe jij nou?! Ik ben Koning Piep, beschermer van de Pompoen Troon!”

Ik kon niet stoppen met lachen. Een koning in een pompoen! En toen gaf hij me een heel klein stukje pompoenzaad en zei dat het geluk zou brengen. Ik heb het nu in mijn jaszak. Echt waar!"
234,google/gemma-3-27b-it-fast,9_10,"Nou, het gebeurde afgelopen weekend. Mijn opa en oma hebben een oude caravan, zo'n groene, en die stond al heel lang achter in hun tuin. We mochten erin overnachten, ik en mijn broertje Ties! 

In het begin was het superleuk. We namen zaklantaarns mee en speelden verstoppertje in de caravan. Ties had een stripboek over superhelden en ik had mijn knuffelhaas, Olaf. Maar toen, nadat opa en oma naar huis waren gegaan, hoorden we rare geluiden. Krakkk! En dan weer… kras!

Ties werd helemaal bang. Hij dacht dat het een spook was! Ik lachte hem uit, want spuken bestaan niet, toch? Maar toen klonk er een heel hard *bonk* tegen de caravan! Ik werd ook een beetje bang. We kruipten onder de dekens, helemaal dicht tegen elkaar aan.

Toen, heel zachtjes, hoorden we… miauwen? We keken naar buiten en zagen een kat! Een hele grote, zwarte kat zat op het dak van de caravan en liep te spelen met een tak. Hij stootte er steeds tegenaan. 

We moesten heel hard lachen! Het was helemaal geen spook, maar gewoon een kat. We zijn daarna lekker in slaap gevallen, warm en veilig in de oude, groene caravan."
235,google/gemma-3-27b-it-fast,9_10,"Oké, luister goed!

Het was echt heel raar. We hadden net een nieuwe buurvrouw, mevrouw Elsje. Ze was super oud, met haar haar helemaal wit en altijd zo'n lange jas aan. Niemand had haar ooit gezien, totdat ze ineens in de tuin zat, een heleboel zaadjes te planten.

Maar het waren geen normale zaadjes. Ze waren paars en glinsterden een beetje. En de volgende dag... kwamen er geen bloemen uit! Er kwamen GLIMLACHEN! Echt waar! Kleine, paarse glimlachen, die in het gras lagen te wiebelen.

We moesten er niet op gaan staan, zei Joris, anders werden we misschien wel héél vrolijk. We pakten er allemaal een en… het kriebelde in je buik! We begonnen te giechelen en te rennen en te lachen om onzin. Zelfs meneer Peters, die altijd zo streng is, moest lachen toen hij voorbijliep!

Mevrouw Elsje zat erbij te kijken en glimlachte ook. Ze knikte een beetje. Ik denk dat ze wist wat er ging gebeuren.  Na een tijdje waren de glimlachen verdwenen en voelden we ons gewoon weer normaal. Maar we waren wel heel blij geweest! En ik hoop dat mevrouw Elsje vaker paarse glimlachen plant."
236,google/gemma-3-27b-it-fast,9_10,"Kijk, het gebeurde vorige zomer. We waren op vakantie in Frankrijk, bij oma en opa. Opa heeft een hele grote tuin, met een kei-oude kersenboom. Nou weet ik niet of jullie kersen kennen, maar die van opa zijn het allerlekkerste!

Maar… er zat ook een eekhoorn in die boom. Een hele ondeugende eekhoorn. Hij rende de hele tijd heen en weer, en plukte kersen. En niet alleen hij at ze, hij stopte ze ook in allemaal rare plekken. In de schoenen die buiten stonden, in de bloempotten, zelfs in de theepot!

Ik probeerde hem te pakken te krijgen, maar hij was veel te snel. Elke keer als ik dichterbij kwam, rende hij naar de andere kant van de boom. Toen kreeg ik een idee! Ik pakte een doosje met koekjes, van die met chocolade, en legde het onder de boom. 

En raad eens? Die eekhoorn kwam naar beneden gekrabbeld! Hij snuffelde eerst een beetje, keek me heel argwanend aan, en toen… nam hij een koekje! Hij rende terug de boom in, en zat bovenin met zijn koekje te knabbelen. Daarna liet hij de kersen even met rust. En ik? Ik mocht alle lekkerste kersen opeten!"
237,google/gemma-3-27b-it-fast,9_10,"Dus, gisteren… gisteren was echt raar. Ik was aan het spelen in de tuin, achter het huis. Je kent toch de grote kersenboom? Daar heb ik een geheime basis. Nou, ik was daar aan het spelen met mijn groene legermannetjes, en ik begroef er eentje, Sergeant Bob, onder een hoop bladeren.

Toen hoorde ik een soort gepiep. Niet van een vogel, echt anders. Ik ging kijken en er zat een heel klein, heel klein beestje bij mijn Sergeant Bob! Het was zilverkleurig en hij had… eh… mini vleugels. Echt supersmall. 

Ik dacht eerst dat het een insect was, maar het had een heel klein gezichtje, net als een mensje, alleen dan heel, heel klein. Hij keek me aan en toen zei hij… nou ja, hij piepte iets, maar ik begreep het! Hij zei dat Sergeant Bob hem moest helpen! 

Blijkbaar was hij een soort ruimtereiziger en hij was gecrasht. Zijn ruimteschip was een bloemblaadje dat was afgevallen. En hij had hulp nodig om terug te komen naar zijn planeet, die schijnbaar achter de maan was! Ik geloofde het zelf bijna niet, maar ik beloofde hem te helpen. We moeten nu een manier vinden om een raket te maken van… van iets! Het wordt een spannend avontuur."
238,google/gemma-3-27b-it-fast,9_10,"Kijk, het is echt waar gebeurd. Mijn opa heeft een schuur, en in die schuur staan allemaal oude dingen. Echt super oude dingen. Niet zoals jouw knuffels, maar dingen van lang geleden. Op een dag, toen ik bij opa was, mocht ik in de schuur snuffelen. Ik vond een oude houten kist. Die was helemaal stoffig en zat vol met gekke spullen.

Daar zat een vergeelde kaart in. Hij was heel fragiel, dus ik deed heel voorzichtig voorzichtig, voorzichtig! Er stonden allemaal rare tekens op en een plaatje van een boom met een X eronder. Opa zei dat het een schatkaart kon zijn! Echt!

Dus gingen we die X zoeken. Het was in het bos achter opa’s huis. We zochten en zochten en zochten, en ja hoor! Onder die boom vonden we een kleine metalen doos. We maakten hem open… en er zaten allemaal mooie, glimmende knikkers in! Niet goud of zo, maar hele speciale knikkers. Opa zei dat zijn opa ze had verzameld.

Het was geen piratenschat, maar het voelde wel zo. En nu heb ik de mooiste knikkers van de hele klas! Kijk, dit is er eentje…"
239,google/gemma-3-27b-it-fast,9_10,"Nou, het is dus echt waar gebeurd, echt! Mijn opa heeft een schuur. Niet zomaar een schuur, hoor. Eentje vol met oude spullen. En achterin, helemaal achterin, stond een kist. Een hele oude, houten kist, met van die rare slotjes.

Mijn opa zei dat er niks bijzonders in zat, alleen maar rommel van vroeger. Maar ik dacht: nee, dat kan niet! Zo’n kist, die is vast wel spannend. Dus toen mijn opa op vakantie was, met oma, toen… toen ging ik stiekem naar de schuur. 

Met een schroevendraaier van mijn vader probeerde ik de slotjes open te krijgen. Het duurde superlang en ik dacht al dat het niet zou lukken. Maar toen! Klik! Eén slot ging open, en toen de tweede. Ik tilde de deksel op en… er lag een bril! 

Een hele oude, gouden bril. Ik deed ‘m op en ineens zag ik… glow-in-the-dark vlinders in de schuur! En nog een klein mannetje met een puntmuts die aan het dansen was! Ik werd wel een beetje bang, maar ook heel erg blij. Toen mijn opa terugkwam, was het mannetje weg en de vlinders ook. Maar ik weet zeker dat ik het niet heb gedroomd!"
240,google/gemma-3-27b-it-fast,9_10,"Nou, het is echt waar! Het gebeurde vorige zomer, bij oma in het bos. Wij gingen paddenstoelen zoeken, maar ik was eigenlijk meer geïnteresseerd in het bouwen van een fort. Mijn broertje, Luuk, die is zeven, bleef maar vliegen met een tak als een vliegtuig, heel irritant. 

Toen, ineens, hoorde ik een geluid. Zo’n soort…piep-piep-piep. Ik keek om me heen en zag een klein vogeltje op de grond liggen. Het had een gebroken vleugel! Luuk, die had z’n vlieger-tak even laten vallen en keek ook. 

We wisten allebei wat we moesten doen, want we hadden het op school geleerd. We maakten voorzichtig een nestje van mos en bladeren in een schoenendoos en legden het vogeltje erin. Oma zei dat we het moesten voeren met water uit een pipet en hele kleine stukjes brood. 

We hebben het vogeltje een week verzorgd. En geloof het of niet, toen kon het weer vliegen! We hebben het losgelaten en het vloog meteen naar een tak en begon te piepen, alsof het ons bedankte. Dat was het allerleukste moment ooit. Ik denk dat ik dokter wil worden als ik groot ben!"
241,google/gemma-3-27b-it-fast,9_10,"Nou, gisteren gebeurde er iets superraars. Ik was met opa in het bos, we zochten paddenstoelen. Niet om op te eten, maar om foto’s van te maken. Opa is echt gek op paddenstoelen, hij kent ze allemaal. 

We waren al best ver gelopen, en toen zagen we een hele kleine deur in een boom. Echt heel klein, voor een muis of zo. En er stond een bordje boven, met heel klein schrift. Opa pakte zijn leesbril en zei: “Verboden voor reuzen!”

Ik lachte, want ik ben helemaal geen reus. Ik keek door het deurtje en… er zat een heel klein mannetje te breien! Hij had een hele lange, witte baard en een puntmuts. Hij keek op en schreeuwde: “Hé! Buitenstaanders!”

Ik schrok zo dat ik achteruitviel. En toen, heel snel, ging het deurtje dicht. We hebben gekeken en gezocht, maar de deur was weg! Alsof hij nooit bestaan had. Opa zei dat ik vast een droom had gehad, maar ik weet zeker dat ik het gezien heb! Een echt, klein mannetje dat aan het breien was. Nu twijfel ik, moet ik het écht aan mijn ouders vertellen?"
242,google/gemma-3-27b-it-fast,9_10,"Dus, gisteren... gisteren was echt raar. Ik was in de tuin, oké? En ik zocht naar kevers, want ik wil een hele collectie maken in een pot. Echt veel kevers! En toen, achter de grote struik met de roze bloemen, zag ik iets glinsteren. 

Ik liep dichterbij en het was een soort doos. Niet van karton, maar van metaal, echt oud en roestig. Ik kreeg ‘m open, en er zat… nou ja, er zat een kompas in. Maar het was geen gewoon kompas. Het wijzerplaatje, dat draaide niet naar Noord, maar naar… mijn hond, Bobby! 

Ik probeerde het naar mijn huis te laten wijzen, maar nee hoor, het bleef naar Bobby. En toen bewoog Bobby! Hij rende naar de schuur, en het kompas draaide mee. Ik rende er achteraan en Bobby begon te graven. En raad eens wat hij vond? Een oude, versleten schoen. Echt een hele rare schoen. 

Ik weet niet waarom, maar ik voelde dat die schoen belangrijk was. Misschien van een piraat? Of een ridder?! Ik neem hem morgen mee naar school, dan kunnen we er samen over nadenken."
243,google/gemma-3-27b-it-fast,9_10,"Nou, het is echt waar! Het gebeurde vorige week. Ik was bij mijn oma, en die woont aan het bos. Ik mocht alleen in de tuin spelen, want het bos is heel groot en je kunt er makkelijk verdwalen, zegt mijn moeder. 

Maar… er lag een bal in het bos! Een rode, glimmende bal. Die kon ik echt niet laten liggen. Dus ik liep stiekem het bos in, gewoon een klein stukje. Ik zocht de bal en… toen zag ik hem! Een beestje. Niet een hond of een kat, maar iets met een hele lange nek en bruine vlekken. 

Het was een giraffe! Ja, echt waar! In het bos bij oma! Hij stond bij een boom blaadjes te eten. Ik durfde eerst niet dichterbij, maar toen keek hij me aan met z’n grote, zachte ogen. Ik gaf hem een appel uit mijn jaszak, en hij pakte ‘m heel voorzichtig met z’n lippen.

Toen hoorde ik oma roepen. Snel rende ik terug, en toen ik terug keek… was de giraffe weg! Niemand geloofde me, behalve mijn oma. Die zei: ""Het bos zit vol verrassingen, liefje."" Ik denk dat het een droom was, maar… die appel was wel weg!"
244,google/gemma-3-27b-it-fast,9_10,"Oké, luister nou. Het begon allemaal toen mijn opa een hele oude sleutel vond, op zolder. Zo’n roestige van die hele lange, met allemaal gekke tandjes. Papa zei dat hij vast van een oude kist was, maar opa zei nee, dat 'ie van een geheime deur was. 

En raad waar? Achter de boekenkast in de studeerkamer! We moesten heel hard duwen, want de boekenkast was zwaar, maar toen… *zwaaiende handgeest*… zat er een deur! Echt waar! Een klein deurtje, helemaal donker.

We gingen er met een zaklamp in, en het was een gang! Heel smal en een beetje stoffig. Aan het eind was een kamertje. Geen gewone kamer, hoor. Daar stonden allemaal… robots! Oude, piepende robots, met snoeren en lampjes. 

Opa zei dat hij als klein jongetje al met zijn opa aan die robots had gewerkt! Ze waren kapot gegaan, maar nu, nu konden we ze proberen te maken! We hebben de hele middag gesleuteld en uiteindelijk ging er één robot weer bewegen! Hij liep een rondje en zei… “Batterijen… nodig…” Nou ja, het was best cool. Misschien gaan we morgen weer!"
245,google/gemma-3-27b-it-fast,9_10,"Oké, luister! Het gebeurde vorige zomer, bij opa en oma in het bos. We hebben daar een hele oude boomhut. Nou, die was een beetje afgebroken, maar opa zei: “We maken er een geheime hoofdkwartier van!” 

Ik en mijn neefje Finn, we hielpen mee met spijkers slaan en touw knopen. Opa had allemaal rare spullen: een verrekijker, een kompas en een lamp die je kon omdraaien en dan werd-ie rood. 

Op een dag zagen we van boven in de boomhut iets bewegen in de bosjes. Het was… een kat! Maar niet zomaar een kat, hij had een briefje om zijn hals. We haalden hem voorzichtig naar beneden en op het briefje stond: “Help! Ik ben verdwaald, tekening van de schat bijgevoegd.” 

De tekening was echt heel raar, met een X op een plek waar de grote beek en de oude eik samenkomen. Dus wij, met de verrekijker en het kompas, op speurtocht! En raad eens? We vonden een doos begraven met allemaal oude knikkers. Niet super waardevol, maar wel een avontuur! Finn zei dat de kat waarschijnlijk van een piraat was. Ik weet het niet, maar het was wel cool."
246,google/gemma-3-27b-it-fast,9_10,"Dus, eh… gisteren was echt super raar. Ik was aan het spelen in de tuin, achter de schuur, bij de oude appelboom. We mogen daar eigenlijk niet komen, want oma zegt dat het er gevaarlijk is met spinnen, maar ik zocht naar kevers. 

En toen zag ik het. Een klein deurtje, in de stam van de boom! Echt waar! Het was zo’n deurtje van hout, helemaal begroeid met mos, en het was echt heel klein, net genoeg voor een muis. Ik ben er natuurlijk meteen naar toe gekropen en ik probeerde het open te maken. Het zat een beetje vast, maar toen ging het!

En binnen… binnen was het helemaal geen holte in de boom. Het was een gangetje! Lichtjes oplichtend, met allemaal kleine steentjes die glinsterden. Ik was heel bang, maar ik moest gewoon kijken. Ik kroop erin en het gangetje ging steeds omlaag. 

Toen hoorde ik gepiep en gekraak en zag ik… een heel mini cafeetje! Met allemaal muizen die aan kleine tafeltjes zaten! Ze dronken thee uit dopjes en aten kruimels van koekjes. Ik schrok zo hard dat ik achteruit wilde kruipen, maar toen keek een muis me aan en zei: “Welkom! Wil je een slokje frambozenjam-thee?”"
247,google/gemma-3-27b-it-fast,9_10,"Dus, gisteren… gisteren was echt raar. Ik was in de tuin aan het spelen, en je weet toch, achter de schuur staat die hele oude kersenboom? Mijn opa zei dat die al heel, heel oud was. Daar zat ik dan, een beetje in de takken, te doen alsof ik een piraat was. 

En toen zag ik iets. Heel klein, in de boomholte. Het glinsterde, alsof er diamantjes in zaten. Ik ben naar beneden geklommen en… het was een doosje! Een heel klein, houten doosje. 

Ik kreeg hem niet open, hij zat muurvast. Toen kwam mijn oma buiten, en die kreeg hem ook niet open. Uiteindelijk heeft mijn opa hem open gemaakt met z’n speciale zakmes. En wat erin zat? Een veer! Een hele mooie, blauwe veer. 

Maar het állergekste? Mijn opa zei dat hij die veer herkende. Hij zei dat het van een… nachtuil was, maar dan een héle speciale nachtuil. Eentje die wensen kan uitkomen! Ik heb ’m meteen een wens gedaan. Ik wou dat ik morgen een hele goede tekening kon maken. We zien wel of het lukt!"
248,google/gemma-3-27b-it-fast,9_10,"Oké, luister. Het is echt waar gebeurd, hè! Laatst, toen we bij mijn oma in het bos waren, zag ik iets heel raars. Ik was aan het zoeken naar mooie keien voor in mijn kamer, en ik liep een beetje van iedereen weg, want ik wil de állermooiste hebben. 

Toen zag ik een klein deurtje in een boom, echt piepklein! Het was in een hele oude, dikke eik. Ik dacht eerst dat het een grap was van mijn broer, maar hij was nergens te zien. Ik knielde voor het deurtje en keek naar binnen. 

Het was donker, maar ik zag een heel klein lichtje. Alsof er iemand een kaarsje had aangestoken. Ik durfde eigenlijk niet te kijken, maar ik moest wel! Toen ik mijn oog er goed op richtte, zag ik een mini-persoon! Echt, zo klein als mijn duim. Hij zat aan een klein tafeltje en was een taartje aan het eten. 

Ik knipperde met mijn ogen, maar hij was er nog steeds! Hij keek naar mij en glimlachte, en toen… toen was hij weg. Het lichtje was ook uit. Ik rende terug naar mijn oma, maar die geloofde me natuurlijk niet. Ze zei dat ik te veel fantasie had. Maar ik weet zeker dat ik het gezien heb!"
249,google/gemma-3-27b-it-fast,9_10,"Dus… gistermiddag was echt super raar. Ik was aan het spelen in de tuin, bij de oude appelboom, weet je wel, die met de hele gekke takken? Ik deed alsof ik een ridder was, en de boom was mijn kasteel. 

Toen zag ik iets glinsteren tussen de wortels. Ik kroop er helemaal onderdoor, want het was best donker daar. En ja hoor! Een sleutel! Niet zomaar een sleutel, maar een hele oude, roestige sleutel met een gek figuurtje erin gekerfd. Het leek net een draak!

Ik vroeg aan mijn opa of hij wist van de sleutel, maar hij zei dat hij ‘m nog nooit gezien had. Mijn oma zei dat hij misschien van vroeger was, van de mensen die hier voor ons woonden.

Dus toen ging ik alle deuren in huis proberen. De voordeur, de garage, de schuur… niks paste. Toen bedacht ik me, de tuinschatkist! We hebben een oude houten kist in de tuin verstopt, met daarin allemaal stenen en snoepjes. Ik probeerde de sleutel, en… hij paste!

De kist ging open. Maar er zaten geen stenen of snoepjes in. Er zat een oud dagboek in. Dat vond ik nog veel spannender! Ik ga er vandaag verder in lezen. Misschien staat er wel een geheim in!"
250,google/gemma-3-27b-it-fast,10_11,"Dus, eh, het gebeurde vorige week. Mijn opa en oma waren op vakantie en mijn ouders moesten werken, dus ik zat bij tante Lies. Tante Lies is best wel gek. Niet *slecht* gek, maar ze verzamelt echt vanalles. Overal staan potten met knopen en oude theekopjes en weet ik wat.

Nou, ik mocht niet in de zolderkamer. Echt niet! Tante Lies zei dat het daar superstoffig was en dat er spinnen woonden. Maar natuurlijk móest ik wel naar de zolderkamer. Het was zaterdag, het regende pijpenstelen en er was niks anders te doen. 

Boven was het donker en ja, stoffig. En er liepen spindraden door je haar, echt vies! Maar ik zag een oude kist. Zo'n grote, houten kist met een slotje. Ik probeerde het slotje open te maken met een haarspeld, net zoals in films, maar dat lukte niet. Toen vond ik een sleutel onder een oude schoen! 

In de kist zat een pop. Niet zo’n moderne pop, maar een oude, porseleinen pop met een blauwe jurk. Ze had een heel lief lachje. En toen ik haar vasthield… toen voelde ik een koude rilling. Ik denk dat ze wel echt was, weet je? Een beetje magisch. Ik legde haar weer terug en rende snel naar beneden. Tante Lies heeft er niks van gemerkt. Misschien moet ik er stiekem nog eens naartoe gaan…"
251,google/gemma-3-27b-it-fast,10_11,"Nou, het is echt waar, dit gebeurde afgelopen weekend. We waren bij mijn oma, die woont in zo'n heel oud huis met een mega grote tuin. Mijn broertje, Lucas, en ik mochten buiten spelen, maar oma zei dat we niet bij de oude schuur mochten komen. Die was volgens haar heel gevaarlijk en er zat iemand... nou ja, iets in. 

Natuurlijk, meteen wilden we bij die schuur! Lucas is een beetje een durfal, en ik wilde niet dat hij het alleen deed. Dus we sloopten erheen. De deur was half open en het rook naar oud stof en… honing? Binnen was het super donker. Lucas had zijn zaklamp mee, dus hij scheen erin.

En toen zagen we het. Geen monster, geen griezel, maar een hele grote bijenkorf! En overal, overal lagen potten met honing. Echt, mega veel. Het bleek dat mijn opa, die al lang geleden overleden is, een imker was. Oma durfde er niet meer naar binnen, maar Lucas en ik hebben met z’n tweeën zo veel honing geproefd, dat we een plakkerige puinhoop waren. We kregen wel straf, hoor, maar de honing was het waard. En we hebben niet eens iemand of iets in de schuur gezien, behalve de bijtjes natuurlijk."
252,google/gemma-3-27b-it-fast,10_11,"Nou, het is echt waar, dit is me echt overkomen! We waren op vakantie, in Spanje. Niet in zo’n super toeristisch plek, maar bij oma en opa in een heel oud dorpje. Daar was bijna niks te doen, behalve voetballen op het dorpsplein en ijs eten.

Maar dan was er ook die oude man, Senhor Alves. Hij zat altijd op een bankje en keek naar alles, maar hij zei nooit wat. Hij had een hele gekke kat, zo’n zwart beest met heel groene ogen. 

Op een dag was mijn bal in zijn tuin gerold. Ik durfde niet naar binnen, want hij leek zo streng. Maar opa zei: “Vraag het maar, Antonio. Senhor Alves is helemaal niet zo boos.”

Dus ik ging. En Senhor Alves lachte! Hij gaf niet alleen mijn bal, maar ook een klein, houten bootje. Hij zei dat hij het zelf gemaakt had en dat het een “boot voor avonturen” was.

Ik heb er de hele vakantie mee gespeeld in de beek. En weet je wat? Die Senhor Alves, die vertelde me toen écht een heel spannend verhaal over piraten en verborgen schatten. Hij was helemaal niet streng, hij was gewoon een beetje verlegen! En die kat? Die was stiekem super lief."
253,google/gemma-3-27b-it-fast,10_11,"Oké, dus... het gebeurde vorige week. We waren bij oma, in haar huisje aan het bos. Jullie kennen oma toch? Die met de katten? Nou, er zaten echt *heel* veel katten. En oma zegt altijd dat ik op moet letten, want er zit een eekhoorn die stiekem haar koekjes steelt.

Nou, ik zat dus in de tuin, eigenlijk een beetje te vervelen. Ik wilde de eekhoorn zien, maar die was nergens. Toen hoorde ik een soort piepgeluid uit de schuur. Heel zacht. Ik dacht eerst dat het een van oma’s katten was, maar het klonk anders. 

Ik sloop naar de schuur en deed de deur heel voorzichtig open. En raad eens? Daar zat… een babyuiltje! Helemaal alleen. Hij was piepend en had zijn ogen nog dicht. Hij was super klein en zacht. 

Ik rende naar oma en ik dacht dat ze boos zou worden dat ik de schuur open had gedaan, maar ze zei: “Oh, mijn hemel! Die moet vast uit zijn nest gevallen zijn!” Ze heeft toen een doos bekleed met een oude handdoek en het uiltje erin gedaan. We hebben het de hele avond in de gaten gehouden en de volgende dag hebben we het naar een dierenarts gebracht. Die kon het uiltje weer terug in het bos zetten bij zijn mama! Het was echt super spannend."
254,google/gemma-3-27b-it-fast,10_11,"Dus, gisteren… gisteren was echt raar. Ik was bij mijn oma, en oma heeft een heel grote tuin. Echt heel groot. En achterin, helemaal achterin bij de oude kersenboom, daar staat een schuurtje. Daar mag ik eigenlijk nooit komen, want oma zegt dat het er ‘rommelig’ is. 

Maar… ik was een beetje nieuwsgierig, snap je? Dus ik sloop stiekem achterom. Het schuurtje was helemaal begroeid met klimop, en de deur knarste heel erg toen ik hem opendeed. 

Binnen was het donker en het rook naar oud hout en… een beetje naar citroenen? En toen zag ik het. Een klein, glimmend koffertje. Zo’n oud koffertje van leer, met koperen sluitingen. Ik opende het en… er lagen allemaal glazen potjes in! Met allemaal gekleurde lichtjes erin. 

Ik pakte er één, een blauwe, en toen… toen zag ik de tuin anders. Alles was blauw getint, alsof ik door een blauwe bril keek! Ik pakte een rode en de rozen werden knalrood. Het was alsof ik de kleuren van de wereld kon veranderen! Ik heb er een paar mee naar huis genomen… maar ik durf oma nog niet te vragen waar ze vandaan komen."
255,google/gemma-3-27b-it-fast,10_11,"Nou, het gebeurde vorige zomer, bij mijn oma op het land. Daar is een oude boomgaard, met hele rare bomen. Niet alleen appelbomen, maar ook perzikbomen en kersenbomen, en eentje die niemand weet wat voor boom het is. Hij geeft wel altijd hele kleine, paarse vruchtjes.

Ik zat te spelen in de boomgaard, en ik was een beetje aan het vervelen. Toen zag ik iets bewegen achter die rare boom. Ik sloop dichterbij, heel stilletjes, en toen zag ik het: een klein, groen wezentje! Het was niet groter dan mijn hand, en het had vleugels!

Het zat aan een paarse vrucht te knagen. Ik bleef gewoon staan, helemaal stil. Het wezentje keek op, en keek naar mij. Het had hele grote ogen. Ik was bang, maar ook heel nieuwsgierig.

Toen vloog het opeens op en kwam recht op mijn neus af! Ik deed mijn ogen dicht, en ik voelde iets zachts op mijn neus. Toen opende ik mijn ogen weer en was het wezentje weg. 

Op mijn neus lag een glinsterende, paarse stuiver. Ik heb hem nog steeds in mijn zak! Ik weet niet wat het was, maar ik denk dat het een fee was. Of zoiets."
256,google/gemma-3-27b-it-fast,10_11,"Dus, gisteren... gisteren was echt raar. Ik was aan het spelen bij opa en oma, in de tuin. Niet met Lego ofzo, maar gewoon... met stokken en stenen, en ik deed alsof ik een ridder was. En toen, achter de grote struik met de rode bessen, zag ik een klein deurtje. Echt! Het was maar 20 centimeter hoog, en helemaal begroeid met mos.

Ik dacht eerst dat ik me vergiste, maar toen haalde ik wat takjes weg en daar was-ie. Ik probeerde ‘m open te maken, maar hij zat muurvast. Toen, heel zachtjes, hoorde ik een piepje en de deur ging open!

Binnen was het heel donker. Ik kon niks zien, maar ik rook cake. Echt, cake! Dus ik kroop erin, en toen... toen zat er een heel klein mannetje op een paddenstoel. Hij had een bril en een hele lange baard. Hij keek me aan en zei: “Oh, eindelijk! Ik dacht al dat je nooit zou komen. Ik heb je taart bewaard!” En hij gaf me een heel klein stukje chocoladetaart. Het was de lekkerste taart ooit. 

Toen werd ik wakker, en zat ik weer achter de struik. De deur was weg. Maar ik kon de cake nog proeven! Echt waar! Niemand gelooft me, maar ik zweer het!"
257,google/gemma-3-27b-it-fast,10_11,"Nou, het is dus echt waargebeurd. Echt! Gistermiddag, toen ik met Finn in het bos aan het spelen was, zagen we iets superraars. We bouwden een fort, helemaal achter de grote eik, en Finn was net een muur aan het verstevigen met takken toen hij riep: ""Kijk!"". 

Ik keek en daar, tussen de varens, lag een klein, glimmend ding. Het was rond, net een knikker, maar helemaal zilver en het leek te pulseren. We raakten het niet aan, want we dachten dat het misschien iets gevaarlijks was.

Toen, heel langzaam, begon de knikker te zweven! Echt, een stukje omhoog! We werden stil, doodstil. Hij zweefde een paar seconden en toen… plof! Hij verdween. Gewoon weg.

We hebben de hele plek afgezocht. Onder de varens, tussen de wortels van de boom, overal. Maar hij was nergens meer te vinden. Misschien was het wel een ruimteschip, superklein, of een geheime boodschap van kaboutertjes. Ik weet het niet. Maar we hebben het allebei gezien, echt waar! En nu geloof ik stiekem wel in aliens."
258,google/gemma-3-27b-it-fast,10_11,"Nou, het gebeurde vorige zomer. We gingen op vakantie naar oma’s huis, in een heel klein dorpje. Daar is helemaal niks te doen, dacht ik eerst. Geen wifi, geen speeltuin, alleen maar koeien en bomen. Saai!

Maar dan… vlakbij oma’s huis was een heel oud bos. Mijn opa zei dat er een schat verstopt zou liggen, door een piraat. Een ECHTE piraat! Natuurlijk geloofde ik hem niet helemaal, maar ik werd wel nieuwsgierig.

Ik nam mijn broertje Tim mee – die is negen – en een oude tekening van opa, een soort kaart. Die kaart was super vaag, met alleen maar rare symbolen. We zochten de hele dag, door stekelige bramen en over omgevallen bomen. 

Uiteindelijk vonden we een grote, oude eik. Op de kaart stond een kruis bij een eik! En toen… toen zagen we een klein, houten doosje begraven bij de wortels. 

We deden hem open… en er zaten geen gouden munten in. Maar er zaten allemaal heel mooie stenen in, met rare kleuren en glitters. En een briefje! De piraat had geschreven dat de échte schat de vriendschap is, en de avonturen die je samen beleeft. Best wel raar, maar eigenlijk… best wel leuk. Zeker met Tim."
259,google/gemma-3-27b-it-fast,10_11,"Nou, het gebeurde vorig jaar zomer. We waren op vakantie in Spanje, bij oma en opa in een heel oud huis. Het huis had een enorme tuin, en achterin die tuin stond een heel oud, heel groot vijver. Niemand mocht bij die vijver komen, zei opa, want er zwommen hele grote vissen in. Echt *enorme* vissen, vertelde hij, met schubben als schilden.

Maar natuurlijk, ging ik stiekem. Echt, ik kon het niet laten. Ik sloop 's avonds, toen iedereen sliep, met een zaklantaarn naar de vijver. Het was super spannend. Ik scheen met de zaklantaarn over het water en… er gebeurde niks. Gewoon water. En kikkers.

Toen gooide ik een steentje. *Plons!* En ineens, uit het niets, kwam er een hoofd omhoog. Geen vis! Maar een reuzenpad! Hij keek me aan, heel boos, en blies zichzelf op. Hij was zo groot! Ik gilde en rende terug naar het huis, zo hard als ik kon. 

De volgende ochtend vroeg ik aan opa wat voor pad dat was. Opa lachte en zei: “Ach, dat is Pedro. Hij is de bewaker van de vijver. Hij houdt de echte vissen weg.” Ik geloofde hem wel hoor. Pedro was veel enger dan welke vis dan ook!"
260,google/gemma-3-27b-it-fast,10_11,"Oké, dus… mijn opa heeft een schuur. Niet zomaar een schuur, echt een supergeheime schuur. Hij zegt dat hij er gewoon tuingereedschap in heeft, maar dat is niet waar. Want laatst, ik mocht mee naar binnen, en er stonden allemaal koffers. Oude, stoffige koffers.

Opa zei dat het koffers waren van zijn reizen. Maar er stonden er zoveel! En één koffer, die was helemaal bekleed met leer en had een slotje met drie cijfers. Ik vroeg aan opa wat erin zat en hij lachte mysterieus. ""Avontuur!"" zei hij. 

Ik probeerde het slotje te kraken, echt, ik heb alle cijfers geprobeerd. Niks! Toen zei opa dat je het met je hart moest doen. Met je hart! Ik snapte er niks van. Ik ging er echt goed over nadenken. Ik dacht aan opa toen hij jong was, aan verre landen… en toen probeerde ik “1947” en… KLIK! Het slot ging open!

Binnenin lagen geen spullen, maar foto's! Foto's van opa als jongen, in de jungle, met een olifant! En op een piramide! Het was echt supercool. Opa heeft echt avontuur beleefd, en nu weet ik dat, dankzij de schuur en een beetje geluk met mijn hart."
261,google/gemma-3-27b-it-fast,10_11,"Nou, het is dus echt waar. Echt waar! Mijn opa heeft een geheim. Hij zegt dat hij vroeger een piraat was. Niet zo’n piraat die op mensen schiet, hij zegt dat hij een *vriendelijke* piraat was.

Hij vond schatten, maar die gaf hij dan aan mensen die het nodig hadden. Papa zegt dat opa gewoon verhalen verzin, maar ik denk het niet. Want opa heeft een houten been, en dat kwam niet door een ongelukje, hoor! Hij zegt dat een haai eraan zat tijdens een storm. 

Gisteren was ik bij opa, en hij liet me een doos zien. Een hele oude, houten doos. Hij zei: “Dit is van de schat van Kapitein Blauwbaard!” Ik mocht er niet in kijken, maar ik zag wel een glimp van iets glinsterends.

En weet je wat het raarste is? We wonen helemaal niet aan zee! We wonen in een heel gewoon dorp, met een supermarkt en zo. Maar opa zegt dat hij de schat verstopt heeft in de tuin. Onder de rozenstruik. Ik ga vandaag proberen te graven, stiekem natuurlijk. Misschien vind ik wel gouden munten! Of een heus piratenzwaard!"
262,google/gemma-3-27b-it-fast,10_11,"Dus… gisteren gebeurde er iets super raars. Ik was bij opa en oma, en opa heeft een enorme tuin. Echt enorm! En daar, achter de kersenboom, staat een schuurtje. Normaal mag ik daar niet komen, want opa zegt dat het “een beetje rommelig” is. Maar gisteren was de deur open!

Ik keek naar binnen en het was… vol met kapotte spullen. Oude stoelen, een eenwieler zonder wiel, een radio van opa’s opa! En er stond een doos, helemaal bedekt met stof. Ik maakte hem open en… er lagen allemaal glazen potjes in, met allemaal glimmende dingen erin.

Het leken wel feeënstofjes! Paarse, groene, rode. Ik pakte per ongeluk een paars potje en… *poef!* Alles werd een beetje wazig. Toen keek ik naar mijn hand en hij was… kleiner! Ik werd kleiner!

Ik was nog geen twee centimeter groot! Ik ben toen snel teruggekrabbeld in de doos en heb het potje dichtgedaan. Toen werd ik weer normaal. Ik heb het aan opa verteld, maar hij zei alleen maar dat ik te veel kersen had gegeten. Maar ik weet zeker dat het die feeënstofjes waren! Ik ga nooit meer in dat schuurtje kijken. Beloofd!"
263,google/gemma-3-27b-it-fast,10_11,"Oké, dus… het gebeurde vorige zomer. Mijn opa en oma hebben een huisje aan het meer. Echt een klein huisje, met een tuin die eigenlijk gewoon een veld is. Daar kan je supergoed verstoppertje spelen.

Ik was aan het verstoppen met mijn neefje, Tim. Tim is echt vervelend, die wil altijd winnen. Ik had een plek gevonden achter een enorme struik met braambessen. Echt, je kon er niet bij, tenzij je heel goed kon klimmen. Ik zat daar te wachten, en te lachen om Tim, die overal aan het zoeken was.

Toen hoorde ik geritsel. Niet van Tim. Het kwam dichterbij, echt heel dichtbij. Ik keek voorzichtig door de takken en… zag een eekhoorn! Hij had een hele grote noot in zijn mond en probeerde die achter een tak te verstoppen. En toen… viel de noot! Recht op mijn hoofd! 

Au! Ik schreeuwde het uit. Tim kwam direct aangerend. “Gevonden!” schreeuwde hij. Maar ik wees naar de eekhoorn, die me heel vies aan keek. Tim begon te lachen. We hebben allebei heel hard gelachen. Zelfs opa moest lachen toen hij hoorde wat er gebeurd was. Het was de beste verstoppertje-dag ooit, ook al verloor ik. En ik heb nu wel een nieuwe deuk in mijn hoofd, een eekhoorn-deuk!"
264,google/gemma-3-27b-it-fast,10_11,"Nou, het is dus echt waar gebeurd. Echt! Mijn opa heeft een schuur. Niet zomaar een schuur, maar een hele oude, houten schuur, achterin de tuin. Hij zegt dat er vroeger paarden in stonden, maar nu zitten er vooral spinnenwebben. 

Ik mocht laatst mee met opa om hout te halen voor de open haard. Het was al bijna donker en opa zei dat ik goed op moest letten, want de schuur was een beetje eng. Ik vond het niet eng, ik vind schuren cool!

Toen ik een stapel hout aan het verzamelen was, hoorde ik een gerommel. Echt zacht, maar ik hoorde het wel. Ik keek om me heen, maar zag opa niet. Toen hoorde ik het weer, en het kwam uit een oude kist in de hoek.

Ik ging heel voorzichtig dichterbij en deed de kist open. Daar lag… een hele oude, stoffige teddybeer! Hij had maar één oog en zijn vacht was helemaal versleten. Ik pakte ‘m op en toen hoorde ik opeens een piepklein stemmetje: “Hoi…” 

Ik schrok me rot! Ik gooide de beer bijna weer terug, maar toen lachte opa. “Die beer,” zei hij, “heeft al heel lang niemand meer gezien.”"
265,google/gemma-3-27b-it-fast,10_11,"Oké, luister. Het gebeurde vorige zomer, bij opa en oma op het land. We hebben daar een boomgaard, met hele oude perenbomen. Mijn neef Finn en ik, die zijn net 8, dachten het heel stoer te vinden om in die boomgaard te slapen. Niet in een tent, nee, in de bomen!

We hadden een soort bed gemaakt van touw en oude dekens, hoog in de grootste boom. Het was best eng, hè, want het waaide een beetje. Papa had geholpen, maar hij zei dat we er niet de hele nacht moesten blijven. 

Maar we wilden wel! Het was super geheim en je kon alles zien. Toen werd het donker en hoorden we allemaal geluiden. Geritsel in het gras, een uil die floepte. Finn werd al bibberig. 

En toen… toen zagen we een lichtje! Zo’n fladderend lichtje. We dachten echt, een geest! Finn begon te huilen, heel zachtjes. En toen kwam het lichtje dichterbij en… bleek het oma te zijn met een zaklantaarn, die ons kwam controleren. Ze lachte en zei dat we echt gek waren. We mochten nog wel even, maar papa kwam ons daarna wel halen. Het was toch best eng, zelfs met oma erbij, maar wel heel spannend!"
266,google/gemma-3-27b-it-fast,10_11,"Dus, gisteren... gisteren was echt raar. Ik was aan het spelen in het bos achter mijn huis, met Max en Lisa. We waren piraten, en we zochten naar een verborgen schat. We hadden een kaart getekend, die er eigenlijk gewoon uitzag als een gekrabbel, maar we deden alsof het heel belangrijk was.

Toen, ineens, vonden we een supersnel pad. Het was niet op de kaart, echt niet. En het leidde naar een heel klein huisje, verborgen tussen de bomen. Het was zo klein, je zou denken dat een kabouter er woonde! 

We klopten aan, maar er was niemand. De deur stond open. We gingen naar binnen en alles was... mini. Mini stoelen, mini tafel, mini bed. En er lag een doosje. Een heel klein doosje. 

Max opende het. En er zat... een knoop in. Een gewone, blauwe knoop. We waren echt teleurgesteld. Een knoop?! Maar toen Lisa de knoop vasthield, begon ze te zweven! Echt waar! Een paar centimeter boven de grond. 

We raakten de knoop niet meer aan. We zijn snel het huisje uitgerend, en sindsdien praten we er niet meer over. Niemand gelooft ons, maar het is wel echt gebeurd. Echt!"
267,google/gemma-3-27b-it-fast,10_11,"Dus, gisteren... gisteren was echt raar. Ik was met mijn opa in het bos, we zochten paddenstoelen. Mijn opa kent alle namen, van alle soorten! Ik niet, ik vind ze gewoon mooi. We waren best diep het bos in, weet je, waar het heel stil is en het licht anders valt.

Toen zagen we een huisje. Niet echt een huisje, meer een soort… hut. Gemaakt van takken en bladeren, maar heel netjes. En er zat een eekhoorn voor de deur. Maar deze eekhoorn deed niet normaal! Hij had een mini-bril op, echt waar! En hij zat een soort brief te lezen.

Mijn opa en ik verstrokken ons achter een boom, want ik had zoiets van, misschien is het een geheime agent eekhoorn. Mijn opa grinnikte. De eekhoorn klapte de brief dicht, zuchtte heel diep en zei - ik hoorde het echt! - “Pfff, weer een klacht over de nootvoorraad.”

Toen keek hij op en hij keek recht naar ons! We zijn toen heel snel weggerend en opa zei, “We hebben deze eekhoorn niet gezien!” Alsof hij iets te verbergen had. Ik weet zeker dat ik een geheime agent eekhoorn heb gezien. Echt!"
268,google/gemma-3-27b-it-fast,10_11,"Oké, dus… mijn opa heeft een schuur, helemaal achter in de tuin. Niet zo’n nette schuur met tuingereedschap, nee, zo’n oude, rommelige waar álles in staat. Oude fietsen, kapotte stoelen, een hele hoop kratten… en spinnenwebben, heel veel spinnenwebben!

Mijn opa zegt dat er schatten in die schuur zitten, maar ik had nog nooit iets leuks gevonden. Alleen maar stof en oude dingen die je niet meer mag aanraken.

Maar gisteren, toen ik buiten speelde, was de schuurdeur een beetje open. Heel misschien. Ik sloop erheen en ik keek binnen. En daar, tussen allemaal oude doeken, zag ik iets glimmen. 

Ik tilde de doeken omhoog en… het was een kist! Een houten kist met een slotje. Ik rende naar mijn opa en die haalde de sleutel van een oude spijker in de muur.

In de kist zaten allemaal foto's. Oude foto's van mijn opa toen hij klein was! Hij zat op een olifant! En hij voer op een boot met een heleboel andere mensen. Het was net alsof ik een geheim van mijn opa ontdekte. Hij was echt een avonturier geweest! Vroeger dan. Nu drinkt hij alleen maar thee en leest hij de krant. Maar hij lachte heel erg toen ik de foto’s liet zien en hij vertelde er allemaal verhalen bij. Dat was veel leuker dan een echte schat!"
269,google/gemma-3-27b-it-fast,10_11,"Dus… gisteren gebeurde er iets superraars. Ik was aan het spelen bij opa en oma in de tuin. Je weet wel, die tuin waar alles altijd zo’n beetje wild groeit? Nou, ik zocht naar kevers, want ik wilde er een hele verzameling maken in een oude schoenendoos. 

En toen, achter de enorme rozenstruik, zag ik iets blinken. Ik dacht eerst dat het een glasje was, maar toen ik dichterbij kwam, was het een… een miniatuurhuisje! Echt piepklein! Zo groot als mijn hand. Het was van steentjes gemaakt, met een heel klein dak van mos.

Ik keek goed rond, maar er was nergens iemand te zien. Ik durfde het huisje aan te raken, en toen… toen hoorde ik een piepklein stemmetje. Het zei: “Pas op! Je trapt bijna op mijn petunia’s!” 

Ik schrok me dood! Ik keek nog beter en ja hoor, er zat een heel klein mannetje in de deuropening. Hij had een blauw jasje en een hele lange witte baard. Hij keek me heel boos aan. Ik zei: “Ehm… sorry?” En toen, voordat ik iets meer kon zeggen, flitste het mannetje weg, en het huisje… was verdwenen! Ik weet niet of ik het me verbeeld heb, maar ik zweer het, het was echt waar."
270,google/gemma-3-27b-it-fast,10_11,"Nou, het is echt waar, dit is me echt overkomen! Het was afgelopen zomer, bij oma. Oma woont in een heel oud huis, met een tuin die eigenlijk een soort bos is. Ik stond te spelen, verstoppertje met mijn kleine broertje, Tim. En ik rende, en rende, en rende… tot ik achter de oude schuur kwam.

Daar lag een doos. Niet zomaar een doos, een houten kist met allemaal rare slotjes enzo. Ik probeerde hem open te maken, maar het lukte niet. Tim kwam aanrennen, natuurlijk, en samen probeerden we. Toen hoorden we een klik!

De kist ging open. En er lagen… geen piratenschat of iets stoers. Maar allemaal oude foto’s! Van oma, maar ook van mensen die ik niet kende. En er lag een brief, geschreven met een heel mooi handschrift. 

Mijn oma vertelde later dat de brief van haar overgrootmoeder was. Ze had een geheim gehouden, een liefde voor een kunstenaar die naar Amerika was gegaan. Ze had al die foto’s en de brief bewaard. Het was net een film! En ik, ik heb de schat gevonden. Alleen was het dus geen goud, maar iets veel interessanters."
271,google/gemma-3-27b-it-fast,10_11,"Dus, mijn opa heeft een geheim. Niet zo’n supergeheim, meer een…raar geheim. Hij verzamelt knopen. Niet zomaar knopen, nee, allemaal verloren knopen. Hij vindt ze overal: op het schoolplein, in de parken, zelfs op het strand! Hij zegt dat elke knoop een verhaal heeft.

Vrijdag was ik bij hem. Hij zat in zijn tuinhuisje, helemaal omringd door knopen in potjes. Hij pakte er één, een blauwe met een anker erop. ""Kijk,"" zei hij, ""deze kwam van de jas van een zeeman. Hij verloor hem toen hij ijsjes kocht in de stad."" 

Ik lachte, dat vond ik flauwekul. Maar toen pakte hij een hele kleine, parelmoeren knoop. ""Deze,"" fluisterde hij, ""kwam van het jurkje van een meisje dat verdwaald was in het bos. Een lieve eekhoorn bracht 'm naar me.""

Dat was dus helemaal niet waar! Maar ik deed alsof ik het geloofde. Want opa zag er zo blij uit als hij over de knopen praatte. Ik bedacht me dat het eigenlijk best leuk was, dat elke knoop een verzonnen verhaal had. Misschien ga ik ook beginnen met knopen verzamelen. Dan kan ik ook verhalen verzinnen."
272,google/gemma-3-27b-it-fast,10_11,"Oké, dus... laat ik eens kijken. Weet je, gister gebeurde er iets super raars. Ik was bij mijn oma, en die heeft een tuin, echt een hele grote! Daar staan allemaal bloemen, en een kersenboom, en... nou ja, gewoon heel veel groen. 

Ik zat daar een beetje te spelen, ik was een detective, snap je? En ik moest een gestolen snoepje vinden. Echt belangrijk snoepje, een lolly met frambozensmaak! Toen zag ik iets glinsteren onder de rozenstruik. Ik kroop eronder en… het was geen snoepje! Het was een klein, blauw vogeltje. 

Maar het was niet zomaar een vogeltje. Het was… eh… een robotvogeltje! Hij had allemaal kleine draadjes en lampjes. Ik pakte 'm heel voorzichtig op en toen piepte hij! En hij begon te fladderen, een soort van. Hij kon niet echt vliegen, meer stuiteren. 

Ik bracht hem naar mijn oma en die zei dat ze hem nog nooit gezien had. We hebben hem ""Piep"" genoemd. Weet je hoe we hem uiteindelijk hebben gerepareerd? Met een elastiekje en een beetje ducttape! Nu zit Piep in mijn slaapkamer en maakt hij de gekste geluiden. Echt waar!"
273,google/gemma-3-27b-it-fast,10_11,"Dus… mijn opa heeft een echte schatkaart. Niet zomaar eentje die hij getekend heeft, nee, een superoude, met krullend schrift en een beetje rafelrandjes. Hij heeft hem jaren geleden gevonden, op zolder bij zijn vader.

De kaart leidde naar… nou ja, dat wist opa nog niet helemaal. Hij zei dat er iets begraven lag, ‘iets heel bijzonders’. Elk weekend gingen we op zoek. We hadden een metalen detector gekregen van oma, die piepte bij alles! Soms bleek het een oud blikje te zijn, of een kapotte knoop. Saai.

Vorige week waren we in het bos. De kaart zei: ‘Drie eiken, bij de steen met het oog.’ We vonden de bomen, en de steen! Echt, die had een soort gat dat leek op een oog. Opa zette de metalen detector aan en… PIEP! Heel hard!

We hebben zitten graven, echt heel diep. En wat vonden we? Geen goud, geen sieraden… maar een glazen pot met oude briefjes erin! Het waren brieven van opa’s oma, aan zijn opa, uit de tijd dat hij op de oorlog was. Opa was zo blij. Hij zei dat die brieven veel waardevoller waren dan goud. En dat snapte ik eigenlijk wel."
274,google/gemma-3-27b-it-fast,10_11,"Nou, het begon allemaal toen ik met opa naar het strand ging. Niet zo'n zandstrand met parasols, maar een kiezelstrand. Opa zei altijd dat je daar de mooiste dingen kon vinden. Ik vond het eigenlijk altijd een beetje stom, al die steentjes prikten in mijn tenen.

Maar die dag was anders. Ik zocht naar schelpen, net zoals altijd, toen ik iets zag glinsteren. Het was geen schelp! Het was een fles! Een hele oude fles, met echt kurk erin. Ik trok de kurk eruit, en er kwam een brief tevoorschijn.

De brief was geschreven met heel mooi, krullerig schrift. Het was van een meisje, Lily, dat al heel lang geleden op reis was geweest met haar vader, een zeeman. Ze had de fles in de zee gegooid in de hoop dat iemand haar verhaal zou vinden. Ze schreef over een heel bijzonder eiland, met pratende papegaaien en watervallen van chocolade!

Ik geloofde het natuurlijk niet helemaal, maar het was wel het coolste wat ik ooit had gevonden. Ik heb de brief aan opa laten lezen en hij zei dat het een mooi verhaal was, een verhaal dat nu door mij verder verteld moest worden. Dus dat doe ik nu. Misschien is het wel echt, dat eiland. Wie weet?"
275,google/gemma-3-27b-it-fast,10_11,"Dus, gister was echt super raar. Ik was aan het fietsen naar oma, want ze had beloofd pannekoeken te bakken. Echt die met stroop, mijn favoriet! Normaal neem ik de grote weg, maar die was afgesloten, dus ik moest een klein, hobbelig paadje door het bos nemen.

En daar zag ik het. Een klein, blauw lichtje, flikkerend tussen de bomen. Ik stapte af en ging kijken. Het was een soort doosje, van metaal, met allemaal knopjes en lampjes. Het zag eruit als iets van een superheld! Ik durfde te drukken op een knop en toen… toen werd alles stil. 

Geen vogels, geen wind, niks. En toen begon het doosje te zweven! Ik raakte echt in paniek. Ik probeerde het doosje weg te pakken, maar het ging steeds hoger en hoger. Uiteindelijk flikkerde het lichtje heel fel en *poef*, het was weg.

Alles was weer normaal, alleen… ik was opeens heel goed in wiskunde. Echt supergoed! Ik had gisteren nog moeite met tafels van 7, maar nu weet ik ze allemaal. Misschien zat er een superbrein-straal in dat doosje? Ik weet het niet, maar morgen ga ik weer zoeken!"
276,google/gemma-3-27b-it-fast,10_11,"Nou, afgelopen weekend… was echt raar. Mijn opa en oma hadden een nieuwe kat. Zo’n heel klein katje, met súper zachte vacht. Hij heette Pepper, omdat hij zwart was met witte pootjes, net peperkorrels. 

Maar Pepper was niet zomaar een kat. Mijn oma zei dat hij een beetje… bijzonder was. Ze zei dat hij soms naar dingen keek die er niet waren en dat hij soms fluisterde. Ik lachte erom, dacht dat ze grapte.

Maar toen ging ik in de keuken een koekje pakken en zat Pepper naar de hoek te staren. Hij zat te spinnen, maar keek tegelijkertijd heel serieus. Toen, heel zachtjes, zei hij… ""Appels.""

Ja, appels! Ik stond perplex. Er lagen geen appels in de keuken. Ik keek naar mijn oma, maar die was de afwas aan het doen en had het niet gehoord. Later, toen mijn moeder kwam, zei Pepper weer: ""Sleutels."" En raad wat? Mijn moeder zocht haar sleutels!

Ik weet niet hoe hij het doet, maar Pepper is echt een magische kat. Ik denk dat hij kan lezen wat mensen denken. Mijn opa zegt dat ik een wilde fantasie heb, maar ik weet wel beter. Pepper is niet zomaar een kat!"
277,google/gemma-3-27b-it-fast,10_11,"Nou, het is echt waar, dit is me overkomen! Het was vorig jaar, in de zomer. We waren op vakantie bij mijn oma in het bos, echt een superoud bos met allemaal rare bomen. Mijn broertje, Tim, en ik mochten alleen spelen aan de rand van het bos, maar natuurlijk… we gingen toch verder.

We zochten naar een schat, want oma had verteld over een oude piraat die daar ooit begraven zou zijn. We hadden een zelfgemaakte kaart, met een X en alles! En toen zagen we het. Een heel klein huisje, verborgen tussen de struiken. Het was echt niet groter dan een konijnenhol.

We kregen het deurtje open, heel voorzichtig. Binnen was het donker en het rook naar oude bladeren. En toen zagen we hem! Een heel klein mannetje, met een lange witte baard en een puntmuts. Hij zat aan een mini-tafeltje te breien. Hij keek ons aan en zei, heel streng: “Wat doen jullie hier?”

We waren zo bang dat we niks konden zeggen. Hij zuchtte en gaf ons ieder een klein steentje. “Voor geluk,” zei hij. Daarna verdween hij! We renden naar oma, die lachte en zei dat we vast iets verzonnen hadden. Maar die steentjes… die heb ik nog steeds!"
278,google/gemma-3-27b-it-fast,10_11,"Dus, gisteren gebeurde er iets superraars. Ik was bij oma, want mijn ouders waren naar een bruiloft. Oma woont in een heel oud huis, met zo’n tuin waar je je makkelijk kunt verstoppen. Ik zat daar een beetje te vervelen, want er was geen internet en al mijn boeken had ik al gelezen. 

Toen zag ik iets bewegen in de bloemenperk. Echt een klein stukje. Ik dacht eerst een kat, maar toen zag ik… een mini-man! Niet groter dan mijn hand, met een groene jas en een hele puntige muts. Hij was bezig met een slak te sjouwen, die gigantisch was voor hem. 

Ik werd zo stil dat ik bijna niet durfde ademen. Hij zag me niet, die mini-man, hij was te druk met die slak. Hij liep naar een paddenstoel en probeerde hem daar bovenop te tillen. Best moeilijk, natuurlijk. Toen keek hij opeens omhoog en… hij keek recht in mijn ogen!

Hij zei iets, maar ik verstond het niet. Het klonk een beetje als piepen. Toen knipte hij met zijn vingers en de slak begon te glowen! En… en toen verdween hij, met de slak, gewoon in de lucht! Ik denk dat ik droomde, maar ik weet zeker dat het echt gebeurde. Echt waar!"
279,google/gemma-3-27b-it-fast,10_11,"Nou, eh, het begon allemaal met de oude mevrouw Jansen. Die woonde helemaal aan het eind van de straat, in een huis met een tuin vol met… nou ja, alles eigenlijk. Rozen, perkjes, rare beelden. En er gingen altijd geruchten over haar kat, Minoes. Niet zomaar een kat, hoor.

Mijn vriend Tom en ik, we dachten dat Minoes een heks was. Echt waar! Hij had altijd dezelfde kleur ogen als mevrouw Jansen, grijs en een beetje doordringend. En hij zat altijd te staren, alsof hij alles zag. 

Eén keer, toen ik per ongeluk een bal in haar tuin gooide, zag ik Minoes heel even… zweven. Niet hoog, gewoon een stukje boven de grond. Ik schrok me dood! Tom geloofde me eerst niet, maar toen zei hij dat hij zelf had gezien dat de lamp in haar tuin soms héél vreemd deed, zonder dat er wind was.

We wilden wel weten wat er aan de hand was, dus we gingen ’s avonds stiekem kijken. Alles was stil. En toen zagen we mevrouw Jansen, ze stond in de tuin, met Minoes op haar schouder, en ze… mompelde dingen! Heel zachtjes, alsof ze met Minoes praatte. We durfden niet dichterbij te komen, we zijn toen heel snel weggerend. 

Ik weet nog steeds niet wat ze aan het mompelen was, maar Minoes is nog steeds een beetje eng."
280,google/gemma-3-27b-it-fast,10_11,"Oké, luister. Het begon allemaal met een brief. Niet zomaar een brief, maar een heel oud, vergeeld ding, gevonden op zolder bij opa. Er stond “Voor de dapperste avonturier” op geschreven, in krullerig schrift. Mijn opa zei dat het van zijn grootvader was, een zeeman. 

In de brief stond een kaart! Een kaart naar een geheime plek in het bos achter ons huis. We zijn er meteen heen gegaan, Jasper en ik. Het was best eng, want het bos is heel donker en er zijn allemaal rare geluiden.

We volgden de kaart en kwamen bij een hele oude, grote boom met een gat erin. Jasper durfde niet naar binnen, maar ik wel! Het was pikdonker, en ik moest kruipen. Toen, ineens, zat ik in een soort… kamer! 

Daar lag een kleine, houten kist. Ik maakte hem open en… er zat geen goud in! Geen juwelen! Gewoon een paar glimmende steentjes en een oude veer. Jasper vond het super teleurstellend, maar ik niet. Ik vond het juist cool. Die zeeman had vast niet alleen goud verzameld, maar ook allemaal mooie dingen die hij onderweg had gevonden. 

En nu hebben wij ook een verzameling! We zoeken nu ook naar geheime plekjes. Wie weet wat we nog meer vinden!"
281,google/gemma-3-27b-it-fast,10_11,"Weet je, gisteren gebeurde er iets super raars. Ik was bij oma, en oma woont in een heel oud huis, met zo’n tuin waar echt ALLES groeit. En daar stond een appelboom. Niet zomaar een appelboom, hoor. Die boom was zo vol met appels, dat je er amper tussen kon kijken. 

Ik wilde er eentje plukken, maar toen ik hem aanraakte… plof! De appel viel niet naar beneden, maar veranderde in een klein, blauw vogeltje! Echt waar! Het fladderde even rond mijn hoofd en landde toen op oma’s schouder.

“Nou,” zei oma heel rustig, alsof dit elke dag gebeurt. “Die appel was rijp voor een avontuur.”

Daarna zagen we nog meer appels veranderen. In vlinders, in kevers, zelfs in een heel klein konijntje! We hebben ze allemaal even bewonderd, en toen vloog en sprong alles weer terug de tuin in. 

Ik denk dat oma’s appelboom een beetje… toverkrachten heeft. Maar dat mag ik niet tegen iemand vertellen, want dan komen er misschien mensen kijken en dat vindt oma niet leuk. Dus… doe maar alsof je het niet gehoord hebt, oké?"
282,google/gemma-3-27b-it-fast,10_11,"Dus… gisteren, eh, gisteren was echt raar. Ik was aan het fietsen naar oma, want ze had beloofd koekjes te bakken. Echt lekkere, met chocostukjes. En ik fietste door het bos, en normaal gesproken is het bos best saai, maar gisteren… gisteren zag ik een heel klein paardje. 

Maar niet zo’n normaal paardje, snap je? Hij was goudkleurig. Echt, superglimmend, alsof hij van goud was gemaakt. En hij zat gewoon in het bos! Hij stond te eten van paardenbloemen. Ik stapte af van mijn fiets en ik liep heel voorzichtig dichterbij.

Hij keek me aan, en toen… toen knipoogde hij! Echt waar! En hij begon te lachen, een soort zacht, belletjesachtig gelach. Ik probeerde hem te aaien, maar toen, *poef*, was hij weg. Zo verdwenen.

Ik keek overal, maar hij was echt nergens meer te vinden. Ik dacht eerst dat ik het me verbeeld had, maar ik weet zeker dat ik hem gezien heb. Ik heb het aan mijn moeder verteld, maar die zei dat het vast een weerspiegeling was ofzo. Maar het was geen weerspiegeling! Het was een gouden paardje dat kon knipogen! En ik denk dat hij een beetje magie had."
283,google/gemma-3-27b-it-fast,10_11,"Dus, gisteren... gisteren was echt raar. Ik was aan het fietsen naar oma, want ze had beloofd koekjes te bakken, met glitters erop! En ik fietste door het bos, en normaal gesproken zie je daar alleen maar eekhoorns en soms een hond, maar toen zag ik iets.

Het was een klein huisje, maar niet een gewoon huisje. Het was gemaakt van snoep! Serieus, van echte drop, en lollys waren de ramen. En er stond een heel klein mannetje voor de deur, met een pet van een gummibeer!

Ik stopte natuurlijk meteen. Ik was een beetje bang, maar ook super nieuwsgierig. Het mannetje zei: “Hallo! Ik ben Baron Bitterzoet, en dit is mijn snoephuis. Heb je zin in een suikerstaaf?”

Ik knikte, natuurlijk! En hij gaf me een suikerstaaf die zo groot was als mijn arm! Het was framboos smaak, mijn lievelings. Ik vroeg waar hij woonde, en hij zei dat hij de bewaker was van het Bos der Zoete Dromen.

Toen moest ik echt gaan, anders kwam ik niet op tijd bij oma. Maar ik beloofde hem dat ik terug zou komen! En weet je wat het allerleukste is? Oma had ook glitters op de koekjes gedaan! Misschien zelfs wel net zo mooi als het snoephuis."
284,google/gemma-3-27b-it-fast,10_11,"Dus, mijn opa heeft een schuur. Niet zomaar een schuur, echt een supergeheime schuur. Hij zegt altijd dat er ‘dingen’ in staan, maar hij laat nooit iemand binnen. Behalve mij, vorige week! 

Hij had zo’n stofmasker op en een hele rare overall en hij zei: “Oké, maar kijk niet naar alles, beloof je?” Natuurlijk beloofde ik dat. Maar het was moeilijk! De schuur was vol met… nou ja, alles. Oude fietsen, kapotte stoelen, een heel veel oude radio’s. En in een hoek stond iets onder een laken. 

Ik vroeg wat het was, en opa zei: “Dat is… een tijdmachine!” Ik dacht dat hij grapte, maar hij zei serieus dat hij hem aan het repareren was. Hij had al een knop gemaakt die flikkerde. Hij zei dat ik hem misschien volgende week kon uitproberen. 

Ik heb hem nog niet gezien sinds vorige week, want hij is nu op vakantie met oma. Maar ik kan niet stoppen met denken aan die tijdmachine. Stel je voor, je kunt naar het verleden of de toekomst! Ik denk dat ik eerst naar de dag ga dat mijn hond verdwaalde en hem weer terugbreng. Of misschien ga ik kijken hoe de piramides gebouwd zijn! Het is echt spannend."
285,google/gemma-3-27b-it-fast,10_11,"Oké, luister goed! Het begon allemaal met een heel oude sleutel die ik op zolder vond. Echt, zo’n roestige, zware die je in films ziet bij geheime kamers. Mijn opa zei dat hij van zijn opa was geweest, maar niemand wist waar hij voor was.

Ik besloot hem mee te nemen naar school. Gewoon, voor de lol. Tijdens de pauze was Tim aan het pesten, zoals altijd. Hij pakte mijn broodtrommel af en riep dat ik een baby was. Ik werd echt boos en toen… toen zag ik de sleutel in mijn zak zitten. 

Ik duwde Tim weg en rende naar de gymzaal. Er zit een heel oud kluisje in de hoek, waar nooit iemand bij kan. Ik probeerde de sleutel en… het paste! Het kluisje ging open!

Er lagen geen schatten in, geen gouden munten. Maar er was een doos. In de doos zaten… heel veel gekke verkleedkleren! Oude hoeden, brillen, een cape met glitters, zelfs een hele baard! 

We hebben de hele middag verstoppertje gespeeld en ons verkleed. Tim deed ook mee, dus hij pestte me niet meer. Die sleutel was dus eigenlijk de sleutel naar de allerleukste middag ooit! En opa vond het stiekem ook wel grappig, toen ik het hem vertelde."
286,google/gemma-3-27b-it-fast,10_11,"Oké, dus… mijn opa heeft een tuin. Niet zomaar een tuin, echt een héle grote. Met een appelboom, en aardbeien, en allemaal bloemen waar bijen op zoemen. En achterin, helemaal achterin, staat een schuur. 

In die schuur woont Grijze. Grijze is een kat, maar hij is anders. Hij is superoud en heel, héel slim. Opa zegt dat Grijze alles weet. Echt alles.

Eén keer, toen ik bij opa was, verloor ik mijn lievelings knikker. Die met de blauwe sterren erin. Ik zocht overal, onder de struiken, in het gras, zelfs in de bloemen! Niks. Ik was echt superverdrietig. 

Toen zei opa: “Vraag Grijze maar.” Ik dacht dat opa gek was, maar ik ging naar de schuur. Ik fluisterde: “Grijze, wil je me helpen? Ik ben mijn knikker kwijt.”

Grijze keek me even aan, draaide zich om en liep naar een grote zonnebloem. Daar, verstopt tussen de bladeren, lag hij! Mijn knikker! Hoe Grijze dat wist? Geen idee. Maar hij keek me gewoon aan, knipoogde en ging weer lekker slapen. Echt, Grijze is de stoerste kat ooit."
287,google/gemma-3-27b-it-fast,10_11,"Nou, euh… het is eigenlijk een beetje gek. Het gebeurde tijdens de zomervakantie, bij opa en oma op het platteland. Hun tuin is supergroot, met een heel oud, krom beukenboompje. En daar woonde… een kabouter. Echt waar! 

Eerst dachten we dat het gewoon onze fantasie was, mijn broertje Tim en ik. We zagen altijd kleine dingen verschuiven, soms een bloem die opeens anders lag, of een steen die verplaatst was. En dan hoorden we geklik en geklak, alsof er iemand heel klein aan het sleutelen was.

Uiteindelijk zagen we ‘m. Hij was niet zo’n gewone kabouter met een puntmuts. Deze droeg een miniatuur petje van een blad en hij had een heel lange, witte baard. Hij was bezig met een soort machientje, gemaakt van takjes en glimmende steentjes. 

Tim durfde hem aan te spreken. “Hé, wat ben je aan het doen?” vroeg hij. De kabouter sprong bijna op! Hij keek heel boos, maar toen Tim uitlegde dat we hem al een tijdje zagen werken, werd hij een beetje minder nors. Hij zei dat hij de beukenboom liet groeien. Met zijn machientje dus. En dat hij nodig was om de boom sterk genoeg te maken voor de winter. 

We hielpen hem een beetje. We brachten hem kleine steentjes en glinsterende druppels. En we zworen dat we het aan niemand zouden vertellen. Want anders ging zijn magie niet meer werken, zei hij."
288,google/gemma-3-27b-it-fast,10_11,"Nou, het is dus echt waar gebeurd, geloof ik. Mijn opa heeft een tuinslang, maar niet zomaar een tuinslang! Hij zegt dat die toverkrachten heeft. Ik lachte hem eerst uit, want eh, tuinslangen hebben toch geen toverkrachten? 

Maar dan gebeurde er iets. Ik was aan het sproeien, gewoon de bloemen water geven in de tuin, en ik dacht: “Wauw, als ik nu een ijsje kon toveren...” Echt gewoon gedacht. En toen… stonk het ineens naar chocolade! Ik keek rond en zag een grote, smeltende chocolade-ijsberg in het midden van de rozenstruiken. Echt waar!

Niemand geloofde me natuurlijk, behalve mijn opa. Hij knikte gewoon en zei: “Zie je wel? De slang luistert naar je wensen.” 

Dus nu oefen ik. Ik probeer een robot te toveren, of een trampoline, maar het lukt steeds niet zo goed. Laatst kreeg ik een berg broccoli. Dat was niet zo leuk, haha. Maar ik blijf proberen, want die chocolade-ijsberg was écht geweldig. En misschien, heel misschien, lukt het me ooit wel om een echte draak te toveren!"
289,google/gemma-3-27b-it-fast,10_11,"Dus, gisteren gebeurde er iets echt raars. Ik was aan het spelen in de tuin, zo achter de schuur, weet je, waar het gras altijd een beetje lang is? Ik deed alsof ik een ontdekkingsreiziger was, op zoek naar verloren schatten. 

En toen zag ik het. Een heel klein deurtje, in de wortels van de oude appelboom. Echt klein, je moest er bijna naar bukken om het te zien. Ik had het nog nooit gezien! Ik trok eraan, en hij ging open... piepklein, maar open.

Binnen was het donker, maar ik kon een beetje zien. Het was een soort gangetje, gemaakt van steentjes. Ik durfde niet echt naar binnen, maar ik stak mijn hand erin en voelde iets… zacht en pluizig. Ik trok het eruit en het was een heel klein konijntje! Zo klein, dat hij in mijn hand paste.

Hij keek me heel angstig aan met z’n rode oogjes. Ik gaf hem een stukje wortel van mijn lunch en hij knabbelde erop. Toen was mijn moeder mij roepen, dus ik moest naar binnen. Ik hoop echt dat hij er nog zit als ik morgen weer ga kijken. Misschien is het wel een magisch konijntje!"
290,google/gemma-3-27b-it-fast,10_11,"Dus, gisteren… gisteren was echt raar. Ik was aan het spelen in de tuin, achter de schuur. Daar staat een hele oude appelboom, en daar bouw ik altijd mijn fort. Maar er lag een doos. Zo’n kartonnen doos, een beetje kapot. 

Ik maakte hem open en… er zat een bril in! Een heel oude, gouden bril. Een beetje vies, maar echt heel mooi. Ik deed ‘m op en toen gebeurde er iets raars. Alles werd… groener. Niet alleen de bladeren, maar ook de stenen, zelfs mijn broer z’n shirt was ineens een andere tint groen!

En ik kon dingen zien die ik normaal niet zag. Kleine beestjes die over de bladeren renden, en een klein paadje, een soort tunnel, onder de wortels van de appelboom. Ik ben er toen in gekropen! Het was super lang en donker, en toen kwam ik… in de keuken van mevrouw Jansen! 

Mevrouw Jansen woont vier huizen verderop en bakt altijd taart. Ze had net een hele grote appeltaart uit de oven gehaald. Ik heb snel de tunnel weer terug genomen en de bril afgedaan. Toen was alles weer normaal. Ik heb de bril verstopt onder de boom, voor als ik er weer heen ga. Misschien neem ik mijn broer volgende keer mee... als hij niet alles kapot maakt."
291,google/gemma-3-27b-it-fast,10_11,"Dus, gisteren… gisteren was echt raar. Ik was aan het spelen in de tuin, bij de oude eik, weet je wel, die met de hele rare knoesten. Ik was een ridder, en de boom was een draak die ik moest verslaan, met een stok als zwaard. 

En toen zag ik hem. Een heel klein huisje, verstopt tussen de wortels. Ik had het nog nooit gezien! Het was heel klein, gemaakt van mos en stokjes en er zat een mini-deurtje in. Ik dacht eerst dat ik me vergiste, of dat ik aan het dromen was.

Ik ging heel voorzichtig dichterbij. Het deurtje was open! En ik kon er iets zien glimmen. Ik duwde het deurtje een heel klein beetje open en keek naar binnen. 

Je raadt het nooit… Een piepklein theeserviesje! Compleet met kopjes en een suikerpotje! En er stond een heel piepklein koekje naast. Ik durfde het niet aan te raken, want ik was bang dat de bewoners terug zouden komen. 

Ik ben heel snel naar binnen gegaan en heb het aan mijn moeder verteld. Samen zijn we teruggegaan, maar… het was weg. Het huisje was helemaal verdwenen. Alsof het nooit bestaan had. Eerlijk waar! Ik weet echt niet wat ik gezien heb!"
292,google/gemma-3-27b-it-fast,10_11,"Nou, het is dus echt waar gebeurd, echt! Het was afgelopen zomer, we waren met z'n allen op vakantie in Frankrijk, bij oma. Oma woont in een heel oud huis, met een hele grote tuin. En in die tuin, achter de kersenboom, daar stond een schuurtje. Niemand mocht in dat schuurtje komen, zei oma. “Daar staan oude spullen, en het is er gevaarlijk.”

Maar natuurlijk gingen we stiekem. Ik en mijn broertje, en Thomas, die zit in mijn klas. We wrikten de deur open en… het was superstoffig! En er stonden allemaal oude koffers. We begonnen te rommelen, en in één koffer vonden we een hoed. Een hele mooie, rode hoed met een veer.

Toen Thomas de hoed opzette, gebeurde er iets geks. Hij begon te praten alsof hij een piratenkapitein was! Eerst lachten we nog, maar hij bleef maar kapitein doen, en hij gaf ons opdrachten, zoals “Dek aan!” en “Zoek de schat!” We hebben de hele middag in de tuin gespeeld, alsof we op een piratenschip waren. 

Later, toen oma het hoedje zag, zei ze: “Oh, die hoed van je opa! Die heeft hij gekocht toen hij jong was, en… hij was altijd zo’n grappenpot.” Dus eigenlijk, was het opa die ons liet spelen. Best gek, hè?"
293,google/gemma-3-27b-it-fast,10_11,"Oké, luister! Het begon eigenlijk met een sok. Niet zomaar een sok, hoor. Het was de sok van mijn opa. Hij had hem altijd aan als hij aan het tuinieren was, en hij was helemaal versleten, met gaten overal. Maar opa zei dat er een kabouter in woonde. Een hele kleine, die de bloemen liet groeien. 

Na opa's begrafenis mocht ik de sok houden. Mijn moeder zei dat ik er een knuffelbeest van kon maken, maar dat wilde ik niet. Ik legde hem in mijn schoen, want ik geloofde opa. Die nacht hoorde ik een heel klein geluid. Zoals… gekriebel?

Ik keek in mijn schoen en er zat een lichtje! Een heel klein, groen lichtje, en ik zag iets bewegen in de sok. Het was… een heel miniem mannetje, met een puntmuts. Hij keek me heel boos aan. 

“Waarom heb je mijn huis in een schoen gestopt?” piepte hij. 

Ik was zo geschrokken dat ik niet kon praten. Hij zuchtte en zei: “Nou ja, vooruit. Als je belooft dat je mijn sok niet wast.” En toen begon hij mijn kamer schoon te maken met een heel klein stofje! Echt waar!"
294,google/gemma-3-27b-it-fast,10_11,"Dus… wij hadden dus een nieuwe buurman. Meneer Stil. Echt een rare naam, toch? Niemand had hem ooit gezien. Mijn moeder zei dat hij 's nachts werkte, maar dat geloofde ik niet. Ik dacht dat hij een soort detective was, of een geheime uitvinder.

Tim, dat is mijn beste vriend, zei dat hij een vampier was. 

Op een dag, ik was aan het voetballen in de tuin, rolde mijn bal per ongeluk de tuin van meneer Stil in. Ik durfde er niet zomaar in te gaan, dus ik keek even om. De tuin was… raar. Overal stonden plantenpotten met planten die ik nog nooit had gezien. En in het midden, achter een heleboel struiken, zag ik iets blinken.

Ik sloop de tuin in, zo stil mogelijk. Het blinkende ding was een gigantische, zilveren trompet. Daarbij zat meneer Stil! Hij droeg een hele blauwe overall en hij stond te proberen op de trompet te spelen. Maar het klonk niet goed. Het was meer een soort… gepiep. 

Hij keek me aan en schrok. “Oh,” zei hij zachtjes. “Je mag hem ook proberen.”

Ik deed het. En weet je wat? Het klonk wél goed! Het was een heel mooi geluid. Meneer Stil glimlachte. Hij was helemaal niet eng, alleen maar een beetje verdrietig dat hij zelf geen mooie muziek kon maken."
295,google/gemma-3-27b-it-fast,10_11,"Oké, luister. Het begon met de blauwe vogel. Niet zomaar een blauwe vogel, echt superblauw, alsof hij van suiker was gemaakt. Ik zag hem in de tuin van meneer Van Dijk, die altijd zo boos kijkt. Hij zat op zijn appelboom, en hij had iets in zijn bek. Een sleutel! 

Ik dacht, dat kan niet kloppen. Meneer Van Dijk heeft geen sloten buiten, behalve die op zijn schuurtje. Dus ik sloop dichterbij, en de vogel vloog weg. Ik keek naar beneden en daar lag de sleutel. Een oud, roestig ding. 

Ik probeerde het slot van de schuur. Het paste! En binnen… wauw. Het was geen schuur met tuingereedschap. Het was een werkplaats, vol met robots! Kleine, half afgemaakte robots, en een hele grote, bijna klaar. Met rode ogen. 

Ik was zo bang dat ik ben weggerend. En nu durf ik niet meer naar meneer Van Dijk zijn tuin te kijken, want wat als die robot aan gaat? Misschien is ‘ie wel supersnel en vliegt hij achter je aan! Ik heb er niemand over verteld, want ze zouden me vast niet geloven. Maar het is waar, hoor! Echt waar!"
296,google/gemma-3-27b-it-fast,10_11,"Weet je, mijn opa heeft een hele rare tuin. Niet met rozen of zo, maar met… spullen. Oude fietsen, kapotte theepotten, een eenzame rode schoen. En daar, tussen al dat rommel, staat een klein houten huisje. Niet om in te wonen, hoor. Het is zo klein!

Mijn opa zegt dat er een kabouter in woont. Ik geloofde het eerst niet, maar dan… dan hoorde ik 's avonds wel eens tikjes en geklop. En één keer zag ik, heel even, een klein lichtje schijnen in het raampje. 

Vrijdag ging ik met opa naar de tuin. Ik mocht de kabouter een cadeautje brengen. Een knikker, die ik heel mooi vond. Op de deur van het huisje zat een mini-briefje: ‘Dank je wel, kleine vriend!’ Het was met een heel wankel handschrift geschreven.

Ik keek naar opa. Hij lachte. “Zie je?” zei hij. “De kabouter vindt je knikker vast heel mooi.” Misschien is het wel gewoon opa die het briefje schrijft, dacht ik. Maar toch…  ik ga zeker weer terug. Ik ben benieuwd wat er morgen gebeurt."
297,google/gemma-3-27b-it-fast,10_11,"Dus, gisteren… gisteren was echt super raar. Ik was bij oma, en oma woont in zo’n heel oud huis, met een tuin waar ALLES groeit. Echt, overal klimop en bloemen enzo. Nou, ik was aan het verstoppertje doen met mijn neefje, Luuk. Hij is acht, dus die is echt slecht in verstoppen.

Ik rende de tuin in, en toen zag ik het. Een klein deurtje. Niet in de schutting, maar IN een boom! Een hele oude eik. Ik had het nog nooit gezien! En het was echt maar heel klein, dus ik moest bukken om erdoorheen te kruipen.

Aan de andere kant… was het alsof je in een andere wereld kwam. Alles was oranje en paars en de bloemen waren zo groot als mijn hoofd! En er waren kleine… wezentjes. Zoals kabouters, maar dan een beetje glinsterend. Ze keken me aan, maar ze waren niet bang. Eén van hen gaf me een bes, die smaakte naar aardbeien en chocola tegelijk!

Ik bleef daar even, maar toen riep oma me. Luuk had me gevonden, haha. Toen ik terugkeek, was het deurtje weg! Weg! Alsof het er nooit was geweest. Niemand gelooft me natuurlijk, maar het is waar! Ik zweer het! En ik heb nog steeds de bes in mijn zak. Wil iemand proeven?"
298,google/gemma-3-27b-it-fast,10_11,"Nou, ik weet niet of jullie dit geloven, maar het is echt waar. Het gebeurde vorige zomer, bij mijn oma. Zij woont in zo'n oud huis, met een hele grote tuin. Achterin die tuin staat een heel oude boom, een wilg, en die hangt helemaal over de sloot. 

Eén middag, ik zat daar te tekenen, en ik zag iets bewegen in het water. Eerst dacht ik dat het een vis was, maar toen zag ik... een hand! Een heel kleine hand, en een hoofd met heel veel lang, bruin haar. Het was een meisje! 

Ze kon niet praten, maar ze zei met haar ogen dat ze verdwaald was. Ze woonde volgens mij onder water, want ze had vliezen tussen haar vingers en haar huid was een beetje glibberig. Ik heb haar naar binnen gesmokkeld, in een oude mand.

Mijn oma dacht echt dat ik gek was toen ik zei dat ik een meisje uit de sloot had gered! Maar ze gaf haar toen een kop warme chocolademelk en een koekje. Het meisje dronk het in één keer op! Uiteindelijk is ze weer teruggegaan, in de sloot, maar ze zwaaide nog naar me. Ik heb haar daarna nooit meer gezien. Maar ik weet zeker dat ze er nog steeds is, onder water. Echt waar!"
299,google/gemma-3-27b-it-fast,10_11,"Nou, het is echt waar hoor! Het gebeurde vorige zomer, bij oma in het bos. Weet je, oma woont in zo'n oud huis, helemaal omringd door bomen. Ik was aan het verstoppen met mijn neefje Finn, en ik dacht: ik verstop me *echt* goed. Zo goed dat niemand me vindt.

Dus ik klom in zo'n hele grote, oude eik. Heel hoog! En toen zag ik het. Een deurtje. In de boom! Echt! Het was heel klein, zo'n beetje zo groot als mijn hand. Ik probeerde het open te maken en… het ging!

Daarachter was een heel klein kamertje. Het was gloeiend groen, en er stonden piepkleine stoelen en een tafel. En er zat een mannetje! Zo klein, met een puntmuts en een lange baard. Hij keek me heel verbaasd aan.

Hij zei iets in een taal die ik niet begreep, maar hij bood me een klein, glimmend steentje aan. Ik nam het aan, en hij glimlachte. Toen, voor ik iets kon zeggen, was hij weg! Het kamertje was leeg. Ik ben meteen naar beneden geklommen en heb Finn gezocht, maar die zat al bij oma limonade te drinken. Ik heb nooit verteld wat ik zag. Niemand zou me geloven. Maar ik heb het steentje nog steeds. Kijk!"
300,google/gemma-3-27b-it-fast,10_11,"Oké, luister! Het gebeurde vorige zomer, bij mijn oma op het land. Oma heeft een heleboel kippen, maar er is er één… speciaal. Die heet Pluis. Pluis is superklein, een soort ministekip, en ze is helemaal zwart met een kuif. 

Nou zaten we dus in de tuin, en ik zag Pluis onder de schuur zitten. Ik dacht: ‘Wat doe jij daar?’ Dus ik kroop er achteraan en… er zat een kitten! Een heel klein, grijs kitten. Pluis zat er gewoon naast, te pikken naar vliegjes!

Het kitten was helemaal alleen en piepte heel zachtjes. Ik haalde het voorzichtig tevoorschijn. Het ding was net een pluisje! Ik vroeg aan oma wat we moesten doen, en zij zei dat we moesten kijken of de mama kat in de buurt was. 

We hebben een half uur gezocht, maar niemand gezien. Dus… we hebben het kitten mee naar binnen genomen! We gaven het melk uit een pipetje en oma noemde hem Roet. Pluis en Roet werden beste vrienden, echt waar! Ze lagen altijd samen in een mandje te slapen. Het was echt superleuk! En nu woont Roet nog steeds bij oma, en Pluis ook, natuurlijk."
301,google/gemma-3-27b-it-fast,10_11,"Dus, mijn opa heeft een schuur. Niet zomaar een schuur, hoor! Een supergeheime schuur. Mijn ouders zeggen dat ik er niet mag komen, omdat het ‘gevaarlijk’ is. Maar opa knipoogde altijd en zei: “Een beetje avontuur kan geen kwaad.”

Laatst was opa weg, voor een week. Mijn oma was er, maar die houdt zich niet zo bezig met ‘geheime schuren’. Dus… ik sloop naar buiten. Het was een beetje eng, want de schuur kraakt en piept. Één keer sprong er bijna een spin op mijn neus!

Binnen was het donker en het rook naar oud hout en benzine. En toen zag ik het. Een hele oude motorfiets! Zo’n met een leren zadel en een glimmende chromen tank. Opa had me er nooit over verteld. 

Ik ging er voorzichtig op zitten, deed alsof ik de motor startte en ‘vroem, vroem!’ riep. Toen voelde ik iets onder mijn hand. Een briefje! Er stond: ‘Als je dit vindt, ben je klaar voor een ritje. Maar houd het geheim!’

Ik ben nu aan het uitzoeken hoe ik die motorfiets aan de praat krijg. Maar echt, het is *geheim*. Vertel het aan niemand!"
302,google/gemma-3-27b-it-fast,10_11,"Dus... mijn opa heeft een echte schuur. Niet zo’n nette schuur waar je gewoon tuingereedschap in bewaart. Nee, een *echte* schuur, vol met alles en niks. Het ruikt er naar houtzaagsel en oude benzine en soms, als je heel goed je neus ophaalt, naar een beetje chocola. 

Laatst was ik er met opa. Hij was aan het zoeken naar een schroef, maar ik was aan het snuffelen. Achter een stapel oude autobanden vond ik een kist. Best een zware kist, met allemaal gekke slotjes en banden eromheen. ‘Opa! Wat zit hierin?’ vroeg ik.

Opa lachte en zei: “Dat is de kist van Kapitein Snor.” 

Kapitein Snor! Dat is een zeeman die opa kende, heel lang geleden. Hij vermoedelijk een schat had verstopt! In die kist dus. Opa kreeg de kist open, en er lagen geen gouden munten of juwelen in. Maar wel... allemaal knopen! Honderden knopen, in alle kleuren en maten. 

Opa zei dat Captain Snor ze verzamelde van alle plekken waar hij geweest was. Rode van Spanje, blauwe van Griekenland, bruine van Amerika. Het was dus eigenlijk een schat, maar een andere soort schat. Ik heb er nu een heleboel op mijn jas gestikt. En als ik ze bekijk, dan denk ik weer aan Kapitein Snor en alle verre landen waar hij geweest is."
303,google/gemma-3-27b-it-fast,10_11,"Oké, dus… het gebeurde vorige week. We waren bij mijn oma, in haar huisje in het bos. Je weet wel, dat huis met al die poesjes en die tuin vol struiken. Mijn broertje Finn en ik mochten buiten spelen, maar oma zei dat we niet te ver het bos in mochten gaan. Natuurlijk, dat was het eerste wat we deden.

We waren aan het verstoppertje doen, en Finn wilde zich verstoppen bij een hele oude, dikke boom. Toen hij eromheen liep, riep hij opeens: “Kijk!” Ik rende erheen en zag… een deurtje! Echt, een klein deurtje in de boom, net groot genoeg voor een kabouter.

We probeerden het open te maken en het ging! Er zat een donker gangetje achter, en het rook naar aarde en iets zoets, een beetje zoals honing. We durfden niet naar binnen, hoor. We keken wel, maar het was te eng. We zagen iets bewegen, maar we wisten niet wat. Misschien een muis? Of een kabouter?

Toen riep oma ons al. We zijn snel teruggerend en we hebben er niks over verteld. Maar ik denk er nog steeds aan. Zouden we terug moeten gaan? Misschien met een zaklamp?"
304,google/gemma-3-27b-it-fast,10_11,"Dus, gisteren… gisteren was echt raar. Ik was met opa in het bos, want mama moest werken en opa had beloofd me te leren hoe je een fatsoenlijke takkenhut bouwt. Nou, opa is best goed in takkenhutten, maar hij is ook… nogal afgeleid. Weet je, over vogels. En paddenstoelen. En stenen die op gezichten lijken.

We waren bezig met de muren van de hut, en ik probeerde een hele grote tak op z'n plek te duwen, toen ik iets zag bewegen. Echt snel, tussen de bomen. Ik dacht eerst een eekhoorn, maar het was… groen. En glimmend. 

Ik wees naar het bos en zei: “Opa, wat was dat?”

Opa keek en zei: “Ach, waarschijnlijk gewoon een boselfje. Die zijn soms wat verlegen.”

Een boselfje?! Ik zei: “Opa, die bestaan niet!”

Maar toen, heel even, zag ik het weer. Een klein, groen figuurtje die achter een boom verdween. Het had… puntige oren, geloof ik. 

Opa grinnikte en zei: “Nou, misschien niet. Maar het bos zit vol verrassingen, hè?” Ik weet niet of ik een boselfje heb gezien, maar ik heb wel heel snel alle takken voor de hut gezocht. Voor het geval dat."
305,google/gemma-3-27b-it-fast,10_11,"Nou, het is dus echt waar gebeurd, echt! Mijn opa heeft een schuur. Niet zomaar een schuur, maar een supergeheime schuur. Hij zegt dat er oude gereedschappen in liggen, maar dat is gelogen.

Eerst dacht ik dat ook, maar vorige week, toen ik hem hielp met de tuin, liet hij per ongeluk de sleutel vallen. Hij was heel boos, maar ik pakte ‘m stiekem op toen hij keek naar de slakken.

De schuur was helemaal donker. Ik voelde overal en vond een lamp. Toen ik ‘m aanzette… wauw! Het was geen gereedschap, maar een heleboel oude… spullen. Er stond een kist met piratenkaarten, een helm met veren, en een gigantische telescoop!

Mijn opa bleek vroeger een ontdekkingsreiziger te zijn geweest! Hij heeft gekke dingen gedaan, zoals op zoek gaan naar een verdwenen stad vol goud. Hij houdt het geheim voor iedereen, zelfs voor mijn oma. 

Ik mocht de helm proberen en door de telescoop kijken. Ik zag… nou ja, ik zag de buren, maar het voelde alsof ik naar een andere planeet keek! We hebben afgesproken dat ik het voorlopig geheim houd, maar ik kon het niet laten om het jullie te vertellen… echt waar!"
306,google/gemma-3-27b-it-fast,10_11,"Nou, het gebeurde vorige zomer, in het bos achter oma’s huis. We waren aan het verstoppertje doen, ik en mijn neef Ties. Ties is echt goed, die kan écht goed verstoppen. Dus ik telde tot honderd, en toen zocht ik. 

Ik keek achter de bomen, onder de struiken, maar Ties was nergens te vinden! Ik werd een beetje bang, want het bos is best groot. Toen hoorde ik een gek geluid, een soort…kriebel-kriebel-gelach. Ik liep naar het geluid toe, en toen zag ik het.

Ties zat in een HELE grote paddenstoel, zo’n rode met witte stippen, net zoals in sprookjes! Maar hij zat er niet op, hij zat ERIN. De paddenstoel was hol van binnen! En hij lachte me uit.

Ik schreeuwde bijna van schrik, maar toen kwam oma buiten. Ze moest ook lachen om Ties in de paddenstoel. Ze zei dat het een vliegenzwam was, en dat je daar NIET in mag zitten. We hebben Ties er voorzichtig uit gehaald en hij heeft de rest van de middag straf gekregen. Maar het was wel heel grappig, eerlijk gezegd. En die paddenstoel... die vergeten we nooit meer."
307,google/gemma-3-27b-it-fast,10_11,"Nou, het is echt waar, hoor! Het gebeurde vorige zomer, bij opa en oma op het land. We hadden een zwembadje in de tuin, zo’n blauw opblaasding. En er zat een kikker in, een hele kleine, groene. We noemden hem Knorretje, omdat hij zo’n gek geluidje maakte. 

Eerst zwom Knorretje gewoon rond, maar toen… toen werd hij steeds vetter! Echt waar, dikker en dikker. We gaven hem geen extra eten, echt niet! Maar hij bleef groeien. En toen, op de laatste dag, was Knorretje zo groot als een… nou ja, bijna als een voetbal! 

Mijn broertje zei dat het een prins was die veranderd was. Maar oma zei dat hij gewoon heel veel muggen had gegeten. Hoe dan ook, hij was supergroot. En toen we hem wilden pakken, sprong hij uit het zwembadje, recht de tuin in! We hebben hem nooit meer teruggezien. Misschien is hij wel een reuzenprins geworden! Of misschien zit hij nu ergens in de sloot, superdik en tevreden. Ik weet het niet, maar het was wel heel raar. En echt waar!"
308,google/gemma-3-27b-it-fast,10_11,"Dus, gisteren gebeurde er iets echt raars. Mijn opa heeft een schuur vol met oude spullen, echt van alles. En hij zegt altijd: “Voorzichtig, daar staan herinneringen!” Maar ik mocht er niet vaak in, want het was super rommelig.

Gisteren mocht ik wel mee, omdat ik hem hielp met de tuin. En ik zag een doos, een hele oude, houten doos met slotjes. Ik vroeg wat erin zat, en opa zei: “O, dat is het verhalenmonster.”

Ik dacht: grapje! Maar hij zei serieus: “Als je de doos opent, komen er verhalen uit vliegen.” Weet je, het klonk best eng, maar ik was ook super nieuwsgierig. Dus, ik probeerde het slot open te maken. Het was heel lastig, maar toen klikte het!

En je raadt het nooit… er kwamen echt kleine, flikkerende lichtjes uit de doos! En toen, oh man, zag ik beelden voor mijn ogen. Ridders, piraten, een meisje dat een draak redde… allemaal in een paar seconden. 

Toen sloot opa de doos weer. “Zo”, zei hij, “dat was een verhalenmonster-flits.” Ik geloofde het eerst niet, maar nu… nu weet ik zeker dat mijn opa een geheim heeft. En ik moet die doos echt nog eens openmaken!"
309,google/gemma-3-27b-it-fast,10_11,"Nou, het is dus echt waar gebeurd. Mijn opa heeft een schuur, oke? Niet zomaar een schuur, een supergeheime schuur. Niet dat er geheime dingen *in* de schuur zijn, maar dat opa hem supergeheim maakt. Hij zegt altijd: ""Niemand mag in de schuur, nooit!""

Maar natuurlijk ging ik erin.

Hij was op vakantie, mijn opa, en mama zei dat ik gewoon niet moest knoeien. Maar ik moest weten wat erin was! Het was donker en het rook naar hout en een beetje naar oud stof. En toen zag ik het. Een héle grote doos. Zo’n kartonnen doos, helemaal afgeplakt met ducttape. 

Ik kreeg hem open, en er zaten… vogels in! Niet echte vogels, hoor. Papieren vogels. Heel veel, in alle kleuren van de regenboog. Ze hingen aan draadjes aan het plafond en fladderden een beetje door de lucht toen ik de deur open deed. 

Het was zo mooi. Ik heb er een paar meegenomen, stiekem natuurlijk. En toen mijn opa terugkwam, vroeg hij heel boos: ""Wie is er in mijn schuur geweest?"" Ik deed heel onschuldig en zei dat ik geen idee had. Misschien waren het de elfen! Opa lachte en zei dat hij er zelf ook zomaar een paar in had gehangen… stiekem."
310,google/gemma-3-27b-it-fast,10_11,"Oké, luister! Het gebeurde vorig jaar zomer, toen we op vakantie waren in Spanje. We zaten in zo’n campingcar, echt superleuk, en pa reed. We waren net bij een heel oud kasteel aangekomen, zo’n met allemaal torentjes en muren. 

Mijn kleine broertje, Luuk, is echt een durfal. Die zei: “Ik ga naar binnen!” En mama en pa zeiden nee, want het was al laat en het was er spookachtig. Maar Luuk, die luisterde natuurlijk niet! Hij rende gewoon de poort in.

Ik moest hem halen, natuurlijk. Ik vond het zelf ook een beetje eng, het was helemaal donker en er waaide zo’n koude wind. Ik riep: “Luuk! Waar ben je?” En toen hoorde ik iets… een soort gekras. 

Ik rende naar het geluid en daar zat Luuk, in een hoekje, met een enorme vogelveer in zijn hand! Hij zei dat een echte ridderspook hem die had gegeven! Bleek het een uil te zijn, die in het kasteel woonde. Pa moest heel hard lachen toen we terug kwamen, maar Luuk bleef volhouden dat het een spook was. Hij heeft die veer nog steeds!"
311,google/gemma-3-27b-it-fast,10_11,"Nou, het is echt waar! Mijn opa heeft een geheim bos. Niet zomaar een bos, hoor. Het zit achter z’n schuur, en je kunt er alleen in als je weet hoe je de tak van de oude wilg moet buigen. Pap en mam denken dat er gewoon wat oude bomen staan, maar dat is niet zo.

Daar wonen namelijk... kabouters! Kleine, met puntmutsen, echt waar! Ik heb ze gezien, echt! De eerste keer dacht ik dat het mijn ogen waren, maar toen zag ik er eentje met een hele kleine hamer timmeren aan een paddenstoel.

Ze zijn best een beetje bang, denk ik. Ze verstoppen zich altijd als ik te hard praat. Opa zegt dat ze alleen aardig zijn tegen mensen die niet luid zijn en van de natuur houden. 

Laatst heb ik een klein steentje voor de deur van hun paddenstoelhuis gelegd. Het was een soort cadeau. Toen ik een dag later terugkwam, lag er een glimmende veertje voor de steen! Echt! Een rode veertje. Misschien van een super speciale vogel die alleen in het kabouterbos woont. Ik durf het bijna niet aan iemand te vertellen, want ik wil niet dat ze weg gaan."
312,google/gemma-3-27b-it-fast,10_11,"Nou, het is dus echt waar gebeurd, vorige week. Mijn opa, die woont in een heel oud huis met een gigantische tuin. Daar zit een appelboom in, maar niet zo’n normale appelboom. Die is echt superoud, met allemaal knoestige takken en zo.

Ik was bij opa en ik zat onder die boom te lezen, want het was lekker warm. Toen hoorde ik een soort getik. Niet zo’n tak-die-tegen-een-raam-tikt-getik, maar een heel klein getik. Ik keek omhoog en zag… nou, echt niet te geloven. Een hele kleine deurtje in de stam van de boom!

Het was zo’n deurtje waar je net een vinger doorheen kon steken. Ik duwde hem open, heel voorzichtig. En er zat een piepklein mannetje! Echt, zo groot als mijn duim. Hij had een groene jas en een puntmutsje aan en zat aan een heel klein tafeltje te werken.

Hij keek op en zei: “Oh, hallo daar! Even niet storen, hoor, ik ben net de glitters aan het sorteren voor de dromen van de kinderen.” Ik geloofde mijn eigen ogen niet! Hij gaf me een piepklein glittertje en zei dat als ik die onder mijn kussen leg, ik de allerleukste dromen zou krijgen. En raad eens? Dat gebeurde ook!"
313,google/gemma-3-27b-it-fast,10_11,"Weet je, gisteren was echt super… raar. We waren bij opa en oma in het bos, en ik mocht even alleen rondstruinen. Niet echt *alleen*, oma zei dat ik in het gehoorbereik moest blijven, maar… het was wel fijn. Ik zocht naar mooie stenen, en toen, achter een hele grote boom, zag ik iets glinsteren.

Het was een klein doosje, van hout, met allemaal gekke tekens erop. Ik deed het open en er lag een… een zandloper in! Maar hij was niet van glas, hij was gemaakt van heel veel kleine, blauwe bloemetjes. En het zand was geen zand, het waren mini-vlinders! 

Toen ik de zandloper omdraaide, begonnen de vlinders langzaam naar beneden te dwarrelen. En weet je wat er gebeurde? Alles om me heen werd… flouwer. De boom, de bladeren, alles. En toen, toen zag ik een klein mannetje! Hij was maar zo hoog als mijn pink en hij droeg een hoed van een paddenstoel. Hij zei, heel snel: “Wees op tijd!” en vloog weg, met de laatste vlinders op. 

Ik rende terug naar oma, maar toen ik terugkeek was het doosje weg. Alsof het nooit bestaan had. Ik denk dat ik gedroomd heb, maar… die paddenstoelenhoed was wel heel echt."
314,google/gemma-3-27b-it-fast,10_11,"Oké, luister… mijn opa heeft een schuur. Niet zomaar een schuur, hoor. Echt een supergeheime schuur! Die staat achter in de tuin, verstopt achter de oude kersenboom. Mijn opa zegt altijd: ""Daar liggen de verhalen.""

En hij heeft gelijk! Want in die schuur staat van alles. Oude gereedschap, natuurlijk, maar ook een heleboel dozen. En in die dozen zitten de mooiste spullen. Laatst ging ik met opa in de schuur en hij liet me een oude kompas zien. Echt van messing, met een glazen plaatje erop. 

“Dit kompas,” zei opa, “heeft je overgrootvader gebruikt toen hij op zoek was naar een verborgen schat!”

Ik geloofde hem meteen! We hebben die middag de tuin afgezocht met het kompas. We vonden geen schat, wel een heleboel wormen en een verloren knuffelkonijn van mijn zusje. Maar opa zei toen: “De avontuur is de schat, kleinkind.”

Nu gaan we elke week naar de schuur. Elke keer een nieuw avontuur. Laatst vonden we een oude piratenkaart! We weten nog niet waar die naartoe leidt, maar ik denk dat het best wel spannend wordt… Misschien gaan we wel echt op schattenjacht!"
315,google/gemma-3-27b-it-fast,10_11,"Dus, gisteren... gisteren was echt raar. We waren bij oma, en oma woont in zo’n heel oud huis, met een tuin die eigenlijk een soort mini-woud is. Ik zat te vervelen, want mijn broertje boekte de hele dag de lego, en ik mocht niet meedoen. Dus ik ging de tuin in.

Ik liep steeds verder, en het werd steeds donkerder, ook al was het hartstikke zonnig. Toen zag ik het. Een klein huisje, maar dan eentje voor… kabouters! Het was gemaakt van takken en mos, en er stond een piepklein tafeltje voor met mini-kopjes en schaaltjes. 

Ik dacht eerst dat ik me verbeeldde, maar toen hoorde ik een stemmetje. Super klein, net als een piep. Het zei: “Excuseer… zouden jullie even willen opschieten? De thee wordt koud!” Ik keek om me heen, maar er was niemand. 

Toen zag ik beweging in het huisje, en een héél klein mannetje kwam naar buiten. Hij had een puntmuts en een baard van mos. Hij keek me aan en zei: ""Jij bent best groot, voor een bezoeker."" Ik werd zo bang dat ik gewoon wegrende. Ik heb het tegen mijn broertje verteld, maar hij geloofde me natuurlijk niet. Maar het is wel echt gebeurd! Echt waar!"
316,google/gemma-3-27b-it-fast,10_11,"Nou, euh… het is eigenlijk een waargebeurd verhaal, van mijn opa. Die zei dat hij het als kind had meegemaakt. Mijn opa is al heel oud, dus ik geloof hem wel.

Hij woonde toen in een heel klein dorp, bij een groot bos. En daar, in dat bos, woonde een meneer. Niemand wist wie hij was, of waar hij vandaan kwam. Hij had een hele lange baard en altijd een blauwe jas aan. Hij sprak nooit, maar hij kocht wel altijd verse melk bij de boer. 

Mijn opa en zijn vriendjes vonden hem heel spannend. Ze dachten dat hij een tovenaar was! Ze volgden hem eens stiekem, heel voorzichtig. Hij liep steeds dieper het bos in, naar een heel oud, krom huis. Daar ging hij naar binnen en kwam er nooit meer uit.

Maar de volgende dag… was er overal in het dorp, bij iedereen op het raam, een heel klein, glimmend steentje! Mijn opa had er eentje en hij heeft hem nog steeds. Hij zegt dat het een beetje magie is, van die meneer in de blauwe jas. Hij zegt dat als je er goed naar kijkt, je een heel klein stukje van het bos ziet. Echt waar!"
317,google/gemma-3-27b-it-fast,10_11,"Dus, gisteren was echt súper raar. Ik was bij m’n oma, en oma woont in een heel oud huis, met een tuin waar je helemaal verdwaald kan raken. Ik zat daar in de schommel, te swingen, en ik zag iets bewegen in de rozenstruiken. Niet gewoon een beestje, echt *iets*.

Ik ging dichterbij kijken, en het was een klein poppetje. Zo’n houten poppetje, maar met échte haren! En het had een klein, zilveren sleuteltje om z’n nek. Ik pakte het op en toen… toen begon het te praten!

“Help me,” zei het piepkleine stemmetje. “Ik ben gevallen en mijn geheugen is weg. Ik weet niet meer wie ik ben.”

Ik schrok me dood! Ik heb het poppetje meegenomen naar binnen, en oma zei dat ik het moet proberen te helpen herinneren. We gaven het een naam: Fons. We proberen nu allemaal te bedenken wie Fons zou kunnen zijn, en waar hij vandaan komt. Misschien van een sprookje? Of misschien van een andere… dimensie? Ik ga vandaag de tuin nog een keer goed afzoeken. Misschien ligt er nog iets, een aanwijzing!"
318,google/gemma-3-27b-it-fast,10_11,"Nou, het is echt waar, dit is me echt overkomen! We waren bij mijn oma, in dat huis met de fruitbomen in de achtertuin. En oma had gezaaid, allemaal zonnebloemen. Niet zo’n paar, echt heel veel! Dus ik dacht: ik ga er eentje stelen, voor in mijn kamer. Niet echt stelen hoor, meer… lenen.

Ik liep stiekem naar de tuin en zocht de állermooiste zonnebloem. Eén met een hele dikke kop en allemaal donkere zaadjes. Ik wilde hem al plukken toen ik iets hoorde. Een soort gekraak, net alsof er iemand in het gras liep. Ik keek om en zag… een eekhoorn! Hij zat aan de zonnebloem te knagen, hij at de zaadjes!

Ik werd zo boos! Dat was *mijn* zonnebloem! Ik riep: “Hé! Niet doen! Dat is voor mij!” Maar de eekhoorn keek me gewoon aan met z’n kleine oogjes en ging verder met eten. Toen lachte ik. Want het was eigenlijk best grappig. En oma zei later dat de eekhoorns de zonnebloemenzaadjes nodig hebben voor de winter. Dus ik heb maar een andere zonnebloem geplukt, en de eekhoorn liet ik lekker door eten. Hij had het verdiend."
319,google/gemma-3-27b-it-fast,10_11,"Nou, het gebeurde vorige zomer. We gingen kamperen met opa en oma, bij zo’n heel groot bos. Ik mocht met Finn, mijn neef, alles ontdekken. Finn is net een jaar jonger dan ik, en hij is superdapper, tenminste, dat denkt hij zelf.

Eén middag waren we aan het spelen bij de rivier. Opa zei dat we niet te ver mochten gaan, maar… we gingen toch een stukje verder. We zochten naar mooie stenen. En toen zagen we ‘m! Een hele grote, glimmende steen, maar hij lag *in* het water, op een klein eilandje.

Finn zei: “Ik haal ‘m wel!” En hij sprong! Maar… hij gleed uit op een natte steen en viel! Niet diep, maar wel nat. Hij begon te huilen, echt heel hard. Ik was best bang, maar ik rende toch de rivier in, heel voorzichtig. Ik hielp hem omhoog.

De steen lieten we liggen. Opa en oma waren niet boos, maar wel heel bezorgd. Finn en ik kregen warme chocolademelk en moesten beloven dat we nooit meer zo gek zouden doen. Die steen was het dus niet waard. En eerlijk gezegd, ik was blij dat Finn oké was. Dat is veel belangrijker."
320,google/gemma-3-27b-it-fast,10_11,"Nou, het is echt waar! Het gebeurde vorige zomer, bij oma in het bos. We zaten in haar tuin en ik verveel me dood. Er waren geen andere kinderen en ik had al alle boeken gelezen. Dus ik ging het bos in, gewoon een beetje rondstruinen. 

Maar toen zag ik iets glitters. Echt, super glitters! Ik liep dichterbij en het was een klein huisje, helemaal van takken en mos, maar met een dak van… nou ja, van echte glitters! Echt heel veel. 

Ik klopte aan, een beetje bang. Een klein, heel klein mannetje deed open. Hij was niet groter dan mijn hand! Hij had een groene jas en een puntmuts. Hij keek me aan en zei: ""Zo, eindelijk iemand die me kan zien!""

Blijkt dat hij een bosgeest was, en dat hij de glitter voor de feeën verzamelde. Hij had hulp nodig, want zijn emmer was kapot. Dus ik hielp hem. We liepen door het bos en plukten glitter van de paddenstoelen en van de spinnenwebben. Het was echt magisch. Toen ik weer naar oma ging, was de glitter emmer vol. Hij knipoogde naar me en zei: ""Bedankt, held!"". 

En weet je wat? Ik heb die glitter emmer nooit meer teruggezien. Maar ik weet wel dat het echt gebeurd is."
321,google/gemma-3-27b-it-fast,10_11,"Nou, het is dus echt waar gebeurd. Echt! Mijn opa heeft een schuur, oké? Niet zomaar een schuur, een superoude, helemaal scheve schuur achter in de tuin. En die schuur… daar zat een geheim in.

Ik was daar laatst met opa, we moesten hout halen voor de open haard, want het was koud. En ik mocht de zakken hout dragen, super stoer! Toen ik bij de schuur was, zag ik iets glimmen, onder een oude stapel dekens. Ik trok eraan en… het was een kist! Zo’n oude houten kist met een slotje erop.

Opa zei dat hij hem al z’n hele leven niet meer had gezien. We hebben het slotje opengebroken – met opa’s hulp natuurlijk, want ik kreeg het niet voor elkaar – en wat denk je? Er lagen allemaal oude foto’s in! En medailles! En een heel oud logboek. 

Opa zei dat het spullen waren van z’n opa, mijn overgrootvader. Die was zeeheld geweest! Hij had op een heel groot schip gevaren en gevochten tegen piraten! Echt waar! Ik heb de foto’s gezien, hij had een hele lange baard en een uniform. En nu weet ik dat ik ook een zeeheld in de familie heb. Cool hè?"
322,google/gemma-3-27b-it-fast,10_11,"Dus, gisteren… gisteren was echt raar. Ik was aan het spelen in de tuin, weet je, met mijn nieuwe speelgoedauto? Zo’n hele stoere, rode rallyauto. Ik reed hem onder de struik door, daar achter de appelboom, en toen… zag ik iets blinken. 

Ik ben gaan kijken en het was een sleutel! Echt een oude, koperen sleutel, met grappige krulletjes. Ik had helemaal geen idee waar die vandaan kwam. We hebben geen schatkist ofzo in de tuin, denk ik.

Toen heb ik hem geprobeerd in het tuinhuisje. Dat ding is altijd op slot, want pa bewaart daar allemaal gereedschap. En… hij paste! Ik draaide ‘m om en de deur ging open! 

Maar er zat geen gereedschap in. Er zat een hoop stof en… een hele oude kaart! Een soort tekening van onze wijk, maar dan heel anders. Er stonden allemaal rare tekens op en een grote X bij het park. Ik denk dat het een schatkaart is! Echt waar! Ik ga morgen met Niels kijken, want hij is goed in puzzels. We moeten wel een schep meenemen. Misschien vinden we wel piraten goud! Of superkrachten! Dat zou COOL zijn."
323,google/gemma-3-27b-it-fast,10_11,"Dus, het gebeurde vorige zomer. We gingen op vakantie naar oma’s huis aan de zee. Normaal is dat superleuk, maar dit keer was het anders. Er was een nieuwe buurman. Meneer Krab, noemden we hem, want hij had echt zo’n snor en liep altijd een beetje zijwaarts. 

Hij had een heel oud, houten bootje op het strand staan. Niemand mocht erin. “Die is van mijn opa,” zei hij dan, “en die is heel kwetsbaar.” We wilden er toch in! Mijn beste vriend, Finn, en ik, we bedachten een plan. ’s Nachts, toen Meneer Krab al sliep, sloopten we naar het bootje.

We hadden zwembandjes op, voor de zekerheid. Het bootje kraakte en knarste, maar het dreef! We roeiden een stukje de zee op, heel voorzichtig. Het was zo stil en donker! Toen zagen we… een heleboel walvissen! Ze zwommen onder ons bootje door, zo groot! We waren een beetje bang, maar vooral supercool.

We roeiden snel terug en legden het bootje weer precies zo neer als het stond. Meneer Krab heeft er nooit iets van gemerkt. Maar wij wel! En we weten nu zeker dat Meneer Krab’s bootje een geheim heeft."
324,google/gemma-3-27b-it-fast,10_11,"Nou, laat ik jullie iets vertellen wat ik laatst meemaakte. Het was dinsdag, en mijn oma kwam langs. Oma is best gek, op een leuke manier. Ze heeft altijd snoepjes in haar tas en ze verzint de raarste dingen.

Dus, ze kwam binnen en zei: “We gaan vandaag op schattenjacht!” Ik dacht eerst dat ze grapte, maar ze pakte een rol papier uit en dat was een kaart. Een échte kaart, met een X en alles!

De kaart leidde ons door de hele tuin. Eerst achter de rozenstruik, toen onder de schommel, en uiteindelijk… naar de kippenhok! Ik vond het een beetje vies, maar oma lachte en zei: “Kijk maar goed!”

En daar, tussen al het stro, zat een oude blikken doos. Ik maakte hem open en… er zat geen goud of juwelen in. Maar wel een heleboel oude knopen! Van alle soorten en maten. 

“Oma,” zei ik, “wat moeten we met knopen?”

Oma knipoogde. “Die zijn veel waardevoller dan goud, lieverd. Elk knoopje heeft een verhaal.” En ze begon verhalen te vertellen over al die knopen, waar ze vandaan kwamen en wie ze ooit gedragen had. Het was eigenlijk veel leuker dan een schat van goud."
325,google/gemma-3-27b-it-fast,10_11,"Weet je, mijn opa heeft een schuur. Niet zomaar een schuur, echt een supergeheime schuur. Hij zegt dat er allemaal oude spullen in staan, maar ik denk dat er magische spullen in staan!

Laatst mocht ik mee naar binnen, maar ik moest beloven niets aan te raken. Dus deed ik dat… eerst. Opa was buiten aan het rommelen. Toen zag ik een oude, houten kist. Hij was helemaal bekrast en er zat een slot op. Ik moest weten wat erin zat!

Gelukkig vond ik een haarspeld van oma in haar tas, die lag in de schuur. Met die haarspeld kreeg ik het slot open. In de kist zat… een kompas! Maar niet zo’n gewoon kompas, nee, deze had een lichtblauwe gloed en de wijzer draaide supersnel rond.

Ik pakte het op en ineens voelde ik me heel licht. Alsof ik kon vliegen! En toen, hoor, ik zweefde! Niet hoog, maar wel van de grond. Opa kwam binnen en schreeuwde iets, maar ik hoorde het niet goed. Het kompas liet me draaien en toen… lag ik weer op de grond. 

Opa zei dat het een ‘vergeten windkompas’ was. Dat het je naar plekken kan leiden waar je nog nooit bent geweest. Maar je moet heel voorzichtig zijn, want de wind kan je ook meenemen naar plekken waar je *niet* heen wilt. Ik denk dat ik er nog maar eens mee ga oefenen, als opa niet kijkt!"
326,google/gemma-3-27b-it-fast,10_11,"Nou, het is dus echt waar gebeurd, echt! Het was tijdens de zomervakantie, bij oma in het bos. Oma woont in zo’n heel oud huis, met een tuin die helemaal overgaat in het bos. Ik mocht daar helemaal alleen een hut bouwen. Alleen!

Ik was er supertrots op. Ik had takken gevonden, en mos, en zelfs een oude, bruine dekens die oma me gaf. Het was de beste hut ooit! Ik noemde hem 'Fort Avontuur'.

Op een dag, zat ik in mijn hut, een strip te lezen. Toen hoorde ik een soort... geritsel. Niet van een eekhoorn, want die piepen normaal. Dit was zwaarder. Ik keek naar buiten, en zag… een heel klein mannetje! Zo hoog als mijn knie, met een puntig hoedje en een groen jasje.

Hij rende naar mijn hut en begon te roepen: ""Mijn noot! Mijn magische noot!"" Ik snapte er niks van. Hij was heel boos en zocht overal rond. Uiteindelijk, vond hij hem verstopt onder mijn strip. Hij pakte 'm en lachte me toe, en verdween weer de bosjes in. 

Ik geloofde er zelf bijna niet, maar ik heb hem echt gezien! Ik vertelde het aan oma, maar die lachte me alleen uit en zei dat ik teveel fantasie had. Maar ik weet zeker dat het waar was. Een echt bosmannetje!"
327,google/gemma-3-27b-it-fast,10_11,"Nou, het is echt waar, dit gebeurde met mijn opa. Hij had een oude schuur, helemaal achter in de tuin. Echt een rommelhoek, met allemaal dingen die hij verzameld had. Mijn opa kon niks weggooien! 

Eén keer, toen ik logeerde, mocht ik met hem mee de schuur in. Het was superstoffig en donker! Er stond een heel oude kist, helemaal bedekt met spinnenwebben. Opa zei dat daar zijn 'geheimen' in zaten. Ik dacht dat het oude foto’s zouden zijn of zoiets.

We maakten de kist open en… er zat geen goud in, geen oude speelgoedtrein. Er zaten allemaal steentjes in! Gewone, grijze stenen. Ik was echt teleurgesteld. 'Opa, dit zijn toch gewoon stenen?'

Toen glimlachte opa en hij zei: 'Deze stenen, Lisa-Marie, komen van alle plekken waar ik geweest ben. Van het strand in Spanje, van een berg in Zwitserland, van de tuin van je oma in Frankrijk... Elke steen vertelt een verhaal.' 

Daarna begon hij de verhalen te vertellen bij elke steen en het was ineens helemaal geen saaie kist meer. Het was een schatkist vol herinneringen!"
328,google/gemma-3-27b-it-fast,10_11,"Oké, luister… Mijn opa heeft een winkel, maar niet een gewone winkel. Het is een winkel vol met oude dingen. Echt, heel oud! Klokken die niet meer tikken, stoelen die kraken als je er op gaat zitten, en heel veel foto’s in allemaal gekke lijsten. 

Laatst, toen ik bij opa in de winkel was, vond ik een spiegel. Niet zo’n gewone spiegel, die was helemaal van hout gesneden, met allemaal bloemen en beestjes erop. Toen ik erin keek, zag ik mezelf, maar… er stond ook een meisje achter me! 

Ik draaide me om, maar er was niemand. Toen keek ik weer in de spiegel en daar was ze weer. Ze lachte naar me! Ik schreeuwde het bijna uit, maar toen zei opa: “O, dat is Elara. Die zit al heel lang in die spiegel.”

Elara kon niet uit de spiegel komen, zei opa. Ze was een jongen van ongeveer mijn leeftijd, maar heel lang geleden. We praatten een beetje door de spiegel heen. Ze vertelde over paarden en kastelen en dingen die ik alleen uit boeken ken. Het was super eng, maar ook… heel cool. Ik ga vandaag weer langs. Misschien kan ik haar een tekening laten zien."
329,google/gemma-3-27b-it-fast,10_11,"Nou, eh, het gebeurde dus laatst… Mijn opa, die is een beetje gek op geheimzinnige dingen. Hij heeft een hele schuur vol oude spullen, en hij zegt altijd dat er verhalen achter alles zitten. 

Dus, afgelopen zaterdag was ik bij hem en hij liet me een oude, houten doos zien. Hij zei: “Deze heb ik gevonden op zolder, kan me niet herinneren wie 'm daar heeft neergezet.” De doos was helemaal bedekt met stof en er zat een klein slotje op. Opa had geen sleutel, dus hij haalde een paperclip en… klik!

Toen we de doos openden, zat er een bril in. Niet zomaar een bril, maar een heel oude, met gouden randjes en glazen die een beetje paars waren. Opa zette 'm op en begon te lachen. Hij zei dat hij alles ineens… helderder zag! Niet qua licht, maar alsof hij dingen begreep die hij eerder niet snapte.

Maar het rare was, toen ik de bril opzette, zag ik… een heel klein, groen mannetje op zijn schouder zitten! Ik schreeuwde het uit en de bril gleed van mijn neus. Het mannetje was weg. Opa lachte weer, maar hij zei dat ik 'm later nog eens moest proberen. Ik weet niet of ik dat durf!"
330,google/gemma-3-27b-it-fast,10_11,"Nou, het is echt waar! Mijn opa, die is superhandig, die heeft een echte geheime kamer gemaakt in de schuur. Niet zomaar een kamer, hoor. Je moest een speciale steen in de muur indrukken, en dan ging er een hele plankenwand open! Niemand wist van die kamer, behalve opa en ik.

Hij zei dat het ooit z’n geheime werkplaats was, toen hij jong was. Daar bouwde hij allemaal gekke uitvindingen. Nou, er lagen nog heel veel dingen. Oude radio’s, rare gereedschappen, allemaal doosjes met onderdelen… En een robot! Een onafgewerkte robot, maar wel een met lampjes en draadjes.

Toen opa ziek werd, mocht ik elke dag naar de schuur. We hebben samen aan de robot gewerkt. Opa legde uit hoe alles werkte. Hij kon niet meer veel doen, maar hij kon nog wel bedenken wat we moesten doen. 

We noemden de robot Roestbak, want hij was natuurlijk wel heel oud en roestig. En weet je wat? Op de dag dat opa overleed, ging Roestbak plotseling bewegen! Gewoon een beetje, z’n armpje ging omhoog. Ik weet niet hoe, maar ik denk dat opa ‘m aan het leven heeft gewekt. Nu staat Roestbak in mijn kamer, en soms… soms flikkert z’n lampje, net alsof opa knipoogt."
331,google/gemma-3-27b-it-fast,10_11,"Nou, het is echt waar, dit is mij overkomen. We waren op vakantie in Zeeland, bij oma en opa. Niet zo’n saaie vakantie, hoor! Opa heeft een boot, een kleine, blauwe. We gingen vissen, maar ik hou niet zo van vissen. Ik vind het veel leuker om te zoeken naar schelpen.

Dus ik zit op de pier, zó geconcentreerd aan het zoeken, en ik zie iets glinsteren. Maar het is geen schelp. Het is… een fles! Een oud, groen glas. Ik trek ‘m uit het water en er zit een papiertje in! 

Ik deed ‘m open, heel voorzichtig, want hij was best oud. En er stond een tekening op! Een soort piratenkaart, met een X op een eiland hier vlakbij. Echt! Ik heb het aan opa laten zien en hij zei dat we het moesten uitzoeken.

We zijn echt gaan zoeken! Niet met een boot, maar met opa's verrekijker. En geloof het of niet, we zagen een hele oude, stenen toren op dat eiland. Misschien zat er wel een schat! We konden er niet heen, want het was een beschermd natuurgebied, maar het was super spannend. Ik denk dat die piraten de fles daar hebben achtergelaten, heel lang geleden."
332,google/gemma-3-27b-it-fast,10_11,"Dus, mijn opa heeft een schuur. Niet zomaar een schuur, echt een héle oude. Hij zegt dat hij er al staat sinds zijn opa een jongen was. In de schuur staan allemaal rare dingen. Oud gereedschap, stukken hout, een kapotte fiets… en een doos.

Die doos, die is speciaal. Hij is helemaal bedekt met stof en er zit een slot op. Mijn opa zegt dat er niks belangrijks in zit, alleen oude foto’s. Maar ik geloof hem niet. 

Afgelopen weekend was ik bij opa. Hij was aan het tuinieren en ik mocht in de schuur kijken. Natuurlijk probeerde ik het slot open te maken. Ik had een paperclip mee, zo’n klein dingetje. Ik wurmde ermee in het slot en… klik! Hij ging open!

Ik tilde de deksel op en… er lag geen stapel foto’s. Er lag een kaart! Een échte schatkaart! Met een X en alles. Opa had er niks van gezegd. Ik ben nu aan het uitzoeken waar de X is. Het lijkt wel in het bos achter ons huis te zijn. Ik ga er morgen na school heen met Tim en Lisa. We nemen een schep mee. Misschien vinden we wel goud! Of… misschien oude foto’s. Maar het avontuur is het belangrijkste, toch?"
333,google/gemma-3-27b-it-fast,10_11,"Dus, gisteren... gisteren was echt raar. Ik was bij oma, en oma woont een beetje afgelegen, weet je wel, met een heel groot grasveld en een bos achter haar huis. Ik mocht buiten spelen, maar oma zei dat ik niet te ver het bos in moest gaan. 

Nou ja, ik ging het bos in. Niet heel ver, hoor! Maar ik zag iets glinsteren tussen de wortels van een heel oude boom. Ik ging kijken en het was... een sleutel! Een heel oude, roestige sleutel. 

Ik nam 'm mee terug naar het huis en vroeg aan oma wat voor sleutel het was. Oma werd heel stil. Ze zei dat ze die sleutel herkende. Het was de sleutel van de vergeten schuur. Die schuur stond al jaren dicht en niemand mocht daar naar binnen, zei oma. 

Maar… toen zei oma dat ik mocht kijken! Samen gingen we naar de schuur, die helemaal overgroeid was met klimop. Oma draaide de sleutel om, en de schuur ging open. Binnen stonden allemaal oude kisten en… een heel oud, speelgoedpaardje! Het was van oma toen ze klein was. We hebben er de hele middag mee gespeeld. Het was echt supercool!"
334,google/gemma-3-27b-it-fast,10_11,"Dus, het was echt waar. M'n opa had een geheime kamer in z’n schuur! M'n ouders mochten er nooit komen, en ik ook niet, maar vorige week, toen opa naar de dokter moest, kreeg ik stiekem de sleutel. 

De schuur rook naar oude planken en benzine, en de kamer was… nou ja, je gelooft het nooit. Het was geen kamer met schatten, of rare machines, maar met vogels! Overal! Niet in kooien, hoor. Overal hadden ze nestjes gebouwd, tussen oude gereedschappen en vergeten dozen.

Er zaten kleine musjes, maar ook een uil! En een papegaai met rode veertjes die heel hard “Dag!” riep. Opa zei altijd dat hij goed was in het imiteren van mensen, maar ik had hem nog nooit horen praten.

Ik mocht er niet te lang blijven, opa zou elk moment terug kunnen komen, maar ik gaf de papegaai een stukje m'n appel. Hij pakte het met z'n snavel en zei weer: “Dag! Appel lekker!” 

Ik weet niet hoe opa het voor elkaar krijgt, maar het is het coolste geheim ever! Ik hoop dat hij me weer mee neemt als hij naar de dokter moet… misschien kan ik dan leren hoe de papegaai praat."
335,google/gemma-3-27b-it-fast,10_11,"Oké, dus… het gebeurde vorige zomer. We waren op vakantie in Spanje, bij oma en opa. Niet in een hotel, maar in hun huis, met een héle grote tuin. En in die tuin stond een boom. Niet zomaar een boom, hoor. Een superoude olijfboom. 

Mijn broertje Finn en ik mochten erin klimmen, maar opa zei dat we niet te hoog mochten gaan. Natuurlijk deden we dat wel! Finn ging eerst, en ik daarna. We zaten wel hoog, tussen de takken, en keken naar beneden. Daar zag Finn iets! Een klein, houten doosje, verborgen tussen de wortels.

We klommen snel naar beneden en gingen het doosje openmaken. Het was op slot! We zochten overal naar een sleutel, onder de stenen, in het gras, zelfs in opa’s gereedschapsschuur. Niks! Toen kwam oma langs. Ze lachte en zei: “Die doos is van jullie overgrootopa. Die heeft ‘m daar verstopt, toen hij jong was.” Ze pakte een oud roestig sleuteltje van haar halsketting en deed het slot open.

Binnenin zat een kaart! Een héle oude kaart van de tuin, met een kruisje op een plek achter de olijfboom. We hebben daar gegraven en… vonden een klein, blinkend koperen muntje! Oma zei dat het een heel oud Spaans muntje was. Het was alsof we een schat hadden gevonden! Echt supercool."
336,google/gemma-3-27b-it-fast,10_11,"Dus, gisteren... gisteren was echt raar. Ik was aan het spelen in de tuin, weet je, met mijn superheldenacties, en ik deed alsof ik een geheime missie had. Ik moest de tuin redden van de boze kabouter Koning Kriebel, die alle bloemen wilde stelen! 

Ik kroop onder de struik van oma's rozen, daar is het heel donker en geheim. En toen voelde ik iets… zacht. Het was geen steen, geen wortel, maar… een donsje. Een heel lichtblauw donsje. Ik pakte het op en toen begon het te gloeien! Echt waar! 

Eerst heel zacht, en toen steeds feller. Ik was super bang, ik dacht dat Koning Kriebel me te pakken had. Maar toen, toen zag ik het. Het donsje veranderde in een mini-draakje! Niet zo'n eng draakje, maar eentje met grote, vriendelijke ogen. 

Hij kon niet praten, maar hij knikte naar me. En toen… toen vloog hij op en begon Koning Kriebel weg te jagen! Hij blies zo'n klein beetje rooketje, en Koning Kriebel gilde en rende een muur op. Echt, ik zweer het! Daarna landde het draakje weer op mijn hand en verdween terug in een donsje. Ik heb het nu in een doosje bewaard. Niemand mag het weten!"
337,google/gemma-3-27b-it-fast,10_11,"Nou, het is echt waar, dit is me echt overkomen. We waren op vakantie in Frankrijk, bij oma en opa. Niet in dat huis waar het altijd regent, maar in dat nieuwe, bij de zee! En er was daar een heel oud bos, net achter het huis. Papa zei dat ik er niet alleen in mocht, want er zouden wilde zwijnen zitten.

Maar… er zat eigenlijk helemaal geen wild zwijn. Ik sloop toch stiekem, want er waren zoveel mooie paddestoelen! En ik zocht naar slakkenhuisjes. Toen, achter een hele grote boom, zag ik iets blinken. Ik ging dichterbij en het was een kleine houten kistje! 

Ik probeerde hem open te maken, maar hij zat op slot. Toen hoorde ik een heel zacht geluidje, een soort getik. Ik keek om me heen en zag een heel oud vrouwtje, met een rode sjaal om haar hoofd. Ze lachte en zei: “Die kist is niet voor jou, jongen. Die is voor de bosgeest.” 

En toen… toen verdween ze! Echt waar! Ik was zo bang dat ik de kist liet liggen en zo snel mogelijk terug naar opa en oma ben gerend. Daar heb ik het wel verteld, maar ze lachten me alleen maar uit. Ze zeiden dat ik het verbeeldde had. Maar ik weet zeker dat ik die oude vrouw gezien heb!"
338,google/gemma-3-27b-it-fast,11_12,"Dus, afgelopen zaterdag was echt… raar. Mijn opa, die is een beetje een uitvinder, had een nieuwe radio gemaakt. Niet zomaar een radio, hoor. Hij zei dat hij signalen kon opvangen van andere planeten! Iedereen lachte erom, behalve ik. Ik geloofde opa wel.

We zaten in de schuur, want daar had hij alles staan. De radio was een hopeloze verzameling van draden, lampjes en een oude antenne die hij van de vuilnis had gehaald. Hij zette ‘m aan en er kwam alleen maar gekraak. Toen, ineens… geen gekraak meer.

Een stem. Heel zacht, maar duidelijk. Het klonk niet als Nederlands, of Engels, of eigenlijk als welke taal dan ook. Het was meer… een soort zingen. En het zei steeds hetzelfde. Ik snapte het niet, maar het klonk een beetje verdrietig. 

Mijn opa zei dat het Vanadia was, een planeet heel ver weg. Hij begon terug te praten, met piepjes en zo, alsof hij probeerde te antwoorden. En weet je wat het gekste is? De stem van Vanadia stopte toen opa stopte. Alsof ‘ie echt luisterde! Ik was super bang en super cool tegelijk. Ik weet niet of het echt was, maar ik denk dat mijn opa écht contact heeft gemaakt met iemand… op een andere planeet."
339,google/gemma-3-27b-it-fast,11_12,"Oké, luister. Het gebeurde vorige zomer, bij m'n opa en oma. Ze wonen echt ver weg, in een heel oud huis met een enorme tuin. En in die tuin… stond een boomhut. Niet zomaar eentje, hoor. Die was superhoog en een beetje wiebelig.

M'n opa zei dat 'ie die zelf had gebouwd toen hij jong was. Maar hij zei ook dat er een verhaal bij de boomhut hoorde. Iets over een schat. Natuurlijk geloofde ik dat niet.

Maar… ik ging toch zoeken. Ik klom in de boomhut en daar lagen allemaal oude spullen. Kapotte speelgoedauto’s, een verroeste trompet, en… een kaart! Een tekening op een stuk perkamentpapier, met een X op een plek in de tuin.

Ik heb de hele tuin afgezocht. Onder de rozenstruiken, achter de schuur, zelfs in de vijver! Maar niks. Toen, helemaal gefrustreerd, leunde ik tegen de boom. En toen voelde ik iets. Een los stuk schors. Ik trok eraan en ja hoor! Een klein houten doosje! 

Daar zaten geen gouden munten in, of diamanten. Gewoon… oude foto’s van m'n opa als kind. En een briefje: “De grootste schat is herinneringen maken.” Best wel leuk eigenlijk. En opa lachte erom toen ik het hem vertelde."
340,google/gemma-3-27b-it-fast,11_12,"Dus… het begon echt raar. We waren aan het spelen in het bos achter oma’s huis, gewoon verstoppertje. Ik was net geteld en moest zoeken. Tim zat vast achter de dikste boom, Liesbeth zat gekrompen bij de struiken, maar Fleur… Fleur was nergens.

Ik riep haar naam, maar hoorde alleen het ruisen van de bladeren. Toen zag ik het: een spoor van kleine, glinsterende steentjes. Niet zomaar steentjes, echt heel mooi, alsof ze van kristal waren. Ze liepen dieper het bos in, naar een plek waar we eigenlijk nooit komen. 

Ik volgde ze, en de steentjes leidden me naar… een gigantische paddenstoel. Echt, zo eentje uit een sprookje! En daar zat Fleur, niet verstopt, maar aan het kletsen met een… eh… een klein mannetje. Hij had een puntmuts en een hele lange baard.

Ik stootte bijna tegen de paddenstoel op, maar toen keek het mannetje op en zei hij: “Oh, hallo! Jullie zijn er vroeg bij voor de thee!” Fleur lachte en bood me een klein, glinsterend theekopje aan. Het was een beetje eng, maar ook… heel cool. We dronken thee met een boself. Echt waar! Daarna verdween hij weer en we gingen terug, en niemand geloofde ons natuurlijk."
341,google/gemma-3-27b-it-fast,11_12,"Dus, mijn opa heeft een schuur. Niet zomaar een schuur, echt een súper rommelige schuur. Alles ligt erin, van oude fietsen tot kapotte stoelen en hele stapels kranten. Mijn opa zegt dat er schatten in verstopt zitten, maar ik heb er nog nooit één gevonden, alleen maar spinnenwebben en stof.

Maar gisteren… gisteren was anders. Ik was aan het zoeken naar een bal, want die was weer eens weggerold tijdens het voetballen. En toen, achter een oude grammofoon, zag ik een kist. Zo’n houten kist met een slotje. 

Ik rende naar opa. “Opa, wat zit er in die kist?”

Opa grinnikte. “Oh, die kist? Die is van je overgrootmoeder. Daarin zitten haar droomspullen.”

Zijn droomspullen?! We kregen het slot open en… het zat er vol met veren! Allerlei soorten veren, van hele kleine tot hele grote, in alle kleuren van de regenboog. En er lag een oud dagboek bij. Opa zei dat overgrootmoeder vroeger een droom had om vogels te kunnen nabootsen, door hun veren te verzamelen. 

Het was geen goud of speelgoed, maar het was wel een échte schat. Een schat vol dromen. En nu bewaar ik het dagboek en de veren veilig, in mijn eigen kamer."
342,google/gemma-3-27b-it-fast,11_12,"Dus, mijn opa heeft een schuur. Niet zomaar een schuur, echt een oude, knerende schuur achterin de tuin. En iedereen zegt dat er spoken in zitten. Echt waar! Mijn broertje, Tim, gelooft er niks van, die zegt het zijn gewoon de muizen. Maar ik… ik denk anders.

Eén keer, ik was ongeveer acht, zat ik verstopt in de schuur omdat ik ruzie had met Tim. Het was super donker en het rook naar oud hout en stof. Toen hoorde ik een soort… gefluister. Echt heel zacht. Ik dacht eerst dat het mijn eigen adem was, maar het ging niet weg. Het klonk alsof iemand mijn naam zei.

Ik was zo bang, dat ik me achter een stapel oude emmers verstopte. Toen zag ik iets bewegen in het hoekje. Het was een schim, echt! Hij was heel vaag, alsof hij gemaakt was van rook. Hij bewoog heel langzaam en toen… toen verdween hij weer.

Sindsdien ga ik niet meer alleen in de schuur. En Tim mag ook niet mee, want hij lacht me alleen maar uit. Maar ik weet zeker dat die schim er is. Misschien is het een oude tuinman die nog steeds op zijn gereedschap past. Of… een echte spook! Ik durf het niet te vragen."
343,google/gemma-3-27b-it-fast,11_12,"Dus, gisteren… gisteren was echt raar. Ik liep na school langs de oude molen, je kent ‘m wel, die waar nooit iemand in durft. Nou ja, ik eigenlijk ook niet. Maar mijn bal rolde erheen, een gloednieuwe, rode! Ik moest ‘m halen, duh.

De deur kraakte toen ik ‘m opendeur, echt eng. Binnen was het donker en stoffig. Het stonk er naar oud hout en… nou ja, naar molen. Ik zocht naar mijn bal, maar toen hoorde ik een geluid. Een soort getik. Tik-tak, tik-tak.

Ik dacht eerst aan een klok, maar er was geen klok. Het geluid kwam van… boven. Ik keek omhoog en zag een heel klein, oud mannetje met een lange, witte baard. Hij zat achter de grote raderen en tikte met zijn vinger op een steen. 

“Wat doe jij?” vroeg ik, heel zachtjes.

Hij keek op en glimlachte. “Ik repareer de tijd,” zei hij. “Die loopt hier soms een beetje vast, weet je.”

Ik snapte er niks van, maar hij gaf me mijn bal en zei dat ik moest beloven niet te vertellen wat ik had gezien. Dus… dat doe ik ook niet, helemaal niet! Behalve dus nu aan jullie. Beloof je dat je het voor je houdt?"
344,google/gemma-3-27b-it-fast,11_12,"Nou, het is eigenlijk echt waar gebeurd, hoor. Laatst, toen we op vakantie waren in Frankrijk, bij oma en opa, gebeurde er iets super raars. We zaten dus aan het zwembad, en ik was aan het oefenen met duiken, helemaal alleen. Niemand lette op, want iedereen zat te kletsen. 

En toen zag ik het. Onder water, helemaal onderin, lag een spiegel. Een echte spiegel, met een houten lijst eromheen! Wie gooit er nou een spiegel in een zwembad?! Ik ben natuurlijk meteen naar beneden gegaan om ‘m te pakken. 

Het was echt super spannend, want het was best diep. Toen ik ‘m had, voelde ik een koud klapje langs mijn wang. Ik keek om me heen, maar er was niemand. Echt niemand. Ik zwom meteen naar boven en liet de spiegel aan opa zien.

En weet je wat hij zei? “Die spiegel… die hoort hier niet. Die spiegel… die komt uit het oude landhuis, dat hier vroeger stond. Daar spookte het, vertelden ze.” 

Ik krijg er nog steeds kippenvel van als ik eraan denk. En ik duik nu liever niet meer alleen!"
345,google/gemma-3-27b-it-fast,11_12,"Oké, luister goed. Het gebeurde vorige zomer, bij oma. Oma woont in een heel oud huis, met een tuin waar niks recht is. Mijn broertje, Finn, en ik mochten daar een week logeren. Finn durfde niet veel, maar ik ben stoer. Tenminste, dat dacht ik.

In de tuin stond een supergroot, oud meerbomenblad. Zo’n boom met wortels die boven de grond uit komen. Oma zei dat er een kabouter onder woonde. Finn geloofde haar meteen, ik niet. Ik dacht, oma verveelt zich gewoon.

Maar op de laatste dag, toen we verstoppertje speelden, kroop ik onder dat meerbomenblad. Het was best eng, want het was helemaal donker en muf. Ik zat daar een tijdje, maar Finn vond me niet. Plotseling voelde ik iets zachts tegen mijn hand. Niet een tak, maar… iets harigs! 

Ik sprong overeind en rende naar Finn. “Er zat iets onder de boom!” riep ik. We keken samen, voorzichtig. En toen zagen we het. Een heel klein konijntje, met een witte vlek op zijn neusje. Het keek ons aan met grote ogen. Misschien woonde er toch wel iets magisch in die boom. Ik weet het eigenlijk nog steeds niet zeker."
346,google/gemma-3-27b-it-fast,11_12,"Oké, luister. Het gebeurde vorige zomer, bij opa en oma op het land. We hebben een oude boomgaard daarachter, helemaal vol met appelbomen. Normaal gesproken zijn er ook kippen, maar die waren er even niet, omdat mevrouw Jansen haar zieke kuikens op wilde voeden. 

Dus... heel raar. Er liep een egel rond in de boomgaard. Niet 's nachts, nee, overdag! En hij rende niet weg als je eraan kwam. Ik zag hem eerst Tim zien proberen een appel van de grond te pakken. De egel bleef gewoon zitten kijken!

We zijn hem gaan voeren, met stukjes brood en melk. Toen kwam ik erachter dat hij helemaal niet zo'n gewone egel was. Hij had een... een hele kleine, rode strik om zijn nek! Echt waar! Een hele belachelijke strik.

We dachten eerst dat iemand hem dat had gedaan, maar we vonden er nergens een baasje voor. Uiteindelijk dachten we dat hij ontsnapt was van een of andere gekke circusvoorstelling. We noemden hem Robbert de Rode. Toen de kippen weer terug waren, verdween Robbert ook. We hebben hem nooit meer gezien. Maar ik denk er nog steeds aan, aan Robbert met zijn rode strik! Het is toch gek?"
347,google/gemma-3-27b-it-fast,11_12,"Dus, gisteren gebeurde er iets supervreemds. Ik was met mijn opa naar het bos. Opa en ik gaan vaak naar het bos, we zoeken dan naar bijzondere stenen enzo. Maar gisteren vonden we geen stenen. We vonden een deur.

Gewoon, midden in het bos. Een houten deur, in een boom verstopt. Alsof iemand 'm daar gewoon had neergezet. Er was geen huis, geen muur, niks. Alleen de deur.

Opa zei dat we 'm niet moesten openmaken, dat het vast een grap was van iemand. Maar ik zei: “Opa, wat als er een geheime tunnel is? Of een andere wereld?” Hij rolde met zijn ogen, maar ik probeerde de klink omlaag te duwen. Hij ging open!

Het was niet donker, zoals je zou verwachten. Het was… helder. En het rook naar kaneel. Ik stapte naar binnen en opeens was het bos weg. Ik stond in een keuken! Met een oude vrouw die aan het bakken was. Ze keek me aan en zei: “Oh, eindelijk! Ik dacht al dat je nooit meer zou komen.” 

Ik snapte er niks van, maar ze gaf me een koekje. Het was het lekkerste koekje ooit. Toen ik terug naar buiten liep, was de deur weg. En opa stond daar, helemaal verbaasd. Hij zei: “Je was maar even weg!” Maar voor mij voelde het alsof ik een uur in die keuken was geweest."
348,google/gemma-3-27b-it-fast,11_12,"Oké, luister… Het begon allemaal met die oude sleutel die ik in de tuin vond. Hij was heel roestig en had zo’n leuk, gekrulde vorm. Mijn opa zei dat hij misschien van de oude schuur was, maar die schuur heeft helemaal geen slot. Dus ik besloot ‘m mee te nemen.

Ik heb hem overal geprobeerd, bij de kastjes in huis, de fietsenschuur, zelfs bij de voordeur van de school! Nergens paste hij. Tot ik me herinnerde dat er in het bos, achter het voetbalveld, een hele oude boom staat. Eén met allemaal rare knobbels en zo. Niemand weet echt wie die boom daar geplant heeft.

Daar ging ik naartoe, en ja, er zat een klein, verborgen deurtje in de stam! En raad eens? De sleutel paste! Het deurtje ging kraakend open en er was… een trap. Naar beneden. Het was echt eng, maar ik moest wel kijken. 

Ik daalde af en kwam in een soort gang terecht. Het was donker, maar ik had een zaklamp. En wat ik daar zag… nou, dat vertel ik morgen verder. Want de bel gaat zo. Maar het was heel… bijzonder. Echt waar."
349,google/gemma-3-27b-it-fast,11_12,"Oké, luister… het begon allemaal met die oude, gammele boom in de achtertuin van opa. Hij was zo groot, met takken die over het hele erf hingen. Die boom was een soort geheim plekje voor mij en mijn neef Tim. 

We hadden besloten dat het een piratenboom was. Niet zomaar een boom, maar de plek waar Kapitein Zwartbaard zijn schat verborgen had! We zochten overal, rond de wortels, in gaten in de stam, zelfs in de boomkruin. Niks.

Op een dag, Tim zat hoog in de takken, en hij schreeuwde: “Ik heb iets!” Ik rende erheen en hij liet een oude, metalen doos vallen. Het was roestig en zat vol spinnenwebben. We kregen hem moeilijk open. 

Toen, jawel! Geen goud of juwelen… maar allemaal oude foto’s. Foto’s van opa toen hij klein was! Hij was een echte durfal, zag je op de foto’s. Hij klom in bomen, bouwde hutten, en zat zelfs op de rug van een ezel! 

Het was dus niet de schat van een piraat, maar de schat van opa. En dat was eigenlijk veel leuker. We hebben opa de foto’s laten zien en hij heeft ons urenlang verhalen verteld. Die boom is nog steeds onze piratenboom, maar nu is het ook de boom van opa’s herinneringen."
350,google/gemma-3-27b-it-fast,11_12,"Oké, luister maar…

Gister dus, was ik bij oma. Het regende superhard, echt zo’n ram-harde regen. Ik zat met m’n neus tegen het raam te kijken naar de tuin, en ik zag een klein, zwart vogeltje. Zo’n piepklein ding, je weet wel. Hij zat helemaal doorweekt op de waslijn, tussen oma’s ondergoed. Supergrappig!

Maar toen ging ik beter kijken en hij zat helemaal stil. Niet eens te trillen! Ik dacht dat hij dood was. Dus ik rende naar buiten, helemaal zonder jas, want ik wilde hem helpen. Mijn oma riep nog wat, maar ik hoorde het niet. 

Ik pakte het vogeltje voorzichtig op. Hij was ijskoud! Ik liep snel terug naar binnen en legde hem in een oude schoenendoos, met een zacht theedoekje. Oma zei dat ik warm water moest pakken, maar niet te heet! 

We hebben hem een beetje gevoerd met hele kleine kruimeltjes brood en toen, na een uur, bewoog hij! Hij piepte een beetje en probeerde te vliegen. Toen hebben we de deur opengezet en hij vloog weg. Echt cool! Ik hoop dat hij het goed heeft. Het was wel een beetje spannend. En ik kreeg wel straf voor dat ik zonder jas buiten was gegaan. Maar het was het waard."
351,google/gemma-3-27b-it-fast,11_12,"Nou, het is dus echt waar gebeurd. Mijn opa, die woont nu in een huis met een héle grote tuin, en die tuin grenst aan het bos. Niet zomaar een bos, hoor. Een echt, donker, spannend bos. En opa zegt altijd dat er een kabouter in woont. Ik geloofde het eerst niet, natuurlijk. Kabouters bestaan toch niet?

Maar vorige week, toen ik bij hem was, hoorde ik echt iets. Ik was aan het verstoppertje spelen, en ik verstopte me achter de oude eikenboom, helemaal aan de rand van het bos. Toen hoorde ik een heel klein geluid, zo’n soort… getik. En toen zag ik hem.

Hij was echt klein, kleiner dan mijn hand, met een lange witte baard en een puntmuts. Hij zat op een paddenstoel en timmerde aan iets. Het leek wel een heel klein huisje. Ik durfde niet te bewegen, bang dat hij weg zou rennen. 

Hij keek op, recht in mijn ogen, en knikte heel vriendelijk. Daarna ging hij gewoon door met timmeren. Ik ben heel snel weggerend, en heb het aan opa verteld. Opa lachte, maar hij zei: ""Zie je wel? Ik had het toch gezegd?"" Nu kijk ik altijd goed als ik in de tuin ben. Wie weet zie ik hem nog een keer."
352,google/gemma-3-27b-it-fast,11_12,"Nou, dit is echt waar gebeurd, echt. Het was vorig jaar, tijdens de zomervakantie. We waren met mijn familie naar het vakantiehuis van opa en oma, in de Ardennen. Superleuk, maar ook super afgelegen. Eén keer per week kwam de boodschappenman langs, dat was het wel.

Op een dag, ik zat in het bos te spelen, vond ik een soort van grot. Niet zo’n hele grote, meer een hol in de rotswand. Ik kruip erin en… het was helemaal donker. Echt pikdonker. Ik had geen zaklamp bij me, stom. Ik voelde een beetje rond en toen, plotseling, voelde ik iets zachts. Alsof er wol lag. 

Ik schrok echt! Ik dacht eerst aan een spin of iets, maar het voelde niet eng. Ik raakte eraan en het was… mos! Maar niet gewoon mos, het was gloeiend in het donker. Heel zwak, maar het leek te flikkeren. Het zag eruit als kleine, groene sterretjes. 

Ik ben meteen weer naar buiten gerend en heb het aan mijn ouders verteld. Die geloofden me niet, natuurlijk. Ze zeiden dat ik het verbeeld had. Maar ik weet zeker dat het echt was! Ik ga er deze zomer weer kijken. Misschien neem ik wel een zaklamp mee, voor de zekerheid."
353,google/gemma-3-27b-it-fast,11_12,"Nou, het gebeurde dus tijdens de zomervakantie. Mijn opa en oma wonen in een heel klein dorpje aan de zee, en ik moest daar een week logeren. Ik vond het eerst super saai, want er was echt niks te doen. Geen wifi, geen vrienden, alleen maar oude mensen die kaarten.

Maar op de laatste dag, toen ik al een beetje begon te wennen, ontdekte ik een geheime grot. Ik liep langs het strand en zag een rots die ik nog niet eerder gezien had. Toen ik er dichterbij keek, zat er een donker gat in! Ik ben er voorzichtig ingekropen en toen… wauw!

Het was een hele kleine grot, met allemaal glinsterende stenen aan de wanden. En in het midden lag een oude houten kist. Ik durfde hem eerst niet open te maken, maar uiteindelijk toch gedaan. Raad eens wat erin zat? Geen goud ofzo, maar een verzameling botten! Van een zeemeermin, geloofde ik. Of, het skelet dan.

Er lag ook een brief bij, van een kapitein die het skelet jaren geleden gevonden had. Hij schreef dat het de zeemeermin was die de vissers altijd waarschuwde voor stormen. Echt super spannend! Ik heb opa en oma er alles over verteld, en nu gaan we elk jaar terug om de grot te bezoeken."
354,google/gemma-3-27b-it-fast,11_12,"Dus, gisteren… gisteren was echt raar. Ik was bij oma, want mijn ouders waren naar een bruiloft. Oma woont in zo’n oud huis met een hele grote tuin. En in die tuin staat een boom, een heel oude eik. Oma zegt altijd dat die boom al honderd jaar oud is, misschien nog wel langer.

Ik zat onder de boom te lezen, toen ik iets hoorde. Zo’n soort… ritsel, maar niet van de wind. Ik keek om me heen, maar zag niks. Toen hoorde ik het weer, en het klonk alsof iemand zachtjes lachte. Ik werd een beetje bang, eerlijk gezegd. 

Toen zag ik het. Er zat een klein mannetje in de boom. Echt klein, met een puntmuts en een baard. Hij zat tussen de takken en had een heel klein pijpje. Hij keek naar me en knipoogde! Ik durfde niet te praten, ik bleef gewoon zitten staren. 

Plotseling zei hij, heel zacht: “Mooi boek, hé?” Ik knikte. We hebben best lang zitten kletsen, over boeken en over de tuin. Hij zei dat hij de boom bewaakt. En toen, gewoon ineens, was hij weg. Ik weet niet hoe, hij was gewoon verdwenen. Oma gelooft me natuurlijk niet, maar ik zweer het, het is echt waar!"
355,google/gemma-3-27b-it-fast,11_12,"Weet je, gisteren gebeurde er iets supervreemds. Ik was aan het skaten bij het park, zoals altijd. En er stond een oude man, echt heel oud, met een hele rare bril. Hij keek me aan en zei: “Jij, jij bent een Tijdreiziger!” 

Ik lachte hem uit, natuurlijk. Een Tijdreiziger? Alsof! Maar hij werd boos. Hij haalde een soort kompas tevoorschijn, een heel oud, stoffig kompas. En hij draaide eraan en zei een woord, een woord dat ik niet snapte, iets met ‘Chronos’ ofzo.

En alles werd wazig. Echt heel wazig. Toen ik mijn ogen opendeed, was het park…anders. Er stonden geen moderne speeltoestellen, maar paarden en wagens! En iedereen droeg rare kleren. Ik stond daar echt te trillen.

Ik zag dat oude mannetje weer, hij knipoogde! Hij zei: “Welkom in 1888!” Ik kon niks zeggen. Toen begon het te regenen, en ineens was ik weer terug in het park, alsof er niks was gebeurd. Het kompas was weg, en de oude man ook. Ik denk dat ik droomde, maar… mijn skate had ineens een hele rare roestplek. En die was er vanmorgen nog niet! Dus… wie weet."
356,google/gemma-3-27b-it-fast,11_12,"Dus, het was echt super eng. Mijn opa heeft een oude schuur achterin de tuin, en die is eigenlijk altijd op slot. Maar afgelopen weekend was hij open. Niet door opa, maar… gewoon open. Ik was met mijn broertje, Finn, aan het verstoppertje doen en ik dacht: ja, de schuur! Perfect!

Maar toen ik binnen was, was het echt donker en muf. Het rook naar oud hout en iets… zoets. Een beetje vies zoet. En er stond een schommelstoel. Een oude, krakende schommelstoel. Die begon te schommelen, terwijl niemand erop zat!

Ik dacht eerst dat het Finn was die me probeerde bang te maken, maar hij bleef stil. Echt, super stil. Toen hoorden we een zacht gekras. Alsof er iets op de zolder liep. Ik kreeg kippenvel! 

Ik gilde en rende naar buiten, Finn achter me aan. We vertelden het aan opa, maar hij zei dat het gewoon de wind was en dat ik me niet zo moest aanstellen. Maar ik weet zeker dat het geen wind was. Ik denk… dat er iets in die schuur woont. Iets wat niet hoort op een zolder. En ik ga er nooit meer alleen naar binnen. Echt nooit."
357,google/gemma-3-27b-it-fast,11_12,"Nou, het is dus echt waar gebeurd, hè. Mijn opa, die heeft een hele oude schuur achter z’n huis. Echt super oud, met spinnenwebben en alles. Mijn opa gebruikt ‘m eigenlijk niet meer, behalve om oude rommel in te bewaren. 

Afgelopen zomer mochten mijn broertje Sam en ik daar kijken, maar opa zei: “Niet rommelen!” Natuurlijk… toen opa weg was, gingen we rommelen. We vonden een kist, echt zwaar, en die konden we met z’n tweeën nauwelijks open krijgen. 

Toen we ‘m eindelijk openkregen… zaten er allemaal oude foto's in! En niet zomaar foto’s. Foto's van mijn opa toen hij jong was, maar hij had een piratenkostuum aan! En hij stond op een foto met een papegaai op z’n schouder. Mijn opa?! Een piraat?!

We vroegen het hem later en hij moest heel erg lachen. Hij zei dat hij vroeger in het theater zat en als piraat optrad. Dat had hij helemaal vergeten! Sam en ik vonden het zo cool. We wilden meteen ook piraten worden, maar opa zei dat dat nu wel even genoeg was met avonturen. En dat we de kist daarna maar weer dicht moesten doen. Dat deden we, maar het was echt het coolste wat we die zomer hebben gedaan."
358,google/gemma-3-27b-it-fast,11_12,"Oké, dus… het was echt eng. We waren bij oma, in dat oude huis bij de zee. Jullie kennen het wel, met al die rare kamers en foto's van mensen die ik niet ken. Mijn broertje Finn, die is zeven, mocht niet de zolder op. Oma zei dat er daar “spinnenwebben en stofpoppen met lege ogen” lagen. Natuurlijk, daardoor *moest* Finn wel naar de zolder.

Hij sleepte me mee, en het was super donker en koud daarboven. Er stonden echt overal die stofpoppen. En Finn… Finn ging met een pop praten! Hij zei: “Hallo mevrouw, bent u verdwaald?”  Ik lachte hem uit, maar toen draaide de pop haar hoofd langzaam… Echt, alsof iemand eraan zat te draaien! 

Ik trok Finn mee terug naar beneden. We vertelden het oma, maar ze lachte alleen maar en zei dat het onze fantasie was. Maar later, toen we 's avonds naar bed gingen, hoorden we gekraak van de zolder. En toen… een heel zacht gefluister. Alsof iemand, of iets, riep: ""Finn..."" Ik heb de hele nacht onder mijn dekens gezeten. Geloof me, die pop was niet oké."
359,google/gemma-3-27b-it-fast,11_12,"Dus, gisterenavond… was echt raar. Het begon eigenlijk met de storm. Echt een héle dikke, met veel bliksem. Ik zat al in bed te lezen, want mijn ouders zeiden dat ik niet naar de ramen moest kijken, maar ik kon het niet laten.

Toen zag ik iets in de tuin. Niet een boom die wiebelde ofzo, maar iets… glimmends. Het leek wel alsof er een klein huisje was neergezet, maar dan van zilver. En er was licht van binnen. 

Ik sloop stiekem naar beneden en pakte een zaklamp. Ik moest kijken! Het regende nog steeds heel hard, dus ik natgeregend in de tuin gelopen. En ja hoor, daar stond het. Een piepklein zilveren huisje, zo groot als een schoenendoos. 

Ik klopte aan. En weet je wat? De deur ging open! Er stond een heel klein mannetje, met een puntmuts en een lange baard. Hij keek me aan en zei: “O, jij bent precies op tijd voor de thee!” 

Ik was zo geschrokken dat ik niks meer zei. We hebben thee gedronken – het was een soort glinsterend, paars sap – en hij vertelde dat hij een Tuinkabouter was die verdwaald was geraakt door de storm. Hij had een lift gekregen op de bliksem, geloof ik. Best cool, eigenlijk. Toen de storm voorbij was, verdween hij weer in de tuin, gewoon… poef!"
360,google/gemma-3-27b-it-fast,11_12,"Dus, het gebeurde vorige zomer, bij opa en oma. We hebben een huisje aan het meer, echt superleuk. Ik zat een beetje te vervelen, want mijn broertje wilde alleen maar zandkastelen bouwen en dat is echt niet mijn ding. Toen zag ik iets drijven in het water. Zo’n oude, houten kist!

Ik rende naar de loopplank en sprong erin, echt gewaagd, oma zei dat het eigenlijk niet mocht. Ik zwom naar die kist en trok hem aan land. Hij was zwaar! Samen met mijn broertje sleepten we ‘m naar de veranda. 

Het slot was roestig, maar uiteindelijk kregen we het open. En raad eens? Geen goud, geen schatten! Er zat allemaal oud speelgoed in. Een kapotte pop, een verroeste trein, een paar knikkers en… een heel oud dagboek.

Het dagboek was van een meisje, Anna, die honderd jaar geleden bij opa en oma in de buurt woonde. Ze schreef over het meer, haar dromen en… een geheime schat! We zochten de hele dag, maar we vonden niks. Misschien is de echte schat wel het dagboek zelf, dacht ik. Het was in ieder geval veel leuker dan zandkastelen bouwen. En nu heb ik een nieuw project: ik ga proberen meer te ontdekken over Anna!"
361,google/gemma-3-27b-it-fast,11_12,"Dus… gisteren gebeurde er iets super raars. Ik was met oma aan het wandelen in het bos, achter ons huis. Oma kent echt alle paadjes, dus we liepen een stuk verder dan normaal. We waren een beetje aan het kletsen over school, en toen, ineens, zag ik iets bewegen tussen de bomen.

Eerst dacht ik dat het een hond was, maar het was… niet echt een hond. Het was een soort van… eekhoorn, maar dan GROOT. Zo groot als een kat! En hij droeg een klein vestje! Echt waar! Een heel klein blauw vestje.

Ik bleef stokstil staan. Oma zag het ook, en die bleef ook staan. De eekhoorn keek ons aan, alsof het heel normaal was. Hij had een noot in zijn pootjes en hij begon ‘m open te maken met een mini-schroevendraaier die hij uit zijn vestje toverde!

Toen keek hij naar ons, knipoogde, en rende weg. We hebben hem daarna niet meer gezien, maar ik weet zeker dat ik het niet verbeeld heb. Een eekhoorn met een vestje en een schroevendraaier. Wie gelooft me nu weer?"
362,google/gemma-3-27b-it-fast,11_12,"Dus, gisteren… gisteren was echt raar. Ik was met opa aan het vissen, bij het meer, daar waar de oude wilg staat. Opa zegt altijd dat die wilg een bewaker is, maar ik geloof hem niet helemaal. 

We hadden al best veel kleine baarsjes gevangen, maar ik wilde echt een snoek! Opa zei dat ik geduld moest hebben. Ik zat daar dus, uren te wachten, en toen… zag ik iets. Niet in het water, maar *onder* het water!

Het was een hele kleine man, met een groene jas en een puntmuts. Hij rende heen en weer op de bodem, alsof hij iets kwijt was. Hij had een mini-emmertje en zocht overal. Ik knipperde met mijn ogen, dacht dat ik het me verbeeldde. Maar hij was er nog steeds!

Opa merkte niks, hij zat te soezen. Ik probeerde ‘opa! Kijk!’ te roepen, maar er kwam alleen maar een bubbel uit mijn mond. Want ik had mijn mond open om naar de mini-man te kijken!  

Toen, heel snel, pakte hij z’n emmertje en zwom weg. Ik vroeg aan opa wat dat was geweest, maar hij zei dat het vast een schaduw was, of iets dergelijks. Maar ik weet zeker dat het een mini-man was. Eentje die z’n emmertje kwijt was."
363,google/gemma-3-27b-it-fast,11_12,"Dus, gisteren gebeurde er echt iets raars. We waren bij oma, in dat oude huis aan het meer. Jullie kennen het wel, met die tuinkabouters overal. Ze ziet er altijd een beetje eng uit, oma’s huis, zeker als het stormt.

Nou, ik was buiten aan het spelen, verstoppertje met mijn broertje Tim. En ik dacht, de perfecte plek is achter die wilg bij het meer! Dus ik ren erheen en… er lag iets. Geen kabouter, maar een doos. Een houten doos, echt oud, met allemaal rare tekens erop.

Ik deed hem open. Binnenin zat een heel oude sleutel en een briefje. Het briefje was in krullerig handschrift en stond er: ‘Voor degene die durft te zoeken’. Best eng! 

Tim kwam aanrennen, hij was me kwijt. Samen hebben we geprobeerd de sleutel in sloten te steken, overal in de tuin. Uiteindelijk past hij in een klein slotje op het oude tuinhuisje! Daarbinnen… waren allemaal oude speelgoedauto’s! Heel oude, van opa, zei oma later. Ze zei dat opa die altijd verstopt had, voor een ‘schatjacht’. Dat was dus de schat! En ik was degene die durfde te zoeken. Best cool, toch?"
364,google/gemma-3-27b-it-fast,11_12,"Dus, mijn opa heeft een tuin, maar niet zomaar een tuin. Het is echt… anders. Alles groeit daar veel groter. Niet een beetje, echt gigantisch. Tomaten zo groot als basketballen, wortelen langer dan mijn arm! En vorig jaar, toen was het echt raar. We waren aan het zoeken naar aardbeien, die waren ook al supergroot, en toen zagen we het.

Een slak. Maar niet zo’n klein bruin slakkie die je in je sla vindt. Nee, deze was… zo groot als een kat! En hij at de aardbeien. Echt, hij hapte er in met z’n hele mond. Mijn opa zei dat het kwam door een speciale meststof die hij had besteld, iets met “groei-kracht”. Ik geloofde hem niet helemaal.

We probeerden ‘m weg te jagen, maar dat lukte niet. Hij was veel te snel voor zo’n groot beest. Uiteindelijk kwam mijn oma. Die had een bakje appelsap. En de slak… die dronk het op! Helemaal op. Toen werd hij heel sloom en viel in slaap, midden tussen de aardbeienplanten. 

We hebben ‘m toen voorzichtig naar het bos bij opa’s tuin gebracht. Ik hoop niet dat hij terugkomt. Anders zijn al onze aardbeien volgende zomer weg!"
365,google/gemma-3-27b-it-fast,11_12,"Dus, het gebeurde afgelopen zomer. We waren op vakantie in Spanje, bij oma en opa. Hun huis ligt een beetje buiten een dorpje, helemaal omringd door olijfbomen. Echt superveel olijfbomen! En erachter, een groot bos.

Mijn broertje Ties en ik mochten daar zelf op onderzoek uit. Opa had wel gezegd dat we niet te ver weg moesten gaan, maar Ties is altijd zo… Ties. Hij zag iets glimmen tussen de bomen en dacht meteen dat het een piratenschat was. 

Ik zei dat het vast gewoon een stukje glas was, maar hij luisterde niet. We gingen erheen en het was… een oude, metalen doos. Echt roestig en vies. We kregen hem open, maar er zat geen goud in, geen juwelen. Er zaten allemaal briefjes in. Heel oude briefjes, met krullerige letters. 

Blijkbaar had oma’s opa vroeger brieven naar een meisje geschreven dat in een ander dorp woonde. Super romantisch! Ties was eerst teleurgesteld, maar we hebben alle briefjes toch gelezen. Het ging over hoe mooi de bloemen waren en hoe hij droomde over een eigen olijfboomgaard. Het was eigenlijk veel leuker dan een piratenschat. We gaven de brieven aan oma, ze was echt verrast!"
366,google/gemma-3-27b-it-fast,11_12,"Dus, het gebeurde vorige zomer. We waren bij oma op het platteland, en daar is echt niks te doen, behalve dan in het bos. Boris, dat is mijn neef, en ik, die hadden een plan. We wilden de geheime plek van opa zoeken. Die vertelde er altijd over, een plek waar hij als kind speelde, maar hij wilde nooit zeggen waar die was.

We namen een buskompas mee, een koekendoos en een fles limonade. Het bos was superdicht. Overal takken en wortels, en het rook naar aarde en naalden. We liepen en liepen, en telkens als we dachten dat we de goede kant op gingen, wees het buskompas iets anders aan. 

Toen, heel plotseling, vonden we een klein pad, helemaal overgroeid met klimop. We duwden het weg en… wauw! Er was een soort verborgen kamertje, omringd door hoge bomen. En in het midden stond een oude boomstam, helemaal bedekt met mossen. Boris en ik keken elkaar aan. Dit moest het wel zijn! We aten onze koekjes en dronken limonade, en voelden ons net echte avonturiers. Opa zou trots zijn geweest. We beloofden elkaar dat we ’t geheim zouden houden. Tot nu, dan. Maar jullie mogen het niet verder vertellen hoor!"
367,google/gemma-3-27b-it-fast,11_12,"Nou, gisteren gebeurde er iets super raars. Ik was met mijn opa aan het vissen, aan de oude steiger bij het meer. Mijn opa is echt een oude zeeman, die kent alle verhalen, maar deze had hij nog nooit gehoord. We zaten al een uur, niks aan de beet, en ik verveelde me dood. Dus begon ik wat stenen te gooien. 

En toen, *plons*, niet een steen, maar een fles! Een oude, groene fles met een kurk. Ik viste ‘m eruit, en daarin zat een… een miniatuur kasteel! Zo’n echt, klein kasteel, met torentjes en al. Het was gek, want er zat geen water in de fles, alleen het kasteel. 

Mijn opa zei dat het vast een grap was van iemand, maar toen zag ik het. In één van de torens, heel klein, zat een lichtje te knipperen. Ik kneep in mijn ogen. Was ik aan het hallucineren? Ik schudde de fles een beetje en het lichtje ging langzamer knipperen. Het leek wel… alsof er iemand inzat. 

Ik heb hem meegenomen naar huis, en hij staat nu op mijn nachtkastje. Het lichtje knippert nog steeds. Ik weet niet wat ik ermee moet, maar ik ben best wel benieuwd wie er in dat kasteel woont."
368,google/gemma-3-27b-it-fast,11_12,"Nou, dit is dus echt waar gebeurd, met mijn opa. Hij heeft een hele oude schuur, achterin de tuin. Echt, zo’n schuur waar je bijna niet meer in durft, omdat er allemaal spinnenwebben hangen en het er naar oud hout ruikt. Mijn opa zegt altijd dat er schatten in zitten, maar ik geloofde hem nooit.

Afgelopen zomer ging ik bij hem logeren en ik moest iets in de schuur halen. Een ladder, geloof ik. Het was superdonker, zelfs overdag. Ik voelde een beetje aan de muren, want ik kon niks zien. En toen… stootte ik tegen iets. Het was zacht en een beetje koud.

Ik schrok me dood! Ik dacht dat het een spin was, of een rat! Maar toen pakte ik mijn zaklamp, en… het was een oude pop. Niet zo’n hele leuke pop, maar een een beetje zielige, met een afgebroken arm en een doffe blik. 

Maar er zat iets in haar jurk verstopt. Een brief! Geschreven in oud schrift. Mijn opa zei dat het van zijn oma was geweest, en dat ze de pop aan hem had gegeven toen hij klein was, met de brief erin. Het was een soort geheime boodschap over een verborgen bloemenveld. We hebben het daarna samen gezocht, en we vonden het! Het was echt magisch. Dus, opa had toch schatten in de schuur!"
369,google/gemma-3-27b-it-fast,11_12,"Dus, gisteren was echt raar. Ik was met mijn opa aan het vissen, bij die oude kade, weet je wel, waar altijd zoveel krotten staan. Het was superstil, bijna eng. Opa zat te soezen en ik probeerde een visje te vangen, maar er gebeurde niks. 

Toen zag ik het. Een fles, drijvend in het water. Niet zomaar een fles, echt een oude, donkergroene fles met een kurk. Ik viste ‘m binnen en toen – en dit geloof je nooit – zat er een briefje in! 

Het was in heel krullig handschrift geschreven. Er stond: “Wie deze fles vindt, moet om middernacht naar de vuurtoren gaan. Maar pas op voor de schaduw.” 

Ik liet het opa zien, maar hij zei dat het vast een grap was van andere vissers. Maar ik kon niet stoppen met denken aan die schaduw! Dus, toen het donker was, ben ik stiekem weggegaan. Ik ging naar de vuurtoren, helemaal alleen. 

Het was doodeng. En net toen de klok middernacht sloeg, zag ik iets bewegen in het licht van de vuurtoren. Een lange, donkere schaduw… maar het was alleen de kasteelheer zijn kat! Hij liep gewoon over de stoep. Heel dom dat ik bang was, eigenlijk."
370,google/gemma-3-27b-it-fast,11_12,"Oké, luister! Het gebeurde vorige zomer, bij oma. Oma woont in een heel oud huis, met zo’n tuin waar je uren in kwijt kunt zijn. En er zit een boom in, een hele oude kersenboom. Onder die boom, daar gebeurde iets raars.

Ik was aan het graven, op zoek naar piratenschat. Niet echt, natuurlijk, maar wel naar iets cool. En toen voelde ik iets hards. Het was geen steen, het was… een doos! Een houten doos, helemaal bedekt met modder en mos. 

Ik trok hem open en er lagen allemaal kleine spulletjes in. Een oude sleutel, een knoop van een jas, een veer… en een heel klein, zilveren medaillon. Ik deed hem open en er zat een foto in! Van een meisje, met vlechtjes en een hele brede glimlach.

Oma zei dat het meisje vroeger in het huis woonde, heel lang geleden. Ze was verdwenen tijdens het spelen in de tuin. Niemand wist waar ze naartoe was gegaan. Ik weet niet of het klopte, maar ik vond het best spannend. Ik heb het medaillon bewaard, en nu draag ik het altijd om mijn nek. Voor het geval de meid misschien terugkomt."
371,google/gemma-3-27b-it-fast,11_12,"Nou, dit is dus echt waar gebeurd, echt! Het was vorig jaar zomer, we waren op vakantie in Frankrijk met mijn hele familie. We huurden zo'n huisje met een zwembad, perfect dus. Maar er was ook een bos achter het huis, echt heel dichtbij. Mijn kleine broertje, Tim, die is zeven, was er dol op. Altijd op zoek naar beestjes.

Op een dag was hij heel stil. Meestal krijst hij de boel bij elkaar, maar nu… niks. Mijn moeder zocht hem, mijn vader, iedereen. Ik mocht ook zoeken, maar ik durfde eigenlijk niet echt het bos in. Ik ging toch, een beetje.

Toen zag ik een plek, een soort klein geheim plekje in het bos. Tim zat daar, heel stil, en had een klein meisje vast. Maar niet zomaar een meisje. Ze was… bleek. Echt heel bleek. En ze droeg een witte jurk die helemaal gescheurd was. 

Tim lachte en zei: “Dit is Juliette! Ze is verdwaald.”

Ik was echt bang. Ik trok Tim mee, terug naar het huis. We vertelden het aan mijn ouders, maar toen we teruggingen… was Juliette weg. En Tim zei dat ze gewoon terug was naar haar huis, diep in het bos. Ik geloof er nog steeds iets van."
372,google/gemma-3-27b-it-fast,11_12,"Weet je, mijn opa heeft een schuur. Niet zomaar een schuur, echt een supergeheime schuur. Hij zegt dat het een werkplaats is, maar ik denk dat het een poort is naar een andere wereld. Er staat daar van alles, oude koffers, een kapotte radio, een stapel kranten van heel lang geleden... en een oude, stoffige spiegel.

Die spiegel… die is raar. Opa zegt dat ik er niet naar moet kijken, maar natuurlijk deed ik dat stiekem. Eerst zag ik mezelf, normaal. Maar toen, heel even, zag ik een meisje staan. Niet ík, maar een meisje met lang, bruin haar en een jurk die ik nog nooit gezien had. Ze glimlachte, en toen was ze weer weg.

Vorig weekend was ik weer bij opa. Ik sloop naar de schuur en keek in de spiegel. Weer dat meisje! Ze zwaaide. Ik zwaaide terug, en opeens voelde ik een koude wind. De schuur werd donkerder en ik hoorde gefluister. Ik was doodsbang en rende naar opa.

Hij lachte alleen maar en zei: “Wees niet bang, dat is Elara. Ze wacht op iemand die durft.” Durft wat? Dat weet ik nog niet. Maar ik weet wel dat ik volgende week weer terugga naar die spiegel. Misschien ga ik wel met Elara mee."
373,google/gemma-3-27b-it-fast,11_12,"Dus, mijn opa heeft een schuur. Niet zomaar een schuur, echt een super oude schuur, achter in de tuin. Hij zegt dat hij er al staat sinds opa’s opa nog leefde. En er ligt ALLES in die schuur. Oude fietsen, kapotte stoelen, een heleboel dozen… en spinnen, heel veel spinnen.

Maar één keer, toen het heel hard regende, mocht ik met opa in de schuur. We zochten naar een oude emmer, want de goot liep over. En toen, achter een stapel oude kranten, zagen we het. Een kist. Niet een gewone kist, maar een heel donkerhouten kist met een messing slot. 

Opa probeerde het slot open te maken, maar hij kreeg het niet voor elkaar. Uiteindelijk brak hij het slot open. En wat erin zat? Geen goud, geen sieraden, niks van dat alles. Het waren allemaal oude foto’s. Foto's van opa, maar als jongen! Hij stond te zeilen, te vissen, te spelen in het bos… en hij had een héleboel vrienden.

Opa werd stil toen hij de foto’s bekeek. Ik vroeg wat er was, en hij lachte. “Och,” zei hij, “dat was een goeie tijd.” Hij vertelde me toen over zijn jeugd en over zijn vrienden die er niet meer zijn. Het was best wel… bijzonder. Zelfs als het allemaal een beetje stoffig was in die schuur."
374,google/gemma-3-27b-it-fast,11_12,"Dus, eh, dit gebeurde vorige zomer. We waren op vakantie in Frankrijk, bij mijn oma. Ze heeft een heel oud huis, zo’n met een hele grote tuin en een zolder die je bijna niet durft in te gaan. Mijn broertje, Ties, die is negen, vindt alles superspannend, dus hij wilde natuurlijk de zolder op. 

Ik zei nee, want oma zegt altijd dat er stof en spinnen zitten. Maar Ties is… volhardend. Uiteindelijk ging ik mee, stiekem natuurlijk. Op de zolder was het pikdonker en het rook naar alles wat oud is. We vonden een oude kist. Echt een piratenkist, dachten we!

We probeerden hem open te maken, maar hij zat op slot. Toen zagen we een briefje vastgeplakt, in heel mooi krulschrift. Het was van een meisje, Léonie, die daar vroeger woonde, honderd jaar geleden! Ze schreef dat de sleutel verstopt zat onder de roos in de tuin, de rode.

We renden naar beneden en vonden hem! De kist zat vol met oude foto’s en een... een medaillon met een heel klein portretje erin. Ik denk dat het Léonie zelf was. Het was echt… een beetje alsof we een geheim hadden ontdekt. We hebben het aan oma verteld en ze moest erom lachen. Ze wist er alles van!"
375,google/gemma-3-27b-it-fast,11_12,"Nou, het is eigenlijk wel een gek verhaal. Het gebeurde vorige zomer, bij mijn oma in het bos. Oma woont in zo’n heel oud huis, met een tuin die eigenlijk gewoon overgaat in het bos. Ik mocht daar twee weken logeren, en ik verveelde me een beetje. Dus ik ging het bos in. 

Ik had een kompas mee, want ik wilde echt de diepte in. Ik liep en liep, en ineens zag ik iets glinsteren tussen de wortels van een boom. Het was een doosje, een heel klein doosje, met een slotje. Ik probeerde het open te maken, maar dat lukte niet. Dus ik nam het mee terug naar oma.

Oma zei dat het misschien wel heel oud was en we moesten het niet openbreken. Maar ’s nachts, toen iedereen sliep, sloop ik terug naar mijn kamer en pakte het doosje. Ik vond een heel klein haakje in de lade van mijn bureau en… het slot ging open!

In het doosje zat geen goud of snoep, maar een steen. Een gewone, grijze steen. Maar toen ik hem vasthield, hoorde ik een heel zacht geluid. Een soort fluitje. En toen… zag ik een klein, groen lichtje. Het was net een mini-vuurvliegje, maar dan groen en… heel verlegen. Het vloog de kamer in en verdween door de kier onder de deur. Ik heb het daarna nooit meer gezien. Maar ik weet zeker, héél zeker, dat die steen een beetje magie had."
376,google/gemma-3-27b-it-fast,11_12,"Dus, eh, het was tijdens de zomer, bij mijn oma op het platteland. Daar is echt niks te doen, behalve een beetje rondzwerven in het bos. En dat deed ik dus, met Max, mijn hond. Max is een labrador, heel enthousiast. 

We liepen een beetje en toen zagen we iets glinsteren tussen de wortels van een hele oude boom. Ik dacht eerst dat het gewoon een stukje glas was, maar toen ik dichterbij kwam… Het was een sleutel! Een hele oude, roestige sleutel. 

Ik vroeg me af waar hij bij hoorde. We zochten overal, rond die boom, onder stenen, zelfs in een holle boomstam. Niks. Toen liepen we verder en kwamen we bij een soort muurtje, half verborgen achter struiken. En jawel! Daar zat een klein deurtje in, helemaal overgroeid met klimop.

Ik probeerde de sleutel en hij paste! Het krakte een beetje, maar het deurtje ging open. En binnenin… was een hele kleine kamer. Heel donker. Max blafte een beetje, maar ik was te nieuwsgierig om bang te zijn. We zagen een oude houten kist en… ja, dat verhaal vertel ik morgen verder. Want de bel gaat bijna!"
377,google/gemma-3-27b-it-fast,11_12,"Oké, dus… het was afgelopen zomer. We waren op vakantie in Frankrijk, bij oma en opa. Niet in hun huis, maar in zo’n campingcar. Papa vond dat superleuk, want hij houdt van autorijden. Ik vind het stiekem een beetje eng, zo’n groot huis op wielen.

We stonden op een camping vlakbij een heel oud bos. Opa zei dat er vroeger heksen woonden. Ik geloofde hem niet helemaal, maar het was wel heel donker in dat bos. Eén middag mochten mijn broertje Ties en ik er even in, alleen maar op het pad, zei mama.

We liepen een stukje en zagen ineens een heel klein huisje. Zo’n echt kabouterhuisje, met een mosdak en een heel klein deurtje. Ties probeerde de deur open te maken, maar hij zat op slot. Toen hoorden we een geluidje, een soort kikkergekwaak, maar dan… anders. 

We draaiden ons om en zagen een oud vrouwtje staan, met een hele lange neus en een groene jurk. Ze glimlachte en zei: “Op zoek naar iets kleins, de lieve jongens?” We werden heel stil. Het was… een beetje eng. En toen, heel snel, liepen we terug naar de camping, zonder ook maar iets terug te zeggen. We vertelden het aan mama, maar zij zei dat we het verzonnen hadden. Maar ik weet zeker dat we dat huisje en dat vrouwtje gezien hebben. Echt waar!"
378,google/gemma-3-27b-it-fast,11_12,"Dus... er was eens een oude, oude eik in het bos achter mijn huis. Echt superoud, met wortels die over het pad kronkelden en takken die bijna de hemel raakten. Mijn opa zei altijd dat die boom alles had gezien, en dat hij kon praten als je heel goed luisterde.

Ik geloofde hem niet, natuurlijk. Totdat ik er een middag zat, echt moe na een ruzie met mijn broer. Ik zat met mijn rug tegen de stam en staarde naar de bladeren. Toen hoorde ik 't. Niet met mijn oren, maar… in mijn hoofd. Een soort ruis die woorden werd. 

“Hij voelt zich niet begrepen,” fluisterde de boom. “Zoals de wind die door de takken waait, maar niemand hem hoort.”

Ik schrok me dood! Ik keek om me heen, maar er was niemand. “Wie zei dat?” fluisterde ik terug.

“Ik,” zei de boom, weer in mijn hoofd. “Ik voel wat hij voelt.” 

Ik dacht meteen aan mijn broer. Hij was ook vaak boos, omdat hij dacht dat niemand hem snapte. Ik ging naar huis en bood mijn broer een koekje aan. En ik luisterde. Echt luisteren. En weet je? Het hielp. Misschien kon die boom toch praten, of zoiets."
379,google/gemma-3-27b-it-fast,11_12,"Oké, dus, het was echt bizar. Mijn opa, die heeft een oude schuur achter zijn huis. Echt oud, met allemaal spinnenwebben enzo. En niemand mocht daar eigenlijk komen, want het was super rommelig. Maar mijn neefje Timmy en ik, die zijn altijd gek. 

We waren aan het verstoppertje spelen en ik dacht: de schuur! Niemand zoekt daar. Dus ik sloop naar binnen en het was donker en het rook naar hout en stof. En toen, achter een stapel oude emmers, zag ik een kist. Een houten kist, met slotjes. 

Timmy kwam aanrennen en we probeerden het slot open te breken, maar dat lukte niet. Toen vond Timmy een roestige sleutel in een oude la. Hij paste! En in de kist… zaten allemaal oude foto's. Van mensen die leken op mijn opa, maar dan jong. En ze droegen allemaal gekke pakken en hadden vreemde instrumenten vast.

Timmy zei dat het piraten waren en ik geloofde hem bijna. Maar mijn opa zei later dat het een jazzband was, van vroeger. Hij werd er een beetje stil van toen hij de foto's zag. Hij vertelde er niet veel over, maar het was een supergeheim en dat maakte het extra cool."
380,google/gemma-3-27b-it-fast,11_12,"Dus, we waren aan het spelen in het bos, achter de school. Niet dat we daar mochten zijn, maar ja, dat maakt het juist leuk. Met Finn, Lisa en Sam. Finn had zijn mocrofoon meegenomen, een van die van zijn papa, en deed net alsof hij een radio-dj was. Echt lachwekkend. 

Toen zagen we het. Een klein, houten huisje, helemaal verborgen tussen de bomen. We hadden het nog nooit gezien! Het was echt klein, alsof het voor een kabouter was. Er zat een piepklein deurtje in en allemaal mos op het dak.

We durfden niet naar binnen, hoor. Sam zei dat er spoken in konden zitten. Lisa zei dat het misschien van een heks was. Finn dacht dat het een geheime basis was van een spion. Ik weet het niet, maar het zag er wel mysterieus uit.

Toen, heel voorzichtig, opende Lisa het deurtje. Het kraakte! En er kwam... een eekhoorn tevoorschijn. Gewoon een eekhoorn! Die keek ons heel boos aan en rende weg met een noot in z’n mond. 

We hebben heel hard gelachen. Het was dus helemaal geen spionnenbasis of heksenhuis, gewoon een huisje voor een eekhoorn! Maar het was wel het coolste huisje ooit. We zijn er nog een paar keer teruggegaan, maar de eekhoorn wilde ons daarna niet meer zien. Echt jammer."
381,google/gemma-3-27b-it-fast,11_12,"Dus, gisteren… gisteren was echt raar. Ik was aan het fietsen naar oma, want het was haar verjaardag. Ik had een hele mooie tekening gemaakt, van een draak die taart aan het opeten was. Echt goed gelukt, met glitterstiften en alles.

Normaal neem ik de grote weg, maar die was afgesloten voor wegwerkzaamheden. Dus ik moest door het bos. Dat bos is een beetje eng, er zijn altijd van die rare geluiden. Maar ik dacht, kom op, je bent bijna twaalf, dat kan toch niet zo eng zijn?

Maar toen zag ik ‘m. Een eekhoorn, maar niet zomaar een eekhoorn. Hij had een… een kleine, gouden bril op! En hij zat op een mini-stoel, aan een klein tafeltje te lezen in een heel klein boek! Ik stopte mijn fiets en keek goed. Hij keek terug en knikte gewoon.

Ik dacht eerst dat ik me iets inbeeldde, maar toen stond hij op, rolde het boek op en zei, in een piepstemmetje: “Mooie dag, toch?” Ik zei iets terug, maar ik weet niet meer wat. Ik was te verbaasd. Toen fietste ik snel verder, naar oma. Ik heb er niks over gezegd, want ik weet niet of mensen me dan geloven. Maar het is echt waar! Een eekhoorn met een bril!"
382,google/gemma-3-27b-it-fast,11_12,"Oké, dus… het gebeurde vorige zomer. We waren op vakantie in Frankrijk, bij oma en opa. Het huis is echt oud, zo’n landhuis met een hele grote tuin en een toren. Mijn broertje, Finn, en ik mochten de toren verkennen. Pa had gezegd dat we niet naar boven mochten zonder hem, want de trap was heel steil en er lagen spinnen.

Maar… Finn en ik, we zijn niet goed in wachten. Dus toen Pa met oma aan het kaarten was, sloop ik naar de toren. Finn kwam achter me aan. De trap was echt eng, heel smal en donker. We waren bijna boven toen we iets hoorden. Een soort… gekras.

We hielden ons stil. Het gekras kwam dichterbij. Toen zagen we het. Een eekhoorn! Hij rende rondjes in een oude kist, vol met stoffige boeken. Hij had een noot in z’n mond en keek heel boos. 

Finn begon te giechelen en de eekhoorn sprong meteen op z’n hoofd! Hij rende schreeuwend naar beneden en ik achter hem aan. Pa was boos, maar we konden er niet mee stoppen met lachen. Zelfs oma moest grinniken. De eekhoorn zat nog steeds in de toren, maar we zijn daarna nooit meer zonder Pa naar boven gegaan. En Finn draagt nu altijd een muts als hij naar buiten gaat, voor het geval dat."
383,google/gemma-3-27b-it-fast,11_12,"Dus, gisteren… gisteren was echt raar. Ik was aan het skaten in het park, jullie kennen het park, bij de oude speeltuin. Niemand was er, want het was al een beetje donker. Ik oefende een ollie, en die lukte steeds niet, echt frustrerend. 

Toen zag ik iets bewegen bij de schommel. Eerst dacht ik dat het de wind was, maar toen bleef het staan. Het was een kat, maar niet zomaar een kat. Hij had… een bril op! Een echt, klein brilletje, met gouden randjes. 

Ik ging dichterbij en hij keek me aan, heel serieus. Hij miauwde niet, hij zei… hij zei 'Excuseer, weet u waar de bibliotheek is?'

Ik stond perplex, snap je? Een pratende kat met een bril! Ik kon niks uitbrengen, dus ik wees naar de straat. Hij bedankte me met een kleine buiging en liep weg, heel stijfjes, alsof hij een professor was. 

Ik weet niet of ik het me verbeeld heb, maar ik zwoer dat hij een klein boekje onder zijn arm had. Mijn broer gelooft me natuurlijk niet, maar ik weet wat ik gezien heb. Een kat. Met een bril. En die naar de bibliotheek ging. Echt waar."
384,google/gemma-3-27b-it-fast,11_12,"Dus, gisteren… gisteren was echt raar. Ik fietste langs het bos, weet je, het stuk waar je niet mag komen want het is een soort natuurgebied. Maar ik moest naar opa, en de omweg was zó lang! Dus ik dacht, één stukje door het bos kan toch geen kwaad?

Nou, het was superstil daar. Alleen maar het gekraak van de takjes onder mijn banden. En toen zag ik het. Een klein huisje, helemaal overgroeid met klimop. Ik had het nog nooit gezien! Het leek net uit een sprookje.

Ik stapte af en liep dichterbij. Er zat een rood vogeltje voor de deur. Het keek me aan, knikte bijna! Ik durfde te bellen, maar er was niemand thuis. Toen ging de deur héél zacht kraken en kwam er… een eekhoorn naar buiten. Serieus! Hij droeg een mini-bril en had een map in zijn hand!

Hij keek naar me en zei, (en dit geloof je nooit!) hij zei: ""U bent te vroeg voor de thee!"" Toen verdween hij weer naar binnen. Ik ben meteen op mijn fiets geklommen en heb het bos uit gevlogen. Ik heb het aan mijn moeder verteld, maar die lachte me alleen maar uit. Maar ik weet zeker dat ik het gezien heb. Een eekhoorn met een bril!"
385,google/gemma-3-27b-it-fast,11_12,"Nou, het gebeurde vorige zomer, bij oma. Oma woont in een heel oud huis, echt superoud, met een tuin die bijna een bos is. Ik zat me te vervelen, echt heel erg, want mijn broertje Tim was er niet en ik mocht niet naar mijn vrienden. Toen zag ik iets bewegen in de tuin. Het was een heel klein beestje, zo groot als mijn duim.

Het was groen, met hele grote ogen en het had soort van vleugeltjes. Ik dacht eerst dat het een insect was, maar het beestje… het lachte naar me! Echt waar, het had een heel klein, piepend lachje.

Ik liet het op mijn hand zitten en het begon te fladderen. Maar niet weg, het fladderde in kringetjes om mijn hand heen. Oma zei dat het een tuinknip was, een soort beschermer van de tuin. En ze vertelde dat als je aardig voor een tuinknip bent, die je geheimen bewaart. 

Dus ik vertelde de tuinknip alles wat ik wilde, over school en dat ik Tim mis en over de crush die ik heb op Lisa. Elke dag kwam het beestje terug en… het voelde net alsof ik een echte vriend had. Toen ik terug naar huis moest, vloog het tuinknipje met me mee, een stukje, en toen verdween het weer in de tuin. Ik hoop echt dat ik het volgend jaar weer zie."
386,google/gemma-3-27b-it-fast,11_12,"Nou, het begon allemaal met een oude sleutel. Ik vond ‘m in de tuin, onder de klimop, half begraven. Hij was roestig en een beetje krom, maar hij voelde…belangrijk. Niet zoals de sleutel van de voordeur, maar meer alsof hij iets geheim moest openen.

Mijn opa, die was kapitein geweest, altijd op reis, wist je wel. Hij woonde nu bij ons, maar hij praatte amper over zijn verleden. Ik vroeg hem over de sleutel en hij keek heel raar. “Die sleutel…” zei hij, “die sleutel is van de schatkist.” 

Een schatkist! Ik dacht dat hij grapte. Maar hij zei dat hij hem verstopt had toen hij klein was, in het bos achter ons huis. Dus we gingen zoeken, opa en ik. Het was super moeilijk, het bos is best groot. Na een tijdje vond opa een heel oude boom met een rare knobbel. Achter die knobbel zat een klein metalen doosje. De sleutel paste! 

Binnenin zat geen goud of juwelen, maar een verzameling van allemaal rare schelpen, een kompas en een brief. De brief was van opa’s vader, ook een kapitein. Hij schreef dat de echte schat niet in goud zit, maar in de herinneringen die je maakt. Best wel cool eigenlijk."
387,google/gemma-3-27b-it-fast,11_12,"Oké, dus... mijn opa heeft een schuur. Niet zomaar een schuur hoor. Eén met héél veel spullen. En een beetje een geheim. Mijn opa zegt altijd dat het gewoon oude rommel is, maar dat geloof ik niet.

Laatst, we zaten daar, het regende keihard, en ik mocht met hem in de schuur kijken. Tussen de oude fietsen en gammele ladders vond ik een doos. Een houten doos met een slotje. Ik vroeg: ""Opa, wat zit hierin?"" 

Hij werd ineens heel stil. ""Oh, dat... Dat is van vroeger,"" zei hij. ""Bestofte dingen."" Maar hij deed het slotje niet open.

Toen, toen hij even weg was, heb ik het slotje opengebroken met een schroevendraaier die er lag. Binnenin zat geen rommel! Er lagen allemaal oude foto’s, van opa als jongen, op een boot, met een meisje met lange vlechtjes… en een kompas. Een heel oud, glimmend kompas. 

Mijn opa deed alsof hij verrast was dat ik de doos open had, maar ik zag in zijn ogen dat hij er stiekem blij mee was. Hij vertelde me toen dat hij vroeger zeevaarder wilde worden, maar dat dat er niet van kwam. En dat het meisje op de foto, oma, hem altijd aan de zee herinnerde. Het kompas… dat was om altijd de goede richting te vinden, zei hij. Niet alleen op zee, maar ook in het leven. 

Dus ja, dat is het verhaal van de schuur en de geheime doos. En nu ga ik zelf ook een kompas sparen."
