,model,age,story
0,meta-llama/llama-3.1-8b-instruct,4_6,"Er was eens een prinses met een paard dat groen was. Ze noemden haar het Groene Paard. 

Zij en de prinses gingen op avontuur in een bos met rode bloemen. In het bos was een kasteel waar een magische vrouw woonde. Ze kon alles maken wat ze wilde. 

De magische vrouw vroeg of ze iets wilde maken. De prinses zei: ""Ik wil een schommel!"" De magische vrouw zei: ""Dat kan ik maken!"" 

Zij maakte een schommel van lucht en een touw van zonlicht. Ze zette de schommel op een grote boom. De prinses en het Groene Paard gingen erop zitten. 

Toen ze op en neer gingen, werden de rode bloemen in het bos groen. De prinses en het Groene Paard gingen nog een keer heen. Toen waren de rode bloemen weer rood."
1,meta-llama/llama-3.1-8b-instruct,4_6,"Er was eens een prinses die een prachtig paard had. Het paard was zwart en had een gouden manen. De prinses heette Sophia en ze hield zo veel van haar paard. Sophia en haar paard, dat ze Jack noemde, gingen altijd op avontuur.

Een keer gingen ze op avontuur in een mooi bos. Ze zochten naar een legende die ze in een boek hadden gelezen. Ze wilden zien of de legende waar was. Toen ze in het bos waren, kwamen ze een pad op dat naar beneden liep.

Sophia was bang om naar beneden te gaan, maar Jack zei ""Geeft niet, Sophia, ik ben hier voor je."" En hij sprong naar beneden. Sophia volgde en toen ze beneden waren, hoorden ze een klein stemmetje. ""Hallo, prinses! Hallo, prinses!"" Sophia en Jack keken omhoog en zeiden ""Hallo!"""
2,meta-llama/llama-3.1-8b-instruct,4_6,"Een tijdje geleden, in een klein dorpje met een groot bos, woonden een lichtbruine hond met een witte neus en een witte staart, genaamd Max. Max was iedere dag met zijn baasje, een jong meisje genaamd Lili, op stap. Samen gingen ze wandelen door het bos.

Een keer kwamen ze een kleine, blauwe vogel tegen. De vogel heette Blauwje en hij kon flink hoog vliegen. Max en Lili werden bevriend met Blauwje en samen gingen ze op ontdekkingstocht. Max voelde altijd aan dat Blauwje ergens naar op weg was.

Een keer hoorde Max een stem in zijn hoofd. Het was Blauwje! Blauwje vertelde Max dat hij ergens een verstopte schat had liggen en dat hij hem wilde hebben. Max en Lili gingen met Blauwje op zoek naar de schat. Na veel zoeken vonden ze een gat in een boom. En daar lag de schat! Er zaten veel spiegels in. Blauwje was heel blij dat hij de schat had gevonden."
3,meta-llama/llama-3.1-8b-instruct,4_6,"Er was eens een kleine roodharige koningin. Ze had een prachtig paard en een mooie gouden kroon. Ze wilde zo snel mogelijk rondrijden om de hele wereld te zien.

Toen ze aan kwam rijden bij een groot meer, zag ze een klein, verdwaald eendje aan de waterkant. Ze wilde niet alleen achterblijven. Ze sprong af en ging naar de eend toe.

""Kom met me mee!"" zei ze. ""Ik wil je meenemen op een avontuur!""

Toen ze op het paard sprong, ging de eend meteen op haar schouder zitten. Ze reden samen rond en hadden zo veel lol.

Ze zagen vliegende vogels, grote bomen en zelfs een heldere zonsondergang. De kleine koningin en de eend werden beste vrienden en reisden door de hele wereld."
4,meta-llama/llama-3.1-8b-instruct,4_6,"Er was eens een konijn met een prachtige lange staart. Hij heette Benny. Benny was supersnel en kon overal waar hij wilde komen. Hij ging op avontuur in het bos en kwam langs een meertje. Daar vond hij een klein vogeltje. Het vogeltje was verdwaald en kon niet meer naar huis. Benny besloot om het vogeltje naar huis te brengen.

Benny liep heel snel door het bos. Hij glipte tussen de bladeren door en sprong over een paar stenen. Hij kwam aan bij de woning van het vogeltje. Het vogeltje was heel blij en danste van de vreugde op en neer. ""Dank je wel, Benny!"" zei het vogeltje. Benny zei ""Graag gedaan!"" en ging dan weer terug naar zijn eigen huis.

Toen hij thuiskwam, waren zijn ouders heel trots op hem. ""Benny, je bent zo aardig en snel!"" zeiden ze. Benny glimlachte en ging naar bed, want hij was heel moe van zijn lange wandeling."
5,meta-llama/llama-3.1-8b-instruct,4_6,"Er was eens een konijn met een roze neus, hij heette Benny. Benny woonde in een prachtige tuin vol bloemen en groenten. Hij had een beste vriend, een eekhoorn genaamd Eddy.

Een dag besloot Benny en Eddy om een avontuur te gaan beleven. Ze gingen op zoek naar een schat, die ergens in de tuin verborgen zat. Ze liepen door de bloemen, sprongen over stenen en klommen over een oude muur.

Eens kwamen ze aan bij een grote boom. Eddy klom omhoog en vond een schat vol eieren. Ze waren goudkleurig en glommen in het zonlicht. Benny en Eddy waren erg blij en besloten om de eieren terug naar hun kelder te brengen.

Toen ze terug waren, aten ze een lekker avondmaal en sliepen ze met grote glimlachjes op hun gezichten. Vanaf dan was Benny en Eddy de meest dikke vrienden in de hele tuin."
6,meta-llama/llama-3.1-8b-instruct,4_6,"Er was eens een konijn genaamd Fluffy. Hij woonde in een prachtig veld vol bloemen en gras. Fluffy was heel lief en graag ontdekte hij nieuwe dingen. Eén dag ontdekte hij een klein hondje dat verdwaald was.

Het hondje heette Buddy en hij was helemaal verdwaald in het veld. Fluffy nam het hondje onder zijn hoede en zorgde ervoor dat hij naar huis kon. Buddy was heel dankbaar en beloofde Fluffy dat hij altijd zou terugkomen als hij in de buurt was.

Later die dag kwam Buddy terug om Fluffy te helpen. Er was een grote storm op komst en Fluffy was bang. Buddy en Fluffy besloten samen te blijven en te wachten totdat de storm voorbij was.

Toen de storm voorbij was, was het veld heel schoon en mooi. Fluffy en Buddy waren blij dat ze elkaar hadden ontmoet en beloofden om altijd vrienden te blijven. En dat was het einde van hun avontuur."
7,meta-llama/llama-3.1-8b-instruct,4_6,"Er was eens een klein konijntje. Het konijntje heette Fluffy. Fluffy woonde in een grote tuin vol bloemen en bomen. Fluffy hield van appels en bananen.

Fluffy ging een keer op avontuur in de tuin. Het was een warme dag en de zon scheen. Fluffy liep over de blote grond en voelde de warmte onder zijn pootjes.

Toen hij door de tuin liep, zag hij een klein kuil in de grond. Fluffy liep erheen en keek erin. En o, wat zag hij? Een schatkist vol appels en bananen!

Fluffy was zo blij dat hij dansend en springend naar buiten kwam. Hij at alle appels en bananen op en danste nog een keer.

Maar toen hij terugliep naar zijn huis, zag hij een grote beer. De beer zei: ""Hallo, Fluffy! Wil je met me mee om nog meer appels en bananen te zoeken?""

Fluffy was bang, maar de beer zei: ""Ik ben niet gemeen, ik wil alleen appels en bananen zoeken met jou."" Fluffy ging met de beer mee en zij vonden nog veel meer lekkere dingen."
8,meta-llama/llama-3.1-8b-instruct,4_6,"Er was eens een eendje dat woonde in een prachtig meer. De eendje heette Pip en hij was super snel. Pip kon zwemmen en vliegen, hij was zo sterk dat hij zelfs een grote vis kon verslaan.

Een dag kwam er een grote storm over het meer. De wind waaide zo hard dat Pip's huisje verwoest werd. Hij moest snel zoeken naar een nieuwe plek om te wonen.

Pip zwom langs de oevers van het meer, maar alles was nat en leeg. Hij kwam een oude boom tegen die doorschoten was en een gat had in de bast. Pip dacht: ""Wat een perfecte plek!"" en hij kroop naar binnen.

Binnenin de boom was het warm en droog. Pip had eindelijk een veilige plek gevonden. Hij ging slapen en wist dat hij morgen weer zou vliegen en zwemmen in het prachtige meer."
9,meta-llama/llama-3.1-8b-instruct,4_6,"We waren op speelplein en ik had een vriendje, hij heet Tim. Hij heeft een hond, de hond heet Bella. Bella is super snel, sneller dan ik kan rennen. We speelden een spelletje ""Hondenjacht"".

Ik moest achter Bella aan rennen, maar ik kon haar niet inhalen. Dan ging Tim zeggen ""Ah, nee!"" en dan ging hij achter me aan. Dan moest ik hem inhalen, maar dat ging ook niet.

We gingen nog een keer beginnen. Dit keer ging ik eerst naar de peuterlopenden en toen moest ik Bella inhalen op de trampoline. Mijn vriendje ging achter mij aan en hij moest Bella inhalen op de zandbak. We deden dit spelletje nog een keer en dan was het spelletje over.

Bella ging naar huis en we gingen naar binnen om een glas water te drinken."
10,meta-llama/llama-3.1-8b-instruct,4_6,"Er was eens een prinsesje genaamd Sophia. Ze had een paard dat zichzelf kon aanpassen. Haar paard heette Starlight. Als Sophia bijvoorbeeld ""vliegen"" zei, dan kon Starlight vliegen. Als ze zei ""zee"", dan kon Starlight het water op. 

Sophia en Starlight waren heel goede vrienden. Ze gingen op een dag naar de bossen. Sophia riep ""zee"" en Starlight sprong met Sophia in het water. Sophia en Starlight vonden een heel klein eiland in het midden van het water. Op het eiland zaten een jonge vogel en een kleine schildpad. Sophia en Starlight namen hen mee terug naar de kasteel. 

De koningin was heel blij met de vogel en de schildpad. Ze verklaarde dat Sophia en Starlight helden waren. Sophia en Starlight waren heel blij en gingen straks met de vogel en de schildpad op een ontdekkingsreis."
11,meta-llama/llama-3.1-8b-instruct,4_6,"Er was eens een kleine konijn met een rood hemdje aan. Hij woonde in een prachtige tuin vol bloemen en appelbomen. De kleine konijn hield van snoepen, vooral appels. Hij ging elke dag naar de appelboom om appels te eten.

Een dag kwam er een grappig vosje met een rode vacht. Hij was nieuw in de tuin en wilde vrienden maken. De kleine konijn was een beetje beschaafd, dus hij zei ""Hallo, ik ben Koen. En jij?"" Het vosje zei ""Hallo, ik ben Vos. En ik ben dol op appels!""

Koen en Vos werden snel beste vrienden. Ze gingen samen op avontuur door de tuin en zochten naar de lekkerste appels. Ze aten appels, groeiden en werden steeds goede vrienden."
12,meta-llama/llama-3.1-8b-instruct,4_6,"Een keer ging ik naar het park met mijn moeder. We gingen op de zandbak spelen. Ik had een biggetje en mijn moeder had een olifant. We gooiden de zand en bouwden een muur. Toen ging de biggetje achter de muur staan en de olifant probeerde de muur in te trappen. Maar de muur was te sterk. De olifant viel neer en de biggetje riep ""Haha! Je hebt gefaald!""

Toen kwam de biggetje naar me toe en ik pakte hem op. We gingen naar de trampoline. We sprongen zo hoog mogelijk en je moest je open mond op de grond hebben zodat je niet zo hard naar beneden viel. Ik sprong zo hoog dat ik bijna de boom aan de andere kant van de trampoline raakte. Mijn moeder zei dat ik moest stoppen met trampolineren, want ik was te hoog.

Naarmate het warmer werd gingen we naar de kiosk om iets te eten. We hadden ijs en de biggetje had een grote slagroombol. We gingen met de biggetje naar de speeltuin en hij deed alle attracties. Toen ging de biggetje naar bed en ik ging naar huis met mijn moeder. We hadden een leuke dag gehad."
13,meta-llama/llama-3.1-8b-instruct,4_6,"Een keer was ik op het strand met mijn vader. We hadden een grote schommel met een paard erop. Het paard was heel mooi rood en had een witte mond. Mijn vader zette me op de schommel en ik schommelde heel hoog boven de grond. Ik lachte en riep: ""Wauw, vader! Ik ga naar de maan!""

Toen kwam er een grote hond op het strand. Hij was enorm groot en had een lange tong. Hij kwam naar de schommel toe en keek me aan. Mijn vader zei: ""Houd je vast, want de hond gaat je wakker maken!""

Een windvlaag kwam en de schommel ging heel hoog schommelen. De hond ging zelfs schommelen ook! Ik hield me vast en lachte heel hard. De schommel ging zo hoog dat ik bijna de wolken in ging. En toen... ging ik plotseling in de wolken verdwijnen! Mijn vader lachte heel hard en zei: ""Wauw, je bent een echte vlieger!"""
14,meta-llama/llama-3.1-8b-instruct,4_6,"We waren op het strand. Mijn vriendin Emma en ik. We bouwden een kasteel van zand. Het was zo groot als een auto. We hadden een muur en torens. Maar toen kwam er een groep katten. Die wilden ook in ons kasteel slapen. Maar ik en Emma wilden dat ze weggingen. We wilden alleen in ons kasteel zijn.

We begonnen te schreeuwen en te gillen. Maar de katten bleven niet weggaan. Ze bleven maar komen. Toen kwam er een klein eendje. Dat eendje ging recht op een van de katten af. Die kat ging heel hard weg. De andere katten gingen ook weg. Het eendje bleef bij ons. We noemden hem Koning Zand.

We hadden heel veel plezier met Koning Zand. We bouwden nog meer kastelen en hij kwam altijd mee. We wilden hem niet meer kwijt."
15,meta-llama/llama-3.1-8b-instruct,4_6,"Er was eens een snoepwagen. Hij was zo leuk, hij had allerlei kleuren en allerlei snoepjes. Hij reed langs de school en ik ging er in. Ik kocht een zak met snoepjes.

Toen ik uit de wagen stapte, zag ik een vriend van me. Hij heet Tom. Hij wilde ook een zak snoepjes. Maar de soldaat bij de wagen zei dat hij nog geen geld had. Ik gaf hem mijn geld en hij kon een zak snoepjes kopen.

We liepen naar de speelplaats en aten de snoepjes. De karamel was zo vet en de zoete snoepjes waren zo zoet. We lachten en speelden.

Toen waren de snoepjes allemaal op en moesten we naar de klas. De leraar vroeg ons wat we gedaan hadden. Ik zei dat we snoepjes hadden gekocht. Hij glimlachte en zei dat hij ook snoepjes had gekocht.

We gingen naar de klas en leerden over getallen. Ik denk dat het de leukste dag was van mijn leven."
16,meta-llama/llama-3.1-8b-instruct,4_6,"Er was eens een prinsesje die een prachtige witte paard had. Het paard heette Sneeuwwitje. Sneeuwwitje was het snelste paard van het hele land. De prinsesje nam Sneeuwwitje elke dag mee naar de weilanden. Daar gingen ze rennen en spelen.

Een dag kwam er een wijze oude vrouw langs. Ze woonde in een holle boom. De oude vrouw zei: ""Hé, prinsesje! Ik zie dat je een prachtig paard hebt. Maar weet je dat je paard mag gaan op de Grote Renwedstrijd?""

De prinsesje was super blij! Ze wilde graag op Sneeuwwitje meegaan. De oude vrouw zei: ""Goed, maar je moet eerst je paard laten scheren. Dan word hij nog sneller!""

De prinsesje deed precies wat de oude vrouw zei. Sneeuwwitje werd geschaard en was nu nog sneller dan ooit! Ze gingen naar de Grote Renwedstrijd en wonnen natuurlijk! De hele menigte juichte toen Sneeuwwitje en de prinsesje de prijs ontvingen."
17,meta-llama/llama-3.1-8b-instruct,4_6,"Er was eens een kleine draak die in een klein bos woonde. Hij heette Flop en hij was heel klein, niet groter dan een kat. Flop had rode schubben en een lange staart. Hij had een vriendje dat een konijn heette. Zijn naam was Benny.

Benny en Flop gingen altijd samen op avontuur. Ze zochten naar schatten en maakten nieuwe vrienden. Eén keer vonden ze een prachtige koningin. Ze had een prachtige kroon en een mooi gewaad aan. Ze vroeg aan Flop en Benny of ze wilden helpen om de kikkers in het bos te helpen.

Benny en Flop gingen met de koningin naar de kikkers. Ze gaven het water een grote glazen bol waarin de kikkers konden leven. De kikkers waren heel dankbaar. Ze bleven in hun nieuwe thuis en de koningin beloofde om het water te schoon te houden.

Benny en Flop keerden terug naar het bos, waar ze werden verwelkomd als helden. Sindsdien werden Benny en Flop de beste vrienden van de koningin en de kikkers."
18,meta-llama/llama-3.1-8b-instruct,4_6,"Er was eens een kleine beer die zei: ""Ik wil een ontzettend mooie prinses zijn!"" En toen ging hij naar een winkel die prinsessen verkocht. Daar vroeg hij aan de winkelier: ""Hoeveel kost een prinses?""

De winkelier zei: ""Dat hangt af van hoeveel glas en goud je wilt."" Dus kocht de kleine beer een prinses van glas en goud. De prinses was prachtig, maar toen de kleine beer haar mee naar huis nam, viel het glas uit haar schoenen. De prinses begon te huilen en de kleine beer zei: ""Nee, nee, ik wil je niet als prinses van glas!"" Dus ging hij terug naar de winkel en kocht een prinses van aardappel."
19,meta-llama/llama-3.1-8b-instruct,4_6,"Er was eens een konijn met een prachtige witte staart. Hij heette Fluffy. Fluffy hield van een spannend avontuur. Eerst ging hij naar het bos, waar hij zijn beste vriend, een vogel, zag. De vogel heette Tweety.

Tweety zei: ""Fluffy, kom met me mee! Ik ken een geheim plek."" Fluffy was nieuwsgierig en volgde Tweety. Ze liepen langs een rivier, waar een vliegende vis overvloedig vliegt. Tweety zei: ""Hier moet je zijn!""

Fluffy en Tweety kwamen bij een grote boom. Tweety vloog de boom in en riep: ""Fluffy! Kom hier!"" Fluffy keek boven in de boom en zag een grote schat. De schat bestond uit chocolademunten.

Fluffy en Tweety waren zo blij! Ze namen alle chocolademunten mee en gingen naar huis. Daar gaven ze de chocolademunten aan alle vrienden en hadden een groot feest."
20,meta-llama/llama-3.1-8b-instruct,4_6,"Er was eens een klein konijnje dat heette Floppy. Floppy woonde in een prachtige tuin vol met bloemen en groene bladeren. Hij had een klein huisje met een rode deur en een witte muur.

Floppy hield van spelen, hij gooide balen door de lucht, hij rende door het gras en hij klom in de bomen. Maar het meest hield hij van eten. Hij at appelbloemen, bloemblaadjes en zelfs het sap van de bloemen.

Een dag ging Floppy op zoek naar het lekkerste sap van de bloemen. Hij kwam in een pad waar heel veel bloemen bloeiden. Hij proefde hier en daar, maar het lekkerste sap vond hij bij een grote roos. Hij dronk het sap tot hij vol was.

Toen Floppy terugkwam, had hij een rode mond. Maar hij was heel tevreden. Hij lag in zijn bedje en sliep heel snel in. Morgen wilde hij weer opzoek gaan naar nog meer sap."
21,meta-llama/llama-3.1-8b-instruct,4_6,"Een keer was ik op zomervakantie bij mijn opa. Hij woont in een klein dorpje bij een grote bos. Mijn opa heeft een pony en heet zijn naam Max. Hij is een zwarte pony met een gouden ketting om zijn nek. Ik ging met mijn opa langs het bos en toen zagen we een klein konijn. Hij was erg bang. Mijn opa zei dat ik hem moest helpen. Ik ging dichterbij en zei ""hallo, ik ben hier om je te helpen, je hoeft je niet te schrikken"".

Dan ging ik naast het konijn zitten en zei: ""Ik zal je niet laten, je bent veilig bij mij."" Het konijn begon te knuffelen met mijn hand. Mijn opa zei dat ik hem naar huis moest brengen. We gaven hem wat eten en dan ging we naar zijn hol. Daar waren zijn moeder en twee broertjes. Mijn opa gaf ze veel eten en dan gingen we naar huis.

Mijn opa zei dat ik een goede vriend van de konijnen was geworden. En ik slikte een stuk appel en ging slapen."
22,meta-llama/llama-3.1-8b-instruct,4_6,"Er was eens een konijn met een prachtige rode staart. Hij woonde in een bos vol bloemen en bomen. Dit konijn heette Koen. Koen was heel snel, hij kon overal in het bos zijn binnen een paar seconden.

Een keer ging Koen op een mooie dag naar de rivier. Hij wilde zwemmen. Maar toen hij in het water sprong, viel hij in een gat! Koen had geen idee hoe hij uit het gat moest komen.

Juist toen hij dacht dat hij nooit meer uit het water zou kunnen komen, hoorde hij een stem. ""Hallo Koen! Hoe kom je hier?"" Het was een vogel, die ook in het water zwom. De vogel zei: ""Ik kan je helpen! Maar je moet eerst een taart voor me bakken.""

Koen was blij dat hij hulp kreeg. Hij ging met de vogel naar zijn huis en bakte een lekkere taart. Toen was de vogel heel tevreden en hielp Koen het gat uit. Koen was heel dankbaar en keek uit naar hun volgende avontuur samen."
23,meta-llama/llama-3.1-8b-instruct,4_6,"Er was eens een prinsesje die een klein, wit konijntje had. Het konijntje heette Fluffy. Fluffy was heel lief en speelde graag met de prinsesje. Ze gingen altijd naar de tuin en zochten naar bloemen om te plukken.

De prinsesje vond een keer een hele mooie roze bloem. Ze wilde hem voor haar moeder, de koningin, plukken. Maar Fluffy wilde ook graag de bloem plukken. Dus begonnen ze beiden te trekken. De stengel van de bloem brak af en de prinsesje viel in een gat in de grond. Fluffy sprong achter haar aan en bleef bij haar liggen.

De prinsesje was heel bang en zei: ""Fluffy, ik dacht dat je me had verlaten!"" Fluffy zei niets, maar begon aan het gat te knagen. Na een poosje was het gat zo groot dat de prinsesje eruit kon klimmen. De prinsesje was heel dankbaar en omhelsde Fluffy."
24,meta-llama/llama-3.1-8b-instruct,4_6,"Er was eens een konijn met een heel speciale neus. Die konijn heette Benny. Benny kon met zijn neus naar alle lekkere dingen ruiken. Hij kon zelfs de smaak van een appel ruiken van 10 meter ver!

Een dag zat Benny in de tuin en hij rook iets heel lekkers. Hij volgde de geur en kwam bij een klein bakje met een heerlijke appel. Hij at de appel op en dacht: ""Mmm, dit is echt superlekker!""

Maar toen hij opkeek, zag hij een clown die hem naar het bakje had geroepen. De clown zei: ""Dank je wel, Benny! Ik was bang dat ik de appel zou vergeten!""

Benny vond het leuk om te helpen en hij ging met de clown op pad. Samen vonden ze alle lekkere dingen in de tuin. Ze vonden een kruisbloem die helemaal rook naar bloemen, een sinaasappelboom die rook naar zoet en een rode appelboom die rook naar zout.

Benny en de clown werden de beste vrienden en gingen samen op avontuur door de tuin. En Benny leerde dat zijn speciale neus hem een heel speciale vriend kon worden."
25,meta-llama/llama-3.1-8b-instruct,4_6,"Er was eens een prinsesje dat heette Sophia. Sophia had een prachtige goudkleurige hond. De hond heette Max. Sophia en Max waren beste vrienden. Ze gingen altijd samen spelen in de tuin.

Een dag ging Sophia en Max naar het park. Daar kwamen ze een klein ei tegen. Sophia pakte het ei op en zei: ""Ik ga dit ei naar huis brengen en het zal een wonderbaarlijk ei worden!"" Sophia en Max gingen naar huis en legden het ei in een kastje.

Niet veel later begon het ei te kraken en er kwam een prachtige vogel uit! Sophia was zo blij en zei: ""Max, kijk! Een prachtige vogel!"" De vogel kwam naar Sophia toe en vloog om haar hoofd heen. Sophia lachte en zei: ""Max, ik denk dat deze vogel mijn beste vriend is!"" Max blafte en het vogeltje landde op zijn kop. Sophia lachte en zei: ""Dat zie ik!"" En vanaf dat moment was het vogeltje een van Sophia's beste vrienden."
26,meta-llama/llama-3.1-8b-instruct,4_6,"Er was eens een prinsesje dat heette Sophia. Ze leefde in een mooi kasteel met een grote tuin vol bloemen en een grote moestuin waar ze lekker groente en fruit konden plukken. Sophia hield heel veel van paarden. Ze had een eigen paard genaamd Max.

Een dag ging Sophia met Max de tuin in om bloemen te plukken voor haar moeder. Ze vond een prachtige bloem, een roos met een gele kékel. Maar toen ze de bloem wilde plukken, hoorden ze een stem die zei: ""Stop, Sophia! Die roos mag je niet plukken!"" Sophia keek om en ze zag een kleine fee.

De fee zei: ""Ik ben hier om de roos te beschermen. Maar als je me een vraag stelt, mag je de roos plukken."" Sophia dacht even na en vroeg toen: ""Wat is de mooiste plek om te spelen?"" De fee glimlachte en zei: ""Dat is op de groene weide bij het meer. Daar kun je met het water spelen en lekker in de zon liggen.""

Sophia was heel blij en plukte de roos. Toen ze terug waren in het kasteel, gaf ze de roos aan haar moeder en vertelde ze het verhaal over de fee."
27,meta-llama/llama-3.1-8b-instruct,4_6,"Er was eens een prinsesje dat een paard had. Dat paard heette Stomme. Stomme was echt stom. Hij kon niet hinniken, hij kon niet galopperen. Hij kon alleen maar wankelen.

De prinsesje liet Stomme in de wei grazen. Toen ze terugkwam, zei ze: ""Stomme, kom hier!"" Stomme kwam dus naar haar toe. Maar hij kwam met zijn achterpoten eerst. Dan zijn voorpoten. Hij viel dus om.

De prinsesje lachte. ""Stomme, jij bent echt stom!"" zei ze. Stomme lachte ook. Hij maakte een soort geluid. Het klonk niet als hinniken, noch als galopperen. Het klonk meer als... snurken!

De prinsesje en Stomme werden dikke vrienden. Ze gingen samen op avontuur. Ze gingen naar het bos, naar het meer, naar het veld. Stomme liep steeds met zijn achterpoten eerst. En de prinsesje lachte altijd.

Een keer kwamen ze een groep wilde eenden tegen. Ze kwamen naar hen toe en wilden ze bestoken. Stomme werd bang. Hij wankelde nog harder dan anders. Maar de prinsesje zei: ""Rustig maar, Stomme. Ik help je."" En ze begon te dansen. Ze danste zo hard dat de eenden verdwaalden en weg waren.

Stomme was zo trots op de prinsesje. Hij wankelde nog harder dan ooit. En de prinsesje lachte nog harder dan ooit."
28,meta-llama/llama-3.1-8b-instruct,4_6,"Er was eens een leeuw die niet kon rennen. Hij was nogal zwaar en had grote pootjes. Hij probeerde hard te rennen, maar hij viel altijd op de grond.

De leeuw was heel verdrietig en ging naar de wijze oude olifant om hem te vragen hoe hij sneller kon rennen. De olifant zei: ""Ik kan je niet helpen, maar je vriend, de kangoeroe, kan misschien wat betersuggesties hebben.""

De leeuw ging naar de kangoeroe en die zei: ""Ik kan je helpen! Je moet je benen strekken en je billen naar beneden drukken, net zoals ik doe!""

De leeuw probeerde het en... hij kon rennen! Hij was zo snel dat hij de kangoeroe inhaalde en zei: ""Dank je wel! Ik kan nu rennen!""

De kangoeroe zei: ""Graag gedaan! Maar nu moet je opletten, want je bent nu de snelste dier in de savanne!"""
29,meta-llama/llama-3.1-8b-instruct,4_6,"Er was eens een prinsesje genaamd Prinses Pip. Prinses Pip had een hondje genaamd Flik. Flik was heel snel en kon overal heen rennen. Prinses Pip en Flik gingen naar de bos.

In het bos was een koninginje die een schat had. De schat was een groot doosje met goud en juwelen. De koninginje had gezegd dat iedereen die de schat vond, een wens mocht doen.

Prinses Pip en Flik zochten naar de schat. Flik rook een geheimzinnig geurtje en Prinses Pip zei: ""Flik, ga maar kijken!"" Flik ging weg en kwam terug met de schat in zijn bek! Prinses Pip was zo blij en zei: ""We hebben hem gevonden! Nu mag ik een wens doen!""

Maar toen bedacht Prinses Pip: ""Ik wil niet meer goud en juwelen, maar ik wil dat Flik een heel grote tong krijgt zodat hij een heel grote hap kan nemen!"" En zo kreeg Flik een heel grote tong en hij kon heel veel eten!"
30,meta-llama/llama-3.1-8b-instruct,4_6,"Er was eens een konijn die kon vliegen. Hij was rood en wit en had grote vleugels. Hij woonde in een prachtige bos met veel bloemen en bomen.

De konijn, die we Jelle noemden, vloog over de hele wereld. Hij zag zeeën en bergen, en hij maakte vrienden met vogels en andere dieren.

Een dag vloog Jelle over een prachtig meer. Hij zag een bootje dat over het meer voer. Er zat een meisje in dat ook kon vliegen. Haar naam was Lea.

Jelle en Lea vlogen samen over het meer en ze speelden samen. Ze gooiden water naar de vissen en ze aten zonnewijnsappelen.

Toen de zon begon te zakken, zei Jelle tegen Lea: ""Ik moet naar huis."" Lea zei: ""Ik kan je weg zien brengen."" En samen vlogen ze terug naar Jelles bos.

Jelle was heel blij dat hij Lea had ontmoet en hij beloofde haar dat hij snel weer terug zou komen."
31,meta-llama/llama-3.1-8b-instruct,4_6,"Er was eens een leeuw die heel moe was. Hij had de hele dag rondgelopen in de savanne en zat nu in zijn nest. Maar hij kon niet slapen want hij had honger. Zijn maag rommelde en hij vond het ei niet lekker.

Toen hoorde hij een klein vogeltje in de boom zingen. ""Wie zingt daar?"" vroeg de leeuw. ""Ik zing"", zei het vogeltje. ""Ik kan heel mooi zingen"", zei het vogeltje.

De leeuw was nieuwsgierig en vroeg het vogeltje: ""Hoe kun je zo mooi zingen?"" Het vogeltje zei: ""Ik heb een prachtige stem, maar ik heb ook een prachtige liedjes"". De leeuw was onder de indruk en vroeg het vogeltje om één van zijn liedjes te zingen.

Het vogeltje begon te zingen: ""Ik zing van de zon en de maan, van de sterren en van de regen..."" De leeuw was onder de indruk en vroeg het vogeltje om meer liedjes te zingen. Uiteindelijk vond de leeuw het vogeltje zo mooi zingen dat hij besloot om het vogeltje te helpen met zijn honger. Hij gaf het vogeltje wat eten en ze werden goede vrienden."
32,meta-llama/llama-3.1-8b-instruct,4_6,"Er was eens een prinses met een paard dat kon vliegen. Ze heette Prinses Zonnestraal. Ze woonde in een prachtig kasteel met een grote tuin vol bloemen.

Een dag ging Prinses Zonnestraal met haar paard vliegen boven het bos. Ze vlogen zo hoog dat ze een vriendelijke vogel zagen die doodsbang was omdat hij vastzat in een spinnenweb.

Prinses Zonnestraal en haar paard vlogen naar beneden en ze zagen de vogel. Prinses Zonnestraal zei: ""Maak je niet druk, ik help je!"" Met haar magische staf maakte ze het spinnenweb weg.

De vogel was zo dankbaar dat hij Prinses Zonnestraal een liedje zong. Het liedje was zo mooi dat het spinnenweb terugkwam, maar dit keer was het een prachtig tapijt van bloemen.

Prinses Zonnestraal en haar paard vlogen terug naar het kasteel. Ze waren heel blij met hun avontuur. Nu gaan we naar buiten om met onze vrienden te spelen!"
33,meta-llama/llama-3.1-8b-instruct,4_6,"Er was eens een prinsesje, het was een appelrode prinses. Ze had een paard dat wit en rood gebloemd was. Daar ging ze dan over het bos. Plotseling zag ze een duif. De duif was blauw en wou een appel van haar eten. Maar ze gaf hem 'n appel en 'n appel en toen moest hij haar vader helpen.

Hun koning zat vast in een kast. En toen ging hij naar binnen en zei : ""Ik ben de koning! Ik ben de koning!"" En toen gingen de deuren open en kwam de koning eruit! Hij was heel blij en zei: ""Dank je wel, klein meisje, dank je wel!"" En toen ging hij terug naar zijn kast, om te slapen.

En toen ging ze weer naar huis, ze at een appel en ze dacht : ""Ik wil wel een appel eten als de vogel een appel wil."" En toen liep ze naar buiten en ging ze met haar paard paardrijden."
34,meta-llama/llama-3.1-8b-instruct,4_6,"Er was eens een prinses die een prachtige witte pony had. Haar naam was Snowy. Snowy was heel snel en heel slim. De prinses nam Snowy elke dag mee om in de bossen te gaan kijken. Ze vonden er altijd mooie bloemen en leuke dieren.

Een dag zagen ze een kleine eendje dat in de modder zat. De prinses zei: ""Snowy, help ons die arme eendje!"" Snowy ging naar de eendje en begon te grazen. Maar de eendje was te zwaar voor Snowy. Toen kwam de prinses. Ze pakte de eendje op en droeg hem naar het water.

Toen de eendje in het water was, begon hij te zwemmen. De prinses en Snowy waren zo blij! Ze gaven de eendje een knuffel en zeiden: ""Bedankt voor het helpen!"" De eendje ontdekte een schelp en ging erin wonen. Nu zwemt hij in de schelp en de prinses en Snowy gaan hem elke dag bezoeken."
35,meta-llama/llama-3.1-8b-instruct,4_6,"Er was eens een konijn genaamd Fluffy. Fluffy was heel snel en hij kon overal heen rennen. Hij woonde in een bos, waar zijn vrienden een haas, een eekhoorn en een vogel waren.

Een dag ging Fluffy op avontuur. Hij rende door het bos en kwam bij een rivier. Daar zag hij een bootje liggen. Het was een prachtig bootje, met een rood zeil en een mooie roer. Fluffy dacht, ""Wat leuk! Ik wil dat bootje hebben!""

Fluffy klom in het bootje en begon te roeien. Hij roeide heel snel en kwam bij een eiland in de rivier. Daar vond hij een schat! Het was een zak met chocoladesticks! Fluffy was zo blij dat hij meteen een chocoladestick at.

Maar toen hij naar het bootje wilde terugkeren, merkte hij dat hij niet kon roeien. De riemen waren vastgeklemd en hij kon niet weg! Fluffy was heel bang, maar zijn vrienden kwamen hem redden. Ze trokken aan de riemen en Fluffy kon eindelijk weg uit het bootje. Vanaf toen leefde Fluffy een beetje rustiger in het bos."
36,meta-llama/llama-3.1-8b-instruct,4_6,"Er was eens een konijn met een rode neus. Hij heette Koen. Koen woonde in een prachtig bos met veel bomen en zangvogels. Hij had vrienden, een eekhoorn, een vogel en een hond. Ze speelden samen in het bos.

Een dag was er een grote storm in het bos. De wind was erg sterk en de regen viel hard. De vrienden wilden niet uit huis gaan, omdat het te gevaarlijk was.

Maar Koen wilde naar de andere kant van het bos om een lekker fruit te halen. Hij droeg een kleine paraplu en een zonnebril. Hij ging meteen naar de boom waar het fruit groeide.

Toen hij aankwam bij de boom, viel een tak af en kwam op de grond terecht. Koen moest hard lachen. Hij nam de tak en ging terug naar zijn vrienden. Ze hadden honger en Koen had een lekker scherp broodje voor hen. Ze zaten samen in hun huis en aten het broodje samen."
37,meta-llama/llama-3.1-8b-instruct,4_6,"Er was eens een prinses die heette Sophia. Sophia woonde in een mooi kasteel met een grote tuin. In die tuin was een prachtig zwart paard met gouden manen. Dat paard was heel snel en Sophia had het paard genoemd ""Sterrenwind"".

Sophia en Sterrenwind waren beste vrienden. Ze gingen samen op avontuur door de tuin en Sophia vroeg Sterrenwind altijd om haar naar geheime plekken te brengen. 

Een keer sloeg Sophia het pad in dat Sterrenwind haar had aangeraden. En op dat pad vond ze een schat, een grote gouden schatkist. Sophia was zo blij en ze nam de schatkist mee naar huis.

Maar toen ze met de schatkist thuiskwam, bleek het kasteel te zijn overgenomen door een slechte tovenaar. De tovenaar had een gruwelijke haat voor Sophia en wilde haar schrik aanjagen. Maar Sophia was niet bang, omdat Sterrenwind bij haar was. Sterrenwind gooide de tovenaar weg en Sophia was weer veilig."
38,meta-llama/llama-3.1-8b-instruct,4_6,"Er was eens een konijn met een prachtige rode staart. Hij heette Flink. Flink was heel snel en hij kon overal heen rennen. Hij had een beste vriend, een vogeltje dat zijn naam was Pip. Pip kon vliegen en hij was heel slim.

Een dag, toen Flink en Pip uit waren, zagen ze een grote berg van appels liggen. Ze waren zo groot als auto's! Flink en Pip werden zo'n beetje aangetrokken door de appels en toen besloten ze er een paar te gaan halen.

Maar, toen ze bij de berg kwamen, zagen ze dat er een grote slang in de weg lag. De slang heette Snaar en hij was heel slecht. Flink en Pip durfden niet naar de appels te gaan, maar toen gebruikten ze hun hoofden. Flink zei: ""Pip, kun je soms boven de slang vliegen en hem afleiden?"" Pip antwoordde: ""Ja, ik kan dat wel."" En zo vloog Pip boven de slang terwijl Flink naar de appels rende en een paar pakte."
39,meta-llama/llama-3.1-8b-instruct,4_6,"Er was eens een prinsesje dat heette Emmy. Ze woonde in een grote, rode kastanje met een glazen deur. Emmy had een klein paardje dat ze kon rijden en dat heette Pipo.

Een dag ging Emmy met Pipo naar het bos om bloemen te plukken voor haar moeder. Toen ze in het bos waren, zagen ze een kleine, verdwaalde beer. Emmy en Pipo wilden hem helpen, dus ze namen hem met zich mee naar de kastanje.

De beer heette Bert en hij was heel lief. Hij hield van zingen en danste graag. Emmy en Pipo waren zo blij Bert te hebben ontmoet. Ze vroegen hem om met hen te spelen en dansten samen rondom de kastanje.

Toen het donker werd, besloten Emmy, Pipo en Bert om samen een feestje te geven. Ze zongen liedjes, dansten en aten lekkere snoepjes. En vanaf die dag waren Emmy, Pipo en Bert de beste vrienden. Zij hadden altijd veel plezier samen en waren dol op elkaar."
40,meta-llama/llama-3.1-8b-instruct,4_6,"Er waren eens twee vrienden, Pim en Sven. Ze waren klein, maar sterk. Ze hadden een huisje in de bossen, waar ze graag gingen spelen. Op een dag vonden ze een oude kaart. Op de kaart stond een prinses, die opgesloten zat in een kasteel. De prinses was heel bang en had geen vrienden.

Pim en Sven besloten om de prinses te helpen. Ze gingen op avontuur en renden door de bossen. Ze kwamen langs een rivier en moesten over. Maar er was geen brug. Pim had een idee. Hij pakte een stok en legde hem over het water. Sven ging eerst, en toen kwam Pim aan de andere kant. Hij hielp Sven over de stok en samen renden ze door.

Uiteindelijk kwamen ze bij het kasteel. Ze sloten zich binnen en vonden de prinses. Ze zorgden ervoor dat ze veilig was en ze hielpen haar om te ontsnappen. De prinses was heel dankbaar en beloofde Pim en Sven dat ze voor altijd vrienden zouden zijn. En dat waren ze ook."
41,meta-llama/llama-3.1-8b-instruct,4_6,"Er was eens een prinses die een prachtige, grote eend had. De eend was heel snel en kon overal heen vliegen. De prinses noemde de eend Pipo.

Pipo was heel slim en kon ook praten. Hij kon heel veel dingen zeggen. De prinses en Pipo waren erg beste vrienden.

Een dag ging de prinses naar de markt. Pipo vloog mee. Toen ze daar waren, zagen ze een grote, rode appel. De prinses wilde heel graag een appel eten, maar de appel was heel duur.

Dus zei Pipo: ""Ik heb een idee, prinses! Ik kan de appel voor je gaan halen!"" En zo ging Pipo naar de appelboom en kwam terug met de appel.

De prinses was heel blij en dankte Pipo. Pipo glimlachte en zei: ""Graag gedaan, prinses! We zijn beste vrienden!""

En vanaf die dag was Pipo niet alleen de prinses' eend, maar ook de beste helper. Ze gingen samen op avontuur en hadden heel veel plezier!"
42,meta-llama/llama-3.1-8b-instruct,4_6,"Er was eens een konijntje dat heette Fluffy. Fluffy had een rood mutsje op en een grote rode stip op zijn neus. Hij woonde in een grote tuin vol met bloemen en groente.

Fluffy hield van eten, vooral van appels. Hij had een appeltje gegeten, toen hij een kleine vriend had gevonden. Het was een kleine vogel met een blauw verenkleed. Hij heette Tweety en hij kon zingen.

Fluffy en Tweety speelden samen in de tuin. Ze gingen op ontdekking en vonden een grote bak appelmoes. Ze hadden zo'n honger dat ze veel appelmoes aten. Toen ze vol waren, gingen ze liggen en sliepen.

De volgende dag, wakkerden ze op en vonden een prachtige appelboom. Fluffy en Tweety gingen naar de appelboom en aten een appel. Fluffy zei: ""Dit is de lekkerste appel die ik ooit heb gegeten!"" Tweety zei: ""Ik ben het met je eens, Fluffy!"""
43,meta-llama/llama-3.1-8b-instruct,4_6,"Er was eens een konijn. Hij heette Benny. Benny was heel snel. Hij kon overal sneller komen dan de wind. Hij liep door het bos en kwam bij een meer.

Benny zag een eend in het water. De eend was heel mooi. Ze had een witte en zwarte vleugel. Benny wilde de eend zo graag zien, maar hij kon niet zwemmen.

Toen dacht hij: ""Ik kan iemand vragen om me over het meer te laten varen."" Er was een boot op het meer, maar er was niemand die hem bestuurde. Toen zag hij een vis. De vis kwam naar hem toe.

""Hé, konijn,"" zei de vis. ""Waar wil je heen?"" ""Ik wil over het meer,"" zei Benny. ""Dan neem ik je met me mee,"" zei de vis. ""Maar eerst moet je eerst je ogen sluiten.""

Benny deed wat de vis zei. De vis nam hem mee. Toen hij zijn ogen opende, waren ze bij de eend. Benny was heel blij. Hij liep naar de eend toe en zei: ""Hallo, ik ben Benny."" De eend zei: ""Hallo, ik ben Els."""
44,meta-llama/llama-3.1-8b-instruct,4_6,"Er was eens een konijn met een supersnelle wijsvinger. Hij kon op de piano spelen zoals geen ander konijn in de wereld. Hij speelde elke dag in de tuin van een prinses. De prinses was erg blij met zijn muziek en liet hem in de tuin wonen.

Maar er was een hond die niet wilde dat het konijn ergens anders woonde dan bij zijn baas. Dus de hond ging naar de prinses en zei: ""Je moet het konijn niet meer in de tuin laten wonen."" De prinses vroeg waarom en de hond zei: ""Omdat hij te snel op de piano kan spelen en ik wil niet dat iedereen afslacht met zijn muziek.""

De prinses was boos op de hond en zegde: ""Je mag hem in de tuin niet uitlaten want hij heeft zo veel plezier met de muziek."" En zei: ""Maar als hij te hard speelt dan moet hij weggaan."" En toen ging de hond weg en at hij een appel om zijn honger te stillen."
45,meta-llama/llama-3.1-8b-instruct,4_6,"Er was eens een konijn met een geweldige baard. Hij had een rode baard en hij was heel dik. Hij woonde in een rode hut met een gouden deur. Hij had een hond die erg bedreven was in het dansen.

Een dag ging de konijn naar het bos om appelbloemen te plukken. Hij vond er een prachtige appelbloem, maar toen hij die wilde plukken, hoorden we een mens met een hoge stem zeggen: ""Ik wil die appelbloem!""

De konijn zei: ""Nee, die appelbloem is van mij!""

De mens zei: ""Ik wil hem hebben!"" De mens en de konijn gingen naar de koning om te vragen wie de appelbloem mocht hebben.

De koning zei: ""De appelbloem is van degene die de meest leuke dans kan doen."" De hond van de konijn danste op zijn achterpoten en deed allerlei Rare pirouettes. De mens danste op zijn voeten en deed een beetje draaien. Maar de koning zei: ""Dat is niet de meest leuke dans!""

Toen deed de konijn met zijn dikke lijf de lelijkste dans die ooit is gedaan. Alleen kon hij niet stoppen want hij was te dik! De koning zei: ""Dat is de meest lelijke dans die ik nooit gezien heb! De appelbloem is van de konijn!"""
46,meta-llama/llama-3.1-8b-instruct,4_6,"Er waren eens twee vriendjes, Pim en Sjoerd. Zij hadden een konijntje dat ze Jip noemden. Jip was heel lief, hij had grote oren en een warme snuit. Pim en Sjoerd namen Jip vaak uit om hem te spelen. 

Een keer gingen Pim, Sjoerd en Jip naar het bos. Jip rende lekker door het gras, Pim en Sjoerd lachten. Toen plukten ze wat bloemen. Pim wilde een bloem geven aan zijn moeder, Sjoerd wilde ze aan zijn zus geven. 

Maar toen hoorden ze een geluid. Het leek alsof er iemand huilde. Pim en Sjoerd keken elkaar aan, ""Wie is dat?"" vroeg Pim. Samen renden ze naar de stem toe. Daar stond een klein konijntje. Het konijntje had niets te drinken. Pim en Sjoerd gaven Jip wat water om te drinken, maar het andere konijntje had dorst. 

Pim en Sjoerd gaven ook water aan het andere konijntje. Toen was het konijntje niet meer verdrietig. Pim, Sjoerd, Jip en het andere konijntje gingen vrienden."
47,meta-llama/llama-3.1-8b-instruct,4_6,"Er was eens een konijntje. 't Was zo klein dat het in mijn hand paste. Het konijntje wilde heel graag een prinses zijn. 't Kon een prinses niet zijn want het was een konijn.

Maar 't konijn wilde nog steeds prinses zijn. 't Ging naar de kapper en liet haar vacht knippen. Nu zag 't eruit alsof 't een prinses was. 't Ging naar de prinses en deed net of 't een prinses was.

De prinses was zo verbaasd. ""Waar kom jij vandaan?"" vroeg ze. 't Konijn zei: ""Ik kom uit een prinsessenland."" De prinses was zo blij en liet 't konijn meegaan naar de kasteel. Als prinses voelde 't zich zo gelukkig.

Maar dan kwam de koning. ""Wie is jij?"" vroeg hij. 't Konijn zei: ""Ik ben een prinses."" Maar de koning zei: ""Je bent een konijn. Je mag hier niet blijven."" 't Konijn was verdrietig en ging terug naar huis. Maar 't was nog steeds gelukkig. Want 't had een prinsessenavontuur gehad."
48,meta-llama/llama-3.1-8b-instruct,4_6,"Er woonden twee vriendinnen, Luna en Aria. Ze waren superdunne vriendinnen. Ze speelden altijd samen in het park. 

Een dag vonden ze een klein, goudkleurig konijn. Het was heel liefs. Luna en Aria besloten dat ze het konijn zouden noemen 'Gouden Knoop'. 

Gouden Knoop was heel slim. Hij kon overal heen. Hij kon zelfs door kleine spleten. 

De vriendinnen gaven Gouden Knoop een klein hokje. Hij sliep er elke nacht. 's Ochtends, als Luna en Aria naar school gingen, gaf Gouden Knoop hun een klein stukje goud. 

Op een dag wilden ze naar een eiland. Ze pakten alles wat ze nodig hadden. Ze namen zelfs Gouden Knoop mee. 

Toen ze op het eiland aankwamen, waren ze verbaasd. Er waren veel goudvelden. Luna, Aria en Gouden Knoop werden rijk."
49,meta-llama/llama-3.1-8b-instruct,4_6,"Er was eens een leeuw met een roze neus. Hij woonde in een groot bos. Zijn naam was Leo. Leo was anders dan de andere leeuwen, omdat hij een roze neus had. Hij wilde niet dat de anderen hem grapjes uithoorden.

Een dag ging Leo naar het meer om te zwemmen. Op het meer zat een vriendelijk visje. Het visje heette Zippy. Zippy vroeg Leo waarom zijn neus roze was. Leo zei dat hij geen idee had. Zippy zei dat hij wel wist: ""Leo, je hebt een kus van de kabouter kralen gegeten! Dat is waarom je een roze neus hebt!""

Leo was heel blij dat hij eindelijk wist waarom zijn neus roze was. Vanaf toen ging hij vaak met Zippy op avontuur. Ze zwommen samen in het meer en speelden in het bos. Leo voelde zich niet meer bang voor zijn roze neus, omdat hij nu wist dat het een speciaal geschenk was."
50,meta-llama/llama-3.1-8b-instruct,6_7,"Er was eens een konijn met een mooi lange staart. Hij heette Felix en hij was een beetje apart, want hij kon praten. Niemand wist dat hij kon praten, behalve zijn beste vriend, een vos genaamd Max.

Felix en Max hadden samen een ontdekkingstocht in de bos. Ze zochten naar eieren van haasjes. Zo nu en dan vonden ze een paar eitjes, maar die waren altijd niet van hen. Weer even later zagen ze een hele doos met eieren, maar toen bleek het niet van haasjes, maar van een zware vliegende vogel.

Felix besloot om de eieren van de vogel te stelen. Max vond het niet goed, want hij wilde niet dat ze de vogel ternauwernood zouden raken. Toch ging Felix door met zijn plan. Hij ging naar de vogel en zei: ""Ik wil je eieren"". De vogel keek hem aan en zei: ""Hoe durf je? Je weet dat je klein bent! Ik ga je niet geven!"" Felix werd verdrietig en vluchtte weg. Max vond hem en zei: ""Felix, het spijt me. Maar als je niet slim bent, zul je nooit die eieren krijgen."""
51,meta-llama/llama-3.1-8b-instruct,6_7,"Een keer was ik bij mijn opa in de tuin. Hij heeft een hondje, een hondje met witte vacht en bruine ogen. Hij is heel lief. Mijn opa zei: ""Kom, ik zal je laten zien hoe die hond het zomaar kan leren."" Hij nam een zacht broodje uit zijn zak en ging naar de achtertuin. Daar liep hij langs de schommel en het trapeze en ging hij naar een klein stukje gras. Hij gooide het broodje op de grond en zei: ""Ga halen, Bob."" De hond, Bob, ging naar het broodje en kwam terug naar mijn opa. Hij gaf hem een klap op de hand. 

Mijn opa zei: ""Nu ga ik naar de keuken. Daar liggen een aantal ballen. Die wil ik in het gras gooien. Bob moet ze ophalen."" Hij ging naar de keuken en kwam terug met een paar ballen. Hij gooide ze in het gras en zei: ""Ga halen, Bob."" Bob ging naar de ballen en kwam terug met de ballen in zijn bek. Mijn opa gaf hem een klap op de hand en zei: ""Je bent een goed hondje."""
52,meta-llama/llama-3.1-8b-instruct,6_7,"Er was één keer een prinses die in een prachtig kasteel woonde. Ze heette Sophia en ze had grote blauwe ogen en rood haar. Sophia had een lieve hond genaamd Max. Hij was een witte hond met een blauw oog en hij was heel slim.

Sophia en Max gingen vaak naar het bos om te spelen. Op een dag zagen ze een klein, verdwaald konijntje. Sophia en Max wilden het konijntje helpen. Ze liepen met hem mee naar een andere kant van het bos en vonden eindelijk de moeder van het konijntje.

De moeder van het konijntje was heel dankbaar. Ze gaf Sophia een klein, mooi goudensieraad en Max een grote, lekkere biscuit. Sophia en Max waren heel blij en liepen snel terug naar het kasteel.

Toen ze terug waren, liet Sophia haar moeder zien wat ze had gekregen. Haar moeder was heel trots op haar en zei: ""Je bent een echte heldin, Sophia!"" Max krabbelde op het bed en sloeg zijn poot om te zeggen: ""Ja, ik ben ook een held!"""
53,meta-llama/llama-3.1-8b-instruct,6_7,"Er was eens een jonge eend genaamd Kwik. Kwik hield van zwemmen in het meer. Hij was erg snel, hij kon in een paar seconden van een kant naar de andere zwemmen. 

Een dag kreeg Kwik een brief van een zwanenprinses. Ze was verliefd op hem geworden door zijn snelle zwemvaardigheden. Ze wilde hem graag ontmoeten. 

Kwik was erg blij en haastte zich naar de zwanenprinses. Hij zwom heel snel naar de plaats waar ze hem verwachtte. Toen hij aankwam, viel de prinses verliefd in zijn armen. 

Vanaf dat moment waren Kwik en de prinses een koppel. Ze zwommen samen in het meer en vlogen door de lucht."
54,meta-llama/llama-3.1-8b-instruct,6_7,"Ik ging gisteren naar de dierentuin met mijn ouders. We zagen veel leuke dieren: een grote beer, een snelle hond, een mooie flamingo en een grote olifant.

Maar het leukste was als we een kleine leeuwin zagen spelen in haar kooi. Ze was zo klein als ik, maar ze had grote tanden en een lange staart. Ze speelde met een bal en hij ging zo snel door de lucht dat hij bijna niet te zien was.

Toen ging ze op de grond liggen en begon ze te rollen. Ze rolde zo snel dat ze bijna tegen de muur van de kooi kwam. Ik lachte zo hard dat mijn ouders me vroegen of ik oké was.

De leeuwin kwam naar het glas van de kooi en keek naar me. Ik keek terug naar haar en zei: ""Hé, klein leeuwtje, waarom rol je zo snel?"" Ze keek me aan en ging weer liggen en rolde nog een keer.

Ik denk dat ze dacht dat ik me aan het spelen was. Toen we weggingen, zei ik tegen mijn ouders: ""Ik wil een klein leeuwtje hebben als huisdier."" Mijn ouders lachten en zeiden: ""Nee, dat is niet mogelijk."" Maar ik hoop nog steeds dat ik een klein leeuwtje zal krijgen."
55,meta-llama/llama-3.1-8b-instruct,6_7,"Er was eens een kleine vogeltje dat kon dansen. Dit vogeltje heette Zippy en hij hield van dansen. Hij had een kleine baard en hij droeg een rood vest. Zippy wilde de danswedstrijd winnen. Hij trainde elke dag en hij deed zijn best om de beste danser te worden.

Op de dag van de wedstrijd, kwamen alle vogeltjes uit het bos. Zippy was heel nerveus, maar hij ging op de dansvloer staan en hij begon te dansen. Hij deed allerlei dansen, zoals de twist en de hip-hop.

De jury bekeek Zippy's dansen en zij waren onder de indruk. Zippy was de beste danser en hij won de wedstrijd. Alle vogeltjes juichten en ik was ook heel blij voor Zippy.

Maar er was ook een vogeltje dat nooit had gedanst. Hij heette Slow en hij wilde ook deelnemen aan de wedstrijd. Hij had een goed gevoel voor de muziek en hij kon dansen op zijn eigen manier.

Zippy en Slow werden vrienden en samen maakten ze een dansgroep. Ze toerden door het hele land en ze werden heel populair."
56,meta-llama/llama-3.1-8b-instruct,6_7,"Er was eens een vos met een prachtig rood en witte vacht. Hij heette Voskie en hij was de slimste vos van het bos. Voskie had een grote passie voor chocolade, hij kon dagenlang over chocolade praten.

Een dag kwam Voskie een idee. Hij besloot om naar de modeshow van de vosmetjes te gaan. Hij wilde zien hoe de nieuwe modellen vochten om de mooiste kledij. Maar het meest belangrijk was voor Voskie om de cadeaus te zien die de modellen zouden ontvangen... chocolade!

Toen Voskie aankwam bij de modeshow, waren de vosmetjes al bezig met het strippen van de modellen. Voskie was zo verliefd op de modellen dat hij vergeet om zijn cadeau te zoeken. Toen hij zijn cadeau eindelijk vond, was het een grote chocoladereep!"
57,meta-llama/llama-3.1-8b-instruct,6_7,"Er was eens een magische tuin, vol met bloemen die rozen waren. Maar deze waren geen gewone rozen, want als je hard genoeg riep, rezen ze van de grond op. 

Er kwam een jonge koningin in de tuin aan. Ze was heel bang, want ze was alleen. De rozen riepen naar haar: ""Welkom hier, wij zijn je vrienden!""

""Jullie zijn de mooiste rozen die ik ooit gezien heb,"" zei de koningin.

""We zijn heel speciaal,"" zeiden de rozen. ""Wij kunnen vliegen!""

De koningin was heel geschokt, maar ze was ook heel enthousiast. Ze klom op een roos en ze begonnen te vliegen. Ze vlogen boven de tuin en ze zagen hoe mooi alles was.

Maar dan kwam er een grote donderwolk boven de tuin. De rozen waren heel bang, want ze wisten dat ze niet tegen de storm konden. 

Maar de koningin kwam met een goed idee. ""We kunnen de rozen in een grote roos maken! Dan zijn we veilig!""

De koningin en de rozen werden in een enorme roos. Ze waren heel veilig en ze wachtten tot de storm voorbij was.

Toen de zon weer scheen, gingen ze weer uit de roos. De rozen waren heel dankbaar voor de koningin. Ze zeiden: ""Je bent onze beste vriendin!"""
58,meta-llama/llama-3.1-8b-instruct,6_7,"Er was eens een tandarts met een heel speciale tand. Hij heette dokter Tand. Dokter Tand had een tand die kon praten. Het was een heel speciale tand, die alleen bij dokter Tand in zijn tandartspraktijk zat.

Elke dag ging dokter Tand naar zijn praktijk en zei zijn tand: ""Hallo, ik ben dokter Tand."" En de tand antwoordde: ""Hallo, dokter Tand. Ik zie je over een paar minuten.""

Een dag kwam een meisje naar dokter Tand om haar tanden te laten poetsen. Dokter Tand zei: ""Hallo, meisje. Ik ga je tanden poetsen."" En de tand zei: ""Hallo, meisje. Je tanden zullen stralen!""

Toen dokter Tand klaar was, vroeg het meisje: ""Hoe kun jij praten, dokter Tand?"" Dokter Tand glimlachte en zei: ""Mijn tand is heel speciaal, meisje. Hij kan praten.""

Het meisje was heel blij om de speciale tand te hebben gezien. Toen ze naar huis ging, vertelde ze aan haar vrienden over de praatende tand van dokter Tand."
59,meta-llama/llama-3.1-8b-instruct,6_7,"Er waren eens twee vrienden, een vogel en een vis. Ze woonden in een mooie meer waar de lucht zo blauw was als een luchtbal.

De vogel heette Vlieger en de vis heette Viskje. Ze speelden samen en hadden het leuk. Vlieger kon heel hoog vliegen en Viskje kon heel snel zwemmen.

Een dag waren ze op een plek waar ze een schat hadden gevonden! Het was een schitterende schelp met een mooi stuk glanzend zout. Vlieger wou hem hebben, maar Viskje wou hem ook hebben. Ze begonnen te ruziën en wilden niet meer met elkaar praten.

Wat gebeurde er dan? De schelp begon te schommelen en ze vielen allebei in het water. Toen lachten ze en zeiden: ""Wij hadden hem niet nodig, we hebben elkaar!"" En zo werden ze weer vrienden en gingen ze samen op avontuur."
60,meta-llama/llama-3.1-8b-instruct,6_7,"We waren in de zomer en ik ging naar de zee met mijn familie. We hadden een klein strandhuisje met een groot zwembad. Mijn kleine broertje was nog niet een jaar oud en hij kon nog niet zwemmen.

Mijn ouders lieten hem in de zee staan in zijn zwembadje terwijl ik ging zwemmen. Hij lag te spelen in de golven. Plotseling kwam er een geweldige golf en hij viel uit zijn badje. Mijn moeder schreeuwde naar me om te gaan kijken.

Ik rende naar mijn broertje en zag dat hij in de golven lag. Ik greep hem vast en begon te zwemmen naar de kust. Het leek eindeloos lang voordat we aan land kwamen. Mijn ouders kwamen naar ons toe en waren heel blij dat mijn broertje in orde was. Na die dag mocht ik nog geen zwemmen meer alleen en mijn ouders lieten mijn broertje in het zwembadje zitten."
61,meta-llama/llama-3.1-8b-instruct,6_7,"Er was eens een konijn met een prachtige, groene vacht. Hij heette Groenpoot. Groenpoot woonde in een levendige bos vol vogels, eekhoorntjes en vossen. Hij was erg lief en alle dieren in het bos waren zijn vrienden.

Een dag ging Groenpoot op avontuur. Hij liep door het bos en kwam langs een klein meer. Daar zag hij een schitterende zwaan. De zwaan heette Sneeuwvlek. Sneeuwvlek was een beetje eenzaam en Groenpoot besloot hem te bezoeken.

Groenpoot en Sneeuwvlek werden snel goede vrienden. Ze gingen samen zwemmen en spelen in het meer. Maar oeps! De vossen in het bos wilden Sneeuwvlek niet met hem spelen. Ze vonden hem te mooi.

Groenpoot had een plan. Hij ging met de eekhoorntjes en de vogels praten. Samen kwamen ze op een idee. Ze bouwden een schitterend speeltuintje voor Sneeuwvlek en de vossen werden zo razend blij dat ze hem wilden spelen. Nu waren Sneeuwvlek en Groenpoot de beste vrienden van het bos."
62,meta-llama/llama-3.1-8b-instruct,6_7,"Er was eens een prinsesje die in een klein koninkrijk woonde. Ze heette Koningin Praline en ze had een heerlijke chocoladewinkel. De prinsesje hield van maken van chocoladerepen met lekkere smaken als banaan, aardbei en appel. Ze was de beste chocolademaker van het hele koninkrijk.

Een dag kwam een duifje naar de chocoladewinkel en vroeg of de prinsesje hem een chocoladereep kon maken met zijn favoriete smaak, namelijk zeebonen. De prinsesje dacht even na en vroeg de duifje wat hij eigenlijk bedoelde met zeebonen. De duifje zei dat hij een smaak had die hij alsnog niet kende, maar dat hij het leuk vond om te proberen nieuwe smaken.

De prinsesje kon er niet om lachen en besloot om de duifje een reep te maken met de smaak van zeebodem. De duifje at de reep op en vond hem de lekkerste die hij ooit had geproefd. Sindsdien kwam de duifje elke dag naar de chocoladewinkel om een nieuwe reep te proberen. Koningin Praline was super blij en nam de duifje als vriend mee op al haar avonturen."
63,meta-llama/llama-3.1-8b-instruct,6_7,"Er was eens een konijn met een rode neus. Hij heette Koen. Koen woonde in een prachtig bos, vol met appelbomen, stroompjes en bloemen. Hij was een erg leuke konijn, want hij had een grote liefde voor zuurtjes en appels.

Een dag zat Koen op een rots in het bos, toen hij een vriendelijk vogeltje zag. Het vogeltje heette Vera en ze was een erg slimme vogel. Vera vertelde Koen over een geheim, een verborgen appeltaart die ergens in het bos verborgen lag.

Koen en Vera besloten om samen op zoek te gaan naar de appeltaart. Ze liepen door het bos, over stammen en door het gras. Na een tijdje kwamen ze bij een oude boom. Daar lag de appeltaart! Ze aten de taart en genoten van de zoete smaak.

Koen en Vera werden dikke vrienden en gingen nog veel meer avonturen aan. Ze ontdekten nieuwe dingen en hadden nog veel plezier samen."
64,meta-llama/llama-3.1-8b-instruct,6_7,"Er was eens een haas met een prachtige witte staart. Deze haas heette Harry en hij woonde in een grote bos. Harry was een beetje anders dan de andere haasjes, want hij hield van dansen. 

Elke avond als de maan scheen, ging Harry naar het midden van het bos om te dansen. Hij draaide en sprong met zijn witte staart, en zijn dans was zo mooi dat de vogels uit hun nesten kwamen kijken.

De andere bosdieren vonden Harry's dansen ook heel leuk en begonnen ook mee te doen. Er dansten vogels, eekhoorns, en zelfs een grote beer. Ze dansten allemaal samen rondom Harry, en de lucht was vol van gelach en van de muziek van de bosdieren.

Maar één dag ging er een klein jongetje het bos in en hij hoorde het gelach en de muziek van de dansende bosdieren. Hij ging naar de plek waar de bosdieren dansten en zag Harry met zijn witte staart. Hij begon ook te dansen en de bosdieren waren zo blij dat ze nu een vriend meer hadden om te dansen."
65,meta-llama/llama-3.1-8b-instruct,6_7,"Er was eens een prinsesje dat heette Sophia. Ze woonde in een prachtig paleis met een groot park eromheen. Sophia hield van paardrijden en speelde graag met haar beste vriendin, een witte meerkat genaamd Luna.

Een dag zat Sophia in de tuin en leek ze naar een grote rots te kijken, maar eigenlijk zat ze te luisteren naar een geheim. Luna had haar verteld over een geheimzinnige ondergrondse wereld, verborgen achter de rots. Sophia was fascineerd en wilde erheen.

Met een beetje moed sloop Sophia en Luna door de tuin naar de rots. Ze keken omhoog en zagen een klein gat. Luna sprong als eerste naar binnen en Sophia volgde. Ze vonden zichzelf in een prachtig ondergrondse paleis, met gouden licht en mooie kristallen. Ze ontmoetten ook een vriendelijke draak die hen rondleidde door het paleis. Sophia en Luna waren in háár hemelse wereld."
66,meta-llama/llama-3.1-8b-instruct,6_7,"Er was eens een konijn genaamd Benny. Hij was heel snel en had lang wit haar. Hij woonde in een grote tuin met veel groene bomen en bloemen.

Benny hield van pechten en hij kon heel goed klimmen. Eén dag besloot hij om een hoog stuk van de tuin te bereiken. Hij liep snel naar de boom en begon te klimmen.

Toen hij boven was, zag hij een klein vogeltje zitten. Het vogeltje had een prachtige roze verenkleed aan. Benny wilde het vogeltje niet schrappen, dus hij sprak tegen het vogeltje.

Hoe gaat het met je? Vraagde Benny.

Het vogeltje antwoordde: Ik zoek een plaats om te slapen. Weer naar beneden in de boom was het te heet.

Benny had een goede oplossing. Hij liet een tak naar beneden hangen en zei aan het vogeltje: Hier kun je slapen. De volgende morgen wakkerde het vogeltje op en vlogen weg."
67,meta-llama/llama-3.1-8b-instruct,6_7,"Er was eens een klein konijntje dat in een prachtige tuin woonde. Het konijntje heette Kiki en het was heel lief. Kiki had een dikke, zachte vacht en grote, ronde ogen.

Kiki hield van spelen in de tuin. Het konijntje rende over de grasvelden, klom op de heuvels en speelde met de bloemen. Maar Kiki had een geheim: het konijntje kon dansen.

Elke nacht kwam Kiki naar buiten en danste onder de sterren. Het konijntje draaide en sprong en maakte met zijn oren een muziek die de sterren konden horen.

Een nacht kwam een ster naar de aarde neerstorten. Het was een prachtige ster met een glinsterende maan op zijn hoofd. De ster wist niet hoe hij weer naar de hemel moest gaan.

Maar Kiki had een idee. Het konijntje danste naar de ster en begon te dansen. De ster werd zó enthousiast dat hij weer naar de hemel vloog. Maar hij liet Kiki achter om nog even te dansen."
68,meta-llama/llama-3.1-8b-instruct,6_7,"Er was eens een meeuw genaamd Max. Hij woonde op een prachtige eiland met zijn beste vriend, een zeehond genaamd Sam. Max en Sam hielden van het water en de zon. Ze speelden elke dag op het strand, waar ze vissen en schelpen vonden.

Op een dag, besloten Max en Sam om een avontuur te ondernemen. Ze zouden naar het andere eind van het eiland gaan om te zien of er daar ook schelpen te vinden waren. Ze liepen door het bos, over de heuvels en langs de rivier. Het was een lang en moeilijk pad, maar Max en Sam waren niet bang.

Bij het eind van de dag kwamen ze aan bij een prachtige baai. Daar vonden ze honderden schelpen en zelfs een paar parels! Max en Sam waren zo blij en ze gingen meteen terug naar hun strand om het nieuws te vertellen aan de andere meeuwen en zeehonden. Vanaf toen, was Max en Sam de bekendste avonturiers op het eiland."
69,meta-llama/llama-3.1-8b-instruct,6_7,"Er leefde eens een konijn met een speciale gave. Hij kon praten met dieren. Hij kon zelfs praten met vogels. Hij was heel blij met zijn gave en ging vaak op avontuur om met dieren te praten.

Een keer liep hij door de bos toen hij een vlinder zag. De vlinder was heel bang en wilde vluchten. Het konijn zei ""Nee, wacht! Ik wil je niet storen. Wat is er aan de hand?"" De vlinder zei ""Ik ben bang voor de roofvogels, ze willen me eten.""

Het konijn zei ""Maak je geen zorgen, ik zal je beschermen."" En hij ging naast de vlinder zitten en vertelde hem een verhaal over zijn eigen leven. De vlinder luisterde aandachtig en voelde zich veilig. Toen de vlinder klaar was om te vliegen, zei het konijn ""Je bent veilig, ik zal je beschermen."" En de vlinder vloog weg.

Vanaf dat moment was het konijn een vriend voor de vlinder en alle andere dieren in het bos."
70,meta-llama/llama-3.1-8b-instruct,6_7,"Er was eens een klein konijntje dat een prachtige, grote tuin had. In die tuin stonden veel verschillende soorten bloemen, zoals rozen, tulpen en dahlia's. Het konijntje hield van die bloemen en ging elke dag op pad om ze te bekijken.

Een dag ontdekte het konijntje een oud, verwilderde bloem perenboom die erg ver van de andere planten stond. De boom was heel oud en had een prachtige, dikke stam. Het konijntje vond het een beetje eng, maar het was ook enorm boeiend.

Het konijntje ging naar de boom en begon te klimmen. Het klimmen ging goed en het konijntje bereikte de eerste takken. Vanaf daar kon het zien hoe mooi de tuin was. Maar toen het verder ging klimmen, werd het plotseling duister en stortte de boom in. Gelukkig viel het konijntje op een zachte ondergrond en viel het niet.

Het konijntje was een beetje bang geworden, maar het kon terug naar zijn veilige nest. En vanaf dan ging het konijn nooit meer in die boom klimmen."
71,meta-llama/llama-3.1-8b-instruct,6_7,"Ik was laatst op mijn wijntje met mijn beste vriendje, Max. We waren buiten en speelden met de honden van mijn tante. Toen hebben we een prachtige vlinder ontdekt. Hij was zo mooi dat we hem wilden bewaren. Max zei dat we hem in een glas water moesten doen, zodat hij niet zou verdwijnen. Dus hebben we hem in een glas water gedaan. Maar toen we terugkwamen, was hij verdwenen. 

Mijn zusje zei dat het vast gewoon was weggevlogen, maar ik denk dat het een klein sprookje was. Ik geloof dat de vlinder ons een cadeautje was. Hij was namelijk zo mooi dat hij nu in mijn dromen is. Soms zie ik hem nog steeds vliegen, maar als ik hem wil pakken, dan verdwijnt hij."
72,meta-llama/llama-3.1-8b-instruct,6_7,"Er was eens een klein beer genaamd Bert. Bert was heel anders dan andere beren. Hij had een rode neus en rode oren, maar hij had ook een grote, blauwe hoge hoed op zijn hoofd. Bert woonde in een grote, oude bos waar hij elke dag naar de rivier ging om vis te vangen.

Op een dag, toen Bert op de rivier was, zag hij een prachtige, gouden vis. Bert gooide zijn lijn uit en wachtte tot de vis zou happen. De vis hapte en Bert trok hem naar boven. Maar toen hij hem wilde opvissen, hoorde hij een klein stemmetje. ""Doe me niet vermoord, Bert!"" zei het stemmetje.

Bert was verbaasd en zag dat de gouden vis een klein, menselijk gezicht had. Hij besloot de vis niet op te vissen en in plaats daarvan met hem te praten. De vis heette Zwart en hij was een tovenaar die door de magische rivier was gestuurd. Bert en Zwart werden vrienden en gingen samen op avontuur door het bos."
73,meta-llama/llama-3.1-8b-instruct,6_7,"Jullie weten allemaal dat ik een hond heb, Broertje. Hij is enorm lief en heel erg slim. Vorige week ging ik met Broertje naar het park. We speelden met hem en hij rende zo snel dat ik hem bijna niet kon volgen.

Toen we bij het water waren, zagen we een klein vogeltje dat een broodje had laten vallen. Broertje zette de achtervolging in en in een mum van tijd had hij het broodje in zijn bek. Maar ik had gezien dat de vogel een nest had op de grond. Het vogeltje kwam naar me toe en vroeg om hulp.

Ik dacht even na en toen ging ik naast Broertje zitten. Ik zei tegen hem: ""Broertje, je moet het broodje teruggeven. Het vogeltje heeft honger!"" Broertje keek me aan alsof hij zei: ""Maar ik had het eerst gevonden!""

Maar uiteindelijk deed Broertje wat ik hem zei. Hij liet het broodje vallen en het vogeltje at het op. Toen we weer thuiskwamen, was Broertje heel trots op zichzelf. Hij had een gooi gedaan voor de vogeltjes."
74,meta-llama/llama-3.1-8b-instruct,6_7,"Er was eens een knaapje dat heette Tim. Tim had een hond genaamd Max. Max was een fantastische hond. Hij kon springen en rennen en hij was heel slim.

Eén dag ging Tim en Max naar de bos. Ze zochten naar eieren. Tim had gehoord dat er een geheim eierlegplaatje in het bos zat. Maar Tim en Max waren niet de enigen die naar de eieren zochten.

Er kwam een grote vos, genaamd Vosje, op hen af. Vosje was ook op zoek naar de eieren. Maar Tim had een idee. Hij gaf Max een teken en Max sprong op Vosje en begon hem te jagen. Vosje rende weg en Tim en Max vonden het eierlegplaatje.

Ze vonden heel veel eieren. Tim was heel blij en hij gaf Max een knuffel. Toen gingen ze terug naar huis om de eieren te vertellen aan Tim's ouders. Ze gingen naar bed met een grote glimlach op hun gezichten."
75,meta-llama/llama-3.1-8b-instruct,6_7,"Eens waren er twee vrienden, Leo en Max. Ze hadden een geheime speelhoek achter hun huis, waar ze altijd naar toe gingen om te spelen. Het was een donkere en mysterieuze plek met veel bomen en bloemen.

Een dag ontdekten ze een klein, glimmend ei in de bosjes. Het ei was zo mooi dat ze wilden weten wie het had gelegd. Ze besloten om het ei in een bak met water te leggen om te zien of er iets eruit zou komen.

En plotseling, er kwam een klein, blauw vogeltje uit het ei! Leo en Max waren zo blij en namen het vogeltje op. Ze noemden hem Luna en besloten om hem te helpen om te leren vliegen.

Luna leerde snel en werd een goed vogeltje. Hij kon zelfs vliegen en spelen met Leo en Max. Ze waren zo gelukkig met hun nieuwe vriendje en besloten om hem nooit meer uit hun ogen te verliezen. En zo leefden Leo, Max en Luna in harmonie, in hun geheime speelhoek."
76,meta-llama/llama-3.1-8b-instruct,6_7,"Er was eens een jonge hondje genaamd Max. Hij was een witte golden retriever met een grote neus en een glimlach op zijn gezicht. Max woonde bij een familie met twee kinderen, Timmy en Emma. Ze waren erg lief voor Max en speelden met hem in de tuin.

Maar Max had een geheim. Hij kon praten. Toen niemand keek, vertelde hij aan de vogels in de bomen dat hij het liefst een vliegende hond wilde worden. De vogels vonden het een leuk idee en begonnen te fluiten en te zingen om een magische druppel te vinden.

Max vond de druppel en dronk hem op. Hij voelde zich plotseling lichter en begon te vliegen! Max vloog boven de tuin, met de wind in zijn oren en de zon op zijn rug. Hij was de gelukkigste hond op aarde.

Maar toen Timmy en Emma terugkwamen, waren ze verbaasd om Max te zien vliegen. ""Max, hoe doe je dat?"" vroegen ze. Max antwoordde lachend: ""Ik kan praten, herinneren jullie je dat niet?"" De familie was zo blij met Max' nieuwe talent dat ze hem nooit meer loslieten."
77,meta-llama/llama-3.1-8b-instruct,6_7,"We waren op het strand. Mijn vriendin Lotte en ik. We gingen op een zandkasteel zitten. De zon scheen en het water was blauw. We zagen een bootje komen. Het was een klein bootje. Het had een rood zeil. Er zat een man aan het roer. Hij had een grote hoed op.

Hij scheepte ons op. We gingen naar de zee in. Het water was fris. Ik voelde me blij. Lotte lachte. We reden een tijdje. Toen zei de man: ""Kijk, daar is een grot!"" We keken. De grot was groot. Er kwam een haai uit de grot. Hij was groot. Maar hij was vriendelijk. Hij begon te zwemmen.

We gingen met hem zwemmen. Hij was snel. Hij nam ons mee naar een schip. Daar was een grote haaienkoning. Hij was groot en vriendelijk. Hij zei: ""Welkom, jonge vrienden. Ik ben de koning van de haaien."" We namen hem mee naar het strand. Hij kwam met ons terug. We zagen hem nog wel. Hij zei: ""Tot ziens!"""
78,meta-llama/llama-3.1-8b-instruct,6_7,"Er was eens een konijn genaamd Benny. Benny was heel snel en kon overal heen. Hij had een vriend, een vogel genaamd Piet. Piet kon heel goed vliegen en kon overal heen.

Een dag ging Benny en Piet op avontuur. Ze liepen door het bos, over de velden en langs de rivier. Ze zagen veel dieren, zoals een hert, een eend en een vis.

Toen kwamen ze bij een oude, holle boom. ""Wat is dit?"" vroeg Benny. ""Een holle boom!"" antwoordde Piet. ""We kunnen erin wonen!""

Benny en Piet gingen naar binnen en vonden een grote ruimte. Er was zelfs een klein stroompje water. ""Dit is perfect!"" zei Benny. ""We kunnen hier wonen!""

En zo ging Benny en Piet wonen in de holle boom. Ze aten appels en aardappels en sliepen in de zon. Ze waren heel gelukkig.

De dieren in het bos kwamen vaak bij hen langs en ze werden een soort van koning en koningin. Benny en Piet waren heel gelukkig in hun holle boom."
79,meta-llama/llama-3.1-8b-instruct,6_7,"Er was eens een prinses met een prachtige rode haren. Ze woonde in een kasteel in een donkere en dichte stad. De prinses hield van paarden en kon overal paarden vinden. Maar er waren ook andere dieren in de stad.

Een dag ging de prinses naar de stad om koekjes te halen voor haar paarden. Daar zag ze een klein konijn met enorm lange oren. Ze vond hem erg leuk en besloot om hem mee te nemen naar haar kasteel.

Toen ze bij het kasteel aankwam, zag ze dat er een grote reus met een enorme zweep bij het kasteel stond. Hij was erg boos en wilde de prinses en haar paarden kopen. De prinses was erg bang maar de konijn was niet bang en stond recht overeind en sprak: ""Ik zal je doodmaken!"" 

De prinses was erg bang maar de reus deed niets. Hij was ook bang voor de konijn."
80,meta-llama/llama-3.1-8b-instruct,6_7,"Er was eens een klein konijntje dat in een groot bos woonde. Het konijntje heette Fluffy en het had een dikke witte vacht en grote bruine ogen.

Fluffy hield van appelen, maar de beste appelen groeiden in het bos, in een prachtige boom met rode bladeren. Om aan de appelen te komen, moest Fluffy over een brede rivier springen.

Fluffy was bang om te springen, maar het wilde zo graag een appel hebben. Dus zei Fluffy tegen zichzelf: ""Ik kan het! Ik kan het!""

Toen Fluffy een beetje braver werd, sprong ze van de oever van de rivier naar de andere kant. En... ze deed het! Fluffy landde op de oever en rende naar de boom met de rode bladeren.

Fluffy pakte een appel en at hem heel snel op. Het eten van de appel was zo lekker! Het konijntje voelde zich heel trots op zichzelf en sprong terug naar de andere kant van de rivier.

Vanaf dat moment was Fluffy het dappere konijntje van het bos!"
81,meta-llama/llama-3.1-8b-instruct,6_7,"Er was eens een prinsesje dat heette Sophia. Sophia woonde in een prachtig kasteel met een moeder die prinses was. Maar de huwelijkscadeau's waren allemaal zo saai en Sophia wilde echt graag een hondje. 

Een dag ging Sophia naar de markt in de stad met haar moeder. Ze kochten brood, kaas en fruit. Toen ze langs een kleine hondjeswinkel liepen, zag Sophia een hondje dat helemaal zwart was met gouden ogen. Ze vroeg of ze het hondje mocht aaien. De baas van de winkel zei dat ze de hond mocht kopen, maar Sophia's moeder zei dat ze eerst de koning en de koningin moesten vragen of ze het hondje mochten houden. 

De volgende dag ging Sophia met haar moeder terug naar de markt. Ze gingen met de paard en wagen naar het kasteel van de koning en de koningin. Sophia's moeder vertelde hen over het hondje en of ze het mochten houden. De koning en de koningin zeiden dat ze het hondje mochten houden, maar ze zeiden ook dat ze een naam moesten bedenken voor het hondje."
82,meta-llama/llama-3.1-8b-instruct,6_7,"Er was eens een meisje dat een heerlijk hondje had, een witte labrador genaamd Max. Max was de beste vriend van het meisje, hij ging overal mee en deed alles wat ze zei.

Een dag ging het meisje en Max naar de bos. Ze hebben een picknick gegeten en speelden met een bal. Maar toen begon het te regenen en het meisje wilde naar huis gaan. Max ging ook mee, maar toen kwamen ze in een smalle beek terecht.

Het meisje deed niets, maar Max deed iets heel speciaals. Hij begon te zwemmen en trok het meisje naar de andere kant. Het meisje was zo blij en kuste Max op zijn snuit. ""Dank je wel, Max!"" zei ze.

Toen ze thuiskwamen, gaf het meisje Max een grote bak koud water waar hij in duikelde. Max was zo blij en sprong overal heen. Het meisje lachte en zei: ""Jij bent echt de beste hond ter wereld, Max!"""
83,meta-llama/llama-3.1-8b-instruct,6_7,"Er was eens een prinsesje dat heette Sophia. Sophia had een prachtig paard dat ze erg liefhad. Ze noemde hem Smiley. Ze reden over het groene veld bij hun kasteel en zagen een prachtig konijntje zitten. Het konijntje had een klein lint om zijn nek en een papieren zakje bij zijn voet.

Sophia wilde het konijntje graag helpen. Ze stapte af van Smiley en liep naar het konijntje toe. Maar toen ze dichterbij kwam, zag ze dat het konijntje niet kon lopen. Het konijntje had een verrekijker in het papieren zakje liggen en een briefje met daarop geschreven: ""Help me, ik ben een konijntje-spion!"" Sophia en Smiley moesten lachen. Ze namen het konijntje met zich mee naar het kasteel en gaven hem medicijnen om beter te worden. Na een paar dagen was het konijntje weer helemaal fit. Sophia en het konijntje-spion werden goede vrienden en gingen samen op avontuur."
84,meta-llama/llama-3.1-8b-instruct,6_7,"Er was eens een prinses die een magische schommel had. Ze heette Prinses Sophia en woonde in een kasteel met een enorme tuin. Sophia was heel lief en altijd op zoek naar avonturen.

Een dag ontdekte Sophia de magische schommel in de tuin. Hij was heel mooi en glanzend, maar leek erg moeilijk te bewegen. Sophia besloot om hem te testen. Zodra ze eraan ging zitten, begon de schommel te bewegen. Maar hij bewoog niet gewoon heen en weer, hij maakte ook allerlei prachtige figuurtjes in de lucht.

Sophia was zo verliefd op de schommel dat ze hem elke dag gebruikte. En elke dag werden er nieuwe figuurtjes gemaakt. Maar er was één figuurtje dat Sophia het liefste vond: een schitterende zon. Zodra de zon opkwam, zou Sophia meteen naar de schommel gaan en de hele dag bewegen.

Maar een dag kwam er een grote storm. De wind was zo sterk dat de schommel omviel en heel veel glasscherven maakte. Sophia was bang dat de schommel nooit meer zou bewegen. Maar ze besloot om hem te repareren en toen ze hem weer gebruikte, schitterde de zon nog mooier dan ooit!"
85,meta-llama/llama-3.1-8b-instruct,6_7,"Er was eens een konijn met een prachtige vacht en een lange staart. Hij heette Benny. Benny woonde in een grote tuin vol appelbomen. Hij hield heel veel van appels.

Een dag ging Benny op onderzoek uit. Hij kwam bij een appelboom en zag een appel die nog niet rijp was. Hij kon niet wachten om die appel te eten. Daarom besloot hij de appel te eten.

Maar net toen hij de appel ging eten, hoorden we een luide stem. ""Wie heeft de appel van mijn boom gestolen?"" Het was de boom die praatte! Benny was heel bang.

De boom zei: ""Ik zal je niet straffen als je me belooft om elke dag water te geven en om mijn appels te helpen rijpen."" Benny was blij en zei dat hij dat zou doen.

Vanaf dat moment nam Benny goed zorg voor de boom. Hij gaf hem elke dag water en hielp de appels om rijp te worden. En de boom gaf Benny elke dag een appel om te eten."
86,meta-llama/llama-3.1-8b-instruct,6_7,"Er was eens een konijn genaamd Fluffy. Hij woonde in een grote tuin vol met bloemen en bomen. Fluffy was een beetje een rare konijn, hij had een groene baard en hij hield van dansen.

Elke dag liep Fluffy door de tuin en danste hij voor zichzelf. Hij deed alsof hij een prins was en zijn dansen waren zo mooi dat alle vogels in de tuin moesten beginnen te zingen.

Een dag kwam er een grote regen en de tuin werd erg nat. Fluffy was bang dat hij zijn dansen niet meer kon doen. Maar toen hij uit zijn hol kwam, zag hij dat de regen zijn baard groen had gemaakt. Hij had nooit eerder zulke mooie kleuren gezien!

Fluffy begon te dansen en zijn baard kleurde steeds mooier. De vogels begonnen te zingen en de andere dieren in de tuin kwamen ook kijken. Ze vonden Fluffys dansen zo mooi dat ze ook begonnen te dansen.

Nu dansen alle dieren in de tuin samen met Fluffy en hij is nog steeds de prins van de tuin."
87,meta-llama/llama-3.1-8b-instruct,6_7,"Er was eens een prinsesje die een prachtig paard had. Het paard heette Stardust en was niet alleen heel snel, maar ook heel mooi. Stardust had een ster op zijn voorhoofd en zijn vacht was zo blank als sneeuw.

De prinsesje en Stardust waren dikke vrienden en gingen vaak op pad om bloemen te plukken en door het bos te galopperen. Eén dag ontdekte de prinsesje een klein, verdwaald konijntje. Het konijntje was helemaal verloren en huilde heel hard.

De prinsesje en Stardust besloten om het konijntje terug te brengen naar zijn moeder. Ze reden door het bos, maar het duurde heel lang voordat ze de moeder van het konijntje vonden. Toen ze er eindelijk waren, was de moeder zo blij dat ze de prinsesje en Stardust omhelsde en bedankte ze.

Het konijntje was heel dankbaar en beloofde om elke dag een mooie bloem voor de prinsesje en Stardust te brengen. En zo werden de prinsesje, Stardust en het konijntje dikke vrienden."
88,meta-llama/llama-3.1-8b-instruct,6_7,"Er was eens een prinses die woonde in een groot kasteel. Ze had een paard dat van goud was gemaakt. Het paard kon vliegen en zo snel rennen als de wind. De prinses heette Sophia en ze was heel lief.

Sophia wilde één keer de wereld zien. Ze nam haar gouden paard en vlogen ze weg. Ze zagen bergen en meren, ontdekten nieuwe dieren en maakten vrienden met een vogel die kon spreken.

De vogel heette Marcus en hij was heel slim. Hij wist alle geheimen van de wereld. Marcus en Sophia vlogen naar een eiland waar de zonnenbloemen zo groot waren als auto's. Ze dansten onder de bloemen en lachten met Marcus.

Toen Sophia terugkwam in haar kasteel, waren haar ouders heel blij. Ze vroegen haar wat ze gezien had en Sophia vertelde over Marcus en de mooiste plekken op aarde. Nu vertelt ze het jou."
89,meta-llama/llama-3.1-8b-instruct,6_7,"Eens was ik op zomervakantie bij mijn opa en oma. We gingen naar het strand. Mijn opa had een houten bootje. Hij noemde hem de ""Zwarte Zwaan"". Hij stak een vlag in de boot en ik mocht met hem mee.

Op het strand was het heel druk. Er waren mensen die zaten te lezen, andere die paddleball speelden en nog anderen die in het water zwommen. Mijn opa roeide de ""Zwarte Zwaan"" naar het water toe. Hij zei dat hij wilde varen naar de rotsen die verderop in zee lagen.

Ik hield me vast aan de boot en mijn opa roeide harder. Het water was koud, maar ik hield het uit. We staken een klein eiland over, waar er veel vogels zaten. Ze vielen me niet lastig, maar mijn opa zei dat ze heel moeilijk waren. We gingen door met varen. Na een tijdje kwamen we bij de rotsen. Mijn opa zei dat we moesten zwemmen naar de rotsen. Ik durfde niet, maar hij zwom al. Hij hield mijn hand vast en we klommen op de rots. Vanaf daar konden we heel ver kijken. We zagen een heleboel dingen, zoals een schip en een schepen."
90,meta-llama/llama-3.1-8b-instruct,6_7,"Er was eens een kleurrijk konijn genaamd Kiki. Kiki was heel snel en had een grote voorliefde voor snoepjes. Hij woonde in een prachtig groen bos met allerlei soorten bomen, bloemen en beesten.

Een dag besloot Kiki dat hij een grote snoepreis wilde maken. Hij pakte zijn favoriete tas en liep het bos in. Hij liep langs een rivier, waar hij vissen zag die aan het zwemmen waren. Hij liep door een veld met bloeiende bloemen, waar hij honingeters zag die aan het eten waren.

Toen Kiki een eind verder was, kwam hij aan bij een klein huisje. Daar woonde een vriendelijke oude vos, genaamd Vosje. Vosje had een grote zak met snoepjes en zei tegen Kiki: ""Hallo kleintje! Wil je een snoepje?"" Kiki was heel blij en nam een snoepje uit de zak. Hij viel in love met het snoepje en nam nog een paar mee. Vosje lachte en zei: ""Kiki, je bent zo lief dat je altijd welkom bent!"" En zo bleef Kiki bij Vosje en at hij snoepjes tot hij moe was."
91,meta-llama/llama-3.1-8b-instruct,6_7,"Er was eens een konijn met een superzachte vacht. Hij woonde in een prachtig grasveld met veel bloemen. Hij was heel lief en maakte vrienden met een schoolvlieg en een groene vlinder.

De konijn heette Kwik en hij ging elke dag op avontuur met zijn vrienden. Ze speelden in de bloemen, vielen in het gras en vlogen met de wind mee. De schoolvlieg heette Flik en hij was heel snel. De vlinder heette Zwaan en hij kon supermooi vliegen.

Een dag besloten Kwik, Flik en Zwaan om een groot avontuur te ondernemen. Ze gingen op zoek naar een legendarische regenboog. Ze liepen door het gras, over de bloemen en door de lucht. Uiteindelijk zagen ze de regenboog boven zich hangen.

Kwik, Flik en Zwaan waren heel trots op zichzelf. Ze hadden de regenboog gevonden en ze waren de eerste drie vrienden die het ooit deden. Vanaf dat moment waren ze de helden van het grasveld en werden ze geëerd door alle dieren."
92,meta-llama/llama-3.1-8b-instruct,6_7,"Er was eens een klein konijntje dat op een weiland woonde. Het konijntje heette Benny en het was heel lief. Benny had een dikke, zachte vacht die precies zo wit was als de wolken in de lucht.

Een keer, toen Benny naar buiten liep om te spelen, zag hij een soort gat in de grond. Het was zo diep dat Benny zijn ogen niet kon zien aan de andere kant. Benny was nieuwsgierig en wilde zien wat er aan de andere kant van het gat was.

Hij klom naar beneden en vond zichzelf in een ondergronds hol. Er was een klein waterpompje en een grot met felle stenen waarin een prachtige sterrenhemel was gegraveerd. Benny voelde zich zomaar heel gelukkig.

Maar toen Benny weer naar boven wilde klimmen, vond hij een klein bos bloemen die hij niet eerder had gezien. Ze waren zo mooi dat Benny besloot om niet naar boven te gaan, maar te blijven en de bloemen te verzorgen. Nu wonen Benny en de bloemen samen in hun ondergrondse wereld."
93,meta-llama/llama-3.1-8b-instruct,6_7,"Er was eens een heerlijke hond genaamd Max. Hij was een witte golden retriever met een lange, wollige vacht. Max woonde bij zijn beste vriend, een jongen genaamd Timmy. Ze waren onafscheidelijk en gingen samen op avontuur.

Een dag besloten Max en Timmy om naar het bos te gaan. Er waren prachtige bloemen en lange grassen die ze konden onderzoeken. Toen ze door het bos liepen, zagen ze een klein, verdwaald eendje. Het eendje was bang en huilde.

Max en Timmy besloten om het eendje te helpen. Max nam het eendje op zijn rug en Timmy liep naast hem. Ze brachten het eendje terug naar zijn moeder, die hem gelukkig te pakken kreeg. Ze waren allemaal erg gelukkig en bedankten Max en Timmy voor hun hulp.

Toen ze terugkwamen, gaf Timmy Max een knuffel en zei: ""Je bent de beste hond van de wereld, Max!"" Max werd zo gelukkig dat hij begon te blaffen en te springen. Hij was trots op zichzelf en op zijn vriend Timmy."
94,meta-llama/llama-3.1-8b-instruct,6_7,"Er was eens een prinsesje die in een klein kasteel woonde. Ze had een witte hond die heel slim was. De prinsesje heette Sophia en de hond heette Max. Sophia en Max waren beste vrienden.

Een keer ging Sophia met Max op een wandeling door het bos. Ze zochten naar bloemen en dieren. Toen ze bij een meer kwamen, zagen ze een klein bootje liggen. Sophia had een idee. ""Max, laten we een boottocht maken!"" riep ze. Max blafte enthousiast.

Ze stapten in het bootje en zeilden over het meer. Ze zagen vogels en visjes. Sophia en Max waren zo gelukkig. Toen ze bij een eiland kwamen, vonden ze een schat: een doos vol chocoladerepen.

Sophia en Max gingen meteen terug naar het kasteel en aten alle chocoladerepen op. De koning en koningin waren heel blij met Sophia en Max. Ze gaven hen een beloning: een feestje met alle vrienden van Sophia.

Sophia en Max waren heel blij en aten alle feestelijkheden uit. Het was een prachtig feestje. Sophia en Max waren de helden van het verhaal."
95,meta-llama/llama-3.1-8b-instruct,6_7,"Er was eens een mannetje dat heette Tim. Tim had een konijn genaamd Fluffy. Fluffy was heel snel en kon overal heen rennen. Een keer ging Tim en Fluffy naar de kermis. Er waren allerlei leuk spullen te zien, zoals een ronddraaiende takel en een attractie die je kon besturen met stuurknuppels.

Toen Tim en Fluffy langs die attractie liepen, zei Fluffy: ""Hé, Tim, dat lijkt leuk! Kunnen we erin?"" Tim zei: ""Ja, natuurlijk! We gaan het proberen!"" Dus gingen ze in de attractie zitten en deed Tim de stuurknuppels vast. En toen... TOE! De attractie begon te bewegen en ze waren op het water! Ze gingen overal heen, rondjes maken. Fluffy was zo leuk om te zien, hij had zo veel plezier!

Maar toen moesten ze opeens snel naar beneden. De attractie stopte plotseling en Tim en Fluffy kwamen hard op de grond terecht. Maar het was goed nieuws! Ze waren heel snel uit de attractie en Tim en Fluffy gingen nog een keer terug. En deze keer deden ze die ronddraaiende takel ook nog!"
96,meta-llama/llama-3.1-8b-instruct,6_7,"Wij waren op wintersport! Mijn broer en ik gingen naar de Alpen met onze ouders. We waren super blij om te gaan skiën en in een sneeuwhotel te slapen.

De eerste dag gingen we naar de berg en leerden we hoe je moet skiën. Mijn broer deed een paar flinke valpartijen, maar ik was heel snel en kon het al bijna helemaal goed doen!

Na de les gingen we naar beneden met de skilift. Dat was zo leuk! We zagen veel mooie plekken op de berg. Mijn broer zag een haas en riep: ""Hoe gaat het met de haas?"" Ik lachte en zei: ""Hij gaat goed, maar hij heeft geen skis.""

De volgende dag gingen we naar de berg en skaten we door de sneeuw. Het was zo mooi en we hadden veel plezier. Na de dag gingen we naar het hotel en hadden we een heerlijke hot chocolate.

Mijn broer zei: ""Dit is de beste dag van mijn leven!"" En ik zei: ""Ik vind het ook de leukste dag!"" We lachten en kusten elkaar. Het was echt een superdag!"
97,meta-llama/llama-3.1-8b-instruct,6_7,"Er was eens een klein konijntje dat de naam Benny had. Benny was een heel speciaal konijn, want hij kon vliegen! Hij had echter een klein probleem: hij kon alleen vliegen als hij zijn ogen dicht had.

Een keer was Benny op stap met zijn beste vriendin, een meeuw genaamd Lily. Ze waren op zoek naar een schuilplaats voor de regen. Benny vond een prachtige holte in een rots, maar Lily kon niet naar binnen omdat het te klein was.

Benny zei: ""Ik kan je helpen, Lily!"" Hij sloot zijn ogen en voelde zich plotseling gewichtloos. Met zijn ogen nog steeds dicht vloog hij naar binnen en deed een klein stapje opzij, zodat Lily kon binnenkomen.

Lily was heel dankbaar en vroeg Benny om te blijven slapen in de holte. Benny was blij om Lily te helpen en ze sliepen samen in de droge holte, tot de regen was opgehouden."
98,meta-llama/llama-3.1-8b-instruct,6_7,"We waren met de klas op schoolreis naar de dierentuin. Ik ging met mijn beste vriendin Emma naar de olifanten. We zagen ze eten en drinken. De olifant was enorm groot. Hij had een enorme snuit en een dikke huid.

Emma zei: ""Kijk, de olifant kan heel goed zien."" Ik zei: ""Ja, want hij heeft twee grote ogen."" De olifant wreef zijn ogen met zijn poot, alsof hij sliep.

We gingen naar de dolfinen. Ze zwommen rond in het water. Emma wilde dolfinen knuffelen, maar ze mochten niet op het water. Dus we gingen naar de hondjes. Die speelden allemaal met elkaar. Ik nam er een vast, het was een kleine hond met een rood vacht.

We hadden een lekkere dag, en toen we terug naar huis gingen, zaten we allemaal te lachen en te praten. Ik was heel blij dat ik met mijn klasgenoten was, en ik zag al uit naar onze volgende schoolreis!"
99,meta-llama/llama-3.1-8b-instruct,6_7,"Er was eens een klein konijntje dat in een grote bos woonde. Het konijntje heette Fluffy en het was erg lief. Fluffy had een vriend, een vogeltje genaamd Tweety. Tweety kon heel goed vliegen en hij nam Fluffy altijd mee op uitstapjes door het bos.

Een dag besloten Fluffy en Tweety om op avontuur te gaan. Ze liepen door het bos en kwamen bij een grote rivier. Fluffy kon niet zwemmen, maar Tweety kon wel. Tweety vloog over de rivier en kwam op de andere oever aan. Hij roepte tegen Fluffy: ""Kom maar, ik help je!""

Fluffy kwam aan en Tweety ving hem op met zijn vleugels. Toen ze veilig op de andere oever waren, gingen ze verder op hun avontuur. Ze kwamen bij een groot veld waar bloemen bloeiden. Fluffy en Tweety gingen er samen op spelen en ze hadden een heel leuk dagje."
100,meta-llama/llama-3.1-8b-instruct,6_7,"Er was eens een prinsesje met een prachtige lange blonde haar. Zij woonde in een mooi paleis met een grote tuin vol bloemen en een fontein met springende vissen. 

De prinsesje heette Sophia en zij hield van paardrijden. Sophia had een prachtig wit paard met een goudkleurige siering in zijn manen. Zij noemde hem Starlight.

Een dag ging Sophia naar de bosrand om Starlight te laten grazen. Daar ontdekte zij een klein, onzeker konijnje. Sophia nam het konijnje met haar mee naar huis en gaf het een warm bad en een lekker voer. Ze noemde het konijnje Luna.

Luna en Sophia werden dikke vrienden. Zij gingen samen op stap en ontdekten het geheim van de geheime tuin achter het paleis. Daar groeiden de mooiste bloemen en waren de smaakvolste fruitbomen. Sophia en Luna aten daar samen en dansten onder de sterren."
101,meta-llama/llama-3.1-8b-instruct,6_7,"We waren op schoolbezoek bij het dierentuin. Mijn beste vriendin Lisanne en ik wilden heel graag naar de leeuwen kijken. We liepen over een brug en toen, plotseling, kwam er een grote beer langs. Hij was zo groot en hij had een heel groot snuit.

Lisanne werd heel bang en ze klampte zich aan mij vast. Ik probeerde haar los te doen, maar ze wilde niet loslaten. De beer ging naar de leeuwen en we liepen ook naar de leeuwen. Lisanne liet me eindelijk los en we gingen naast elkaar staan om de leeuwen te kijken.

Toen we bij de tijger waren, zag ik de beer weer. En deze keer ging hij eerst naar de tijger en daarna naar de leeuwen. Lisanne keek heel bang en ik stond naast haar. Ik zei: 'Lisanne, de beer is heel groot, maar hij is niet gevaarlijk.' En toen keek Lisanne weer naar de dieren met mij."
102,meta-llama/llama-3.1-8b-instruct,6_7,"We waren op kamp. Mijn beste vriendin, Lisanne, en ik sliepen samen in een tent. We waren net gaan slapen toen we een schreeuw hoorden. Het was donker, dus we konden niets zien. We wisten niet wat het was.

Lisanne zei: ""Dat zal wel een hond zijn."" Maar ik wist dat het geen hond was. Het was te hoog. Ik kende de stem van een hond niet.

Toen hoorden we het nog eens. Dit keer was het dichterbij. We durfden niet te kijken. Ik vroeg: ""Wat is dat?"" Lisanne zei: ""Ik weet het niet.""

We bleven stil zitten. Toen hoorde ik nog een ander geluid. Het was een oude boom die in de wind bewoog. Het was de boom bij de tent naast ons. Dat was een opluchting.

Maar dan hoorden we het nog eens. En het was dichterbij. We durfden nog steeds niet te kijken, maar we wisten dat we moesten gaan kijken."
103,meta-llama/llama-3.1-8b-instruct,6_7,"We waren laat op school en moesten ons haasten om naar de speelplaats te komen. Op de speelplaats was het een leuke dag en iedereen wilde klimmen. Ik ging met Max en we wilden de glijbaan beklimmen. Max ging de eerste keer naar boven en ik ging de tweede keer. Toen ging ik van de bovenkant van de glijbaan naar beneden. Ik had een beetje te veel vaart en ik viel met mijn hand in het water.

Max had gelachen toen hij mijn hand zag in het water. Ik was wat boos, maar hij hielp me om mijn hand eruit te trekken. We gingen vragen of we mochten zwemmen. De leraar had gezegd dat we mochten zwemmen als we onze zwemklompen hadden aan. Naar de kleedkamer te rennen, om onze zwemklompen aan te trekken. We zwommen en genoten van het warme zonnetje. Na een tijdje ging de bel en moesten we naar de klas gaan."
104,meta-llama/llama-3.1-8b-instruct,6_7,"We waren op schoolbezoek bij de dierenboerderij. Mijn beste vriendin, Lente, en ik, waren samen naar binnen gegaan, om naar de schapen te kijken. Die waren erg mooi en leken zo vredig. Toen we bij de pony's waren, mocht Lente een pony rijden. Die eet enorm veel groente en graan. Mijn klasgenoot, Stijn, die erg leuk is, wilde ook een pony rijden, maar die stond heel dicht bij een gat in de omheining.

Stijn deed heel verstandig en zei: 'Moet ik echt door het gat? Want als ik dan val, kan ik gewond raken.' Zijn leraar, mevrouw De Wit, vond dat heel verstandig van hem. Ze wilde dat hij niet door het gat ging. Dus mocht hij niet door het gat. Hij mocht een andere pony rijden. En ik mocht hem helpen, om de pony te leiden. We hebben veel gelachen, toen we terug kwamen bij ons klasje. Het was echt een leuke dag!"
105,meta-llama/llama-3.1-8b-instruct,6_7,"Er was eens een leuke beer genaamd Bert. Bert had een mooie, rode snuit en hij was super sterk. Hij woonde in een mooie bos aan een rivier.

Bert hield van vissen, hij hield van zwemmen en hij hield van spelen met zijn vrienden. Maar Bert had een probleem, hij kon niet zwemmen. Bert wilde graag leren zwemmen, maar hij was te bang.

Een dag kwam er een vriend van Bert genaamd een vos. Die vos had een rode bril op en hij kon heel goed zwemmen. De vos zei: ""Hé Bert, wil je leren zwemmen?"" Bert zei: ""Ja, ik wil graag leren zwemmen!""

De vos begon met Bert op de rivier te zwemmen. Hij zei: ""Gooi je handen in het water en kom dan terug om adem te halen."" Bert deed precies wat de vos zei en hij lachte toen hij het deed. Na een tijdje kon Bert zwemmen."
106,meta-llama/llama-3.1-8b-instruct,6_7,"Er was eens een konijn met een prachtig getekend vachtje. Hij heette Fluffy en hij was heel slim. Fluffy woonde in een grote weiland vol met bloemen en velden waar hij kon rennen en spelen.

Een dag kwam er een stortbui met regen. De weilanden werden heel nat en Fluffy moest een schuilplaats zoeken. Hij rende heel snel naar zijn vriend, een eekhoorn genaamd Nutmeg. Nutmeg had een korte tunnel gemaakt in een boom en dat was de perfecte schuilplaats voor Fluffy.

Toen de regen ophield, besloten Fluffy en Nutmeg om door de tunnel te rennen. Het was zo leuk! Ze renden zo snel mogelijk door de tunnel en kwamen op de andere kant uit, met grote lachrimpels op hun gezichten. Vanaf dan was de tunnel hun favoriete plek om te spelen. En Fluffy en Nutmeg waren heel blij dat ze elkaar hadden ontmoet."
107,meta-llama/llama-3.1-8b-instruct,6_7,"Er was eens een eend die haar naam was Luna. Luna woonde in een prachtig meer vol met vissen en algen. Ze hield van zwemmen en spelen in het water. Maar Luna had een problemen, namelijk een paar lelijke, grote tanden die naar buiten staken.

Ze vond het eigenlijk heel erg zien. Ze wilde er niet aan kijken als ze in de spiegel keek. Een dag kwam er een oude eend langs die Luna leerde kennen. De oude eend heette Stella.

Stella had een heel klein, smal tandje dat naar buiten stak alsof ze grijnsde. Luna vond het heel leuk en vroeg aan Stella hoe ze dat deed. Stella vertelde dat ze altijd een klein stukje zacht brood tussen haar tanden hield en daar aan likte totdat het tandje klein genoeg was om niet meer zichtbaar te zijn.

Luna stapte meteen naar het water en ging naar beneden met een stukje brood. Ze hield dat tussen haar tanden en likte eraan totdat ze een klein tandje had. En nu kon Luna weer in de spiegel kijken zonder haar tanden te zien."
108,meta-llama/llama-3.1-8b-instruct,6_7,"Een keer ging ik met mijn vriendin Lise naar het park. We speelden buiten en liepen door de bloemen. Lise vond een prachtige lelie. Ik vroeg haar: ""Mag ik de lelie zien?"" En ze gaf hem aan mij! Ik was zo blij dat ik hem in mijn zak stak.

Toen kwamen we bij het oude eikenhouten gebouwje. Daar speelden andere kinderen met een houten autootje. We wilden ook spelen. Maar toen zagen we dat het autootje niet werkte. Toen kwam de huisknecht, hij wist hoe hij het autootje kon maken. Hij vertelde ons dat hij het autootje gemaakt had voor mijn vader toen hij klein was."
109,meta-llama/llama-3.1-8b-instruct,6_7,"Er was eens een konijn dat heerlijk kon rennen. Het was zo snel dat het in een oogwenk van de ene kant van het veld naar de andere kon rennen. Het konijn heette Flo.

Flo had een vriend, een vogel die kon vliegen. De vogel heette Sam. Sam en Flo waren beste vrienden. Sam kon van het ene eind van het veld naar het andere eind vliegen en Flo kon de afstand in een oogwenk rennen.

Een dag ging Sam en Flo op avontuur. Ze zochten naar een schat. Ze liepen door het veld en kwamen bij een groot, oud boom. Sam vloog omhoog en keek in de boom. ""Flo, ik zie iets glimmends!"" riep Sam.

Flo rende naar de boom en keek omhoog. Hij zag een glimmend schoteltje. Sam vloog naar beneden en pakte het schoteltje. ""We hebben de schat gevonden!"" riepen ze beiden.

Ze namen de schat mee en gingen terug naar hun dorp. Daar werden ze begroet als helden. Ze kregen een feest en een grote taart."
110,meta-llama/llama-3.1-8b-instruct,6_7,"Er was eens een magische eiland. Het was heel klein en lag in een grote oceaan. Op dit eiland woonde een prinses met een paard dat kon vliegen. Het paard heette Sneeuw.

De prinses en Sneeuw vlogen elke dag over het eiland om naar het strand te kijken. Ze zagen een klein schipje dat vastzat in een rots. Het schipje was van een klein vogeltje dat op avontuur was gegaan.

De prinses en Sneeuw besloten om het schipje te redden. Ze vlogen laag over het water en de prinses goot water uit haar fles om het schipje los te maken. Sneeuw kwam vervolgens met zijn vleugels en tilde het schipje op.

Het vogeltje was heel dankbaar en beloofde dat hij iets leuks zou doen om de prinses en Sneeuw te bedanken. Hij zong een liedje, en dat was zo mooi dat het water uit de zee omhoogkwam en een fontein vormde.

De prinses, Sneeuw en het vogeltje ging alles zien. Ze hadden een heel leuke dag op het eiland."
111,meta-llama/llama-3.1-8b-instruct,6_7,"We waren op schoolbezoek bij de dierentuin. Mijn beste vriendin, Lisanne, en ik, we wilden naar de leeuwen kijken. We liepen zo snel mogelijk langs de anderen en toen, plotseling, stonden we voor de leeuwen. Het leeuwenhok was zo groot dat we in het midden stonden, waar de leeuwen in de zon lagen. Ze keken ons niet eens aan. 

Lisanne zei dat ze graag een leeuw wilde aaien. Ik dacht dat het geen goed idee was, maar Lisanne ging toch naar de leeuw toe. Ze aaide hem op zijn kop en hij sloot zijn ogen alsof hij lekker zat. Hij was zo zacht als een kat. 

Toen we weggingen, zei Lisanne dat ze de leeuw ging adopteren. Ik dacht dat ze gek was, maar ze zei dat we hem thuis zouden houden, in een grote tuin. We zouden hem aaien en een bakje melk geven. Ik lachte hard en zei dat we niet genoeg geld hadden om een leeuw groot te brengen."
112,meta-llama/llama-3.1-8b-instruct,6_7,"We waren op schoolbezoek bij de dierenkas. Er waren veel dieren en ik vond het geweldig. Er was een hond met een lange, rode staart. Hij kwam naar me toe en likte mijn hand. Daarna ging ik naar de kippen. Ze hadden een grote bak met zand. Ze konden erin rennen en spelen. Ik vond het zo leuk.

De lerares zei dat we ook een praatje mochten maken met de aap. Hij heette Max. Hij was heel slim en kon zelfs rekenen. Hij deed een som en hij deed hem goed. Ik vond het heel erg leuk.

Na de schoolbezoek gingen we naar de kantine. Daar hadden we sandwiches en fruit. We mochten ook een ijsje hebben. Ik nam een smaak van appel. Het was lekker.

Toen we terug naar school gingen, vroeg ik mijn vrienden nog eens of ze het schoolbezoek leuk vonden. Iedereen vond het geweldig. We hadden een heel leuk dagje uit."
113,meta-llama/llama-3.1-8b-instruct,6_7,"Er was eens een prinses genaamd Sophia. Ze had een prachtige hof en een paard dat ze erg liefhad. Sophia ging vaak op pad om de wereld te verkennen. Ze had heel veel vrienden, zoals een konijn met een rode neus en een vogel met een geel borstje.

Op een dag besloot Sophia om naar een magische eiland te gaan. Ze wilde zien of het waar was dat er daar een eeuwige winter was. Sophia reed op haar paard en kwam bij een klein bruggetje. Toen ze erover ging, kwam ze terecht in ijs. Haar paard schrok en slaagde er niet in om uit het ijs te springen.

De konijn met de rode neus en de vogel met het geel borstje kwamen haar helpen. Samen sleepten ze haar paard naar de overkant van de brug. Sophia wilde nu echt naar het eiland. Ze reed weer verder en het was heel koud. Toen ze eindelijk het eiland bereikte, viel de sneeuw. Maar Sophia was aan het lachen en zei: ""Dit is de leukste sneeuwdag van mijn leven!"""
114,meta-llama/llama-3.1-8b-instruct,6_7,"Er was eens een konijn genaamd Benny. Benny was een heel speciaal konijn omdat hij kon vliegen. Ja, je hebt het goed gehoord! Vliegen! 

Benny had een kleine parachute die hij bij zich droeg. Hij had hem van zijn vader gekregen, die een oud vlieger was geweest. Benny vond het geweldig om hoog boven de grond te zweven. Hij keek de wereld onder zich en voelde zich superster.

Een dag besloot Benny om een reis naar de zee te maken. Hij liep naar de zee, bond zijn parachute om zijn rug en sprong van een klip naar beneden. Hij zweefde over de golven en zag vissen die onder hem zwommen.

Benny vond het zo spannend dat hij besloot om een klein bootje te zoeken. Hij vond een klein bootje en sprong op. Hij wist niet hoe hij moest zeilen, maar hij wist dat hij het zou leren.

Benny zonk door toeval in een grot en vond een schat van goud en juwelen. Hij nam ze mee en ging terug naar huis. De andere konijnen waren jaloers op hem en vroegen hem hoe hij de schat had gevonden. Benny lachte en zei dat hij het niet zou zeggen."
115,meta-llama/llama-3.1-8b-instruct,6_7,"Ik had gisteren een fantastisch avontuur. Ik ging met mijn beste vriend Tim op een uitstapje naar het bos. We hadden onze fietsen gesmeerd en waren van plan om naar de grote rots te fietsen. Die rots is bijna op de top van een heuvel en je kunt vanaf daar heel ver kijken.

Toen we aankwamen, zagen we een klein konijnje. Het was zo klein dat we dachten dat het een puppy was. Maar toen we dichterbij kwamen, zag ik dat het een konijnje was. Het was zo schattig met zijn lange oren en zijn bruine ogen.

Ik ging heel dichtbij het konijnje en het bleef gewoon liggen. Ik dacht dat het misschien bang was, maar Tim zei dat het gewoon naar me keek. Toen ik weer bij de rots was, keek ik of het konijnje nog steeds lag. Ja, het lag er nog steeds en keek naar me. Ik vond het zo leuk om naar dat kleine konijnje te kijken."
116,meta-llama/llama-3.1-8b-instruct,6_7,"Er was eens een konijn genaamd Flopsy. Flopsy was heel snel en had een heel groot plezier in rennen. Hij woonde in een grote, groene tuin met veel bloemen en bomen.

Flopsy had een beste vriend die een vogel was, genaamd Tweety. Tweety kon heel luid en heel lekker zingen. Hij kon met zijn vleugels vliegen en Flopsy vond het heel spannend om naar hem te kijken. 

Een dag, toen Flopsy en Tweety aan het spelen waren, zagen ze een grote, rode appel hangen aan een boom. De appel was zo groot dat ze denken dat het een bal was. Flopsy en Tweety besloten de appel te halen. Maar toen ze erbij gingen, vielen ze uit de boom. Flopsy was heel boos tegen Tweety, maar toen begon Tweety te lachen en te zingen. Flopsy moest lachen en het was een heel leuk moment."
117,meta-llama/llama-3.1-8b-instruct,6_7,"Er was eens een prinses die een heerlijke hond had genaamd Max. Max was zo snel dat hij kon rennen als de wind en hij kon een ballon vasthouden in zijn bek.

Een dag ging de prinses naar de markt om brood te kopen. Toen ze weg was, kwam een snode wolf in de tuin van de prinses. De wolf zag Max liggen en dacht: ""Als ik Max kan vangen, kan ik de prinses ook vangen zonder dat ze me ziet!""

Maar Max hoorde de wolf en sprong op. Hij rende zo snel dat hij de wolf kon inhalen en gaf hem een harde knauw in zijn achterwerk. De wolf viel op de grond en de prinses kwam terug en vond de wolf liggen.

Ze zei tegen de wolf: ""Als je ooit weer in mijn tuin komt, zal Max je niet laten ontsnappen!"" En de wolf ging weg en kwam nooit meer terug. En de prinses en Max waren gelukkig samen."
118,meta-llama/llama-3.1-8b-instruct,6_7,"Er was eens een konijn met een aparte neus. Deze neus rook altijd naar iets zoets. Het konijn vond het heel erg leuk om zoetigheden te vinden. 

Elke dag ging het konijn op ontdekkingstocht door het bos. Het konijn rookde met zijn neus op alle mogelijke plekken. Soms rook hij een appel, soms een notenboom. 

Een keer vond hij een hele hoop honing. Hij was zo blij dat hij bijna uit zijn vel sprong. Hij propte zijn bek vol honing en ging terug naar zijn hol. 

Maar toen hij terugkwam, was zijn neus nog steeds zoet. Hij rookde nog eens en vond uit dat de honing op zijn neus zat! Hij moest lachen en lachte heel hard."
119,meta-llama/llama-3.1-8b-instruct,6_7,"Er was eens een leuk konijntje. Het konijntje heette Benny. Benny woonde in een grote tuin vol bloemen en groeneblaadjes. Benny hield van spelen en lopen. Hij had een beste vriend, een vogeltje. Het vogeltje heette Piet. Piet kon vliegen en was super snel.

Een dag ging Benny zitten in zijn favoriete bak, want het was erg warm. Piet vloog boven hem heen en zei: ""Hé Benny, laten we gaan zwemmen!"" Benny kon niet zwemmen, maar hij wilde wel graag meegaan. Piet zei: ""Maak je geen zorgen, ik zal je helpen!""

Piet legde Benny op zijn rug en ging met hem zwemmen. Benny vond het superleuk en Piet vond het ook leuk. Ze zwommen samen rond de vijver. Benny was blij dat hij met Piet kon spelen.

Als het warm was gingen Benny en Piet altijd zwemmen. Benny was blij dat hij een vriend had zoals Piet. Piet vond Benny ook superleuk en wilde nooit weggaan. Benny en Piet waren de beste vrienden in de tuin."
120,meta-llama/llama-3.1-8b-instruct,6_7,"Er was eens een prinsesje met een prachtig, rood haarkapsel. Ze heette Prinses Roos. Prinses Roos woonde in een prachtig paleis met een grote tuin vol bloemen en een meer waarin ze vaak haar favoriete paard, een witte hengst genaamd Zilver, liet zwemmen.

Deze zomer was warm en droog, en de tuin van het paleis begon uit te drogen. De bloemen stierven af en het meer droogde uit. De koning en koningin waren heel verdrietig. Prinses Roos besloot om zelf op zoek te gaan naar een oplossing voor het watergebrek.

Zij ging naar de dichtstbijzijnde rivier en vroeg aan de rivier zijn advies. De rivier vertelde haar dat hij samen met zijn vrienden, de wolken, de regen kon laten vallen. Prinses Roos vroeg of ze samen met hen kon helpen. Samen met de rivier en de wolken deed Prinses Roos alles wat ze konden om de regen te laten vallen. En zo kregen ze alles wat ze nodig hadden: water in de tuin van het paleis."
121,meta-llama/llama-3.1-8b-instruct,6_7,"We waren op schoolbezoek bij het dierentuin. Ik ging met mijn beste vriendin Sophie en mijn broer Max. We zagen heel veel dieren. Er was een leeuw, een olifant en zelfs een neushoorn. 

Toen we bij de olifant waren, kregen we een lepel met appelstukjes om hem te voeren. De olifant likte de appelstukjes af. We vonden hem zo leuk. 

Later zagen we een neushoorn met een klein baby-neushoorn. Het baby-neushoorn was zo klein, hij was nog niet groot genoeg om zelf op zijn poten te staan. 

Mijn broer Max stak zijn hand uit en de neushoorn likte hem met zijn lange neus. Sophie en ik vonden het een beetje eng, maar Max vond het superleuk. Toen we naar huis gingen, vroegen we onze ouders of we nog een keer naar de dierentuin mochten gaan."
122,meta-llama/llama-3.1-8b-instruct,6_7,"Er leefde eens een prinses met een prachtig, lang haar dat glansde als de zon. De prinses was erg lief en ze hield van alle dieren. Ze had een pony en een hond en ze nam ze altijd mee als ze naar buiten ging.

De prinses woonde in een prachtig kasteel met een grote tuin vol bloemen en bomen. Maar er was ook een kwaadaardige fee die de prinses graag wilde haten. De fee wou dat alle dieren verdwenen en dat de tuin niet meer mooi was.

Een dag ging de prinses naar de tuin met haar pony en hond. Toen ze daar aankwam, zag ze dat alle bloemen verdwenen waren en de bomen waren kaal. De prinses was heel verdrietig. Maar toen hoorde ze een klein, zacht stemmetje. Het stemmetje zei: ""Hallo, ben jij de prinses? Ik ben een kleine fee die de tuin wil helpen.""

De prinses glimlachte en zei: ""Ja, ik ben de prinses. En jij kan me vast helpen."" De kleine fee zei: ""Ja, ik kan helpen. Ik kan alle dieren terugroepen en de tuin weer maken zoals hij vroeger was.""

De prinses was heel dankbaar en ze zei: ""Dank je wel kleine fee! Je bent een echte vriendin!"" En de kleine fee zei: ""Graag gedaan, prinses!"""
123,meta-llama/llama-3.1-8b-instruct,6_7,"Er was eens een kanarie genaamd Sunny. Sunny woonde in een klein huisje in een prachtig park. Elke dag ging Sunny op avontuur door het park om te spotten waar hij op kon eten. Hij vond altijd de lekkerste grashieren en bloemen.

Een keer kwam er een harde storm. De wind was zo sterk dat de bladeren en takken van de bomen wervelden door de lucht. Sunny was bang en vluchtte naar zijn huisje. Hij kroop in zijn nestje en sloot zijn ogen.

Maar toen hij zijn ogen opende, zag hij dat zijn huisje onder water stond. De regen had zijn nestje overspoeld en hij was nat en koud. Sunny was bang en wiegde van links naar rechts met zijn staart.

Net op tijd kwam er een vriendelijke vink die zijn huisje inspecteerde en Sunny tegenkwam. De vink zei tegen Sunny: ""Wat ben je toch bang"". Sunny zei: ""Mijn huisje is onder water"". De vink antwoordde: ""Maak je geen zorgen, ik weet een plek waar we droog zullen zijn"".

Sunny en de vink vlogen naar een grote boom en klommen ergens omhoog. Daar was het lekker droog en warm. Sunny voelde zich meteen beter. De vink zei: ""Je mag bij mij in de boom wonen, dan zijn we droog en veilig"". Sunny was heel dankbaar en hij en de vink werden goede vrienden."
124,meta-llama/llama-3.1-8b-instruct,6_7,"Er was eens een meeuw met een rood verenkap. Hij heette Meeuwie. Meeuwie woonde op een eiland in de zee. Hij had een vriend, een zeehond genaamd Zeezo. Zeezo was super lief en ging altijd met Meeuwie op avontuur.

Een dag vonden Meeuwie en Zeezo een oude, goudkleurige zak op het strand. Ze keken elkaar aan en dachten: ""Wat is dit?"" Meeuwie pakte de zak op en Zeezo zei: ""Jeetje, Meeuwie, je zult zeker een juweeltje vinden!""

Meeuwie begon de zak te zoeken en vond een glinsterend parel. Zijn ogen werden groot! ""Ooh, Zeezo! Kijk hier!"" riep hij. Zeezo was ook heel blij en samen verdwenen ze in de zee om de parel te verkopen. Ze kochten hiervan een goudkleurig kasteel op het eiland.

Vanaf dat moment woonde Meeuwie in het kasteel en werd hij de rijkste meeuw van het eiland. Hij en Zeezo gingen door het leven als de beste vrienden en hadden nog veel meer avonturen."
125,meta-llama/llama-3.1-8b-instruct,6_7,"Er was eens een prinses die een magische hond had. Hij heette Max en hij was heel snel. De prinses en Max gingen veel op avontuur. Ze gingen in de bos en zochten naar een schattige konijntje dat dood was gevallen. Max vond het konijntje en bracht het naar de prinses.

De prinses hield van de konijntje en wilde het genezen maken. Ze ging naar de wijze oude vrouw die in het bos woonde. De wijze oude vrouw gaf de prinses een poeder om het konijntje te genezen te maken. Maar ze moest het poeder in de bloemen van een speciale plant strooien.

Max ging met de prinses naar de plant en zij strooide het poeder in de bloemen. Toen ze terug waren ging het konijntje overeind staan en sprong weg. Het konijntje was genezen! De prinses en Max waren heel blij. Ze gingen nog meer op avontuur en hadden nog veel meer leuke dingen."
126,meta-llama/llama-3.1-8b-instruct,6_7,"Er was eens een klein hondje genaamd Max. Max was een roodbruin hondje met een witte vlek op zijn neus. Hij woonde bij een meisje genaamd Lieve en haar familie.

Max hield van spelen en rennen, maar hij hield ook van slapen. Elke avond ging hij met Lieve naar bed en sliep hij naast haar. Een dag vond Max een klein, oud hondje onder de boom in de tuin. Het hondje heette Rufus en hij was heel oud.

Max nam Rufus in huis en hij werd een nieuwe vriend van Lieve. Samen gingen ze spelen en rennen. Rufus was heel slim en hij wist veel dingen die Max nog niet wist.

Max en Rufus waren heel goede vrienden geworden en Lieve hield van hen allebei. Ze speelden samen elke dag en Lieve was heel gelukkig. Max was blij dat hij Rufus had gevonden en hij was dankbaar voor de nieuwe vriend."
127,meta-llama/llama-3.1-8b-instruct,6_7,"Er was eens een konijn dat heette Benny. Benny was een erg slim konijn. Hij woonde in een prachtige tuin vol bloemen en bomen.

Een dag ging Benny op avontuur. Hij liep door de tuin en kwam bij een klein meer. Daar zat een vis die zei: ""Hallo Benny, kom je hier te kijken?""

Benny zei: ""Ja, ik kom kijken. Wat doe je hier?""

De vis zei: ""Ik zit hier en wacht op mijn vrienden. We gaan vissen.""

Benny zei: ""Dat klinkt leuk! Mag ik mee?""

De vis zei: ""Ja, natuurlijk mag je mee!""

Samen gingen Benny en de vis op zoek naar vis. Ze vonden veel vis, maar Benny wist niet hoe hij ze moest vangen. De vis zei: ""Maak je geen zorgen, ik zal je leren hoe je moet vissen.""

En zo leerde Benny hoe hij vis moest vangen. Hij was zo blij dat hij kon vissen met zijn nieuwe vriend."
128,meta-llama/llama-3.1-8b-instruct,7_8,"Er was eens een prinsesje genaamd Sophia. Ze was heel mooi en had een prachtige blauwe jurk aan. Sophia woonde in een prachtig paleis met haar ouders, de koning en koningin. Maar Sophia was niet zoals andere prinsessen. Ze hield van avonturen en wilde graag de wereld zien.

Een dag besloot Sophia uit het paleis te glippen en te zien wat er buiten was. Ze liep door de tuin en kwam bij een klein bos. Daar ontmoette ze een vriendelijke konijn die zei dat hij haar wilde helpen om de wereld te zien.

Samen gingen ze op een avontuurlijke reis door het bos, over de rivier en door de heuvels. Sophia zag dingen die ze nooit eerder had gezien en maakte veel nieuwe vrienden. Toen ze terug moest naar het paleis, vroeg Sophia aan de konijn om met haar mee te gaan.

Maar de konijn zei dat hij niet naar het paleis kon, want hij was een konijn en daar hoorden ze niet. Sophia besloot om de konijn naar het paleis te brengen en haar ouders te vragen of ze hem kunnen helpen. En dat deed ze. Nu mag de konijn altijd bij Sophia zijn en samen gaan ze op avontuur door het land."
129,meta-llama/llama-3.1-8b-instruct,7_8,"Een keer, toen ik met mijn familie op vakantie was, gingen we naar een klein eilandje in de zee. Het was heel erg mooi daar, met blauw water en zandstrand. Mijn broer en ik wilden gaan zwemmen, dus gingen we naar het strand. 

Mijn broer wilde heel diep zwemmen, maar ik was bang. Hij zei dat hij zou wachten tot ik beneden was, toen hij plotseling verdween onder water. Ik was heel bang en ging terug naar onze tent om te vertellen wat er gebeurd was. 

Mijn ouders gingen hem zoeken en na een poosje kwamen ze terug met mijn broer. Hij had een vis in zijn hand! Mijn broer had een heel grote vis uit de zee gevist. We gingen allemaal terug naar de tent om thee te drinken en te praten over de vis."
130,meta-llama/llama-3.1-8b-instruct,7_8,"Er was eens een prinses met een heel speciale fles. De fles was heel mooi en had een roze kleur met zilveren draden eromheen. De prinses bewaarde de fles in een schatkist in haar kasteel.

Een dag kwam een magische vogel naar het kasteel. De vogel was heel mooi met glinsterende veren. De vogel zei: ""Ik ben hier om de fles te vinden. Als je de fles geeft, zal ik je één wens laten uitkomen.""

De prinses was verbaasd, maar ze wilde heel graag één wens laten uitkomen. Dus gaf ze de fles aan de vogel. De vogel vloog weg en de prinses wachtte op haar wens.

Na een tijdje kwam de vogel terug en zei: ""Je wens kan nu uitkomen. Wat wil je?""

De prinses dacht even na en zei toen: ""Ik wil dat alle dieren in het land vrienden met elkaar zijn.""

De vogel vloog weg en de prinses wachtte op wat er zou gebeuren. En opeens, op het hele land, hoorden ze gelach en gepraat van dieren die elkaar vriendelijk begroetten."
131,meta-llama/llama-3.1-8b-instruct,7_8,"Er was eens een kleine drakendanser genaamd Flikker. Flikker had grote, glanzende ogen en een rode staart. Hij hield heel veel van dansen, met name drakendansen. 

Iedere ochtend zette hij de wekker vroeg, dan nam hij een douche, trok zijn mooiste drakendans uitdossing aan en ging naar de drakendansschool. Daar leerde hij van de meest goede drakedansers van het land. 

Toen Flikker eenmaal een van de beste drakedansers was, besloot hij om aan de drakendanswedstrijd deel te nemen. Iedereen in het land was dol op deze drakendanswedstrijd en iedereen wilde er deel van uitmaken. 

Flikker was heel bang dat hij niet zou winnen, maar toen hij op het podium stond te dansen, voelde hij plotseling de drakendansbezems op zijn rug. Hij voelde zich vliegend en danste zo mooi als hij maar kon. Toen hij klaar was met dansen, begon het publiek te juichen."
132,meta-llama/llama-3.1-8b-instruct,7_8,"Er was eens een meisje dat heette Luna. Ze had een paard genaamd Star dat zwart was als de nacht en met een ster op zijn voorhoofd. Luna en Star waren beste vrienden en gingen samen op avontuur in het bos.

Een dag kwamen ze een klein huisje tegen. Het was erg klein en er was een klein raam met een rood gordijn. Luna vroeg aan Star: ""Wat zullen we doen?"" Star brulde en het gordijn ging open. Er kwam een klein meisje uit met een rode muts op haar hoofd.

""Hallo!"" zei het meisje. ""Mijn naam is Rosie. Ik woon hier met mijn kat, Mr. Whiskers."" Luna en Rosie werden vriendinnen en speelden met Star en Mr. Whiskers. Ze speelden verstoppertje en renden door het bos.

Toen het donker werd, ging Luna en Rosie naar het huis van Luna. Star ging trouw achter hen aan. Ze zaten bij het haardvuur en vertelden verhalen over hun avontuur. En vanaf dat moment, waren Luna, Rosie, Star en Mr. Whiskers de beste vrienden van elkaar."
133,meta-llama/llama-3.1-8b-instruct,7_8,"Er was eens een kleine drakendanser genaamd Flikker. Flikker woonde in een klein dorpje waar hij met zijn vrienden de hele dag door de straten danste. Hij had een klein, glimmend schort om zijn middel, waarop alle kleuren van de regenboog waren geschilderd.

Een dag kwam een magische draak naar het dorpje. Deze draak kon vliegen en hij was donkerblauw van kleur. Hij had enorme vleugels en hij kon met zijn staart de grond beven. Hij heette Storm en hij kwam naar het dorpje om te zien hoe goed de kinderen konden dansen.

Flikker en zijn vrienden begonnen meteen te dansen. Ze sprongen en draaiden en maakten allerlei grappen. Storm was zo onder de indruk dat hij vroeg of hij een danspartner mocht zijn. Flikker was blij en hij nam Storm aan de hand en samen begonnen ze te dansen.

Samen dansend maakten Flikker en Storm een spectaculair stuk. De anderen keken vol verbazing toe hoe de kleine drakendanser en de grote draak in perfecte harmonie dansten."
134,meta-llama/llama-3.1-8b-instruct,7_8,"Er was eens een koningin met een prachtig paard dat goud en juwelen droeg. Ze noemde haar paard 'Zilverstroom'. De koningin reed overal op Zilverstroom. Ze liet haar paard in de stal slaap en gaf het de mooiste voeding.

Een dag ontdekte de koningin dat er een klein, bruin paard in de stal stond. Het paard heette 'Vliegende Ster'. Ze vroeg de staljongen wie dat paard was en waarom het daar stond. De staljongen vertelde dat Vliegende Ster een paar jaar geleden in de stal was gekomen. Niemand wist wie de eigenaar van het paard was.

De koningin had medelijden met Vliegende Ster. Ze besloot om het paard te adopteren. Daarom verbeterde ze de stal waar Vliegende Ster sliep en gaf het paard de beste voeding. Vliegende Ster was zeer dankbaar voor de zorg van de koningin."
135,meta-llama/llama-3.1-8b-instruct,7_8,"Er was eens een klein bosvogeltje. Het was heel klein en had een prachtige groene vleugel. Het vogeltje heette Pip. Pip woonde in een klein nest hoog in een boom. 

Pip hield van vliegen, maar er was een probleem. Pip kon niet vliegen zo hoog als de anderen vogels, omdat het vogeltje te klein was. 

Pip voelde zich ellendig en wilde heel graag vliegen zoals de andere vogels. Maar Pip was niet bang, want Pip wist dat er altijd een oplossing is. 

Een oude vogel zag Pip en sprak: ""Pip, ik weet waarom je niet kunt vliegen zo hoog als de anderen vogels."" ""Waarom?"" vroeg Pip. ""Je moet meer kracht krijgen, dan kun je vliegen als een echte vogel."""
136,meta-llama/llama-3.1-8b-instruct,7_8,"Er was eens een konijn genaamd Flopsy. Hij had een vriendje, een konijn genaamd Benjamin. Ze waren erg dikke vrienden. Ze gingen vaak samen op avontuur in de bosjes.

Een keer ontdekte Benjamin dat hij kon leren te vliegen! Hij had een paar magische vleugels gekregen en hij was superproud. Hij vloog hoog boven de boomtoppen en riep uit: ""Ik kan vliegen! Ik kan vliegen!""

Flopsy was heel onder de indruk. Hij wilde ook vleugels hebben. Maar aan Benjamin vroeg hij: ""Hoe doe je dat eigenlijk?"" Benjamin vertelde hem dat hij de vleugels nodig had om te leren vliegen en dat hij er heel hard aan moest trainen.

Flopsy ging met Benjamin trainen. Ze vlogen over het bos en keken naar de vogels. Flopsy probeerde het ook, maar hij vloog niet zo goed als Benjamin. Benjamin sloeg hem op de rug en zei: ""Gefeliciteerd, Flopsy! Jij bent ook een konijn die kan vliegen!""

Vanaf die dag waren Benjamin en Flopsy de beste vliegende konijnen in het bos. Ze vlogen elke dag en maakten de mooiste vluchten ooit."
137,meta-llama/llama-3.1-8b-instruct,7_8,"Er was eens een klein konijntje dat in een prachtige groene weide woonde. Het konijntje heette Rosie en het was erg lief en zacht. Rosie had een heel speciale gave: ze kon prachtige bloemen laten groeien met één snuit. Ze gebruikte deze gave om de weide prachtig te maken.

Een dag kwam er een zware regenbui. De regen was zo hard dat de rivier buiten de weide overliep. De andere dieren waren bang en zochten beschutting. Maar Rosie was niet bang. Ze gebruikte haar gave om de rivier te laten verdwijnen. Met één snuit groeide er een prachtige bloem, die de rivier opslokte.

Nu was de weide droger dan ooit. De andere dieren waren erg dankbaar en zei allen dat Rosie een echte held was. Vanaf toen noemden ze Rosie de Bloemheld. Rosie bleef in de weide wonen en plantte nog veel meer bloemen. De weide was nu nog mooier dan ooit en alle dieren liepen er met plezier rond."
138,meta-llama/llama-3.1-8b-instruct,7_8,"We waren op schoolbezoek bij een boerderij. We konden paardrijden en de kippen en varkens zien. Maar ik was nieuwsgierig naar de grote donkere schuur. De leerkracht zei dat dat de schuur was waar de oude boer zijn paarden stalde. We mochten niet naar binnen, maar ik was nieuwsgierig.

Toch ging ik naar binnen. Het was heel donker en er hing een rare geur. Maar toen ik een beetje naar voren liep, zag ik een prachtig paard. Het was zo groot en zo sterk. Maar toen ik naar het paard liep, hoorde ik een stem. De oude boer stond achter me en hij zei: ""Ah, je vindt mijn paard leuk, hè?"" Ik was zo bang, maar het paard kwam naar me toe en ik stond op zijn rug. We liepen door de schuur en de oude boer vertelde me dat dit zijn beste paard was. Hij heette Apollo en hij was zo snel. We renden door de schuur en ik had zo veel plezier. Toen mocht ik weer terug naar klas."
139,meta-llama/llama-3.1-8b-instruct,7_8,"Er was een keer een leuke hond genaamd Max. Max was een witte hond met een groene bal die hij altijd bij zich had. Hij woonde bij een oudere man die veel tijd thuis doorbracht.

Max was erg slim en kon bijna alles leren. Hij kon zelfs het sleuteltje van de voordeur vinden en de postbode welkom heten. Maar Max' favoriete activiteit was naar de school van zijn beste vriend, een jongen genaamd Lucas, gaan kijken.

Lucas was erg blij dat Max kwam kijken en hij liet hem altijd zijn schoolboeken zien. Max was erg geïnteresseerd in de boeken en hij kon zelfs de letters en cijfers lezen. Hij was echter nog niet in staat om te schrijven.

Een dag gebeurde er iets heel bijzonders. Lucas' teacher had een puzzel uitgedeeld en Lucas had geen tijd om hem op te lossen. Max zag zijn kans en begon de puzzel te ontgrendelen. Met een beetje moeite lukte het hem om de puzzel op te lossen en hij werd met een grote beloning beloond."
140,meta-llama/llama-3.1-8b-instruct,7_8,"Een keer ging ik met mijn familie naar de zee. We gingen met de boot naar een eiland in de zee. Het was een klein eilandje met heel veel zand en rotsen. We gingen zwemmen en speelden in het zand.

Ik zocht naar schelpen en keien. Mijn zus vond een grote schelp. Ze was heel trots en liet hem aan alle mensen zien. Mijn broer ging snorkelen en zag vissen. Hij was heel opgewonden en zei dat hij een groot visje had gezien.

Toen het eind van de dag was, gingen we terug naar de boot. We waren moe maar gelukkig. We zaten op de boot en zeilden terug naar het vasteland. Mijn zus begon te zingen en allemaal kwamen we mee. We zongen over de zee, de zon en de wind.

We waren heel blij dat we naar het eiland waren geweest. We wilden snel weer terug om nog een keer te kijken naar de zee."
141,meta-llama/llama-3.1-8b-instruct,7_8,"Er was eens een magische eiland. Het lag midden in de zee en was zo mooi dat je niet kon geloven dat het echt was. Alles was zo groen en blauw en rood. De bomen waren zo hoog dat ze de wolken raakten en de vogels zongen zo mooi dat je tranen in je ogen kreeg.

Op dit eiland woonde een klein meisje genaamd Luna. Ze had lang, donker haar en blauwe ogen. Ze was een beetje een mysterieus kind, want ze kon praten met dieren. Ja, je hoort het goed! Ze kon praten met dieren!

Een dag ging Luna op avontuur door het eiland. Ze liep door het bos en kwam een grote olifant tegen. De olifant heette Ollie en hij was zo groot dat hij de boomstronken kon kraken. Luna praatte met Ollie en Ollie vertelde haar over een verborgen grot waar de meest prachtige parels in lagen.

Luna en Ollie gingen samen op zoek naar de grot. En toen ze er eindelijk waren, vonden ze de mooiste parels die Luna ooit had gezien. Ze waren blauw en rood en groen en glansden in het zonlicht. Luna was zo gelukkig dat ze een kus gaf aan Ollie en zei: ""Dank je wel, Ollie! Dit is de mooiste dag van mijn leven!"""
142,meta-llama/llama-3.1-8b-instruct,7_8,"Er was eens een magische bos met prachtige bloemen en bomen. In dit bos woonde een prinses met een prachtige roze mantel en een paard met een glanzende hals. De prinses heette Luna en ze was erg lief voor alle dieren in het bos.

Een dag kwam een kleine eekhoorn naar Luna's paleis en vroeg om hulp. Zijn moeder was ziek en hij had niets om haar te genezen. Luna zei ""Ik heb een idee"" en gaf de eekhoort een klein potje met een speciale drank. Ze zei dat hij dat aan zijn moeder moest geven.

De eekhoort rende snel naar zijn moeder en gaf haar de drank. Na een paar minuten kwam de moeder van de eekhoort weer op en was helemaal beter. De eekhoort was erg dankbaar en beloofde Luna dat hij altijd voor haar en het bos zou zorgen.

Vanaf toen waren Luna en de eekhoort de beste vrienden en ze maakten veel leuke dingen samen in het magische bos."
143,meta-llama/llama-3.1-8b-instruct,7_8,"Er was eens een prinses genaamd Sophia. Ze had een paard dat ze heel graag rijdde. Een dag besloot Sophia om het bos in te gaan, waar een prachtig veld vol bloemen lag. Toen ze bij het veld was, zag ze een klein, schattig konijn dat op een bloem zat.

Sophia voelde medelijden met het konijn, want het leek verdwaald te zijn. Ze stapte af haar paard en liep naar het konijn toe. ""Hallo, kleine vriend,"" zei ze vriendelijk. ""Hoe kom je hier?""

Het konijn vertelde Sophia dat het een klein koninkrijk had dat heel ver weg lag, en dat het was uitgegroeid. Het konijn vroeg Sophia of ze hem zou helpen vinden. Sophia stemde toe, en samen zochten ze het koninkrijk. Uiteindelijk vonden ze het terug, en de koning van het koninkrijk beloonde Sophia met een geschenk van een prachtige sterrenkroon.

Sophia ging terug naar haar paard en reed met een grote glimlach op haar gezicht naar huis."
144,meta-llama/llama-3.1-8b-instruct,7_8,"Er was eens een jonge hond genaamd Max. Hij was een labrador en hij was superenthousiast. Max hield van alles: lopen, rennen, spelen en zijn baasje aaien.

Een dag ging Max met zijn baasje naar de zandvloer bij het strand. Max was zo opgewonden dat hij niet stil kon zitten. Hij sprong en sprong op de zandvloer, terwijl zijn baasje probeerde hem te kalmeren. Toen Max eindelijk stil was, zag hij een klein vogeltje dat op de grond zat.

Max wilde dolgraag het vogeltje aaien, maar hij wist niet hoe hij dichtbij kon komen zonder het vogeltje weg te jagen. Dus dacht Max: 'Ik ga gewoon heel voorzichtig zijn.' Max sloop heel dicht naar het vogeltje toe en aaide het voorzichtig met zijn neus. Het vogeltje kwam niet weg en Max was supergelukkig."
145,meta-llama/llama-3.1-8b-instruct,7_8,"Er was eens een tandenstoker met een speciale gave. Hij kon praten en kon praten heel snel. Hij was erg slim en hij wilde graag een held worden. De tandenstoker zei tegen zichzelf: ""Ik zal de tanden van alle mensen in de stad schoonmaken en ze een glimlach geven"".

Hij ging naar de tandarts en vroeg of hij met hem mee kon. De tandarts zei: ""Ja, ik kan je helpen"". Samen gingen ze van tandart op tandart en de tandenstoker schoonmaakte alle tanden. Toen hij klaar was, zeiden de mensen: ""Dank je wel, tandenstoker! Je hebt ons een glimlach gegeven"".

Maar de tandenstoker wilde nog een stap verder gaan. Hij zei tegen de tandarts: ""Ik wil een prins worden en een prinses helpen om een tandenstoker te maken"". De tandarts zei: ""Dat is een goed idee"". Samen gingen ze naar de prinses en de tandenstoker maakte een tandenstoker voor haar.

De prinses was erg blij en zei: ""Dank je wel, tandenstoker! Je bent een ware held"". De tandenstoker en de prinses werden goede vrienden en hij bleef haar tanden schoonmaken. En de tandenstoker woonde eindelijk in het koninklijke paleis, waar hij graag zijn tandenstokkerig werk deed."
146,meta-llama/llama-3.1-8b-instruct,7_8,"Er leefde een prinses in een prachtig kasteel. Ze heette Sophia en ze had lang, rood haar. Sophia was erg lief en hielp altijd anderen.

Een dag ging Sophia naar de stad om brood te kopen. Onderweg zag ze een klein vogeltje op de grond liggen. Het vogeltje kon niet opstaan en Sophia wist wat ze moest doen. Ze nam het vogeltje in haar hand en nam het mee naar huis.

Toen ze terugkwam bij het kasteel, vertelde ze aan de hofdame dat ze een vogeltje had gevonden. De hofdame was erg trots op Sophia en nam het vogeltje ook in haar hand. Toen ze het vogeltje in haar hand hield, voelde ze een klein beetje warmte. Plotseling sprong het vogeltje op haar schouder en begon te zingen.

Toen Sophia en de hofdame het zongen van het vogeltje hoorden, werd het hele kasteel wakker. Alleen de prins, Sophias broer, sliep nog. Sophia en de hofdame gingen naar hem toe en vertelden hem over het vogeltje. De prins gaapte, maar toen hij wakker was, ging hij ook naar buiten om het vogeltje te zien.

Toen hij het vogeltje zag, werd hij ook zo enthousiast dat hij begon te dansen. Sophia en de hofdame begonnen ook te dansen. Het hele kasteel was nu wakker en iedereen danste."
147,meta-llama/llama-3.1-8b-instruct,7_8,"Er was eens een konijn die heette Benny. Benny was een leuk konijn met een rode neus en een witte staart. Hij woonde in een groot veld vol bloemen en gras.

Benny hield van avonturen. Hij ging altijd op ontdekkingstocht in het veld. Eén dag ontdekte hij een klein poeltje water. Benny was nevermeer nieuwsgierig en besloot om het water te verkennen.

Toen hij dichterbij kwam, zag hij een klein eendje dat in het water zat. Het eendje had een splinter in zijn vleugel en kon niet vliegen. Benny voelde medelijden met het eendje en besloot om hem te helpen.

Benny ging op zoek naar een stukje hout om de splinter uit de vleugel van het eendje te halen. Toen hij terugkwam, pakte hij het hout en verwijderde de splinter. Het eendje was zo dankbaar dat hij Benny meenam naar een verborgen plek met veel eten, een prachtig nest en een heldere bron. Benny was blij dat hij het eendje had geholpen en besloot om bij het nest te blijven wonen."
148,meta-llama/llama-3.1-8b-instruct,7_8,"Er was eens een prinses die heette Sophia. Sophia was een prinses met het langste haar dat ze ooit had gezien. Haar haar was zo lang dat het haar benen bereikte wanneer ze zich neerboog. Sophia was heel trots op haar lange haar en ze nam het heel goed verzorgd.

Een dag ging Sophia naar het bos om bloemen te plukken voor haar moeder. Toen ze door het bos liep, kwam ze een klein, grijnzend elfentje tegen. Het elfentje zei: ""Sophia, ik wil je haar hebben!"" Sophia was bang, maar ze zei: ""Nee, mijn haar is van mij!""

Maar het elfentje was heel slim en hij vertelde Sophia dat hij een magische machine had die alle haarpunten kon verwijderen en ze kon vervolledigen met parels. Sophia was verbaasd en dacht dat het een goed idee was. Dus liet ze het elfentje haar haar verwijderen en vervolledigen met parels.

Maar toen ze naar huis keerde, zag ze dat haar moeder niet blij was met haar nieuwe haar. De prinses was heel verdrietig en ze ging terug naar het elfentje. Ze zei: ""Ik wil mijn oude haar terug!"" Het elfentje antwoordde: ""Dat kan niet, je oude haar is weg."" Sophia was heel verdrietig en ging naar de kust, waar ze in zee liep. Toen ze weer opdroogde, was haar haar terug en net zo lang als eerst."
149,meta-llama/llama-3.1-8b-instruct,7_8,"Er was eens een prinsesje die woonde in een prachtig kasteel. Ze heette Sophia en ze was heel lief en vriendelijk. Sophia had een kleine hondje genaamd Max, die een lichtbruine vacht had en een lange neus.

Een dag besloot Sophia om met Max naar de bossen buiten het kasteel te gaan. Ze liepen door de bladeren en de bloemen, speelden in de beekjes en klommen over de rotsen. Max was zo leuk om te kijken, hij sprong en hijrende en hij speelde met de vogels.

Toen ze een stukje verder waren, kwamen ze een oude vrouw tegen. Ze was heel kaal en had een grote zwarte cape om. Sophia vroeg haar of ze haar en Max mocht helpen. De oude vrouw zei: ""Ja, ik kan je helpen, maar je moet eerst een taak voor me doen."" Sophia zei: ""Ja, ik doe het!"" En de oude vrouw zei: ""Oké, je moet de duiven uit het bos ruimen. Als je dat doet, kan ik je helpen."""
150,meta-llama/llama-3.1-8b-instruct,7_8,"We waren op vakantie bij mijn toekomstige opa. Dat is een oude man die mijn moeder kent. Hij woont in een groot huis met een groot park. Er zijn veel dieren in het park, zoals honden, katten, vogels en een vriendelijke ezel. 

Mijn broertje en ik mochten met mijn opa op stap in het park. We gingen met de fiets. Mijn broertje en ik hadden allebei een rood fiets. We reden naar de vijver. Daar waren heel veel vissen. Mijn broertje gooide een stuk brood in de vijver, zodat de vissen erbij kwamen. Ik ging op desteen langs de vijver zitten. Mijn opa kwam naast me zitten. 

We keken naar de vissen en hadden een lekkere snaak. Even later kwam de ezel naar ons toe. Hij was heel lief en ging naast ons zitten. Mijn opa gaf hem een stuk appel. Hij at het met veel plezier op. We gaven hem nog wat eten. Daarna gingen we weer terug naar het huis. We hadden een leuke tijd."
151,meta-llama/llama-3.1-8b-instruct,7_8,"Eenmaal was er een klein konijntje dat zijn ouders verloren was gegaan. Het was een klein, wit konijn met donkerbruine ogen. Hij heette Koen.

Koen wist niet hoe hij zijn ouders moest vinden. Hij liep door het bos, maar hij wist niet waar hij moest gaan. Hij kwam een vriendelijke vos tegen. De vos heette Voske.

Voske vroeg Koen waarom hij verdwaald was. Koen vertelde Voske dat hij zijn ouders was kwijtgeraakt. Voske zei dat hij Koen kon helpen. Voske en Koen liepen samen door het bos.

Ze kwamen een andere konijn tegen. Hij heette Kor. Kor wist waar hij moest zijn. Hij wist dat hij naar een klein dorp moest gaan. Hij kon Koen helpen om zijn ouders te vinden.

Koen en Kor liepen naar het dorp. Ze kwamen zijn ouders tegen. Zijn ouders waren heel blij om Koen te zien. Koen was heel blij om zijn ouders te zien. Hij omhelsde hen beide."
152,meta-llama/llama-3.1-8b-instruct,7_8,"Er was eens een konijntje dat zeer snel kon rennen. Dit konijntje, dat de naam Sneeuw had, woonde in een grote, lelijke grot in het bos. Sneeuw had een grote broer die de naam Maan had. Maan was ongeveer twee keer zo groot als Sneeuw en had een donkere vacht. 

Maan en Sneeuw gingen graag samen op avontuur. Ze ontdekten een geheim pad dat in het bos liep. Het pad leidde naar een prachtig paleis, waar een prinses woonde. De prinses was heel mooi en had een hoge hoed op. 

Maan en Sneeuw besloten om naar het paleis te gaan. Maar toen ze bij het paleis aankwamen, bleek dat de ingang verstopt was met modder. Maan gebruikte zijn sterke lichaam om het modder weg te wieden, maar het lukte hem niet om het pad schoon te maken. Sneeuw, die een idee had, vluchtte naar een nabijgelegen beek en kwam terug met een grote hoeveelheid modder die ze in de beek hadden gevonden. Toen ze de modder in de ingang van het paleis wierpen, werden ze beiden overspoeld door een enorme modderwafel."
153,meta-llama/llama-3.1-8b-instruct,7_8,"We waren op schoolreis naar het pretpark. Mijn beste vriend, Tim, en ik gingen naar de attractie die we het leukst vonden, de achtbaan. Maar toen we in de rij stonden, ging Tim plotseling huilen. Hij zei dat hij niet kon gaan rijden omdat hij bang was dat hij misschien niet veilig kon vastzitten.

Ik was heel trots dat ik kon helpen. Dus ging ik bij hem zitten en zei: ""Ik ga met je mee en we gaan samen vastzitten."" De attractiebeheerder vroeg of ik wilde rijden met een volwassene, maar ik zei dat ik met Tim wilde gaan. Hij zweeg even en ging dan mee met ons in de achtbaan.

Toen we klaar waren, zei Tim dat hij niet zo bang meer was. Hij glimlachte en zei: ""Dank je dat je met me mee ging."" Mijn hart was heel warm toen ik hem zag glimlachen."
154,meta-llama/llama-3.1-8b-instruct,7_8,"Een keer had ik een beste vriendje. Hij heet Sjef. We gingen altijd samen spelen in het park. We speelden voetballen, basketbal en we klommen in de boom. 

Sjef had een hond en hij heette Max. Die hond was zo snel en hij kon altijd Mijn hond ophalen die ik vaak had verloren. 

Dit jaar was er een springvlieger in het park. Dat is een soort van vlieger die je op een touw naar boven slingert en hij springt en vliegt door de lucht. Sjef en ik hebben een wedstrijd gedaan om te zien wie de vlieger het langst kon laten vliegen. Ik had denken dat ik de vlieger het langst kon laten vliegen, maar Sjef had gelijk een goed plan. 

Hij had een licht zacht windje aan het touw vast gemaakt en toen we de vlieger oplaten ging hij zo hoog dat hij tegen de wolken aan vloog. Ik was zo jealous want ik had gedacht dat ik hem had gewonnen."
155,meta-llama/llama-3.1-8b-instruct,7_8,"Er was eens een klein konijntje dat in een prachtige grasveld leefde. Het konijntje heette Fluffy en het was zo snel en zacht als een zonnestraal. Elke dag liep Fluffy door het grasveld en ontdekte nieuwe dingen. Het zag vlinders, keek naar de bloemen en sprong over de kleine stenen.

Een keer, toen Fluffy door het grasveld liep, zag het een klein, verdwaald vogeltje. Het vogeltje was bang en huilde heel hard. Fluffy ging naar het vogeltje toe en zei: ""Hallo, ik ben Fluffy. Wat is er aan de hand?""

Het vogeltje zei: ""Ik kan niet vinden waar mijn moeder is. Ik ben verdwaald."" Fluffy zei: ""Maak je geen zorgen, ik zal je helpen vinden."" En dan..."
156,meta-llama/llama-3.1-8b-instruct,7_8,"Dit was een rare dag. Ik ging naar het bos met mijn hond, Fido. We liepen langs de beek en zagen een grote vis in het water. Fido wilde er naar springen, maar ik hield hem tegen. Ik wilde niet dat hij in het water viel.

Toen we verder liepen, hoorden we een klein stemmetje. ""Hulp! Hulp!"" Het kwam uit een holle boom. Fido en ik keken naar elkaar en liepen naar de boom. Er zat een klein konijn verscholen. Het konijn was vastgeklemd in een oude plastic zak.

Fido begon te janken en ik nam de zak van het konijn af. Het konijn was heel dankbaar. ""Dank je wel!"" zei het konijn. ""Ik was al een paar uur vastgeklemd.""

Fido en ik liepen terug naar huis. Mijn moeder was heel trots op ons. ""Jullie zijn goede hulpsherens!"" zei ze. Fido en ik glimlachten naar elkaar en ik gaf hem een knuffel. Het was een fijne dag met mijn hond."
157,meta-llama/llama-3.1-8b-instruct,7_8,"Er was eens een prachtige, magische bos. Er woonden allerlei dieren in, zoals vlinders, vogels en zelfs een konijn. Maar er was ook een kleine, grijze muizensoort die in het bos woonde. Hij had een enorme neus en kon prachtig dansen.

Deze muis heette Mijtje. Mijtje was heel slim en kon heel veel dingen leren. Hij leerde de vogels zingen, de vlinders dansen en de konijn zijn favoriete eetbare bloemen kennen.

Een dag kwam er een enorme storm door het bos. De wind was zo sterk dat de bomen omvallen en de dieren moesten schuilen. Toen zag Mijtje een kleine vogel, een jonge duif, die verdwaald was en niet wist terug te vinden naar zijn nest.

Mijtje besloot de duif naar zijn nest te brengen. Hij vond de weg door het bos en bracht de duif veilig naar zijn nest. De duif was heel dankbaar en beloofde Mijtje te helpen als hij ooit nodig was."
158,meta-llama/llama-3.1-8b-instruct,7_8,"Er was eens een klein konijnetje genaamd Fluffy. Fluffy was heel lief en ging graag spelen in de tuin. Een dag kwam Fluffy op een geheime weg die alleen nog maar door heel weinig dieren werd gebruikt. Hij liep een tijdje door totdat hij een prachtig huis zag. Het was van een mooie houten kleur en had een grote tuin met verse groenten. 

Hij ging dichterbij en klopte op de deur. Niemand deed open, maar hij hoorde iemand zeggen: ""Kom binnen."" Fluffy deed de deur open en zag een oude vos met een bril en een boek. De vos zei: ""Ik heb je nodig. Ik zoek iemand om met me te praten."" Vos vroeg Fluffy wat hij wilde worden als hij groot was. Fluffy dacht er even over en zei dan: ""Ik wil een praatgrage vos worden."" De vos glimlachte en zei: ""Dat is precies wat ik nodig heb."""
159,meta-llama/llama-3.1-8b-instruct,7_8,"Er was eens een heerlijke panda genaamd Ping. Ping woonde in een prachtige bergdorp in China. Hij hield van niets beter dan fruit eten en slapen. Maar Ping had een geheim. Hij kon vliegen!

Een dag besloot Ping om te vliegen naar de andere kant van de berg. Hij sprong van een rots en... hij vloog! Hij vloog zo hoog dat hij de wolken kon zien. Maar toen hij omlaag begon te dalen, raakte hij in een storm. De wind was zo sterk dat hij tegen een boom botste.

Ping was heel verdrietig. Hij wilde niet langer vliegen. Maar de boom waar hij tegen was gebotst, bleek een magische boom te zijn. De boom zei: ""Ping, je mag niet opgeven. Je mag nog één keer vliegen."" Ping werd opnieuw opgespannen en hij vloog nog een keer. Maar deze keer vloog hij niet alleen, hij nam zijn beste vriend, een eekhoorn genaamd Ling, mee.

Samen vlogen ze boven de bergdorp en zagen weids uitzicht. Ping was zo gelukkig dat hij besloot om nooit meer op te geven."
160,meta-llama/llama-3.1-8b-instruct,7_8,"Er was eens een klein konijntje dat in een weiland woonde. Het konijntje heette Benny en hij was heel lief. Benny had een vriendinnetje genaamd Rosie, een prachtige rode vos. Ze speelden samen in het weiland tot de zon onderging.

De volgende dag ging Benny op een ontdekkingstocht. Hij liep over het weiland en kwam tussen twee grote rotsen. Daarvandaan zag hij een zak met chocolademukken. Hij was heel boos en ging terug naar Rosie. ""Hé, Rosie!"" riep hij. ""Kom snel! Ik heb iets gevonden!""

Rosie kwam snel aan en keek met grote ogen naar de zak met chocolademukken. ""O, Benny! Jij bent een ware held!"" riep ze. Samen aten ze de chocolademukken op en hadden de leukste tijd. Vanaf die dag was Benny en Rosie's leukste plekje in het weiland het plekje bij de rotsen."
161,meta-llama/llama-3.1-8b-instruct,7_8,"Er was eens een vos die een fantastische idee had. Hij wilde een feest geven met alle dieren in het bos. Hij noemde het ""De Grootste Feest van het Bos"". De vos ging naar alle dieren in het bos en vertelde ze over zijn idee. 

De honden wilden helpen met het opzetten van het feest, de vogels wilden zingen, en de bevers wilden een opwinding maken met hun vaardigheden. De vos bedacht dat hij de taart zou bakken.

Op de dag van het feest, was de vos heel nerveus. Wat als het feest geen succes was? Hij vroeg de honden om stil te zijn en de vogels om niet te zingen. Maar als hij naar buiten keek, zag hij de vogels zingen en de honden dansen. 

Ze waren allemaal aanwezig. Er waren zelfs de konijnen, de eekhoorns, en de slangen. Wat een feest was dit. Iedereen had zoveel plezier dat iedereen het feest één van de beste feesten in het bos vond."
162,meta-llama/llama-3.1-8b-instruct,7_8,"Er was eens een magische vogel die mijn vriendinnetje Emma had. Hij heette Sunny en had eenouden vacht. Sunny kon vliegen en hij kon praten. 

Sunny vloog elke dag naar school, waar hij met Emma's klasgenoten speelde. Ze gaven hem fruit om te eten en hij vertelde altijd leuke verhalen. Emma had Sunny gekregen bij haar verjaardag en ze was zo gelukkig met hem. 

De klasgenoten van Emma waren heel bang voor Sunny, omdat hij zo groot was en een beetje donker. Maar Sunny was heel lief en hij wilde niets aan de hand maken. 

Op een dag vluchtte Sunny weg van Emma. Hij ging naar een andere school, waar hij nieuwe vrienden maakte. Emma was heel verdrietig en ze zocht overal naar Sunny. Maar ze vond hem nergens. Totdat ze hem eindelijk in de klas van haar broertje zag zitten. Hij was heel gelukkig met Sunny en hij gaf hem een appel om te eten."
163,meta-llama/llama-3.1-8b-instruct,7_8,"Er was eens een kleine beer die heel snel kon rennen. Hij was de snelste beer in het bos. Hij liep elke dag door het bos en vond altijd heel leuke dingen.

Een dag kwam hij een klein hert tegen. Het hert was heel bang en wilde wegrennen, maar de beer zei: ""Wacht, ik wil je helpen. Ik zal je laten zien waar de mooiste bloemen in het bos groeien.""

Het hert was heel dankbaar en zei: ""Dank je wel, kleine beer. Ik heb nooit eerder iemand ontmoet die zo vriendelijk en behulpzaam is.""

De kleine beer glimlachte en zei: ""Dat is heel normaal voor mij. Ik wil altijd helpen en anderen vriendelijk zijn."" Daarna liepen ze samen door het bos en vonden ze heel veel leuke dingen."
164,meta-llama/llama-3.1-8b-instruct,7_8,"Er leefde eens een heel bijzondere eend. Hij heette Eddie. Eddie had een speciale gave. Hij kon vliegen! Maar niet zoals de vogels, nee, Eddie vloog met zijn neus. Als hij zijn neus omhoogstak, kon hij minstens een halve meter hoog springen. 

Eddie woonde in een klein bos bij een vijver. Hij hield ervan om 's morgens vroeg op te staan en te vliegen. Hij vloog over de vijver heen, alsof hij een klein vliegtuigje was. De andere eenden keken altijd naar hem op met grote ogen. Ze vonden het geweldig om te zien hoe Eddie vloog.

Een keer kwam er een stortregen over het bos. De andere eenden waren bang en vluchtten naar de veilige bomen. Maar Eddie vloog gewoon naar het midden van de vijver. Hij stak zijn neus omhoog en vloog zo hoog dat niets hem kon tegenhouden. De regen stroomde over hem heen, maar Eddie bleef vliegen.

Toen de zon weer uitkwam, kwam Eddie terug op de vijver. De andere eenden stonden hem te wachten. Ze waren heel onder de indruk van Eddies vliegende vaardigheden. Sindsdien was Eddie de held van het bos."
165,meta-llama/llama-3.1-8b-instruct,7_8,"Er was eens een jonge vos genaamd Vosje. Vosje woonde in een prachtig bos met veel mooie bomen en zonnige velden. Hij was een beetje anders dan de andere vossen, want hij was niet bang voor water. Integendeel, hij hield er dol van!

Een dag besloot Vosje om naar de rivier te gaan om te zwemmen. Hij rende zo snel mogelijk door het bos en kwam uiteindelijk aan bij de rivier. Hij nam een grote ademteug en sprong in het water. Plons! Het water was ijzig koud, maar Vosje vond het geweldig.

Net toen hij begon te spelen, hoorde hij een zachte stem. ""Hallo, Vosje! Hoe gaat het?"" Vosje draaide zich om en zag een prachtige zwanenmeisje voor zich. Ze had een mooie witte vacht en een rood snaveltje. Vosje was meteen verliefd op haar en het werd snel duidelijk dat de zwanenmeisje dezelfde gevoelens voor hem had. Vanaf dat moment waren Vosje en de zwanenmeisje beste vrienden en zwommen ze samen door de rivier."
166,meta-llama/llama-3.1-8b-instruct,7_8,"Er was eens een haas die zeer snel kon lopen. Hij kon in een paar seconden een heel veld overlopen. De haas had een vriend, een vogel die zeer goed kon vliegen. Deze vogel kon tot in de hoogste lucht vliegen en terug naar het bos.

Een dag kwam er een storm en de haas moest naar een veilige plek. Hij ging naar zijn vriend, de vogel. De vogel vloog in de lucht en vond een plek waar de haas veilig was. De haas dankte de vogel en zei dat hij hem altijd zou helpen, als de vogel ooit in moeilijkheden verkeerde.

Een andere dag werd de vogel door een roofvogel aangevallen. De haas hoorde zijn vriend schreeuwen en rende naar hem toe. Hij stopte de roofvogel zijn neus vol met zand en hij kon niet meer zien. De haas en de vogel werden goede vrienden en hadden elkaar altijd bij de hand."
167,meta-llama/llama-3.1-8b-instruct,7_8,"Dit was zeker de leukste vakantie ooit! Mijn familie en ik gingen naar een klein eiland in de zee. We hadden een klein strandhuisje en ik had er zin om het hele eiland te verkennen.

Ik liep over het strand en zag een paar vogels in de lucht. Ik volgde ze en kwam bij een klein bosje. In dat bosje was ik plotseling niet meer alleen. Ik zag een klein dier, een zeehondje! Het dier keek me aan en ik voelde me een beetje bang.

Maar toen het zeehondje naar me toe kwam, zag ik dat het een klein, zacht, wondertje was. Hij had een klein halsbandje om met een klein klein briefje eraan. Ik pakte het briefje en het stond er ""Ik wil vriend zijn"" op. Ik was zo verliefd op dat zeehondje en we werden beste vrienden.

Samen gingen we op avontuur over het eiland. We vonden allerlei schelpen, schelpen met prachtige kleuren en vormen. We zwommen in de zee en speelden in ons strandhuisje. Dat was echt de leukste vakantie ooit!"
168,meta-llama/llama-3.1-8b-instruct,7_8,"Er was eens een prinses die woonde in een prachtig kasteel. De prinses heette Sophia en ze had heel lang geen vriendinnen. Want alle kinderen in het dorp waren bang voor haar moeder, de koningin. Zij was heel streng en wilde dat Sophia altijd op de kasteel tuin speelde.

Een dag kwam een magische vogel naar het kasteel. Hij had grote groene vleugels en een rode snavel. De vogel zei tegen Sophia: ""Ik kan je naar een plek brengen waar je vriendinnen kunt maken, maar je moet eerst een klein puzzeltje oplossen.""

Sophia was nieuwsgierig en ze ging met de vogel mee. De vogel bracht haar naar een mooi bos. Daar vond Sophia een grote steen met een puzzel erop. Ze moest de puzzel oplossen en toen ze dat deed, verscheen er een hele groep kinderen op een veld.

De kinderen waren heel leuk en Sophia was heel blij. Vanaf toen kwamen Sophia en haar nieuwe vrienden elke dag naar het bos en speelden daar samen. De magische vogel bleef Sophia's beste vriend en hielp haar altijd."
169,meta-llama/llama-3.1-8b-instruct,7_8,"Er was eens een kleine vos die in een bos woonde. Hij heette Vosje. Vosje was heel slim en kon erg snel rennen. Hij was altijd op zoek naar eieren en brood om te eten.

Een dag kwam Vosje een kippenhok binnen. Hij vond een doos vol eieren. Maar net toen hij een eitje wilde pakken, hoorde hij een luide kraaiing. Het was de kip!

De kip was heel boos en begon te rennen. Vosje moest snel wegrennen. Hij liet de eieren achter en rende zo snel hij kon naar buiten. Maar de kip was hem al voor.

Toen hij buiten was, zag hij een oude uil zitten. De uil vroeg aan Vosje: ""Wat is er aan de hand?"" Vosje vertelde over de kip en de eieren. De uil lachte en zei: ""Je moet niet bang zijn voor de kip. Maar je moet wel altijd op letten, want anders kan het misgaan!""

Vosje dacht hierover na. Hij besloot om nooit meer te stoppen als hij op een avontuur was. Hij ging terug naar de kippenhok en stootte de kip aan. ""Hé, kip! Ik ben terug!"" zei hij. De kip keek hem aan en zei: ""Je bent een echte vos, Vosje. Maar ik ben blij dat je terug bent."""
170,meta-llama/llama-3.1-8b-instruct,7_8,"Er was eens een konijn met een prachtig witte staart. Dit konijn heette Fluffy. Fluffy woonde in een leuk holletje onder een grote boom in een prachtige tuin. De tuin was vol met bloemen en lelievelden. Fluffy hield van niets liever dan de leliën zoeken in de tuin.

Een dag ging Fluffy op avontuur. Hij zocht de mooiste leliën uit. Toen hij een prachtige lelie vond, hoorde hij een zachte stem. Het was een klein vogeltje dat op de grond zat. Het vogeltje zei: ""Hallo Fluffy, ik ben Puck. Ik vind je lelie prachtig.""

Fluffy was zo blij dat hij nieuwe vrienden had gemaakt. Hij en Puck werden dikke vrienden. Ze zochten de tuin door en vonden leliën, bloemen en nog veel meer. Fluffy was dankbaar voor Puck en de leliën die hij had gevonden. Nu had hij niet alleen een mooie witte staart, maar ook een mooie vriendin."
171,meta-llama/llama-3.1-8b-instruct,7_8,"Er was eens een meisje dat zijn naam Luna heette. Luna was erg lief en had een prachtige hond genaamd Max. Max was een grote golden retriever met een witte vlek op zijn neus.

Luna en Max gingen elke dag op avontuur in het bos. Ze ontdekte er een geheime ingang naar een ondergrondse ruimte. Luna was erg nieuwsgierig en besloot om met Max naar binnen te gaan.

Binnen in de ruimte was het heel donker, maar Luna had een zaklamp bij zich. Ze zochten een weg door de ruimte en kwamen uit in een prachtig ondergronds meer. Het water was zo blauw als de lucht en er waren vissen die rond zwommen.

Luna en Max vonden een bootje en besloten om erop te gaan zitten. Ze vroegen zich af hoe ze in dit meer terecht waren gekomen en waar het einde van het meer was. Ze voeren langs het meer en kwamen uit bij een klein strand. Daar stond een grote boom met een prachtige hangbrug. Luna besloot om een stukje te lopen over de brug en ze zagen een prachtig uitzicht."
172,meta-llama/llama-3.1-8b-instruct,7_8,"Er was eens een konijn genaamd Fluffy. Fluffy was een heel bijzonder konijn, want hij kon vliegen. Ja, je hoort dat goed! Vliegen! Hij had een klein parachute op zijn rug en hij kon gewoon van rots naar rots springen en zo vliegen.

Fluffy woonde in een prachtig bos met veel andere dieren. Maar hij was het enige konijn dat kon vliegen. Hij was heel trots op zichzelf en gebruikte zijn gave om zijn vrienden te helpen. Als er een vogel in een boom was gestrand, dan vloog Fluffy naar boven en tilde hem op. Als er een skaapje verdwaald was, dan vloog Fluffy naar hem toe en bracht hem naar huis.

Een keer vroeg Fluffy's beste vriend, een eekhoorn genaamd Nutmeg, of hij wilde helpen om een boom te planten. Fluffy vloog boven de boom en wipte hem op zijn parachute. Hij wipte zo hoog mogelijk omhoog en liet de boom vallen. En tada! De boom was geplant!

Fluffy was heel blij met zijn gave en gebruikte hem om de wereld een betere plek te maken. En zijn vrienden waren heel dankbaar voor zijn hulp."
173,meta-llama/llama-3.1-8b-instruct,7_8,"Er was eens een konijn genaamd Benny. Hij was heel snel en kon overal komen. Benny woonde in een fantastisch grote tuin met een grote appelboom. De appels van deze boom waren de lekkerste van de hele tuin.

Een dag besloot Benny om de appelboom te beklimmen. Hij klom omhoog en plukte een heerlijke appel. Maar... hij zag een verborgen grot in de boom. De grot was heel klein en Benny moest zijn kop tegen de grond buigen om erin te gaan.

Toen hij binnen was, hoorde hij een klein stemmetje. ""Hallo, wie ben je?"" vroeg de stem. Benny zei, ""Ik ben Benny, ik kom uit de tuin."" De stem zei, ""Ik woon hier. Mijn naam is Luna. Ik hou van vertellen en ik kan praten met dieren.""

Benny was heel blij en vroeg Luna om een verhaal te vertellen. Luna vertelde een mooi verhaal over een prinses die een magische staf had en zo kon iedereen blij maken. Benny was heel onder de indruk en beloofde terug te komen om meer te horen van de verhalen van Luna."
174,meta-llama/llama-3.1-8b-instruct,7_8,"Er waren eens drie vrienden, Jip, Sip en Pip. Ze waren zeer goede vrienden en gingen graag samen op avontuur. Een dag besloten ze om een mysterie op te lossen. In hun woonplaats was een oude, magische boom. De boom had een gat in zijn stam waarin een oude, vergulde doos zat.

Jip, Sip en Pip besloten om de doos te halen. Maar als ze de doos opende, zat er niets in. Ze waren teleurgesteld. Maar plotseling hoorde Jip een stem in zijn hoofd. De stem zei dat Jip een goed hart had en dat hij de sleutel tot de doos in zijn hart moest zoeken.

Sip en Pip hoorden ook een stem in hun hoofd. Maar hun stemmen zeiden dat ze zich niet zo goed voelden. Jip vertelde hen dat ze zich moesten concentreren op hun hart. En als ze dat deden, hoorden ze ook een stem.

Tijdens het luisteren naar de stemmen, voelden ze zich beter. Ze begonnen te glimlachen en hoorden dat de doos open ging. En daar zat een klein, magisch beertje."
175,meta-llama/llama-3.1-8b-instruct,7_8,"Er was eens een lieve bever genaamd Benny. Benny woonde in een prachtig bos met zijn familie en vrienden. Hij had een dikke, roze staart en een grote glimlach op zijn gezicht.

Een dag kwam een harde regenbui over het bos. De rivier stroomde over en alle dieren moesten naar hoger gelegen gebieden vluchten. Benny en zijn familie zochten een veilige plek om te schuilen.

Toen zij een klein meer vonden, besloten zij om daar te gaan wonen tot de regen was opgehouden. Maar het meer was te klein en de waterstand stond te hoog. Benny's vader had een idee en begon met zijn familie en vrienden een dijkbeweging.

Al snel werd er een dijkbak aangelegd en was het meer veilig. De dieren konden weer naar hun normale plek terugkeren en Benny's familie was heel trots op hun nieuwe dijkbak. Benny had leren bouwen en helpen, en hij was heel blij dat hij bij zijn familie en vrienden kon blijven wonen."
176,meta-llama/llama-3.1-8b-instruct,7_8,"Er was eens een prinsesje die heette Sophia. Sophia was een leuke en vriendelijke prinses die liefde en geluk wilde vinden. Ze woonde in een mooi paleis met haar ouders, de koning en koningin.

Sophia had een vriendje die heette Timmy. Hij was ook een leuke jongen die van paardrijden hield. Sophia en Timmy gingen vaak samen paardrijden in het prachtige bos dat om het paleis heen lag.

Op een dag ging Sophia met Timmy naar het bos om te paardrijden. Toen ze ergens in het bos waren, zagen ze een kleine vogel met een mooie paarse kleur op zijn vleugels. Sophia en Timmy besloten om de vogel te helpen, want hij leek erg verdwaald te zijn.

Ze volgden de vogel en kwamen bij een prachtig kasteel. De vogel vloog naar binnen en Sophia en Timmy gingen ook naar binnen om te zien wat er gebeurde. Binnen vonden ze een schat! Het was een prachtige schat met veel goud en juwelen."
177,meta-llama/llama-3.1-8b-instruct,7_8,"We waren op kamp in de bos. Ik en mijn beste vriendin Lisanne hadden een tent gedeeld. We sliepen er niet veel, want er waren te veel luider insecten in de buurt. 

Mijn zusje had een eend meegenomen. Die was in een mand in onze tent. De eend heette Eddy. Eddy was heel lief en hij leek te weten dat we niet wilden slapen.

We besloten om 's nachts een tochtje te maken. We droegen onze zaklampen bij ons. De paden in het bos waren gevaarlijk, maar we waren bijeengebroken en wilden een avontuur beleven. We liepen door de schaduwen en probeerden niet om de luide insecten te storen.

We kwamen bij een meer. Daar liepen een paar hertjes. Ze waren zo mooi. We wilden ze niet storen, dus we bleven stil staan. Eddy, onze eend, kraaide. Dat was vreemd, want hij was normaal heel stil. De hertjes liepen weg. We gingen terug naar de tent. Daar lag een brief van de hertjes. Zij hadden een uitnodiging geschreven om naar hun feestje te komen."
178,meta-llama/llama-3.1-8b-instruct,8_9,"Er was eens een konijn dat heerlijk kon dansen. Het konijn heette Benny en hij hield van niets liever dan dansen. Hij had zelfs zijn eigen dansschool in een grote kruisende houten plank in zijn schuilplaats. Iedere nacht als het donker was en de anderen sliepen, ging Benny dansen. Hij kon walsen, hij kon swingen, en hij kon zelfs de Macarena dansen.

Een nacht kwam er een merel die bij Benny's dansschool was geland. De merel heette Max en hij was ook een goede danser. Hij had zelfs al eens op televisie gedanst. Max was dol op Benny's dansschool en hij wilde graag dansles geven.

Benny was heel blij met de hulp van Max en samen leerden ze alle schoolvrienden dansen. Ze deden zelfs een dansvoorstelling voor de hele school en iedereen was superenthousiast! Nu was Benny's dansschool de leukste plek van de hele school. Benny en Max dansten samen tot ze moesten stoppen."
179,meta-llama/llama-3.1-8b-instruct,8_9,"We waren op kamp en ik had een slaapzak uitgezocht op een plek met een prachtig uitzicht op het meer. Mijn beste vriendin, Lieve, had een slaapzak naast me. Het was donker en we praatten nog even voordat we in slaap vielen. 

In het donker hoorde ik een stem die zei: ""Wees stil, dan zien jullie een vis in het water."" Ik keek naar Lieve en ze keek ook naar me. We wisten niet wie er sprak, maar we waren nieuwsgierig. We werden stil en keken naar het water. 

Plotseling werd het waterkaarsje aangestoken en zagen we een prachtige vis in het water. Hij zwom naar ons toe en sprong uit het water. We schrokken, maar toen zagen we dat het een prachtig konijn was. Hij zei: ""Ik ben hier om jullie een wens te geven. Wat wilt jullie?"""
180,meta-llama/llama-3.1-8b-instruct,8_9,"Er was een keer dat ik naar de dierentuin ging met mijn familie. Mijn broer en zus waren ook mee. We liepen over het pad en zagen een grote olifant. Hij was zo groot dat hij bijna tegen de muur aan leek te staan. Hij had een dikke, rode huid en een lange, spitse neus. Hij at een hele hoop bladeren van de bomen.

Ik was zo stil dat ik bijna niet ademde, want ik wilde niet dat de olifant me hoorde. Mijn broer en zus keken ook naar hem, maar zij hoorden hem niet rusten. Hij was zo groot dat hij bijna de hemel raakte.

Toen we bij de olifant waren, ging hij liggen en sloeg zijn ogen dicht. Hij was zo moe dat hij niet eens op kon blijven. Hij sliep zo hard dat hij zelfs niet merkte dat we er waren. Mijn broer en zus en ik keken hem een heel lange tijd aan totdat de bezoeker van de dierentuin ons vroeg om door te lopen."
181,meta-llama/llama-3.1-8b-instruct,8_9,"Er was eens een klein koninkrijkje in een ver land. Het koninkrijkje heette ""Sprookjesland"". Daar woonde een prinsesje genaamd Sophia. Sophia was erg vriendelijk en had een prachtige rode haardos.

Een dag ging Sophia op stap in het bos. Het was een prachtige lentedag met een stralend zonnetje. Terwijl ze door het bos liep, kwam ze een oude vos tegen. De vos was erg slim en had een geweldig geheugen. Hij wist alle geheimen van het bos.

Sophia en de vos vonden een schat van goud en juwelen. Maar er was een geheim aan deze schat: wie de schat ooit zou vinden, zou een wens mogen doen. Sophia was erg blij en dacht: ""Ik wens dat alle mensen in Sprookjesland altijd gelukkig zijn!""

Maar de vos zei: ""Sophia, je moet je wens nog niet doen. Denk eerst na over de gevolgen."" Sophia dacht lang na en zei: ""Ja, dat is een goed idee."" Toen de vos vroeg wat ze nu van plan was, zei Sophia: ""Ik geef de schat aan de koning en hij doet iets met de schat wat goed is voor iedereen."""
182,meta-llama/llama-3.1-8b-instruct,8_9,"We waren op kamp in de bossen. Mijn vriendin Lotte en ik waren samen op pad om een leuk plekje te vinden waar we konden picknicken. We liepen een heel eind door het bos, zo ver dat we de kampvuren niet meer konden zien. Eindelijk vonden we een prachtig plekje bij een beekje. We legden onze picknickklein uit op een grote rots en gingen op de bank zitten.

Net toen we aan het eten waren, hoorde ik een geluid in het water. Ik dacht dat het een beekjevis was, maar toen ik er beter naar keek, zag ik een klein hondje. Het hondje had een lange, natte vacht en zijn ogen waren rood van het zwemmen. Hij keek ons aan en kwam bij ons zitten.

Lotte en ik werden heel blij van het hondje en gaven hem een stukje brood. Hij at het op en kwam toen tegen ons aanliggen. We namen hem mee terug naar het kamp en vroegen of iemand hem wilde herkennen. Maar niemand wist wie hij was. We noemden hem Beekje en namen hem met ons mee naar huis. Beekje bleef bij ons wonen en werd een geweldige hond die altijd bij ons in de buurt was."
183,meta-llama/llama-3.1-8b-instruct,8_9,"Er was eens een magische koningin die in een land van wonderen regeerde. Het land was vol van prachtige ijsbergen, diep blauwe meren en het mooiste groene bos dat je ooit gezien hebt.

De koningin had een prachtige zwaneendochter. Ze heette Luna en zij had het mooiste zangstemmetje dat je ooit gehoord hebt. Wanneer Luna zong, werden alle bloemen in het land felgekleurd en alle vogels kwamen uit hun nesten om haar te horen.

Maar er was ook een slechte tovenaar in het land. Hij heette Malakai en hij wilde de koningin en Luna overnemen. Hij bracht een grote schaduw over het land, zodat het nooit meer zonnig zou zijn.

Luna besloot om de koningin te helpen en Malakai te stoppen. Zij zong met al haar kracht en de koningin was zo trots op haar dochter. Samen reden ze de schaduw weg en brachten weer licht in het land. Nu is het land van wonderen weer zo mooi als vroeger en Luna zingt nog steeds voor de hele bevolking."
184,meta-llama/llama-3.1-8b-instruct,8_9,"Er was eens een klein visje dat in een rivier leefde. Het heette Fin. Fin was een beetje anders dan de andere vissen. Hij was heel slim en had een enorme passie voor onderwater-exploitatie.

Fin droomde ervan om de diepste gaten van de rivier te verkennen en alle verborgen schatten te vinden. Maar hij was nog maar een klein visje, dus hij moest zijn dromen aan iemand anders laten zien.

Een oud visje dat Fin vaak opzocht, heette Kapitein Koraal. Kapitein Koraal had zijn hele leven in de rivier rondgezwommen en wist alle geheimen van het water. Hij was erg tevreden met Fin en vertelde hem alle verhalen die hij ooit had gehoord.

Fin en Kapitein Koraal gingen op een ontdekkingsreis door de rivier. Ze zwommen door stroomversnellingen, langs rotsen en door zoetwater. En op een dag, toen ze heel diep waren, vonden ze een verborgen grot vol glinsterende schatten. Fin en Kapitein Koraal waren dolgelukkig en ze werden de meest gefeerde vissers in de rivier."
185,meta-llama/llama-3.1-8b-instruct,8_9,"Er was eens een jongetje dat heette Max. Max woonde in een klein dorpje in de bosrand. Hij had een hondje genaamd Rufus, die altijd bij hem was. Ze gingen altijd op avontuur in het bos.

Een dag kwamen Max en Rufus een verborgen padje tegen. Ze hadden dat nooit eerder zien. Ze besloten om het padje te verkennen. Ze liepen een tijdje en kwamen bij een prachtig meer. Daarop zaten een paar zwanen te slapen. Max vond het een beetje eng, maar Rufus was heel moedig.

Rufus ging naar de zwanen toe en begon te spelen met hun veren. De zwanen werden wakker en begonnen te vliegen. Max was nog steeds wat bang, maar Rufus bleef bij hem. De zwanen lieten zichzelf door Rufus jagen en Max vond het opeens heel leuk.

Toen ze terug gingen, had Max een nieuwe vriend gemaakt. De zwanen bleven nu bij hen in het bos. En Max en Rufus gingen altijd met de zwanen op avontuur."
186,meta-llama/llama-3.1-8b-instruct,8_9,"We waren op campingsfeest en ik was er met mijn beste vriendin, Lisanne. We waren erg benieuwd naar het verhaal dat de leidinggevende, Johan, zou vertellen rondom een kampvuur. Hij begon te praten over een mysterieus bos dat helemaal aan de andere kant van het dorp lag. Hij zei dat er een legende over een geest zou zijn, die in het bos rondliep.

Lisanne en ik begonnen elkaar aan te staren. ""Is dit echt?"" fluisterde Lisanne. ""Niemand weet iets over dat bos"", zei ik. ""Maar Johan vindt het maar het allerleukst om ons bang te maken"", zei Lisanne glimlachend.

Maar toen ging Johan verder en zei dat als je in het bos stapte, je nooit meer zou weten wie je was. Dat je je naam zou vergeten en nooit meer zou weten waar je vandaan kwam. Lisanne en ik begonnen elkaar angstig aan te staren. ""Denk je dat het echt waar is?"" vroeg ik met trillende stem.

Lisanne schudde haar hoofd. ""Nee, dat is gewoon een verhaal"", zei ze. Maar ik denk dat ik nog even zal moeten nadenken over dat bos..."
187,meta-llama/llama-3.1-8b-instruct,8_9,"Er was eens een jonge hond genaamd Max. Hij was super snel en had een dikke rode vacht. Max woonde bij een vriendelijke oude man die in een klein huis in het dorp woonde.

Een dag besloot Max met zijn beste vriend, een kat genaamd Whiskers, op avontuur te gaan. Ze liepen door het dorp, langs de rivier en over de heuvels. Onderweg zagen ze een klein ei liggen. Max wilde het ei oppakken, maar Whiskers waarschuwde hem dat het misschien een eitje van een draak was.

Toen ze dichterbij kwamen, hoorden ze een klein stemmetje dat zei: ""Hulp! Hulp!"" Max en Whiskers zochten de bron van de stem en vonden een klein ei. Ze openden het ei en er kwam een klein draakje uit. Het draakje zei: ""Dank je wel! Mijn moeder had me geboren en nu moest ik naar buiten. Maar ik kan nog niet vliegen.""

Max en Whiskers besloten om het draakje in veiligheid te brengen. Ze namen het draakje naar de oude man die een speciaal huisje voor het draakje bouwde. Het draakje ging heel snel groeien en Max en Whiskers werden goede vrienden met het draakje."
188,meta-llama/llama-3.1-8b-instruct,8_9,"Ik woon in een leuk dorpje bij de zee. Ik heb een vriendje genaamd Sander en hij is super leuk. Hij heeft een kleine hond genaamd Max. Max is heel lief maar hij is super nieuwsgierig.

Een keer waren Sander en ik aan het spelen in de duinen. Max was ook mee en hij kwam plotseling op een heel oude schatkist terecht. Hij begon te bauwen aan de kist en Sander en ik gingen ook kijken wat er aan de hand was.

Mijn vader is archeoloog en hij zegt dat schatkisten heel oud zijn en soms zitten er geheimen in. We waren heel nieuwsgierig en besloten om de kist open te maken.

Binnenin vonden we een oude map met een oude kaart van ons dorpje. Volgens de kaart was er een schuilplaats in de duinen, waar de vissers vroeger hun vangst bewaarden.

We besloten om de schuilplaats te vinden. Sander, Max en ik liepen door de duinen totdat we een kleine ingang vonden. We gingen naar binnen en vonden een grote ruimte vol graan en grote zakken vol vis. Het was de oude schuilplaats van de vissers!

We waren heel blij dat we de schuilplaats hadden gevonden en besloten om hem te beschermen. Nu mogen alleen wij drieën de schuilplaats in."
189,meta-llama/llama-3.1-8b-instruct,8_9,"Er was eens een jongetje dat heette Max. Hij had een hond genaamd Rusty. Ze waren de beste vrienden. Max en Rusty waren vaak op avontuur in het bos achter hun huis.

Een dag stapten ze in het bos op een kleine, mysterieuze poort. De poort was afgesloten met een groot, oud slot. Max was nieuwsgierig en wilde het slot openmaken. Rusty beet zachtjes op zijn hand en knipoogde naar hem.

Max deed zijn best om het slot open te maken. Hij draaide en prox, tot het slot openging. Er stond een kaartje op de poort met daarop een boodschap: ""Welkom in het land van wonderen"". Max en Rusty keken elkaar aan en gingen door de poort.

In het land van wonderen was het alsof ze in een andere wereld waren. Er waren bloemen die in de lucht zweefden en vogels die met zilveren strengen vlogen. Max en Rusty waren zo verdwaasd van het alles dat ze om zich heen zagen."
190,meta-llama/llama-3.1-8b-instruct,8_9,"Ik woon in een klein dorpje met mijn familie. We hebben een hond genaamd Max. Max is een prachtige roodbruine hond met een witte vlek op zijn neus. Hij is heel lief, maar ook heel dom. Hij kan maar een paar commando's spreken, maar dat vind ik niet erg.

Een dag ging ik op pad met Max om een eend te vangen voor de lunch. We liepen langs het meer, maar Max kwam plotseling losgerend en begon naar een groep paddenstoelen te rennen. Ik kon hem niet stoppen. Hij knabbelde en happen aan de paddenstoelen, tot hij plotseling viel. Hij was zo diep dat hij in de grond verdween.

Ik was bang dat Max gewond was, maar toen hij bovenkwam, had hij een zog op zijn bek. Hij was helemaal ondergedompeld in de paddenstoelen. Nu is hij een paddenstoelen-jager en komt hij elke dag langs het meer om zijn voorraad paddenstoelen te halen."
191,meta-llama/llama-3.1-8b-instruct,8_9,"Er was eens een prinses met een magische vleugel. Ze was heel anders dan de andere prinsessen, want zij had de vleugel op haar rug en kon met hem vliegen. 

Ze woonde in een groot kasteel met een tuin vol bloemen en een moeder die heel lief was. Maar de prinses was verdrietig, want ze wilde niet alleen in de tuin spelen. Ze wilde de wereld zien. 

Een dag kwam er een oude tovenaar in het kasteel. Hij wist dat de prinses een magische vleugel had en hij wilde hem gebruiken om de wereld te reizen. De prinses was heel bang, want ze wist niet of het een goed idee was om met hem te gaan.

Maar de tovenaar beloofde dat hij haar zou beschermen en ze stapte op zijn schouder. En zo vlogen ze naar de wolken."
192,meta-llama/llama-3.1-8b-instruct,8_9,"Er was eens een jonge vos genaamd Vlinder. Vlinder was heel snel en kon overal komen waar hij maar wilde. Hij had een vriend, een eekhoorn genaamd Eiko. Eiko was heel slim en kon alles opvangen wat Vlinder zei.

Een dag vonden Vlinder en Eiko een kaart op de grond. Het was een kaart van een groot bos. Vlinder zei: ""Eiko, laten we gaan op ontdekking in dit bos!"" Eiko zei: ""Ja, maar we moeten eerst weten waar we zijn.""

Dus zochten ze een oude vogel uit om hen te helpen. De vogel zei: ""Jullie zijn in het bos van de wonderen."" Vlinder vroeg: ""Wat voor wonderen?"" De vogel zei: ""Er is een meer met gouden water, er zijn bomen met rode bladeren en er zijn beesten met zilveren vacht.""

Vlinder en Eiko waren bijzonder nieuwsgierig. Ze gingen op pad en wel. Na veel lopen kwamen ze bij het meer met gouden water. Het was heel mooi. Daarna vonden ze de bomen met rode bladeren. En tenslotte zagen ze een hert met een zilveren vacht.

Vlinder en Eiko waren heel gelukkig. Ze zeiden: ""Dit is het mooiste wat we ooit hebben gezien."""
193,meta-llama/llama-3.1-8b-instruct,8_9,"Er was eens een kleine leeuwin genaamd Luna. Ze woonde in een groot bos met haar familie. Luna was erg nieuwsgierig en wilde altijd alles onderzoeken. Een dag besloot ze om het bos te verkennen.

Ze liep over de weilanden, langs de rivier en door de schaduwen van de bomen. Ze ontdekte een prachtige bloementuin met alle soorten bloemen. Luna zag er zo mooi uit dat ze zelfs een paar vlinders aan zich vasthielden.

Toen ze verder liep, kwam ze langs een klein kabouterhuisje. De kabouter, genaamd Koning Puk, was erg vriendelijk. Hij noemde Luna de 'kleine leeuwin met de bloemen in haar haar'. Luna was heel blij met de complimenten en begon te dansen.

Koning Puk nodigde Luna uit om te blijven en te helpen bij het verzorgen van de bloemen. Luna was erg dankbaar en wist dat ze in dit bos een nieuwe thuis had gevonden. Vanaf dat moment was Luna de beste vriendin van Koning Puk en hielp ze hem met het verzorgen van de mooiste bloementuin in het bos."
194,meta-llama/llama-3.1-8b-instruct,8_9,"Er was eens een prinsesje met een rood haar. Ze heette Rosa en woonde in een groot kasteel in het midden van een groot bos. Rosa hield van paardrijden en liep veel in het bos. Eén dag kwam ze een oude vrouw tegen. De vrouw had een magische hut en Rosa vroeg aan de vrouw of ze haar kon helpen om weer één dag jonger te worden. Rosa wilde 8 jaar worden, want toen was ze nog heel leuk en kon ze heel leuk spelen. 

De oude vrouw dacht na en zei toen: ""Ja, ik kan je helpen, maar als je 8 weer bent, ben je nooit meer een prinsesje van 9 jaar oud."" Rosa dacht even na en zei toen: ""Ik denk dat het het waard is, ik wil 8 worden."" Enzo vrouw zorgde ervoor dat Rosa 8 werd. Maar toen Rosa weer 8 was, was alles heel anders. 

En toen ze terug ging naar haar kasteel, zag ze dat er een klein meisje was dat ook 8 werd. Dat meisje was heel blij en Rosa was heel verdrietig. Rosa besefte dat ze echt geen meisje van 8 wilde zijn. Ze wilde gewoon weer 9 zijn."
195,meta-llama/llama-3.1-8b-instruct,8_9,"Er was eens een jonge paardenvriend, genaamd Max. Hij woonde op een boerderij waar hij dagelijks mocht rijden. Max was heel snel en kon heel hard lopen. 

Een dag ging Max met zijn baas, de boer, naar de weiland om te zien hoe de koeien waren. Toen ze daar waren, zag Max een klein hondje dat was verdwaald. Max wilde helpen, dus hij ging naar het hondje toe.

Het hondje was heel bang en rende weg. Max ging hem achterna en vroeg waar zijn moeder was. Het hondje vertelde dat hij in een bos vlakbij woonde. Max besloot met het hondje samen naar het bos te gaan.

Aan het einde van de dag kwamen ze aan bij het hondje's moeder. Die was heel dankbaar en beloofde Max een leuk cadeau te geven als hij terugkwam. Max ging terug naar de boerderij met een glimlach op zijn gezicht. De volgende dag ging hij naar het bos en ontving hij een lekker broodje van het hondje's moeder."
196,meta-llama/llama-3.1-8b-instruct,8_9,"We waren op vakantie bij mijn opa. Hij heeft een hond genaamd Max. Max is een grote, blonde bulldog. Hij is heel lief, maar hij kan ook heel slobberig zijn.

Mijn broertje en ik werden de beste vrienden van Max. We speelden met hem in de tuin en we namen hem mee op lange wandelingen door het bos. Maar op een dag, toen we buiten waren, ging Max plotseling weg. Hij rende zo snel mogelijk en we konden hem niet inhalen.

Mijn opa riep ""Max, kom terug!"" Maar Max bleef weg. We zochten overal naar hem, maar we konden hem nergens vinden. Mijn broertje en ik waren heel verdrietig. We vonden Max uiteindelijk in de tuin van onze buren. Hij had daar een heel lekkere bak hondenbrood gevonden en hij had besloten om daar te blijven eten.

Mijn opa was heel blij dat we Max terugvonden en we konden hem weer met rust laten. We leerden een lesje: nooit een hond loslaten als hij in een vreemde tuin is!"
197,meta-llama/llama-3.1-8b-instruct,8_9,"Er was eens een kleine ezel met een enorme rugzak. Hij heette Eddie en hij wou naar de top van de berg klimmen. Eddie had gehoord dat er op de top een prachtig zilveren ei lag. Niemand wist wat er precies met het ei gebeurde, maar het klonk als een fantastische avontuur.

Eddie pakte zijn rugzak vol broodjes, water, en een map met een kaart van de berg. Hij nam zijn laatste adem en begon te klimmen. Het was steil en moeilijk, maar Eddie was vastbesloten.

Overal waar Eddie kwam, vroegen de vogels hem mee om met hen te spelen. Ze vlogen om hem heen en Eddie lachte. Hij speelde met de vogels en dan weer met het landschap. Tot hij eindelijk op de top van de berg kwam.

Daar lag het zilveren ei. Het glinsterde in de zon. Eddie oogstte zijn beloning: hij maakte een wens. Hij wou dat hij niet meer moest klimmen. En dat gebeurde, hij zweefde vanaf dat moment naar boven."
198,meta-llama/llama-3.1-8b-instruct,8_9,"Er was eens een kleine reus die in een klein dorpje woonde. Hij heette Gronk en hij was heel sterk, maar hij was ook heel klef. Hij kon niet anders dan de dingen die hij wilde doen ook echt doen.

Een dag besloot Gronk dat hij een prachtige kasteel wilde bouwen. Hij pakte dus zijn hamer en zijn spijkermolen en begon te bouwen. Maar toen hij zijn eerste muur wilde bouwen, sloeg hij hem per ongeluk met zo veel kracht dat de muur in duizenden stukjes uiteen spatte.

Gronk was heel verdrietig en ging naar de dorpshoorn om te vertellen dat hij zijn kasteel niet had kunnen bouwen. Maar de dorpelingen zeiden: ""Gronk, je moet niet te hard slaan! Wat als je een appel in de tuin wilt eten, moet je het dan ook met een hamer breken?"" Gronk lachte en ging weer naar huis om verder te bouwen. Deze keer met een beetje meer zorg en aandacht."
199,meta-llama/llama-3.1-8b-instruct,8_9,"Er was eens een klein konijnje dat genoemd werd Fluffy. Fluffy was een leuke en vrolijke konijn die elke dag naar de bosrand ging om te spelen. Hij had een vriend, een vogeltje genaamd Tweety. Tweety was een lieve vogel met een sterke stem. Hij kon heel hard zingen en dat vond Fluffy erg leuk.

Een dag besloten Fluffy en Tweety om op avontuur te gaan. Ze gingen door het bos en kwamen bij een kleine rivier. Fluffy besloot om te gaan zwemmen en Tweety ging op een boom zitten om hem toe te kijken. Toen Fluffy in het water stapte, voelde hij zich heel koud. Hij wilde snel terug naar de wal.

Maar toen hij terug wilde zwemmen, voelde hij een stroomversnelling. Hij werd meegesleurd door de rivier! Tweety zag dat Fluffy verdween en begon te schreeuwen. Hij vloog van de boom af en ging z’n vriend zoeken.

Fluffy was nu meegesleurd naar een kleinmeer. Hij zat vast aan een boomwortel. Tweety vond hem en sloeg zijn armen om hem heen. Hij begon te zingen en Fluffy voelde zich gerustgesteld. Tweety vloog weg en kwam met hulp terug. Zo konden ze allebei terug naar huis."
200,meta-llama/llama-3.1-8b-instruct,8_9,"We waren op schoolbezoek bij de dierentuin. Onze klas was heel opgewonden. Ik had mijn favoriete t-shirt aan met de tekst ""Ik houd van dieren"". Toen we de dierentuin binnenliepen, zag ik een leuke hond. Hij was een labrador en hij was heel lief.

De hond heette Max en hij was heel slim. Hij kon alle commandos uitvoeren, zoals ""sit"", ""stay"" en ""roll over"". Ik was een beetje bang, maar mijn vriendin Lotte zei dat het goed was, want Max was heel lief.

We konden Max zelfs aaien en hij likte onze handen. Ik vond het superleuk. Toen we weggingen, zei ik tegen mijn leraar dat ik Max misschien zou willen nemen naar huis. Hij lachte en zei dat dat niet mogelijk was, maar dat we Max zeker nog eens zouden zien.

Ik vond het heel fijn om Max te ontmoeten en ik hoop dat ik hem nog eens zal zien."
201,meta-llama/llama-3.1-8b-instruct,8_9,"Er was eens een fantastische hond genaamd Max. Max was geen gewone hond, hij was super snel en kon van zijn favoriete sport, wielrennen, niet genoeg krijgen. Hij had een speciale fiets die hij zelf had gebouwd en elke dag ging hij op pad om te rennen.

Eén dag besloot Max om deel te nemen aan de grootste wielrenwedstrijd van het land. Hij vloog over de finish met een enorm gemiddelde van 50 kilometer per uur. De jury was zo onder de indruk van zijn prestatie dat ze hem uitnodigden om voor het nationale wielrenploeg te rijden.

Max was zo blij dat hij dan eindelijk zijn favoriete sport kon combineren met zijn liefde voor de Nederlandse vlag. Hij werd een ster en gaf inspiratie aan veel jonge kinderen om ook wielrennen te gaan proberen. Max wist dat hij iets bijzonders had en hij wist dat hij niet alleen kon doen wat hij deed, dus hij vertrouwde op zijn vrienden en collega's om hem te helpen."
202,meta-llama/llama-3.1-8b-instruct,8_9,"Er was eens een meisje genaamd Sophie. Ze woonde in een klein dorpje met haar familie. Sophie hield van avonturen en graag in de bossen spelen. 

Een dag ging Sophie op avontuur in de bossen. Ze liep door de dichte bomen totdat ze een klein pad zag. Ze besloot om het pad te volgen en zag dat het leidde naar een oude, vervallen hut. 

Sophie was nieuwsgierig en besloot om de hut te betreden. Binnen was het heel donker en stil. Maar toen ze naar het midden van de hut liep, zag ze een klein, glimmend object op de vloer liggen. 

Ze pakte het object op en zag dat het een kleine sleutel was. Ze besloot om de sleutel te gebruiken om de deur van de hut te openen. En toen deed ze dat, viel de deur open en viel een stukje van de muur naar beneden. 

Beneden de vallende stenen zag Sophie een klein, verborgen kabinet. En toen opende ze het kabinet, zag ze een mooie, gouden ketting erin liggen."
203,meta-llama/llama-3.1-8b-instruct,8_9,"Er was eens een jongetje dat heette Max. Hij woonde in een klein dorpje op het platteland. Max had een paard genaamd Star, die hij heel graag beoefende.

Een dag ging Max met Star naar de rivier om te vissen. Ze waren al een tijdje op pad toen ze een klein, verdwaald vogeltje zagen. Max vond het vogeltje heel lief en besloot om het mee te nemen naar huis.

Zijn moeder had het jongetje eerder verteld dat vogeltjes niet in de keuken hoorden. Maar Max wilde Star's nieuwe vriend wel een beetje laten zien. Hij nam het vogeltje mee naar de keuken en legde hem op de tafel.

Maar tot Max' grote schrik begon het vogeltje te flappen met zijn vleugels en begon hij te vliegen. Hij was zo snel dat hij voorbij de koekenpan vloog en uit het raam vloog."
204,meta-llama/llama-3.1-8b-instruct,8_9,"Er was eens een jonge haan met een prachtige piepstem. Hij kon zo hard en zo mooi piepen dat iedereen hem hoorde. De andere vogels waren geweldig jaloers, want zij konden niet zo goed piepen als hij.

Een dag ging de haan op avontuur. Hij vloog over het bos en kwam bij een klein meer. Daar ontmoette hij een prachtige zwanenmeisje. De haan was meteen verliefd en begon te piepen. Maar het zwanenmeisje zei: ""Hoe mooi je ook piept, ik ben niet geïnteresseerd in een haan die zo proud is van zijn stem.""

De haan was ontzet. Hij had nog nooit zo'n mening gehoord. Hij begon zijn stem te gebruiken om te helpen. Hij piepte zo hard dat de andere vogels wakker werden en hun nestjes lieten vallen. Hij piepte zo hard dat een groep uilen in paniek vluchtten. En hij piepte zo hard dat zelfs de zwanenmeisje moest lachen.

Toen zei het zwanenmeisje: ""Jouw stem is niet alleen mooi, maar ook heel nuttig. Kom, laat ik je leren hoe je je stem kunt gebruiken om anderen te helpen."" En zo leerde de jonge haan dat zijn stem niet alleen om te piepen was, maar ook om anderen te helpen."
205,meta-llama/llama-3.1-8b-instruct,8_9,"Er was eens een haas met een heel speciale vijfhoekige staart. Hij had deze staart gekregen van een magische sterrenvrouw, die zei dat deze hem zou helpen om altijd op tijd te zijn.

De haas heette Flits en hij was inderdaad altijd op tijd. Hij ging naar school, kwam op tijd naar huis, en hij kwam zijn vrienden op tijd opzoeken. Hij was de meest punctuele haas in de hele buurt.

Maar dan kwam er een dag dat Flits zijn vijfhoekige staart verloor. Hij had hem laten liggen in het park, waar hij met zijn vrienden had gevoetbald. Hij zocht overal naar, maar hij kon hem nergens vinden.

Flits was heel verdrietig. Hij wist niet hoe hij zonder zijn staart op tijd zou kunnen komen. Maar toen herinnerde hij zich wat de magische sterrenvrouw had gezegd: ""Flits, je hebt een speciale gaven, maar je hoeft niet afhankelijk te zijn van die gaven. Je kunt altijd je eigen verantwoordelijkheid nemen.""

En zo ging Flits zonder staart, maar met een nieuw gevoel in zijn hart, verder in zijn leven. Hij was nog steeds altijd op tijd, maar nu deed hij dat uit vrije wil."
206,meta-llama/llama-3.1-8b-instruct,8_9,"Er was eens een konijn met een rood shirt en een witte muts. Zijn naam was Kiko. Kiko was heel slim en kon overal heen komen.

Een keer, toen Kiko op de hei was, zag hij een gouden ei liggen. Hij had nog nooit eerder een gouden ei gezien. Hij wilde het heel graag hebben, maar hij wist niet hoe hij het kon krijgen.

Kiko ging naar zijn vriendin, een eekhoorn genaamd Elly. Hij vroeg haar of zij wist hoe hij het gouden ei kon krijgen. Elly dacht even na en zei dan: ""Ik ken een manier, maar je moet heel voorzichtig zijn.""

Elly vertelde Kiko dat hij het ei moest laten rollen. Kiko vroeg waarom, en Elly zei dat hij dan kon zien wie het ei zou krijgen. Kiko deed wat Elly zei en het ei rolde langzaam over de hei.

Toen het ei bij een grote stoeptrede kwam, liet Kiko het ei rollen en... het ei rolde niet naar beneden, maar naar boven! En wie kwam het ei halen? De koningin en de koning zelf! Kiko was heel gelukkig en hij nam het ei niet mee naar huis, maar hij gaf het aan de koningin en de koning."
207,meta-llama/llama-3.1-8b-instruct,8_9,"Er was eens een jonge magische vogel genaamd Luna. Ze had prachtige blauwe vleugels en kon uit haar tong laten komen in de vorm van een straal licht. Ze woonde in een prachtig bos vol met mooie bloemen en heldere beekjes.

Luna was erg nieuwsgierig en bekeek alles in het bos. Ze vond een oude, magische boom met een gat in zijn stam. Ze vloog naar binnen en ontdekte een klein, zilveren doosje. Het doosje had een klein slotje en een briefje eromheen met een puzzel op.

Luna was erg slim en kon de puzzel oplossen. Toen het slotje open ging, kwam er een prachtige ster uit. De ster begon te schitteren en liet een magisch licht zien. De boom begon te spreken en zei: ""Je bent de enige die dit kan doen, Luna. Je bent nu de bezitter van de ster van magie.""

Luna was erg trots en besloot om de ster te gebruiken om de wereld te maken tot een mooiere plek. Ze vloog naar boven en liet de ster schitteren. En daarmee werd het bos het mooiste dat het ooit was geweest."
208,meta-llama/llama-3.1-8b-instruct,8_9,"Er was eens een komeet die op Aarde viel. Hij kwam uit het heelal en vloog langzaam naar beneden. Toen hij dichterbij kwam, werd hij groter en groter.

De mensen zagen hem in de lucht en waren bang. Ze dachten dat hij zou neerkomen en alles zou verwoesten. Maar hij was niet zo hard als ze dachten.

Hij kwam neer op een grote, lege plek in het niets. Er groeiden bloemen en bomen op de plek waar hij viel. De mensen kwamen kijken en waren verbaasd.

Er kwam een kleine, felgekleurde vogel uit zijn lichaam. Hij vloog weg en vond een vrouwtje van zijn soort. Ze waren zo gelukkig elkaar te hebben.

De vogeltjes bouwden een nest en legden eitjes. De eieren werden uitgebroed en de vogeltjes werden groot. Ze vlogen door de lucht en kwamen bij de mensen.

De mensen werden vrienden met de vogeltjes en namen ze op handen. De vogeltjes leerden de mensen dat kometen niet slecht zijn, maar dat ze ook leven en groeien kunnen."
209,meta-llama/llama-3.1-8b-instruct,8_9,"Er was eens een magische eiland. Het was omringd door een groot meer. Op dit eiland woonden allerlei dieren. Er waren vogels, konijnen, honden en zelfs een klein paard.

In dit eiland was er een jonge vogel. Hij heette Pip. Pip was heel nieuwsgierig en wilde altijd alles verkennen. Eén dag zag hij een klein bootje liggen. Het was zo klein dat Pip erin paste. Hij besloot om de boot te nemen en uit te varen.

Pip voer over het meer en kwam bij een eiland waar hij nooit eerder was geweest. Hij ontmoette een vriendelijke zeehond. De zeehond heette Max. Max nam Pip op sleeptouw en liet hem de onderwaterwereld zien.

Pip had nooit zoiets gezien. Hij zag allerlei visjes en zelfs een octopus. Pip keek met grote ogen. Hij was zo blij dat hij met Max afscheid nam en terugvloog naar zijn eigen eiland. Pip was heel dankbaar voor zijn avontuur met Max."
210,meta-llama/llama-3.1-8b-instruct,8_9,"Er was eens een jonge hondje genaamd Max. Hij was wit en bruin en had een lange staart. Max was heel slim, hij kon zelfs rekenen!

Een dag kwam Max met een puzzel naar school. Hij gaf hem aan zijn beste vriendin, een meisje genaamd Emma. Ze moest een puzzel van 100 stukjes oplossen. Max zei dat hij een hint kon geven als ze de puzzel niet kon oplossen.

Emma probeerde heel erg hard, maar ze kon de puzzel niet oplossen. Max gaf haar toen een hint. ""Denk aan het getal 50!"" zei hij.

Emma keek naar de puzzel en zag dat er 50 stukjes waren van het ene deel en 50 van het andere deel. Ze legde alle stukjes van de ene helft op een tafel en alle stukjes van de andere helft op een andere tafel. Meteen wist ze hoe de puzzel moest worden opgelost!

Nu was de puzzel opgelost en Max en Emma waren heel blij. Ze waren de beste vrienden en hadden altijd samen veel plezier."
211,meta-llama/llama-3.1-8b-instruct,8_9,"Er was eens een magische eiland. Het lag midden in de oceaan en was omringd door prachtige, blauwe golven. Op dit eiland groeiden de mooiste bloemen die je ooit gezien hebt. Ze kwamen in alle kleuren voor: rood, geel, groen en zelfs paars.

Er woonde een meisje op dit eiland, genaamd Luna. Ze was een beetje een avonturier en hield ervan om de eilanden te verkennen. Eén dag ontdekte ze een verborgen grot. Binnenin was het donker en koud, maar Luna voelde iets raars. Ze kon het gevoel van een vriendelijke stem voelen.

Luna liet haar handen langs de muur van de grot glijden en voelde een klein, metalen deurtje. Ze duwde het open en ontdekte een klein, lichtende kristal. Toen ze het vasthield, voelde ze de stem sterker. De stem zei: ""Luna, je bent gekozen om de magische eilanden te beschermen."""
212,meta-llama/llama-3.1-8b-instruct,8_9,"We waren op een kamp in het bos. Ik sliep in een tent met mijn beste vriendje, Sander. We werden wakker van een heel luide bellenkoning. We keken omhoog en zagen een koning in een boom zitten. Hij had een kroon op zijn hoofd en een lange baard.

Hij vertelde ons dat hij een magische bellenkoning was. Hij kon iedereen laten horen wat hij wilde. Sander vroeg hem waarom hij ons kwam halen. De koning zei dat hij ons wilde helpen bij een mysterie.

Er was een buitenaardse vogel vermist, die zo mooi zong dat mensen uit de hele wereld kwamen om hem te horen. De koning zei dat hij ons wilde helpen hem te vinden.

Sander en ik gingen op zoek. We hoorden de vogel zingen en volgden de geluid. We vonden hem in een boom. Hij was zo mooi en zong zo mooi. We hoorden de vogel zingen en konden niet stoppen met glimlachen. We waren heel blij dat we hem hadden gevonden."
213,meta-llama/llama-3.1-8b-instruct,8_9,"Er was eens een tijd waarin er een magische eilanden bestonden. Alleen wie een speciale ster op zijn voorhoofd had, kon er komen. 

De beste vrienden van onze klas, Tom en Jip, waren op een dag op een strand aan zee. Zij ontdekten een oude kaart in het zand. Hierop stond het magische eiland. Ze besloten om er heen te gaan en om de ster op hun voorhoofd te zoeken.

Na een lange en moeilijke reis kwamen ze aan op het eiland. Daar vonden ze een schattige vogel, die hun vertelde dat ze een speciale ster moesten vinden in een geheime grot. 

Ze vonden de grot en er stonden twee sterren bovenin. De vogel zei dat ze de ster moesten pakken met de hand die het heiligste is. Jip en Tom keken elkaar aan en ze begrepen dat de hand die het heiligste is de hand die van je hart komt."
214,meta-llama/llama-3.1-8b-instruct,8_9,"Er was eens een magische koningin met een prachtige gouden kroon. Ze woonde in een land vol met prachtige bloemen en geuren. De koningin had een lieve witte kat die haar altijd vergezelde. De kat heette Zoen.

Een dag besloot de koningin samen met Zoen een tocht te maken door het land. Ze liepen over de zachte bloemvelden en langs de meertjes met glinsterend water. Zoen sprong van steen naar steen en ving de vlinders in haar pootjes.

Toen ze langs een klein bos liepen, kwamen ze een klein meisje tegen. Ze was op de vlucht voor een woeste hond. De koningin en Zoen besloten om het meisje te helpen. Zoen sprong op de hond af en beet hem zachtjes in de staart. De hond was zo verbaasd dat hij vluchtte. Het meisje was heel dankbaar en vroeg of ze haar moeder mocht zoeken. De koningin gaf haar een klein poeder dat ze altijd bij zich had. Ze kon met dat poeder haar moeder opsporen.

Het meisje ging terug en vond haar moeder. Ze was heel blij en gaf de koningin een kus. De koningin glimlachte en zei: ""Je mag altijd bij me terugkomen als je hulp nodig hebt."""
215,meta-llama/llama-3.1-8b-instruct,8_9,"We waren op schoolbezoek bij de dierenarts. We mochten kijken hoe de dierenarts werkte. Er lag een hond op de tafel, hij was ziek. De dierenarts controleerde zijn temperatuur en zijn hartslag. Hij vroeg of we wilden helpen, we mochten de thermometer in de mond van de hond steken. De dierenarts zei dat hij een speciale thermometer had, die niet pijn deed. De hond was heel rustig, hij lag stil en keek naar ons. Ik was een beetje bang, maar de dierenarts zei dat het goed was.

Toen de thermometer er uit was, vroeg de dierenarts of we wilden een medikijn in de honden mond doen. We mochten een aparte dosis maken, dat was een beetje speciaal. De dierenarts vertelde dat hij een speciale machine had om de medicijnen te maken. Ik vroeg of ik de machine mocht bedienen, maar de dierenarts zei nee. Hij zei dat het te gevaarlijk was.

Na een tijdje was de behandeling klaar en kon de hond naar huis. We mochten hem een beetje aaien en een applaus geven. De hond was heel blij en kwam naar ons toe. Hij likte onze handen en snuiters. We waren heel blij dat de hond weer beter was."
216,meta-llama/llama-3.1-8b-instruct,8_9,"Er was eens een meisje genaamd Lily. Ze was een fantastische jager in een klein dorpje in de bossen. Lily had een speciaal hondje genaamd Max. Max was heel slim en kon heel goed luisteren.

Een dag kwam Lily's vader naar haar toe en zei dat hij een heel speciaal project had. Hij wilde met Lily en Max op zoek gaan naar de legendarische diamant van de bos. De diamant was heel groot en heel mooi, maar hij was heel moeilijk te vinden.

Lily en Max gingen met haar vader op zoek naar de diamant. Ze liepen door de bossen en vroegen alle dieren om hulp. Een eekhoorn zei dat hij een pad had gezien, een vogel zei dat hij een glinstering had gezien. Totdat ze eindelijk de diamant vonden.

Hij was heel groot en heel mooi. Lily's vader was heel trots op haar en zei dat ze een echte jager was geworden. Lily en Max gingen terug naar het dorpje en werden als helden ontvangen."
217,meta-llama/llama-3.1-8b-instruct,8_9,"Er was eens een meisje dat heette Lily. Ze woonde in een klein dorpje in de bossen. Lily hield van avonturen en had een speciale vriend, een vos genaamd Vinnie. Vinnie was heel slim en kon veel dingen doen.

Een dag ging Lily en Vinnie de bossen in om te zien wat ze konden vinden. Ze kwamen langs een klein meer en zagen een prachtige eend. De eend was heel snel en kon goed zwemmen. Lily en Vinnie wilden de eend graag helpen en besloten om met haar te spelen.

Ze begonnen met een wedstrijd om te zien wie het snelst kon zwemmen. Lily was heel goed in het zwemmen, maar de eend was gewoon te snel voor haar. Vinnie probeerde het ook, maar hij kon het ook niet winnen van de eend. Toen hadden ze een idee. Ze zouden samen de eend helpen en ze konden allemaal zwemmen als een team.

En dat deed ze! Lily en Vinnie zwommen samen met de eend en ze waren allemaal heel blij. Ze waren het snelste team dat het meer ooit had gezien."
218,meta-llama/llama-3.1-8b-instruct,8_9,"Er was eens een klein eendje dat in een groen moeras zat. Het was een erg mooi eendje met een witte onderkant en een bruine bovenkant. Het eendje hield van zwemmen en vliegen, maar het had ook een groot probleem. Het kon niet vliegen zoals de andere eenden.

Elke dag keek het eendje naar de andere eenden die gemakkelijk over het water vlogen. Het voelde zich erg verdrietig en wilde ook vliegen. Dus ging het eendje naar een wijze oude eend en vroeg het of zij kon helpen.

De oude eend zei: ""Ik kan je helpen, maar je moet eerst heel hard trainen."" Het eendje was blij en begon meteen te trainen. Het oefende elke dag en elke nacht.

Na een paar weken zag de oude eend dat het eendje al heel goed was. Het kon nu zelfs kleine stukjes over het water vliegen. De oude eend was trots op het kleine eendje en zei: ""Nu kun je vliegen, kleine eend! Ga maar vliegen!"" En zo vloog het kleine eendje eindelijk zelf over het water."
219,meta-llama/llama-3.1-8b-instruct,8_9,"We waren op schoolbezoek bij een kudde olifanten in het wild. Mijn beste vriendin, Anna, en ik, waren zo opgewonden om de olifanten te zien. Onze leerkracht, mevrouw Smith, liet ons een paar meter afstand houden van de olifanten.

Een van de olifanten, een enorm grote man met een lelijke gedeukte hoorn, kwam naar ons toe lopen. Hij was zo dichtbij dat we zijn adem konden voelen. Ik was bang dat hij ons zou aanvallen, maar Anna pakte mijn hand en zei: ""Nee, hij wil ons niet kwaad doen.""

Mevrouw Smith begon te vertellen dat de olifanten een heel sociaal dier zijn. Ze leven in families en helpen elkaar. De oude olifanten leren de jonge olifanten hoe ze moeten jagen en hoe ze moeten beschermen zichzelf.

De grote man met de deukhoorn kwam nog dichterbij en begon te spreken. Nou, niet echt spreken, maar hij maakte heel duidelijke geluiden om ons te laten weten dat hij vriendelijk was. We konden zijn ogen zien glimmen van vreugde.

Ik voelde me ineens niet bang meer. Ik voelde me verbonden met de olifanten. En toen we weer terug naar school gingen, wist ik dat ik de olifanten nooit meer zou vergeten."
220,meta-llama/llama-3.1-8b-instruct,8_9,"We waren allemaal buiten en speelden in de zon. Mijn beste vriend, Lucas, en ik, we hadden een idee. We wilden een verstoppen met geld en sleutels in ons schooltje en het zo laten zien dat het een echte kasteelkelder was.

We spreiden de geld en de sleutels over de hele kelderruimte. Het was donker en stil, dus we moesten heel voorzichtig zijn. Toen we klaar waren, deden we de deur achter ons dicht en liepen we naar de klas.

De lerares, mevrouw Van der Meer, vroeg ons waar we waren geweest. Lucas en ik, we vertelden haar dat we in de kasteelkelder waren geweest en dat het een geheim was. Ze keek ons aan en glimlachte. 'Dat klinkt interessant', zei ze.

Toen we de klas in liepen, zagen we dat de rest van de klas niets had gedaan. Ze hadden in de kasteelkelder gewacht. Zij waren erachter gekomen dat we geld en sleutels hadden verstoppen. We waren allemaal heel blij en we besloten om allemaal een geheim samen te hebben."
221,meta-llama/llama-3.1-8b-instruct,8_9,"Er was eens een kleine drakendanser genaamd Flinky. Hij was heel klein, niet groter dan een huisdier, en hij was erg lief. Flinky had een zilveren schub en een lange staart. Hij was heel vaardig in het dansen en hij kon zelfs de wind doen waaien met zijn bewegingen.

Flinky woonde in een dorp met veel andere kleine dieren. Elke avond, als de maan opkwam, kwam Flinky naar het centrum van het dorp om te dansen. Hij danste voor alle dieren, en ze waren allemaal heel onder de indruk van zijn vaardigheden.

Maar één avond kwam er een grotere drakendanser naar het dorp. Hij was heel sterk en hij kon heel veel mensen aan de wieg leggen. Hij wilde Flinky verslaan in een danswedstrijd. Flinky was bang, maar hij wist niet of hij moest opgeven.

Toen hij begon te dansen, moedigde hij zichzelf aan met de schub op zijn rug te bellen en met zijn staart te wiebelen. De grotere drakendanser begon ook te dansen, maar hij was veel te zwaar en hij viel op de grond.

Flinky had gewonnen! De dieren in het dorp waren heel blij voor hem en hij werd nu de grote ster van het dorp."
222,meta-llama/llama-3.1-8b-instruct,8_9,"Er was eens een jonge vos. Hij was snel en slim. Zijn naam was Vosko. Hij leefde in een groot bos, vol met bomen en dieren. Vosko was altijd op zoek naar avontuur.

Een dag besloot Vosko om naar het meer te gaan. Hij had gehoord dat er een geheime eiland lag in het midden van het meer, waar prachtige bloemen bloeiden. Vosko wilde deze bloemen zien.

Hij zwom naar het eiland en daar trof hij een prachtige bloem met een heerlijke geur. Toen hij probeerde om de bloem te plukken, hoorde hij een stem. Het was de stem van een oude vis, die onder het water zwom.

""Vosko, waarom kom je hier?"" vroeg de vis. Vosko vertelde hem over zijn zoektocht naar de prachtige bloemen. De vis vertelde hem dat de bloemen alleen voor de mooiste dieren in het bos waren bedoeld, en dat hij dus niet mocht plukken.

Vosko besloot om de vis te helpen met zijn taken, in plaats van de bloem te plukken. De vis was heel dankbaar en gaf Vosko de sleutel tot het eiland. Sindsdien mag Vosko het eiland bezoeken en de bloemen zien, maar hij mag ze niet plukken."
223,meta-llama/llama-3.1-8b-instruct,8_9,"We waren op schoolreis naar het strand. Mijn vriendin Lisanne en ik waren zo opgewonden dat we de hele bus deden. We wilden de hele dag in het water zijn en de zon op ons gezicht voelen.

Toen we aankwamen, stopten we eerst bij de museumpje, want Lisanne had gezegd dat we daar een schip konden bekijken. En dat was een schip! We konden er zelfs op klimmen en in het ruim kijken. Ik vond het een beetje eng, maar Lisanne vond het fantastisch.

Na het museum gingen we naar het strand. Lisanne wilde meteen in het water springen, maar ik was nog bang. Dat duurde niet lang, want mijn klasgenoot Sander gaf me een duw en ik viel in het water. Het was hartstikke koud, maar het was ook heel leuk. Sander en Lisanne deden een paar keer met me mee, en we speelden waterballonnen."
224,meta-llama/llama-3.1-8b-instruct,8_9,"Er was eens een magische vogel met een prachtig geel verenkleed. Hij heette Sunny en woonde in een prachtig bos met een meer. Sunny kon prachtig zingen en iedereen die hem hoorde, voelde zich gelukkig.

Een dag vloog Sunny door het bos en kwam bij een jongen die erg verdrietig was. De jongen was zijn verjaardagsfeestje vergeten en voelde zich heel erg verdrietig.

Sunny vloog dichterbij en begon te zingen. Zijn zang was zo mooi dat de jongen zich plotseling gelukkig voelde. Hij begon te glimlachen en Sunny vloog dichterbij om hem te knuffelen.

De jongen glipte op een houten brugje over het meer en Sunny vloog recht boven het water om hem te volgen. Toen ze bij de andere kant waren, zag de jongen een prachtige vlinder die op de grond zat te wachten om bij de bloemen te gaan.

Zijn verdriet was nu helemaal verdwenen en hij nam de vlinder in zijn handen. Hij keek naar de vlinder en Sunny vloog dichterbij om hem te zeggen: ""Ik zie dat je nu gelukkig bent. Echt leuk!"""
225,meta-llama/llama-3.1-8b-instruct,8_9,"Er was eens een knappe en slimme vos. Deze vos heette Vosje. Vosje had een droom: hij wilde een koning worden. Vosje dacht dat hij het kon maken als hij een prachtige kroon kon vinden.

Vosje ging op ontdekking en vond een oude winkel. In die winkel zat een oude vrouw die juwelen verkocht. Vosje vroeg de oude vrouw of zij een prachtige kroon had. De oude vrouw glimlachte en zei: ""Ja, maar die kost heel veel geld. En vaak kan ik me geen klant veroorloven die een vos is.""

Vosje zei dat hij heel graag de kroon wilde hebben en dat hij ervoor wilde werken. De oude vrouw was onder de indruk van Vosje's gedrevenheid en gaf hem de taak om 100 stenen op te halen. Vosje ging op pad en zorgde ervoor dat hij de stenen ophaalde. Toen hij terugkwam, had hij nog 100 stenen meer. De oude vrouw was trots op Vosje en gaf hem de kroon.

Vosje droeg de kroon en kreeg veel bewondering. Vosje was verdrietig, want hij was bang dat hij niet kon leven zoals een koning. Maar hij ontdekte dat hij het kon doen. Hij wist dat hij een goed koning kon zijn en dat hij een droom kon waarmaken."
226,meta-llama/llama-3.1-8b-instruct,8_9,"Er was eens een jonge hondje genaamd Max. Max was een zieke hond die nooit buiten durfde te komen. Hij leefde in een klein appartement met zijn eigenaar, een meisje genaamd Lily.

Een dag kwam Lily op een idee. Ze wilde dat Max kon leren zwemmen. Lily dacht dat als Max kon zwemmen, hij wat meer zou durven en buiten zou gaan spelen. Zij ging met Max naar een zwembaan en begon hem te leren zwemmen.

Max was helemaal niet bang voor water. Hij vond het geweldig om te zwemmen! Hij leerde snel en voordat je het wist, kon hij het hele zwembad doorzwemmen.

Als Lily hem naar de zwembaan bracht, ging Max met een grote glimlach naar binnen. Hij speelde met alle andere dieren in het zwembad. Hij leerde zelfs een nieuwe vriendschap met een hond die in het zwembad werkte."
227,meta-llama/llama-3.1-8b-instruct,8_9,"We waren op schoolbezinning en ik was buiten. Ik had mijn sokken vergeten. Ik moest naar binnen voor het schoolbezinning. Ik liep de school in met mijn neus onder mijn jas.

Mijn beste vriend, Jip, was ook binnen. Hij zat op de bank. Hij keek naar me. Hij glimlachte. Ik ging naast hem zitten. Samen keken we naar de meester.

De meester vertelde over een prinses. Die prinses woonde in een kasteel. Ze had een broer. Die broer was erg slim. Hij had een magische boek. Hij kon alles lezen wat er in het boek stond. Hij las dat er een goudvis in de bibliotheek zat. Die goudvis had een toverkracht.

De broer van de prinses koos de goudvis. Hij nam hem mee naar het kasteel. De goudvis werd een prins. Hij ging trouwen met de prinses. Ze werden gelukkig."
228,meta-llama/llama-3.1-8b-instruct,9_10,"Er was eens een klein konijnje dat ik, perché, had. Het konijnje heette Fluffy en het was lief en vriendelijk. Fluffy leefde in een prachtige tuin met mooie bloemen en bomen, en hij had veel vrienden in de tuin.

Een dag besloot Fluffy om op avontuur te gaan. Hij kroop door het gras en klom over een hoge muur. Daarachter lag een groot bos met donkere bomen en een pad dat heel smal was.

Fluffy liep het pad op en ontdekte een klein huisje. Daar lag een oude vos met een lang wit baard. De vos zei: ""Goedendag klein konijn, wat brengt je hier?"" Fluffy vertelde hem over zijn zoektocht naar avontuur.

De vos lachte en zei: ""Ik ken een plek waar je veilig bent en waar je veel vrienden zult vinden."" Hij nam Fluffy mee naar een verborgen hol in de bosrand, waar een groep andere konijnen en kleine dieren woonde. Ze waren allemaal vriendelijk en verwelkomden Fluffy met open armen.

Vanaf die dag was Fluffy een van hen en hij had de mooiste avonturen in het bos."
229,meta-llama/llama-3.1-8b-instruct,9_10,"Er was een keer dat ik met mijn beste vriendin, Sophie, naar het strand ging. We hadden een lange zomerse dag en waren erg opgewonden om de zee te zien. Toen we aankwamen, zag ik een kleine, dikke papegaai op een palmboom zitten. Hij keek me aan alsof hij wilde zeggen: ""Hé, ik zie je!""

Sophie zag hem ook en begon te lachen. ""Kijk, een papegaai!"" riep ze. De papegaai begon te praten en zei: ""Hallo, kinderen! Wat brengt jullie hier vandaag?"" Sophie en ik waren verbijsterd. We wisten niet wat we moesten zeggen.

""Uh, we komen hier om te zwemmen en te spelen,"" antwoordde Sophie. De papegaai lachte en zei: ""Ah, geweldig! Vindt u het hier leuk?"" Sophie knikte en ik antwoordde: ""Ja, het is mooi!""

Toen we daarna op het strand gingen spelen, viel de papegaai ons opnieuw lastig. Hij vloog boven ons heen en begon te lachen. We kon niet geloven dat hij echt sprak! Uiteindelijk moesten we naar huis gaan, maar we zwenkten met een glimlach op ons gezicht, want wij hadden met een praatende papegaai gesprekken gevoerd."
230,meta-llama/llama-3.1-8b-instruct,9_10,"Er was eens een klein caféje in een klein dorpje. Het caféje heette ""De Fijne Koffie"" en er werkte een meisje van mijn leeftijd, Lente. Lente was een erg leuke en vriendelijke meid. Elke dag kwam ze vroeg op en maakte ze een hoop lekkers voor de klanten.

Maar 's avonds, toen het caféje gesloten was, gebeurde er iets bijzonders. De muizen in de muren van het caféje kwamen uit hun gaten en begonnen te dansen op muziek die Lente had opgenomen van haar telefoon. Het was echt heel leuk om te zien.

Een nacht kwam er een nep-koning met een nep-koninklijke hoed op. Hij vond het dansfeest zo leuk dat hij er ook bij wilde dansen. Hij ging zelfs zo ver dat hij Lente zijn nep-koninklijke hoed gaf. Sindsdien was Lente de koningin van het dansfeest in ""De Fijne Koffie""."
231,meta-llama/llama-3.1-8b-instruct,9_10,"Er was eens een klein, gestreept hondje. Hij heette Streaky en hij had een vriendje dat een witte kat was. Hij heette Snowball. Streaky en Snowball speelden samen in de tuin van Streaky's baasje. Ze renden rond, joegen elkaar achterna en speelden verstoppertje.

Maar één dag ging Snowball plotseling verdwenen. Streaky zocht naar hem, maar kon hem nergens vinden. Hij vroeg aan de vogels in de tuin of ze Snowball hadden gezien, maar ze schudden hun kopjes.

Streaky was bang dat hij Snowball nooit meer zou zien. Maar toen hij langs de muur van de tuin liep, hoorde hij een zacht miauwend geluid. Hij ging dichterbij en zag dat Snowball in een gat in de muur zat. Hij had daar een schuilplaats gevonden om zich te verstoppen.

Streaky was zo blij dat hij Snowball had gevonden dat hij meteen naar hem toerende. Snowball sprong uit het gat en samen renden ze terug naar de tuin, om de rest van de dag te spelen. Vanaf die dag was Streaky nog alerter dan ooit, want hij wist dat als Snowball verdween, hij hem zou kunnen vinden."
232,meta-llama/llama-3.1-8b-instruct,9_10,"Er was eens een klein konijnje dat woont in een grote tuin. Het konijnje heet Koen en hij is super snel. Koen heeft een beste vriend, een vogeltje dat heet Piet. Piet kan heel hard vliegen en kan boven de tuin rondcirkelen.

Een keer besloten Koen en Piet om samen een avontuur te beleven. Ze liepen door de tuin en kwamen bij een groot meer. Ze zagen een lucifer die op de grond lag. Piet vloog omhoog en roep: ""Koen, kijk! Een boot!""

Koen keek en zag een oude boot die op het meer lag. Hij was oud en verroest, maar hij zag er leuk uit. Koen en Piet besloten om de boot op te ruimen en hem in het water te zetten. Met een beetje kracht en veel enthousiasme gingen ze te werk. Toen ze klaar waren, klommen ze in de boot.

Piet vloog boven de boot en roep: ""Zeilen, Koen! Zeilen!"" Koen lachte en begon te zeilen. De wind blies en de boot ging snel door het water. Koen en Piet hadden het zo leuk! Ze voeren over het meer en zeiden tegen elkaar: ""Dit is het leukste wat we ooit hebben gedaan!"""
233,meta-llama/llama-3.1-8b-instruct,9_10,"Er was eens een jonge kosmonaut die heette Tim. Hij was heel erg geïnteresseerd in ruimtevaart en wilde er graag mee bezig gaan. Toen hij 16 werd ging hij naar een speciale school waar ze leren om in de ruimte te werken.

Na twee jaar studeerde Tim af en werd hij geselecteerd om mee te gaan met een ruimtevlucht. Hij was heel erg blij en kon zijn ogen niet geloven. Hij kreeg een speciale jas aan, een helm en een parachute. Tim werd ingesloten in een ruimteschip met andere kosmonauten.

Het ruimteschip vloog de aarde uit en ging naar de maan. Tim zag de aarde van bovenaf en was geweldig onder de indruk. Hij zag de oceaan, de bergen en de wolken. Hij nam veel foto's en video's om aan zijn familie te geven.

Toen ze terugkeerden naar de aarde, was Tim heel erg moe. Hij had een heel speciale dag gehad en hij was heel erg trots op wat hij had bereikt."
234,meta-llama/llama-3.1-8b-instruct,9_10,"Een keer, toen ik in de vakantie was, ging ik met mijn familie naar de zee. We hadden een klein strandhuisje gehuurd en ik was zo opgewonden om daar te zijn. Toen ik wakker werd, zag ik eerst de zee. Het water was zo blauw en wit van de golven.

Ik liep naar beneden en mijn ouders wilden met me gaan zwemmen. Toen we in het water waren, zag ik een boot met een grote zeil. Het zeil wapperde in de wind en de boot gleed langzaam over het water. Ik vroeg me af waar het schip heen ging.

Toen ik naar het strand keek, zag ik een kleine schelpenjager die met een groot net aan het vissen was. Hij trok het net boven water en ik zag dat het vol zat met schelpen en zeepokken. Het leek zo spannend. Ik had weleens gehoord dat schelpenjagers op zee grote scheepsrampen kunnen tegenkomen."
235,meta-llama/llama-3.1-8b-instruct,9_10,"Er was eens een magische eiland. Het lag in de oceaan, heel ver van de kust. Op dit eiland woonde een meisje genaamd Luna. Luna was een beetje een aparte, want ze kon praten met dieren. Ze had een vriendelijke kat genaamd Orion, een vlinderspinnen genaamd Astra en een zeehond genaamd Triton.

Een dag zag Luna een kleine bootje aankomen op de oceaan. Er stond een klein meisje in, dat heel bang was. Ze was verdwaald en wist niet hoe ze terug moest naar huis. Luna ging naar het meisje toe en vroeg of ze mocht helpen. Het meisje was heel dankbaar en vertelde Luna dat ze verdwaald was tijdens een tochtje met haar ouders.

Samen met haar dierbare vrienden, Orion, Astra en Triton, hielpen ze het meisje terug naar huis. Luna zei tegen het meisje dat ze altijd de juiste weg moest kiezen en dat ze niet met onbekenden moest praten. Het meisje dankte Luna en vertrok met een glimlach op haar gezicht.

Luna en haar vrienden bleven op het eiland, waar ze hun magische leven voortzetten."
236,meta-llama/llama-3.1-8b-instruct,9_10,"Er was een keer dat ik naar het park ging met mijn opa. Hij had een oude hond gekregen, een grote, bruine reus van een hond die Ruff heette. Ruff was heel lief, maar hij was ook heel snel. Hij rende altijd weg en mijn opa moest hem dan achterna rennen. 

Ik en mijn opa waren op weg naar de speeltuin toen Ruff plotseling losbrak. Hij rende weg en mijn opa moest hem achterna. Ik nam de tijd en volgde Ruff. Hij ging naar de grote boom die de oudste kinderen van de buurt bestegen. Ruff ging naar boven en ik volgde hem. 

Van boven was het heel anders. Ik kon alles zien, van de speeltuin tot het bos, en zelfs de andere straten in de buurt. Ruff kwam naar me toe en ik streek hem over zijn rug. Mijn opa vond ons later en wij klommen naar beneden. We gingen naar de speeltuin en speelden daar de rest van de dag. Ruff was heel blij en ik was ook heel blij dat ik naar de boom was gegaan."
237,meta-llama/llama-3.1-8b-instruct,9_10,"Er was een keer een jonge hinde. Ze heette Luna. Luna woonde in een prachtig bos met veel bomen en bloemen. Ze had een vriend, een vos genaamd Zephyr. Zephyr was een beetje slim, hij wist altijd waar de lekkere dingen waren.

Een dag kwamen er twee wolven naar het bos. Ze waren heel groot en heel sterk. Luna en Zephyr waren bang. Maar Zephyr had een idee. Hij ging naar de wolven en begon te praten.

'Als jullie de beste weg naar het water willen weten, dan kan ik jullie helpen.' De wolven waren heel geïnteresseerd. Zephyr nam hen mee door het bos en wees hen de beste manier om te het water te komen.

De wolven waren heel dankbaar en beloofden Zephyr en Luna dat ze nooit meer kwaad zouden doen. Luna en Zephyr waren heel blij. Vanaf die dag waren de wolven goede vrienden van hen. En Zephyr was de held van het bos!"
238,meta-llama/llama-3.1-8b-instruct,9_10,"Er was eens een jonge vos genaamd Vosje. Vosje was heel slim en kunne heel snel rennen. Hij woonde in een prachtig bos met veel vrienden. Een keer kwam er een grote en sterke beer in het bos. De beer was heel boos en wilde niemand in het bos laten leven.

Vosje wist dat hij iets moest doen om de beer te stoppen. Hij ging naar zijn vriend, een wijze oude eekhoorn. De eekhoorn zei: ""Vosje, je moet de beer niet met geweld stoppen. Je moet hem iets aanbieden dat hij wil.""

Vosje dacht even na en besloot toen: ""Ik ga naar de rivier en vind een prachtige glanzende steen."" Hij vond een mooie steen en nam hem mee naar de beer.

De beer was aanvankelijk nog steeds boos, maar toen hij de steen zag, begon hij te glimlachen. Hij zei: ""Dank je wel, Vosje. Deze steen is heel mooi. Ik ga hem nu meenemen en in mijn hol zetten.""

De beer ging weg en Vosje kon eindelijk weer in het bos spelen met zijn vrienden. Sindsdien was de beer niet meer boos en werd hij zelfs Vosjes vriend."
239,meta-llama/llama-3.1-8b-instruct,9_10,"Er was eens een klein koninkrijkje in een ver land. Daar woonde een meisje genaamd Sophia. Sophia was heel lief en had het liefste van de hele wereld: paarden. Ze had zelfs een eigen paard, een prachtige zwarte merrie genaamd Midnight.

Sophia en Midnight waren bijna altijd samen. Ze gingen overal naartoe, van het park tot het bos. Sophia vond het heerlijk om op Midnight te rijden en voelde zich als een echte prinses.

Maar één dag kwam er een hevige storm. De wind was zo hard dat hij de ramen van Sophias huis deed rammelen. En toen, plotseling, ging Midnight verdwenen. Sophia was in paniek en begon te zoeken. Ze liep door de straten, riep naar Midnight en keek overal om haar heen.

En toen, plotseling, zag ze hem. Midnight stond in een steegje, waar hij goed had weten te ontsnappen aan de storm. Sophia was zo gelukkig dat ze hem om de nek sloeg en hem enorm knuffelde. Vanaf die dag was Sophia en Midnight meer dan ooit bij elkaar."
240,meta-llama/llama-3.1-8b-instruct,9_10,"Er was eens een meisje dat heette Luna. Luna was een geweldige meisje dat van avonturen hield. Ze woonde in een klein dorpje aan de rand van een groot bos.

Een dag kwam Luna op het idee om het bos in te gaan, om te zien wat er gebeurde. Ze pakte haar fiets en reed naar het bos. Toen ze bij de ingang van het bos arriveerde, besloot ze om haar fiets te stallen en door het bos te lopen.

Bijna meteen hoorde ze een geluid. Het klonk als een klein dier, dat door het bos rende. Luna liep in de richting van het geluid en kwam uit bij een klein hondje. Het hondje was helemaal alleen en keek naar Luna op met grote groene ogen.

Luna nam het hondje mee en besloot om het naar huis te brengen. Toen ze bij haar huis aankwam, viel het hondje ineens op de grond, alsof het sliep. Maar toen Luna dacht dat het hondje sliep, hoorde ze een stem die zei: ""Dank je wel, Luna""."
241,meta-llama/llama-3.1-8b-instruct,9_10,"Ik was laatst op bezoek bij mijn opa in het dorp. Hij heeft een prachtige tuin met een enorme schommel. Mijn opa zei dat ik de schommel mocht gebruiken, maar ik moest eerst een puzzel oplossen. 

De puzzel was een oude kist met een slot erop. Mijn opa zei dat de sleutel ergens in de tuin verborgen zat. Ik begon te zoeken en vond een klein bosje bloemen met een klein stukje papier tussen de bloemen. Op het papier stond een raadsel geschreven: ""Waar de zon ondergaat, is de sleutel te vinden.""

Ik dacht even na en besloot om naar de plek in de tuin te gaan waar de zon 's avonds ondergaat. Dat is een oude boom die heel hoog staat. Ik klom de boom in en vond een klein gat in de tak. Binnenin het gat zat de sleutel. Ik pakte de sleutel en ging terug naar de kist. De kist opende zich en ik vond een pakje chips en een brief van mijn opa. Hij had me een cadeau gegeven en een leuk verhaal geschreven over de plek waar ik de sleutel vond."
242,meta-llama/llama-3.1-8b-instruct,9_10,"Ik woon bij opa en oma in een klein dorpje. Opa heeft een prachtige tuin met allerlei soorten bloemen en bomen. Maar hij heeft ook een geheim. Hij heeft een hond die hij nooit laat zien. Hij noemt hem ""De Geheimzinnige"".

De Geheimzinnige is een enorme hond met een goudkleurige vacht en groene ogen. Hij is zo groot dat hij mijn arm bijna kan raken. Opa zegt dat hij heel snel is en heel slim. Hij kan zelfs deuren openen en sloten openen.

Ik ben altijd nieuwsgierig naar De Geheimzinnige, maar opa zegt dat hij niet te zien is. Maar één dag besluit ik hem te vinden. Ik ga op onderzoek uit en kom in de tuin van opa. Daar zie ik een deur met een slot. Ik kijk om me heen en zie dat opa geen mens te zien is. Ik besluit het slot te openen en kijk wat erachter zit.

Onder de deur vind ik een kleine gang. En daar, in de gang, zie ik De Geheimzinnige. Hij is enorm groot en zijn ogen schitteren in het donker. Ik ben bang, maar opa verschijnt plotseling en zegt dat ik niet bang moet zijn. Hij zegt dat De Geheimzinnige mijn vriend is en dat hij hem niet wil laten zien omdat hij bang is dat hij kwetsbaar wordt. Nu weet ik dat De Geheimzinnige echt bestaat en dat ik hem mag leren kennen."
243,meta-llama/llama-3.1-8b-instruct,9_10,"We waren met een groep vrienden in ons dorp, inclusief mij, op een zonnige zomerdag. We hadden een waterige raad georganiseerd waarbij we met rubberen rubberen boten moesten varen door een zwembad. Het was een leuk idee, maar mijn leider, Geert, was plotseling weg. Hij was als eerste weggegaan om de boten te halen en had niet gezegd waar hij heen ging. 

Ik ging op zoek naar hem en vond hem in zijn schuur. Hij had de rubberen boten opgeborgen en was nu bezig om een stuk hout te hakken in de schuur. Ik vroeg hem waarom hij weg was gegaan en hij zei dat hij het hout nodig had om de bottunnel af te maken. Ik was nog niet overtuigd dat hij de eerste was geweest die op het idee kwam om een tunnel in de bottunnel te maken. 

Ik vertelde hem dat ik had besloten om de waterige raft te laten zinken en hem te vragen om meer hout te halen. Hij keek me aan en vroeg me waarom ik het waterige raft zou willen laten zinken. Ik zei hem dat ik de bottunnel wilde laten zinken. Hij begreep me meteen en zei dat hij nog een stuk hout had dat hij nodig had."
244,meta-llama/llama-3.1-8b-instruct,9_10,"Er was eens een prinsesje met een magische pannenkoek. Ze won deze pannenkoek bij een feestje in het dorp, waar de beste bakkers van het land waren. De pannenkoek was zo groot als een schommel en zo dun als een spiegel.

De prinsesje nam de pannenkoek mee naar het paleis en zei tegen de kok dat ze deze moest bakken. Maar de kok was bang om de pannenkoek in de oven te zetten, want ze was zo groot en zo zwaar.

De prinsesje dacht even na en zei toen: ""Ik heb een idee!"" Ze zei tegen de kok dat ze de pannenkoek op het plein zou plaatsen en dat iedereen die langs zou lopen, een stukje mocht eten. De kok was blij dat ze niets in de oven hoefde te doen.

Dus plaatsten ze de pannenkoek op het plein en iedereen die langs kwam, kreeg een stukje. Maar wacht, er was nog een probleem: de pannenkoek bleef groter en groter worden!"
245,meta-llama/llama-3.1-8b-instruct,9_10,"Er was eens een vos met een geweldig lange staart. Hij was de langste staart die ik ooit gezien heb. Hij kon hem overal mee gebruiken. Hij kon hem gebruiken om deurknoppen te openen, om te zwabberen in de modder en zelfs om zijn vrienden te helpen. 

Een keer was hij op jacht en zag hij een grote knol. Hij stak zijn staart tussen de knol en zijn vrienden konden hem eruit trekken. Ze aten de knol samen op. 

Toen ze klaar waren, zei de vos: ""Ik ben zo blij dat ik zo'n lange staart heb. Ik kan alles mee doen."" Zijn vrienden knikten allemaal. 

Maar dan gebeurde er iets heel ergs. Hij werd betrapt door een jachthond. De vos moest snel wegrennen. Hij rende zo hard hij kon, maar de jachthond was snel. 

Net op tijd zag hij een oude boom. Hij sprong erachter en zijn staart bleef hangen. De jachthond probeerde de vos te pakken, maar hij kon hem niet pakken. De vos was veilig."
246,meta-llama/llama-3.1-8b-instruct,9_10,"Er was eens een jonge zwaan die in een grote moerassige delta leefde. Hij heette Wim en hij was heel snel. Wim leerde al snel vliegen en hij kon heel ver vliegen. 

Een keer vloog Wim verder dan hij ooit eerder had gevlogen. Hij kwam in een heel klein moeras en daar vond hij een klein ei. In dat ei zat een klein kikkervisje. 

Wim besloot om het kikkervisje mee naar huis te nemen. Hij legde het eitje in een veilige plek en zorgde ervoor dat het ei veilig bleef. Na een paar dagen kwam er een kleine kikkervis uit het ei.

De kleine kikkervis, die hij Kiki noemde, werd heel snel een goede vriend van Wim. Samen gingen ze in het moeras zwemmen en vliegen. 

Een keer kwam er een storm door het moeras. Wim en Kiki moesten weggaan. Maar Kiki kon niet vliegen. Wim nam Kiki op zijn rug en vloog weg uit het moeras. Ze vonden een veilige plek en bleven daar tot de storm voorbij was."
247,meta-llama/llama-3.1-8b-instruct,9_10,"We waren op een kamp met onze klas. Het was een mooi zomerdag. We waren op een bergwandeling, samen met onze leraren. Wij moesten heel hard lopen om de top te bereiken. Toen we eenmaal boven waren, zagen we een prachtig uitzicht. De zon scheen en de lucht was helder. We zagen heel ver weg.

Ik stond naast mijn beste vriend, Sander. Hij had een super snelle camera en hij wilde een foto maken van ons allemaal. Maar toen hij de camera wilde vasthouden, was die plotseling weg. Hij was verdwenen. We keken allemaal om ons heen, maar hij was nergens te zien. We dachten dat hij misschien ergens anders heen was gegaan, maar toen we hem geroepen hadden, hoorde hij niet. Hij was verdwenen.

Toen we terug naar beneden gingen, zochten we hem overal. We roepen zijn naam en vroegen aan de anderen of ze hem hadden gezien. Maar niemand wist waar hij was. Het was heel erg spannend. We waren bang dat hij vermist was gegaan. Maar toen we terug bij ons kamp kwamen, was hij ineens voor ons. Hij had zijn camera gevonden in een boom en had hem opgepikt. Hij was helemaal niet verdwenen, maar in de boom. We waren blij dat hij veilig was."
248,meta-llama/llama-3.1-8b-instruct,9_10,"Er was eens een klein eiland in de oceaan, waar een jongen genaamd Max woonde. Max was een enorm avontuurlijk meisje, hij hield van snorkelen, zwemmen en onderzoek doen.

Een dag kwam Max op een geheimzondepad, waar hij een oude, afgebrokkelde kaart vond. De kaart leek op een kaart van het eiland, maar er waren ook een paar mysterieuze plekken. Max besloot om de plekken te zoeken en uit te zoeken wat er aan de hand was.

Max ontdekte een oude schuilplaats, waar hij een oude kist vond met een groot, oud boek. Toen hij het boek opende, ontdekte hij dat het een reisgids was voor een schat op het eiland! Max was enorm enthousiast en besloot om te zoeken naar de schat.

Max volgde de richtlijnen in het boek en vond een aantal cryptische verklaringen. Hij vroeg zijn vrienden om hulp en samen werkten ze samen om de code te kraken. Na een paar uur hard werken, vonden ze de locatie van de schat!"
249,meta-llama/llama-3.1-8b-instruct,9_10,"Er was eens een kleurrijke vogel met een prachtige zangstem. Hij heette Pip en hij woonde in een prachtige tuin vol bloemen en bomen. Pip was een echte solist en hij zong iedere dag op het hoogste takje van de grootste boom.

Een dag kwam er een nieuwe vogel in de tuin. Haar naam was Luna en ze was een duif. Luna was een beetje bang en ze vond het moeilijk om nieuwe mensen te leren kennen. Maar Pip was heel vriendelijk en hij besloot om Luna te helpen.

Hij begon met haar te showen waar de lekkerste insecten waren. Hij liet haar zien hoe je in de tuin kon zwemmen en hij leerde haar zijn mooiste zangliedjes. Luna was heel dankbaar voor Pips hulp en ze begon steeds meer te ontspannen.

Samen zongen ze iedere dag op het hoogste takje van de boom. Hun zang was zo mooi dat alle andere dieren uit de tuin kwamen om mee te luisteren. En vanaf die dag waren Pip en Luna de beste vrienden van de tuin."
250,meta-llama/llama-3.1-8b-instruct,9_10,"Er was een keer een jonge eland genaamd Kibo. Hij woonde in een prachtige savanne, full van bomen en wilde dieren. Kibo was een beetje anders dan de anderen. Hij was heel snel en kon heel ver rennen. Hij wilde er alles aan doen om de snelste eland te worden.

Een dag kwam er een grote olifant naar de savanne. Hij heette Tembo. Tembo was enorm sterk, maar hij kon niet zo snel rennen als Kibo. De dieren van de savanne waren bang voor Tembo, want hij kon met zijn enorme slagtanden veel schade aanrichten.

Kibo nam het op zich om Tembo te leren hoe hij rustiger kon zijn. Hij leerde hem dat hij niet altijd hoeft te vechten, maar dat hij kan praten en luisteren naar anderen. Kibo en Tembo werden vrienden en vanaf dan was de savanne een veiligere plek voor alle dieren."
251,meta-llama/llama-3.1-8b-instruct,9_10,"Er was eens een jonge vogel die zijn nest was verloren tijdens een hevige storm. Hij was bang en verdwaald. Hij vloog rondjes om zijn nest te vinden, maar het was nergens te vinden.

Een oude vos zag hem rondvliegen en dacht: ""Hé, hij moet wel ergens vandaan komen. Misschien weet hij waar zijn nest is?"" De vos vroeg de vogel of hij zijn nest nog wist waar het was. De vogel zei: ""Nee, ik weet het niet meer.""

De vos zei: ""Oké, dan zullen we samen zoeken. We zullen allebei rondvliegen en rondrennen en kijken of we iets vinden.""

De vogel en de vos gingen samen op zoek. Ze vlogen en renden door het bos en de velden. Uiteindelijk vonden ze het nest van de vogel. De vogel was erg blij en bedankte de vos.

De vos zei: ""Graag gedaan! En als je ooit nog eens verdwaalt, kom dan bij mij en ik zal je helpen."""
252,meta-llama/llama-3.1-8b-instruct,9_10,"Er was eens een magische eend die kunstenaar werd. Hij woonde in een klein dorpje aan een stuwmeer. Deze eend was ergens in de nacht wakker geworden en besloot te gaan tekenen. Hij had een pencil in zijn bek en begon te tekenen. Hij tekende de sterren aan de hemel, de bloemen in het park en zelfs de vogels die op de takken van de bomen zaten.

Mensen zagen de eend tekenen en waren erg onder de indruk. Ze vroegen hem of hij hun portret kon maken. De eend deed dat en werd overal in het dorpje gevraagd om portretten te maken. Hij kreeg zelfs een kleine studio waar hij zijn schilderijen verkocht.

De mensen van het dorpje waren erg dankbaar voor de kunstenaar-eend en noemden hem de 'Sterren-eend'. Ze noemden hem zo omdat hij de sterren aan de hemel had getekend en mensen dachten dat hij van de sterren was."
253,meta-llama/llama-3.1-8b-instruct,9_10,"Er was eens een nietsvermoedend kleine woudhertje. Dit kleine woudhertje deed niets verdachts en ging gewoon elke dag op zoek naar de lekkerste blaadjes en bloemen om te eten. 

Toen het woudhertje een dag uit het bos kwam, stuitte het op een oude, wijze vos. Deze vos had een zware piekhaarpruik op zijn hoofd, wat hem een beetje lelijk maakte, maar hij had een enorme verstandige ogen. 

Het woudhertje dacht, ""Wat word ik toch overschat, want deze vos is gewoon zo lelijk en stom.""  Maar de vos zei, ""Jonge hert, wat zie je dan in mij? Ik ben de wijste vos in het bos en ik kom uit een oude familie van wijze vossen."" 

Het woudhertje was verbaasd, ""Echt waar?"" ""Echt waar,"" zei de vos en begon te vertellen over zijn wijsheid en zijn familie. 

Het woudhertje was onder de indruk van de vos en vroeg hem om bij hem te blijven en hem te leren."
254,meta-llama/llama-3.1-8b-instruct,9_10,"Er was eens een jonge haas die zeer snel was. Hij woonde in een prachtig bos met veel vrienden zoals eekhoorns, vogels en andere dieren. De haas was erg trots op zijn snelheid en dacht zichzelf de snelste dier in het bos.

Eens, terwijl hij aan het rennen was, kwam hij een oude vos tegen. De vos was erg oud en zijn ogen waren zwak, maar hij had nog steeds een flink verstand. Hij vroeg de haas: ""Hoe snel ben jij?""

De haas was trots en antwoordde snel: ""Ik ben de snelste in het bos! Niemand kan mij inhalen!""

De vos glimlachte en zei: ""Dat is mooi, maar heb je ooit gehoord van de snelheid van een zonnestraal? Hij kan lichtsnel door het bos rennen en is veel sneller dan jij!""

De haas was sprakeloos. Hij had nooit gedacht dat iets hem kon inhalen. Hij leerde dat er altijd nog betere dingen zijn dan wat je denkt."
255,meta-llama/llama-3.1-8b-instruct,9_10,"Een maandje geleden ging ik op kamp met mijn klas. We gingen naar een bos waar we een hut mochten bouwen. Ik was erg enthousiast en had al sinds eerst in september een klein plan om een hut te bouwen die zo mooi mogelijk zou zijn. 

Mijn beste vriend, Max, was ook erg enthousiast en we besloten om samen een hut te bouwen. We hoefden een paar houten planken, een aantal spijkers en een hamer om te beginnen. We liepen naar de opslag en vonden wat we nodig hadden. 

We begonnen met het maken van de basis van de hut. We legden de planken neer en spijkersden ze aan elkaar. Na een paar uur hadden we een mooi fundament. We besloten om de hut te laten groeien, dus we gingen op zoek naar nog meer spullen die we nodig hadden. We vonden zelfs een oude zoldering die we konden gebruiken."
256,meta-llama/llama-3.1-8b-instruct,9_10,"Er was eens een konijn genaamd Kasper. Kasper was een beetje een rare konijn, want hij hield van duiken. Ja, je hebt het goed gelezen! Duiken!

Kasper ging naar de dichtstbijzijnde duikschool en werd getraind door een oude duikmeester. Kasper was een snelle leerling en kon al snel duiken vanaf de bodem van een klein zwembad.

Maar Kasper wilde niet alleen duiken, hij wilde ook ontdekken wat er beneden in het zwembad leefde. Hij vond een oude, verlaten kast, vol met sproeiers, pompen en andere duikuitrusting.

Kasper besloot om de kast te gaan onderzoeken en kreeg een oud, gekke duikmasker te pakken. Met het masker op zijn neus zette hij af naar de bodem van het zwembad.

Daar zag hij een beertje, dat net zo gek was als hij. De beertje liet Kasper zien dat het een hele tijd geleden was dat het beneden in het zwembad had gewoond. Kasper en het beertje werden beste vrienden en gingen op avontuur door het zwembad."
257,meta-llama/llama-3.1-8b-instruct,9_10,"Er was eens een jonge wolf genaamd Lupus. Hij was een beetje anders dan de andere wolven, want hij was heel slim en hij hield van lezen. Elke dag ging Lupus naar de bibliotheek in het bos en las hij boeken over avonturen en helden.

Een dag kwam Lupus op een boek over een helder deserteerden. Hij was zo onder de indruk dat hij besloot om zelf ook te gaan op zoek naar het goud. Hij pakte zijn rugzak en vertrok naar de woestijn.

Hij liep dagen en nachten door de woestijn, tot hij uiteindelijk een grote tempel bereikte. Maar er was iets raars aan de tempel: er was niemand! Lupus was een beetje verslagen, maar toen hoorde hij een stem uit zijn hoofd. ""Je bent hier niet alleen, Lupus. Je hebt een vriend bij je.""

Lupus keek om zich heen en zag een kleine mus op zijn schouder. ""Hoe wist je dat ik hier was?"" vroeg hij. ""Omdat ik een boek heb gelezen over een held die met een mus op avontuur ging,"" antwoordde de mus.

Samen vonden Lupus en de mus het goud. Maar in plaats van het goud te nemen, besloot Lupus om de tempel te restaureren. En zo leefden Lupus en de mus nog lang en gelukkig."
258,meta-llama/llama-3.1-8b-instruct,9_10,"Er was eens een jonge vos genaamd Vosje. Vosje was een echte avonturier en hield van verkennen. Hij woonde in een grote bos, vol met hoge bomen en kronkelende paden.

Een dag besloot Vosje om het bos te verkennen. Hij liep door het donkere bos, zijn oren spitste hij naar elke geluid. Plotseling hoorde hij een klein stemmetje.

Vosje liep om een hoek en zag een klein konijnje. Het konijnje lag vast in een hoopje bladeren en staken. Vosje wist precies wat hij moest doen. Hij begon te graven en na een tijdje had hij het konijnje vrij.

Het konijnje was heel dankbaar. ""Ik ben Vosje!"" zei het konijnje. ""Ik woon hier in het bos. Wil je met me mee naar mijn thuis?""

Vosje was super blij en ging met het konijnje mee. Hij zag een schattig klein huisje met een tuintje vol met bloemen. Vosje en het konijnjeje werden vrienden en maakten nog veel meer avonturen samen."
259,meta-llama/llama-3.1-8b-instruct,9_10,"Er was eens een klein koninkrijkje dat omringd was door een groot bos. In het bos woonde een vriendelijke hagedis genaamd Hennie. Hennie was heel slim en kon allerlei dingen leren. Ze kon zelfs praten, maar alleen met de dieren in het bos.

Een dag kwam een klein vogeltje het bos in. Het vogeltje was erg bang en had zijn ei kwijtgeraakt. Hennie hoorde het vogeltje praten en vroeg wat er aan de hand was. Het vogeltje vertelde Hennie dat het ei was gestolen door een snode beer.

Hennie besloot om het vogeltje te helpen. Ze ging op onderzoek uit en vroeg de andere dieren in het bos of ze iets wisten. Eerst dacht niemand dat ze iets wisten, maar toen kwam een wijze oude eekhoorn en zei: ""Ik weet waar het ei is! Ik zag de beer het in zijn hol stoppen!""

Hennie, het vogeltje en de eekhoorn gingen naar het hol van de beer en vonden het ei terug. Het vogeltje was zo dankbaar dat het Hennie een speciale beloning gaf: een klein stukje van zijn vleugel. Vanaf dat moment was Hennie een held in het koninkrijkje en kon alle dieren met haar praten."
260,meta-llama/llama-3.1-8b-instruct,9_10,"Er was eens een jongetje dat heette Max. Max was een echte avonturier en hij hield van nothing maar fysiek sporten. Hij deed alle sporten die hij maar kon doen. 

Zoals op een dag ging hij met zijn vader naar de berg. Daar wilde hij met zijn fiets naar boven rijden. Zijn vader zei dat hij dat niet mocht doen. 

Maar Max was zo sterk dat hij toch naar boven wilde rijden. Hij rolde zijn fiets naar boven en hij ging er als een klap op af. Hij reed zo hard dat hij zijn fiets met een flinke smak liet vallen. 

Toen hij zijn fiets had opgepikt, zag hij dat zijn vader al boven was. Hij liep hem op en zei ""Pa, ik ben boven."" Zijn vader zei ""Welkom Max"" en Max had moeten lachen."
261,meta-llama/llama-3.1-8b-instruct,9_10,"Een keer, toen ik nog klein was, ging ik met mijn familie op vakantie naar het strand. Mijn zusje en ik wilden graag een schelpenjacht maken. We liepen over het strand, zochten naar mooie schelpen en keken naar de vogels die aan het sprekken waren. We vonden zelfs een paar hele mooie schelpen.

Toen, terwijl we op het strand zaten, zagen we een groep zeehonden die aan het spelen waren. Ze waren zo leuk! Ze speelden met de golven en begonnen zelfs te spelen met ons. Mijn zusje en ik lachten en lachten. We wilden niets liever dan met de zeehonden te spelen.

Maar toen, plotseling, kwamen er twee zeehonden recht op ons af. Mijn zusje en ik waren bang, maar onze ouders kwamen snel naar ons toe en zeiden dat het goed was. De zeehonden waren alleen maar nieuwsgierig. Ze snuffelden aan ons en snoven aan onze handen. We lachten en de zeehonden lachten ook. Het was zo leuk!"
262,meta-llama/llama-3.1-8b-instruct,9_10,"Er was eens een kleurrijk konijnje dat door het bos rende. Hij was zo klein dat hij door de kleinste openingen kon glippen en hij kon zo snel rennen dat hij bijna kon vliegen.

Hij had een vriendelijke hond die hem volgde en samen zochten ze naar een plek waar ze een prachtige tuin konden aanleggen. Ze kwamen langs een mooie vijver waar een grote zwaan zwom.

De konijnje en de hond besloten om samen met de zwaan de tuin aan te leggen. Ze begonnen met het planten van bloemen en bomen, en de zwaan maakte de vijver schoon.

Na een paar dagen was de tuin klaar en was het prachtig. De konijnje, de hond en de zwaan waren erg trots op wat ze hadden bereikt. Ze besloten om de tuin een naam te geven: ""De Blauwe Tuin"".

Elke dag kwamen kinderen uit het dorp om in de Blauwe Tuin te spelen en te genieten van de prachtige bloemen en bomen. En de konijnje, de hond en de zwaan waren altijd aanwezig om ervoor te zorgen dat alles goed ging."
263,meta-llama/llama-3.1-8b-instruct,9_10,"Er was eens een jonge drakendanserster genaamd Luna. Ze woonde in een klein dorpje waar een jaarlijks terugkerend feest werd gehouden. Iedereen in het dorpje danste op de maandagavond, maar Luna was anders. Zij was zo goed in drakendansen dat ze een speciaal kostuum aan had en haar haar was geverfd in vlamkleuren.

Een avond kwam de tijd van het feest en iedereen was buiten. Luna danste door het dorpje met haar drakenvleugels en vuurtongen op haar hoofd. Maar plotseling kwam er een zwarte wolk over het dorpje en het begon te regenen. Luna dacht dat het feest voorbij was, maar plotseling hoorde ze een stem die zei: ""Vlammen dansen verlichten de duisternis.""

Luna begon te dansen en haar vlammen werden zo intens dat ze de duisternis verjoegen. Het regende nog steeds, maar het licht van Lunas vlammen maakte dat het dorpje bijna lichter dan de zon was. De mensen in het dorpje applaudisseerden en zeiden dat Luna de beste drakendanserster was die ze ooit hadden gezien."
264,meta-llama/llama-3.1-8b-instruct,9_10,"Er was eens een jonge vos genaamd Vosje. Vosje was heel slim en kon overal heen klimmen. Hij woonde in een grote bos met veel dieren. 

Een dag ging Vosje naar de rivier om te drinken. Hij ontdekte een prachtig kleine bootje dat aan de oever lag. Vosje had nog nooit eerder een boot gezien en hij was erg nieuwsgierig. Hij klom in de boot en begon te roeien. 

Vosje roeide zo snel dat hij uit het zicht verdween. De andere dieren op de rivier zagen hem nog niet eens aankomen. Voordat hij zich kon oriënteren, stond hij in het midden van de rivier. 

Vosje kon niet terugkussen, want hij had geen roeispanen meer. Hij had ze in het water gegooid. Nu zat hij midden in de rivier en hij wist niet hoe hij terug moest komen."
265,meta-llama/llama-3.1-8b-instruct,9_10,"We waren op schoolreisje naar de dierentuin. Ik was super opgewonden, want ik hield van dieren. Mijn vriendin Emma en ik liepen samen naar het olifantenhok. We keken naar de grote olifant die daar lag te slapen. Hij was zo groot! Emma zei dat als ze een olifant waren, ze hem zouden gaan wassen en hem een baard zouden geven.

Ik zei dat ik hem een skateboard zou geven en dat hij dan zou gaan surfen. Emma lachte en zei dat dat geen goed idee was. Maar toen kwam de bezoeker die de olifant verzorgde en vroeg of we hem wilden helpen met het voeren van de olifant. We kregen elke keer eenmaal voedsel naar de olifant toe te gooien.

Ik gooide mijn stuk voedsel en de olifant pakte het op en nam een hap. Toen ik nog een hap wilde geven, zwaaide de olifant zijn staart en ik moest wegrennen om niet over de voetgangersbrug te stappen. Het was zo leuk!"
266,meta-llama/llama-3.1-8b-instruct,9_10,"Er was eens een magische eiland. Het eiland heette 'Liefde'. Daar leefden ONLY vrienden. Het was een heel speciaal eiland, want alles wat je daar wilde, werd werkelijkheid. Helemaal tot aan de zee. 

Er woonde een meisje, genaamd Lily, die de mooiste stem had dat iedereen ooit had gehoord. Wanneer ze zong, kregen alle dieren in het eiland vleugels. 

Een dag kwam er een vogel, genaamd hijا vueuta, die zo mooi kon zingen dat Lily's stem niet meer zo anders was. Hij verdreef Lily van het eiland. Lily was heel verdrietig. Ze wist niet wat ze moest doen. 

De dieren kwamen bij haar en zeiden: ""Je stem is niet alleen belangrijk voor ons, maar ook voor jezelf. Zing voor jezelf."" Lily zong en ze zag dat haar stem weer terug was."
267,meta-llama/llama-3.1-8b-instruct,9_10,"Er was eens een jonge eend genaamd Eddie. Eddie was een beetje apart, hij had een grote plumeau op zijn hoofd en hij kon heel goed zwemmen. Hij woonde in een grote vijver met veel andere eenden.

Eddie was heel nieuwsgierig en hij wilde altijd naar de andere kant van de vijver gaan om te zien wat er gebeurde. Eén dag besloot hij om allemaal geheimen te ontdekken op de andere kant van de vijver.

Hij zwom door het water en kwam bij een lekkere plas water met daarin veel waterplanten. Eddie was zo geïntrigeerd door de planten dat hij besloot om dichterbij te zwemmen. Maar toen hij dichterbij kwam, voelde hij een plotselinge druk in zijn lichaam en hij begon te zweven naar de bovenkant van de vijver.

Eddie had een onderwaterhut gebouwd door een jonge mierenkolonie en sommige mieren waren zo slim om een onderwaterhut te maken."
268,meta-llama/llama-3.1-8b-instruct,9_10,"Er was eens een jonge vos genaamd Vosje. Vosje woonde in een dikke bos met zijn moeder. Zijn moeder was de slimste vos van het bos. Ze kende alle geheimen van het bos en wist waar alle dieren hun schuilplaatsen hadden.

Een dag besloot Vosje om zijn moeder te volgen op een van haar avonturen. Hij volgde haar door het bos tot ze bij een grote boom aankwamen. Zijn moeder ging naar binnen en Vosje ging achter haar aan. Binnen in de boom vond hij een groot kistje vol met chocolade. Vosje was dol op chocolade!

Hij at heel veel chocolade en plotseling voelde hij zich heel ziek. Zijn moeder kwam naar buiten en vroeg waarom hij zo ziek was. Vosje zei dat hij te veel chocolade had gegeten. Zijn moeder lachte en zei dat hij nu een vos met een heel zware maag was."
269,meta-llama/llama-3.1-8b-instruct,9_10,"Er was eens een prinsesje met een lange, gouden haar. Ze woonde in een kasteel op een eiland, omringd door een groot moeras. De prinsesje heette Sophia en ze was heel slim en vriendelijk.

Sophia hield van wandelen in het moeras, waar ze allerlei rare en mooie dingen aantrof. Maar er waren ook gevaarlijke dingen, zoals de moerasslangen. Eén keer kwam Sophia een moerasslang tegen, maar ze was heel snel en kon de slang ontwijken.

Toen liep Sophia een heel mooie bloem tegen, die ze nog nooit eerder gezien had. Ze pakte de bloem en nam hem mee naar het kasteel. De bloem veranderde in een prachtige paardenbloem en Sophia besloot dat ze de bloem in het moeras moest vrijlaten. 

Toen ze de bloem in het moeras teruglegde, kwam de paardenbloem tot leven en kwam als een prachtige paard de prinses tegemoet. Sophia was heel blij en bood het paard een liefdesbrief van haar over, die ze had schreven op een stuk papier."
270,meta-llama/llama-3.1-8b-instruct,9_10,"We waren op een zomercamp in de bossen. Ik was met mijn beste vriendin, Lente. We waren klaar met het kamp en hadden wat vrije tijd voor ons. We besloten om de oude, vervallen hut te gaan verkennen. Die hut stond al jaren leeg. Volgens de kampleider was hij niet veilig om in te gaan.

Lente en ik liepen er heen, we spraken af om niet te ver te lopen. Toen we er aankwamen, was de deur open. We keken naar binnen, maar het was donker en stil. We besloot om het licht aan te doen. Toen we dat deden, zagen we een spoor van voetstappen op de vloer. We waren niet zo bang, omdat we dachten dat het een ander kind moest zijn geweest.

Maar toen we verder naar binnen gingen, hoorde ik een geluid. Het klonk als iemand die ademde. Ik was bang en Lente hield me vast. We wilden weggaan, maar de deur was te zwaar. We moesten Lente's schouders gebruiken om de deur open te trekken. Maar toen we buiten waren, was Lente verdwenen en ik was helemaal alleen!"
271,meta-llama/llama-3.1-8b-instruct,9_10,"Er was eens een prinsesje genaamd Sophia. Ze woonde in een prachtig kasteel met een groot park vol bloemen en een meer met vissen. Sophia hield van paarden en kon ze zelf rijden. Ze had een paard genaamd Star, die zwart was met een witte vlek op zijn voorhoofd.

Een dag ging Sophia met Star naar het meer om te vissen. Toen ze bij het meer aankwam, zag ze een mooie zeemeermin. Sophia had nooit een zeemeermin gezien en was erg onder de indruk.

De zeemeermin kwam naar Sophia toe en begon met haar te praten. Ze vertelde Sophia dat ze een magische kracht had om mensen te laten dromen. Sophia was nieuwsgierig en vroeg de zeemeermin of ze haar kon helpen om een droom te maken.

De zeemeermin glimlachte en zei dat ze dat wel kon. Sophia sliep in en de zeemeermin begon met haar te dromen. Ze liet Sophia vliegen boven een mooie stad met paleizen en koepels. Sophia was zo tevreden met haar droom dat ze wakker werd en niet meer wilde slapen.

Maar de zeemeermin zei dat ze nog één ding kon doen voor Sophia: ze kon haar paard Star laten praten. Sophia was enorm onder de indruk en het maakte haar heel blij toen Star tegen haar zei: ""Ik hou van je, Sophia!"""
272,meta-llama/llama-3.1-8b-instruct,9_10,"Er was eens een puzzel die heel moeilijk was. Niemand wist hoe hij opgelost moest worden. Er waren honderden stukjes, maar geen enkele hint. Niemand durfde hem aan te pakken. 

Een dag kwam een oude man langs de school. Hij zag de puzzel liggen en vroeg: ""Wat doe je ermee?"" ""We weten niet hoe we hem oplossen,"" zeiden we. ""Ik kan hem wel oplossen,"" zei de oude man. ""Maar eerst moet je hem een keer laten draaien.""

We lieten hem draaien en toen keken we er nog eens naar. Nu zag de puzzel er heel anders uit. Er waren stukjes die eerst niet zichtbaar waren en de stukjes die we al zagen leken nu heel verschillend. We keken elkaar aan en zeiden: ""Een keer draaien was toch wel genoeg!"""
273,meta-llama/llama-3.1-8b-instruct,9_10,"Er was eens een jonge vos, genaamd Vosje. Vosje was heel slim en had een enorme honger. Hij had altijd het gevoel dat hij iets wilde eten, maar zijn moeder zei altijd dat hij niet mocht eten voordat hij zijn werk had gedaan.

Een dag ging Vosje op pad om te jagen. Hij was heel snel en kon overal komen. Hij zette zijn neus omhoog en rook een geur van een konijn. Hij rende zo hard mogelijk en ving het konijn met zijn tanden.

Toen hij terugkwam bij zijn moeder, was hij heel trots op zijn vangst. Zijn moeder was ook trots op hem en gaf hem een knuffel. ""Je bent een echte jager!"" zei ze.

Maar net toen Vosje ging eten, hoorde hij een geluid achter zich. Hij draaide zich om en zag een enorme wolf, die naar hem toe kwam. Vosje wist dat hij niet tegen de wolf kon vechten, dus hij vluchtte zo hard mogelijk.

Hij rende door het bos en kwam uiteindelijk bij een rivier. Hij sprong over de rivier en bereikte de andere kant. Daar zag hij een groep vogels, die hem uitnodigden om te blijven. ""Je bent veilig bij ons,"" zeiden ze.

Vosje kon eindelijk rusten en at zijn konijn op. Hij was heel dankbaar voor de vogels, die hem hadden helpen. En vanaf die dag wist hij dat hij altijd een plek had om thuiskomen."
274,meta-llama/llama-3.1-8b-instruct,9_10,"Er was eens een magische eiland. Het was een plek waar al het vogeldier, al het vlieg- en vliegend wild kwam om te vliegen. Er waren zelfs vogels met vleugels van zilver, die glommen in het licht van de zon.

Op dit eiland was een jongetje genaamd Leo. Hij was een echte vogelliefhebber en hij had er altijd van gedroomd om een vogel te kunnen zien met zilveren vleugels. Hij liep over het eiland en keek om zich heen, maar hij zag nergens een vogel met zilveren vleugels.

Plotseling hoorde hij een stem. ""Leo, kom hier!"" Het was de stem van een oude vogel. Leo liep naar hem toe en de oude vogel zei: ""Ik zie dat je een vogel met zilveren vleugels zoekt. Maar je moet eerst een taak volbrengen. Ga naar de andere kant van het eiland en vind de schat die daar verborgen ligt.""

Leo ging op pad en na veel zoeken vond hij de schat. Hij was zo trots en hij ging terug naar de oude vogel, die zei: ""Nu kun je de vogel met zilveren vleugels zien."" En inderdaad, er vloog een prachtige vogel met zilveren vleugels langs. Leo was zo gelukkig en hij zei: ""Dit is het mooiste wat ik ooit gezien heb!"""
275,meta-llama/llama-3.1-8b-instruct,9_10,"Er was eens een magische eiland met een prachtige kasteel. Het kasteel was gemaakt van kristal en glas en had een groot, brede toren die uitkeek over de hele oceaan. Maar het meest fascinerende aan dit kasteel was de toren zelf.

In de toren was een klein, mysterieus meisje dat nooit naar buiten kwam. Niemand wist wie ze was, waar ze vandaan kwam of waarom ze in de toren zat. Maar iedere nacht, wanneer de maan vol was, zou ze de toren uitklimmen en in de oceaan springen.

Volgens het verhaal van de mensen op het eiland zou ze laten zien hoe mooi de wereld was als je je vrij voelde. En als je ooit getuige was van haar sprong, zou je je hele leven een beetje vrije gevoelens hebben.

Ik heb deze legende nooit zelf gezien, maar ik hoorde het van mijn opa, die het een keer van zijn zus had gehoord."
276,meta-llama/llama-3.1-8b-instruct,9_10,"Er was eens een jonge hond genaamd Max. Hij was een kruising tussen een labrador en een golden retriever. Max was super leuk en hij had een dikke oranje vacht. Hij woonde bij een meisje genaamd Emma, die hem heel veel liefde gaf.

Emma en Max waren altijd samen. Ze gingen wandelen, speelden in de tuin en gingen op avontuur. Max was heel slim en kon allerlei dingen leren. Hij kon zelfs knuffelen om te laten zien dat hij liefde voelde.

Een dag ging Emma en Max op een schip. Ze zagen een hond genaamd Rex, die verdwaald was. Emma en Max besloten om Rex te helpen. Ze vonden hem en brachten hem terug naar zijn baasje. De baasje was heel dankbaar en gaf Emma en Max een beloning.

Emma en Max waren heel trots op zichzelf. Ze hadden helpen en anderen geholpen. Ze waren een heel goed team en werden al snel beroemd in de buurt als de helpers."
277,meta-llama/llama-3.1-8b-instruct,9_10,"We woonden in een klein dorpje op het platteland. Mijn beste vriendje, Tom, en ik, we gingen vaak op avontuur in de oude kastanjeboomgaard. Daar waren de mooiste kastanjes te vinden. 

Een keer, toen we door de kastanjeboomgaard liepen, zagen we een klein, oud hondje liggen. Het hondje keek naar ons op en blafte. Maar het bleef liggen. Tom en ik, we besloten om het hondje bij ons mee te nemen. We gaven het een naam: Kastanje.

Mijn moeder zei dat we Kastanje moesten voeren en verzorgen. Zo deed ik dat. En Kastanje begon steeds gezonder te kijken. Soms ging Kastanje mee met Tom en mij naar school. We gaven hem een kastanje van school en hij genoot ervan. 

We besloten om een race te organiseren tussen ons en een andere klasgenoot, Alex. We zouden van de school naar de kastanjeboomgaard rennen. Kastanje, hij ging met ons mee. Maar toen Kastanje eenmaal aan de finish was, was hij te moe om verder te lopen."
278,meta-llama/llama-3.1-8b-instruct,10_11,"We waren op een kamp in de bossen. Mijn beste vriendin, Emma, en ik, we waren samen met onze groep. We gingen op een avontuur in de bossen. We kwamen bij een oud, stenen gebouw. Het was heel verwaarloosd en er groeiden planten door het raam.

We besloten om het gebouw te gaan verkennen. Binnen was het donker en stonk het naar rotte eieren. We liepen door een gang en kwamen bij een grote kamer. Er stond een groot, oud bureau in het midden van de kamer. Op het bureaublad lag een oud, ingelijst schilderij.

Ik nam het schilderij van het bureaublad en hield het omhoog. Het schilderij was van een prachtige, oude kasteel. Emma en ik keken elkaar aan en vroeg ons af wat dit schilderij deed hier.

Toen we wilden gaan vertrekken, hoorde ik een geluid. Het klonk als een deur die dichtging. We keken elkaar aan en zeiden niets. We gingen weg en liepen terug naar ons kamp. We vertelden niemand over het schilderij of het geluid. We wilden het zelf weten, wie of wat het was."
279,meta-llama/llama-3.1-8b-instruct,10_11,"Een keer was ik op vakantie bij mijn opa en oma in het platteland. Het was een schattig oud landhuis met een grote tuin vol bloemen en een klein meer. We gingen elke dag op avontuur in die tuin.

Een dag kregen we toestemming om in de tuin te graven. Mijn broer en ik werden heel enthousiast en begonnen meteen te graven. Na een half uurtje graven kwamen we op een kleine doos aan. Mijn oom en opa kwamen naar ons toe en zeiden dat het een oude schat was van mijn opa's ouders.

Mijn oom pakte een zakmes en maakte de doos open. Daar zat een mooi klein horloge en een briefje. Mijn opa vertelde ons dat zijn ouders dit horloge hadden gekregen als trouwring toen ze trouwden. Ze hadden het later omgebouwd tot een horloge. Ik vond het een mooi verhaal en het horloge is nu van mij."
280,meta-llama/llama-3.1-8b-instruct,10_11,"Er was eens een jonge ara die zijn naam was Rio. Rio leefde in een mooi regenwoud in Brazilië. Hij had een prachtig groen vleugelpaard en een zwarte snavel. Rio was een beetje een avonturier en hij ging graag op onderzoek uit om nieuwe dingen te ontdekken.

Een dag besloot Rio om in het diepste hart van het regenwoud te gaan zoeken naar een legendarische bloem. Volgens de overlevering had deze bloem de mooiste kleuren en geur die je ooit had kunnen ruiken. Rio vloog door het regenwoud, over rivieren en door de bomen. Hij vloog zo diep dat hij bijna de grond raakte en hij moest zich vastgrijpen aan een tak om niet te vallen.

Ten slotte zag Rio de bloem. Het was een prachtige roze bloem met gele en oranje strepen. Rio was zo onder de indruk van de bloem dat hij er ikkebij ging zitten en hem rook. Hij rook de mooiste geur die hij ooit had geroken en hij voelde zich alsof hij op een wolkenkrabber zat."
281,meta-llama/llama-3.1-8b-instruct,10_11,"Er was eens een magische eiland. Het lag midden in de oceaan en was omringd door een muur van gekleurde rotsen. Op dit eiland woonde een jonge indiaanse prinses genaamd Akira. Ze was erg slim en kon praten met de dieren.

Eenmaal per jaar kwam een grote orkaan naar het eiland. De storm was zo sterk dat zelfs de magische rotsen begonnen te trillen. Akira wist dat ze iets moest doen om de orkaan te stoppen.

Ze ging naar de oudste indiaanse man op het eiland en vroeg om zijn hulp. Hij gaf haar een magisch fluitje, dat ze moest blazen wanneer de orkaan kwam.

De dag van de orkaan arriveerde en Akira blies met al haar kracht op het fluitje. De wind kalmeerde en de regen stopte. Het eiland was veilig.

Alle inwoners van het eiland waren zo dankbaar dat ze Akira een feest gaven. Ze dansen en zongen het hele nacht door. Vanaf die dag was Akira de held van het eiland en werd ze nooit meer vergeten."
282,meta-llama/llama-3.1-8b-instruct,10_11,"Er was een keer toen ik met mijn familie op vakantie was in de bergen. Mijn broer en ik wilden heel graag een nieuwe fiets gaan kopen. Mijn vader zei dat we mochten gaan kijken in een winkel die een kilometer verderop lag.

Mijn broer en ik zetten onze fietstassen op en we gingen naar de winkel. Daar zagen we een aantal leuke fietsen, maar er was één die echt ons aandacht trok. Het was een speciale fiets met een opblaasbare band. We mochten hem zelf eens uitproberen.

Toen ik hem uitprobeerde, merkte ik dat hij heel makkelijk te sturen was. Ik kon overal heen waar ik wilde. Mijn broer probeerde hem ook en hij vond hem net zo leuk als ik. We besloten om de fiets te kopen en toen we hem thuiskwamen, viel mijn zus meteen op hem. Zij wilde ook even op hem zitten en hij bleek een perfecte fiets voor haar te zijn ook. We hadden de perfecte fiets voor iedereen gevonden."
283,meta-llama/llama-3.1-8b-instruct,10_11,"We hadden dit weekend een piknik met onze klas op het strand. Ik had een grote mapper in mijn rugzak, die ik niet had meegenomen, dus ik moest aan de bakker een nieuwe kopen.

Ik liep naar de bakker en toen ik binnenkwam, rook ik een heerlijke geur van koekjes en brood. Ik ging naar de toonbank en zei tegen de bakker: ""Ik wil een grote mapper, papa"".

De bakker glimlachte en zei: ""Dat is een hele grote mapper, jongen! Daar krijg je zeker een lekkere koek bij.""

Ik zei: ""Ja, graag!""

Toen hij de mapper in ontvangst nam, zag ik een kleine hond in de bakker op het gras liggen slapen. De hond had een rood wollen sjaal om zijn nek. Ik vroeg de bakker: ""Waar is die hond vandaag?""

De bakker zei: ""Ah, dat is mijn hond, Rufus. Hij is bij me voortdurend. Hij is van de dierenopvang, hij heeft geen thuis meer.""

Ik was verdrietig voor de hond en vroeg de bakker of ik hem kon aaien. Toen ik hem aai, begon hij te spinnen en hij begon te kwispelen. De bakker lachte en zei: ""Ja, hij is een echte zorgenklopper!""

Toen ik naar huis ging, vroeg ik mijn ouders of we een hond konden adopteren. En nu hebben we één van de liefste honden ter wereld!"
284,meta-llama/llama-3.1-8b-instruct,10_11,"We waren op een kamp in de bossen. Mijn beste vriend, Sander, en ik, wilden avontuur gaan beleven. We liepen weg van de anderen, alleen maar om te zien wat er zou gebeuren. We kwamen aan bij een oude, vervallen hut. Het had een grote deur die op een kier stond.

""Ga je mee naar binnen?"" vroeg Sander.

Ik knikte en we gingen naar binnen. Binnen was het donker en stonk het naar rotte appels. We zochten naar een lichtbron en vonden een oude kaars die nog brandde. Het licht scheen op een oude kist in de hoek.

Sander opende de kist en er kwam een oude, kromgegroeide hond uit. Hij was oud, maar hij had nog een glimlach op zijn gezicht. Hij kwam naar ons toe en begon te wuffelen.

De hond bleef bij ons en we gaven hem te eten. We noemden hem Max. We bleven bij hem tot de kampregisseur ons kwam zoeken. We mochten Max niet meenemen, maar we beloofden hem dat we hem zouden terugzien. Tot op de dag van vandaag."
285,meta-llama/llama-3.1-8b-instruct,10_11,"Er was eens een jonge vlinder met een prachtig groen vleugeltje. Ze heette Luna en woonde in een levendige bloemen tuin. Luna was altijd op zoek naar nieuwe bloemen om te bezoeken en te proeven. 

Een dag ontdekte ze een mooi bloemenhuisje in de tuin. Daar woonden ook een paar vriendelijke bijen die Luna vaak zagen fladderen. Ze noemden zichzelf de Bommelbende. 

Luna werd snel goede vrienden met de Bommelbende en begon elke dag samen met hen op avontuur te gaan. Ze aten samen honing en sprongen van bloem naar bloem. 

Maar er was één bloem in de tuin die heel bijzonder was. Ze was de helderste, mooiste bloem die Luna ooit had gezien. De Bommelbende noemde haar de Zonnestraal. 

Luna en de Bommelbende besloten elkaar een verrassing te geven door de Zonnestraal te ontdekken. Ze vlogen en vlogen totdat ze de glanzende bloem vonden."
286,meta-llama/llama-3.1-8b-instruct,10_11,"We waren op schoolreis naar het strand. Ik was heel opgewonden, want ik hou van het strand. Toen we aankwamen, zagen we een oude, holle boom. Mijn beste vriend, Stef, wilde erin klimmen. Hij was al bovenin toen ik hem belde. ""Hallo, Stef!"" riep ik. ""Ik zie je!"" Hij riep terug dat hij een uitkijkpost had en kon de hele kust zien.

Toen ik hem zag, besloot ik om ook te klimmen. We keken uit over het strand en zagen mensen die aan het strand zaten. We zagen ook een strandhuis en rookten kip van de BBQ. Ik was zo opgetogen dat ik een uitkijkpost had gevonden. We zaten er een tijdje en hoorden een zeehond blaffen. We zagen hem op het strand rennen en bleven kijken.

Toen het einde van de dag aanbrak, moesten we naar beneden. Maar we wilden nog even kijken. Mijn groep ging terug naar onze picknicktafel. Toen we terugkwamen, had Stef een aardig verhaal voor ons. Hij had de zeehond zien spelen met de kinderen op het strand. Hij vertelde dat de zeehond een speeltuin had met allemaal schelpen en het was echt een fantastische plek."
287,meta-llama/llama-3.1-8b-instruct,10_11,"Er was eens een jongen die een klein, magisch vogeltje had. Hij vond het vogeltje in zijn achtertuin, in een klein nestje. Het vogeltje kon praten en zei: ""Ik ben een drakenvogel! Ik heb de kracht om vlinders te maken van de wolken.""

De jongen was heel blij met zijn nieuwe vriend en noemde hem Sparky. Sparky kon heel veel dingen. Hij kon vlinders maken van de wolken, hij kon de zon doen schijnen en hij kon zelfs de regen doen vallen.

Een dag ging de jongen en Sparky naar de stad. Sparky vroeg of hij mag vliegen, en de jongen zei: ""Ja, maar pas op voor de wolken!"" Sparky vloog weg en maakte een prachtige vlinder. Hij vloog steeds hoger en hoger tot hij boven de wolken vloog.

Daar zag hij een groot monster. Sparky vroeg: ""Wat is dat?"" En het monster antwoordde: ""Ik ben de Wolkenreus! Ik eet alle wolken op!"" Sparky zei: ""Nee, dat kan niet! Ik maak vlinders van wolken!"" En Sparky maakte een enorme vlinder van de Wolkenreus en at hem op."
288,meta-llama/llama-3.1-8b-instruct,10_11,"We waren op schoolreis naar het strand. De zon scheen en het was warm. Mijn vriendin Lisanne en ik liepen langs het strand, op zoek naar schelpen. We hadden al veel gevonden, maar we wilden nog meer. Op een gegeven moment zagen we een paling liggen tussen de stokken van een jeu de boules-baan. Hij was heel lang en heel dik.

Ik pakte een stok en probeerde hem op te tillen, maar hij was zo zwaar. Dan nam Lisanne me voor en samen probeerden we hem op te tillen. We kregen hem net op tijd vast, voordat hij in zee viel. Een oudere man kwam naar ons toe en zei dat de paling leuk was, maar dat hij haar moest laten gaan. Hij zei dat palingen een speciale paling zijn en niet uit het zand mogen worden gehaald.

Lisanne en ik keken elkaar aan en liepen weer verder op het strand. We vonden nog veel schelpen, maar we keken niet meer naar de paling. Ik denk dat die paling ons een lesje heeft gegeven: dat sommige dingen beter zijn om te laten, dan om aan te pakken."
289,meta-llama/llama-3.1-8b-instruct,10_11,"Dus, we waren op schoolbezoek aan een dierentuin. Ik was heel erg enthousiast, want ik hou van dieren. Mijn klasgenoot, Tim, was ook erg opgewonden. We liepen langs alle dieren, maar toen we bij de olifanten waren, zei Tim: ""Kijk, een olifant! Die zijn zo groot!""

Maar toen we dichterbij kwamen, zag ik dat één olifant heel anders was dan de anderen. Hij was op zijn rug liggen en keek naar ons. Hij had een klein boekje in zijn hand en leek te lezen. Ik dacht dat ik droomde, maar Tim zag het ook.

De olifant zag ons en stond op. Hij kwam naar ons toe en zei: ""Hallo, jongens! Ik ben Olaf, de slimste olifant van de dierentuin. Ik hou van lezen en schrijven. Ik zie jullie hier en ik wil dat jullie ook een boekje schrijven.""

Ik en Tim keken elkaar aan en wisten niet wat we moesten doen. Maar Olaf zei: ""Gewoon, een verhaal schrijven over wat jullie zien en voelen. En dan lees ik het!"" Ik en Tim keken elkaar weer aan en gingen zitten om te schrijven. Olaf las ons verhaal en lachte hard. Hij zei: ""Dat was geweldig! Jullie zijn de beste schrijvers van de dierentuin!"""
290,meta-llama/llama-3.1-8b-instruct,10_11,"We waren op vakantie bij de zee. Mijn broertje, Lucas, en ik hadden een fantastische tijd. We gingen elke dag zwemmen en zochten naar schelpen en keien. Op een dag besloten we om op zoek te gaan naar een schuilplaats met een toegang naar het water.

We liepen langs de kust en zochten naar een plek waar we ons konden verstoppen. De zon schitterde op het water en maakte een glinsterende reflex op de golven. Het was heerlijk om daar te zijn.

Toen we een schuilplaats vonden, liepen we er snel naartoe. We gingen snel door het hoge gras en we hoorden het geluid van de golven die heen en weer sloegen. We renden langs de rotsen en kwamen bij een kleine grot. Dat was de perfecte plek om te spelen.

We gingen naar binnen en lieten ons op de zachte grond vallen. We keken omhoog en zagen de zon door de opening van de grot schijnen. Het was heerlijk om er te zijn. We bleven heel lang in de grot en genoten van de rustige omgeving."
291,meta-llama/llama-3.1-8b-instruct,10_11,"Er was eens een jonge haan genaamd Koen. Koen was niet zoals andere haan die gewoon op de boerderij bleven. Koen was avontuurlijk en wilde de wereld zien. Hij wist dat hij nooit verder zou komen als hij op de boerderij bleef. 

Een dag besloot Koen op avontuur te gaan. Hij vloog over het veld en het bos. Hij ontmoette een eekhoorn die hem vertelde over een prachtig meer dat heel ver weg lag. Koen besloot te gaan kijken. Hij vloog over de bergen en de valleien. Na heel veel vluchten kwam hij aan bij het meer.

Toen hij aankwam bij het meer was hij onder de indruk. Het meer was zo groot en het water was zo blauw. Koen ontmoette een vis die hem vertelde over een schat die verborgen lag in het meer. Koen besloot om de schat te gaan zoeken. Na veel zoeken vond hij een oude kist. Koen opende de kist en ontdekte dat het een grote schat was."
292,meta-llama/llama-3.1-8b-instruct,10_11,"Er was eens een prachtige regenboog die boven de stad hing. Hij was zo mooi dat iedereen hem wilde zien. Maar alleen een klein meisje kon hem zien. Ze heette Sophie en ze was zo lief dat ze door iedereen liefgehad werd.

Sophie was erg nieuwsgierig en ze wilde weten waar de regenboog vandaan kwam. Ze liep naar de regenboog en zei: ""Hallo, ik ben Sophie. Waar kom je vandaan?""

De regenboog antwoordde: ""Ik kom uit de hemel, Sophie. Ik ben hier om de stad te laten zien hoe mooi de wereld kan zijn.""

Sophie vroeg: ""Kun je me laten zien hoe je in de hemel bent gekomen?""

De regenboog glimlachte en zei: ""Kom maar mee."" Hij tilde Sophie op en ze vlogen naar de hemel.

Daar zagen ze een groot, mooi paard dat de regenboog had gemaakt. Sophie vroeg: ""Is dit je paard?"" De regenboog knikte en zei: ""Ja, dit is mijn paard. Hij is zo sterk dat hij me naar de aarde kan brengen.""

Sophie was zo opgewonden en zei: ""Mag ik op je paard rijden?"" De regenboog glimlachte en zei: ""Ja, natuurlijk. Ga maar op.""

Sophie klom op het paard en ze reden over de wolken. Ze zagen de zon, de maan en de sterren. Sophie voelde zich alsof ze een prinses was.

Toen ze weer terug waren, zei de regenboog: ""Nu je me zo mooi hebt gezien, wil je me nog een keer zien?"" Sophie knikte en de regenboog verdween en keerde terug in de hemel."
293,meta-llama/llama-3.1-8b-instruct,10_11,"Er was eens een meisje genaamd Luna. Zij woonde in een klein dorpje op het platteland. Luna hield van avonturen en kon prachtig tekenen. Ze had een oude tekenmap met veel geleende boeken en tekeningen van haar vader.

Een dag ging Luna naar het oude bos om te tekenen. Ze trof een prachtige gaatjesloze schelp aan en besloot om hem meegenomen te nemen. Toen ze op weg ging naar huis, hoorde ze een luid geroep uit de schelp. Luna was verbaasd, want ze had nog nooit gehoord dat een schelp kon ruziemaken.

Achter het bos ontdekte ze een prinses die was vermomd als een uitgehongerde hond. De schelp was in werkelijkheid een prinses-gevangenis. Luna besloot om de prinses te helpen en ze gingen samen op een avontuur om de prinses te bevrijden van de gevangenis."
294,meta-llama/llama-3.1-8b-instruct,10_11,"Een keer ging ik met mijn beste vriendin, Lisa, naar de dierentuin. We hadden zo lang op deze dag gehuild en nu was het eindelijk zover. We kochten kaartjes en liepen snel naar de aapencirkus. Daar waren de aapjes vooral druk bezig om de ballen te pakken en te gooien naar de publiek. Mijn vriendin had een aapje dat enorm veel geluk had. Hij gooide alle ballen in het gat van een luchtballon. We gilden van plezier toen hij een speciale beloning kreeg. 

Na de aapencirkus zijn we naar de leeuwen gegaan. Die waren echt heel groot en keken heel serieus om ons heen. Ik voelde me een beetje bang worden maar Lisa zei dat ze rustig was en dat ik ook rustig moest zijn. Toen viel de zon onder en werden de leeuwen door de zonsondergang heel erg mooi. We zijn gelukkig geweest en hebben veel plezier gehad."
295,meta-llama/llama-3.1-8b-instruct,10_11,"We waren op schoolbezoek bij de dierentuin. Mijn vrienden en ik liepen langs de kooien met de apen. Ze schreeuwden en speelden. We keken naar de wolven en de leeuwen. Die waren heel stil en keken ons aan.

Toen kwamen we bij de kooi van de tijgers. Ze waren enorm en hadden enorme ogen. Ik voelde me een beetje bang. Mijn vriendin Sarah zei dat ze niet agressief waren en dat ze gewoon wilden slapen.

We keken naar de tijgers en ze lagen in het zweet. We gingen naar de andere kant van de kooi en daar stond een grote bronzen beeld van een tijger. Hij was enorm en leek heel machtig. Mijn vriendje Tom zei dat hij hem wilde zijn als hij groot was.

Toen we weggingen, keek ik nog een keer naar de tijgers. Ze lagen nog steeds en keken ons aan. Ik voelde me opeens niet bang meer. En toen gingen we naar de boskabouterkwekerij."
296,meta-llama/llama-3.1-8b-instruct,10_11,"Er was eens een kleine, magische dierenwinkel in ons dorp. De eigenaar, een oude vrouw met lange, rode haren, heette Madame Luna. Zij had een speciale gave: zij kon alle dieren in haar winkel praten.

Ik ging vaak naar de winkel om Madame Luna te bezoeken. Zij vertelde me over alle verschillende dieren die ze had. Er waren vogels die konden zingen als opera-zangers, honden die konden dansen en zelfs een kat die kon spelen op de piano.

Maar er was één dier dat heel bijzonder was. Het was een oude, grijs wordende vos met een gouden ring om zijn nek. Madame Luna noemde hem de ""Gouden Vos"".

Een dag besloot ik de Gouden Vos uit de winkel te halen. Hij keek me aan met zijn heldere groene ogen en ik voelde me onmiddellijk een sterke band met hem. We gingen naar buiten en de vos liep als een echte prins door het dorp. Alleen Madame Luna wist dat hij in werkelijkheid een magische vos was, die de toekomst kon voorspellen.

De vos keek omhoog naar de hemel en zei: ""Vandaag zal er een storm komen."" En zo was het ook. De wind begon te blazen en de regen viel neer. Madame Luna keek me aan en zei: ""Je hebt de gave van de vos geërfd. Je kunt de toekomst voorspellen."" Ik was ontzettend blij en dankte de vos voor zijn gave."
297,meta-llama/llama-3.1-8b-instruct,10_11,"We woonden in een klein dorpje midden in de bossen. Het dorpje heette Zomerlust en was bekend vanwege de bijzondere legendes en sprookjes die er speelden. Mijn beste vriendin, Lieve, en ik waren altijd nieuwsgierig naar deze verhalen.

Een keer kwamen we op een dag een oud vrouwtje tegen die ons vertelde over de Geest van de Boom. Volgens de legende was er een boom in de bossen die iedere nacht tot leven kwam en door de dorp bewooners liep. Niemand wist waarom de boom dit deed, maar het was een van de oudsten in het dorp.

Lieve en ik besloten om de waarheid achter de Geest van de Boom te ontdekken. We liepen de volgende avond door de bossen en zochten de boom. En toen we hem vonden, ging hij meteen tot leven en liep hij ons voorbij. We renden achter hem aan, maar hij verdween in het niets. Toen we terugkwamen in het dorp hoorde ik een stem in mijn hoofd die herhaalde: ""De waarheid is vaak verborgen, maar je moet er alleen maar naar zoeken."""
298,meta-llama/llama-3.1-8b-instruct,10_11,"Er was eens een geheimzinnige tuin in het midden van de stad. Niemand wist hoe het er kwam of wie hem gebouwd had, maar hij was er al jaren. Hij werd omringd door hoge muren en er stond een grote poort naar binnen.

Ik had het over deze tuin gehoord van mijn beste vriendin, Lisanne. Ze zei dat als je door die poort ging, je in een andere wereld terecht zou komen. Ik geloofde haar natuurlijk niet, maar ik was wel nieuwsgierig.

Een dag besloten wij om de tuin te verkennen. Wij gingen door de poort en zagen dat het er eigenlijk heel mooi was. Er stonden bomen, bloemen en zelfs een klein meer. Wij liepen rond en voelden ons alsof we in een andere wereld waren.

Toen wij door de tuin liepen, zagen wij een vrouw die naar ons keek. Ze glimlachte en noemde ons bij onze naam. Wij waren heel verbaasd. Hoe wist ze onze naam? Wij liepen naar haar toe en vroegen het haar. Ze zei dat zij de eigenares was van de tuin, maar dat was niet waar. Zij was de bewoner van de tuin."
299,meta-llama/llama-3.1-8b-instruct,10_11,"We waren op zomervakantie bij mijn opa in de camping. Hij had een boot die we mochten gebruiken. Mijn vriendin Liza en ik besloten om een avontuur te gaan maken. We staken de rivier over en kwamen bij een klein eiland.

Op het eiland vonden we een oude kast. Die was dichtgespijkerd, maar we wisten dat we hem open konden krijgen. We gebruikten de spijkerprikker van mijn opa om hem open te maken.

Binnen in de kast vonden we een oude kaart. Die leek te zijn gemaakt door een avonturier die jaren geleden op het eiland was. We volgden de kaart en vonden een schat! Het was een oude gouden horloge.

We namen het horloge mee en liepen terug naar de camping. Mijn opa was zo blij dat we een schat hadden gevonden. Hij vertelde ons dat de avonturier die de kaart had gemaakt een held was. Vanaf die dag werden we ook gehouden voor avonturiers."
300,meta-llama/llama-3.1-8b-instruct,10_11,"Er was eens een jonge hond genaamd Max. Hij was een levendige golden retriever met een dikke vacht en een lange staart. Max woonde bij een oude vrouw genaamd mevrouw Johnson, die een grote tuin had waar hij kon rennen en spelen.

Een dag besloot Max om het huis uit te glippen en in de tuin te gaan verkennen. Hij ontdekte een klein holletje in de muur, dat hij nog nooit had gezien. Hij ging er binnen en vond een klein, goudkleurig medicijnflesje.

Max nam de flesje mee en ging terug naar het huis, waar hij het aan mevrouw Johnson gaf. Ze was erg blij en zei dat het een waardevol medicijn was voor haar hondje, dat erg ziek was.

Mevrouw Johnson gaf het medicijn aan haar hondje en het begon direct te herstellen. Max werd een held en mevrouw Johnson beloofde hem een beloning te geven. Maar Max vond het niet erg, hij was trots op zichzelf dat hij het medicijn had gevonden en dat hij zijn nieuwe vriendje had kunnen helpen."
301,meta-llama/llama-3.1-8b-instruct,10_11,"We waren op schoolbezoek bij een dierentuin. Mijn beste vriendin Lea en ik, we waren erg enthousiast om naar de dieren te kijken. We liepen door de gangen en zagen allerlei dieren, zoals leeuwen, olifanten en tijgers. Maar onze favoriete plek was de aapentuin. We stonden daar en bekeken de aapjes die aan de takken van bomen aan het spelen waren.

Een van de aapjes viel van een tak en landde met een plof op de grond. Hij keek omhoog naar ons en leek te willen zeggen: ""Hallo, ik kan ook wel van tak naar tak springen!"" We werden zo blij dat we hard lachten. De aapje ging naar de grond en kwam naar ons toe. Hij begon aan ons te spelen en ik ging met hem spelen. Lea was een beetje bang, maar ik zei: ""Gaat alles goed, Lea. Hij is niet gevaarlijk.""

Maar toen ging de aapje plotseling op mijn rug zitten. Ik was zo geschrokken dat ik mijn evenwicht verloor en viel. De aapje was zo snel dat hij van mijn rug sprong en ging op Lea's hoofd zitten. Lea begon te schreeuwen en ik moest lachen. Toen kwam de bezoeker van de dierentuin naar ons toe en zei dat we moesten weggaan. We moesten wel, want we hadden een aapje op ons hoofd."
302,meta-llama/llama-3.1-8b-instruct,10_11,"Er was eens een magische eiland in de oceaan. Op dat eiland groeiden de mooiste bloemen die je ooit had gezien. Ze bloeiden in alle kleuren van de regenboog, van roze tot blauw.

Ik was een jonge magiër en ik woonde op dat eiland. Mijn taak was om de bloemen te beschermen tegen de slechte tovenaar, Malakai. Hij wilde de bloemen gebruiken om alle mensen in de wereld te verdoemen.

Een dag, terwijl ik in de tuin van het eiland aan het werk was, zag ik een meisje dat verdwaald was op het eiland. Ze heette Lily en ze had een speciale gave. Zij kon praten met de planten en ze konden haar antwoorden geven.

Samen besloten we dat we Malakai moesten stoppen. We maakten een plan om hem te slim af te zijn en de bloemen te beschermen. We gebruikten Lilies gave om de planten te laten ons helpen. En toen kwamen we met een list om Malakai te verslaan.

Hij werd verdreven en de bloemen waren veilig. We werden als helden gezien en ik kreeg een speciale titel: de bloemenzanger. En Lily, zij werd de plantenprinses.

We werden beste vrienden en we besloten om samen op het eiland te blijven en de planten te beschermen. En dat is hoe ik mijn leven op het magische eiland begon."
303,meta-llama/llama-3.1-8b-instruct,10_11,"Er was eens een jonge hond genaamd Max. Max was een bruine herdershond met een lange, ruige vacht en een lange snuit. Hij woonde bij een oudere man genaamd meneer Johnson, die in een klein dorp woonde.

Max was een heel actieve hond en hield van spelen. Hij viel iedereen lief die hem aansprak en was altijd blij om te spelen. Maar Max had ook een geheim: hij kon praten.

Een dag ging Max met meneer Johnson naar de markt. Toen ze langs een kraam met snoepgoed liepen, hoorde Max een meisje van zijn leeftijd roepen: ""Kijk, een hond die kan praten!"" Max keek om en zag het meisje naar hem wijzen. Hij ging naar haar toe en zei: ""Ja, ik kan praten!""

Het meisje was verbaasd en vroeg Max of hij haar wilde helpen bij een puzzel. Max ging naast haar zitten en samen losten ze de puzzel op. Vanaf die dag waren Max en het meisje dikke vrienden. Ze kwamen altijd op de markt om samen te spelen en puzzels op te lossen. En Max was altijd blij om zijn geheim te delen met zijn nieuwe vriendin."
304,meta-llama/llama-3.1-8b-instruct,10_11,"Een keer was ik op bezoek bij mijn oppas. Ze woont in een klein dorpje aan het water. Op een dag besloten we om op pad te gaan om een geheime grot te vinden. We liepen langs het water en zochten naar een holte in de rotsen.

Mijn oppas wist dat er een geheimse ingang in die rotsen zat. Ze zei dat niemand weet dat deze bestaat. Na een tijdje vonden we de ingang. Het was klein, maar we konden erdoorheen. 

Zodra we binnen waren, zagen we een klein meer. We liepen naar het meer en zagen dat er een oude boot in lag. We besloten om hem te vullen met water van het meer. 

Toen we klaar waren, ging de boot zo snel mogelijk door het water. We wisten niet waar hij heen ging, maar hij ging zo snel dat we er niet bij konden. We moesten ons vasthouden aan een rots om niet te verdrinken."
305,meta-llama/llama-3.1-8b-instruct,10_11,"In een klein dorpje, niet zo ver van hier, wonen twee beste vrienden, Tim en Max. Ze zijn beiden erg geïnteresseerd in avonturen en speciaal in buitenspelen. Eén dag besluiten ze om op verkenning te gaan in het bos dat achter hun dorpje ligt.

Ze lopen een tijdje door het bos, waarna ze plotseling op een plek komen waar het heel stil is. Dan zien ze een klein huisje. Tim en Max durven niet om zo dicht bij het huisje te komen. Er is een oude vrouw die daar woont. Haar naam is tante Anna. 

De oude vrouw roept naar Tim en Max: 'Kom maar binnen, ik heb wat speciaal voor jullie.' Tim en Max nemen een diepe adem en gaan naar binnen. Tante Anna geeft hen elke een klein zakje met een kruimeltje in. 'Dit is magisch kruimeltje. Met dit kruimeltje kan je één keer een wens doen.'"
306,meta-llama/llama-3.1-8b-instruct,10_11,"Er was eens een jonge vos die heette Max. Max was heel slim en had een groot avontuurlijke geest. Hij hield van graven en ontdekken nieuwe dingen.

Een dag besloot Max om de oude holle boom te verkennen. Hij klom het knoestige hout in en ontdekte een geheime ingang. Het leek erop dat niemand eerder hier was geweest.

Max duwde zichzelf door de ingang en vond zich plotseling in een groot holle zaal met spiegels aan de muur. Er waren veel schatten en fornuisjes verspreid over de zaal.

Maar er waren ook schaduwen op de muren. Ze leken te bewegen en Max voelde een ijskristal in zijn maag. Hij besloot om terug te keren naar buiten. Toen hij naar buiten klom, hoorde hij een stem. ""Welkom, Max. Je hebt de geheime ingang gevonden."" Max keek omhoog, maar er was niemand te zien. Hij wist dat hij niet hier alleen was."
307,meta-llama/llama-3.1-8b-instruct,10_11,"Er was eens een meisje dat heette Emma. Ze woonde in een klein dorpje midden in een prachtig bos. Emma was bijzonder, want ze had een speciale gave: ze kon praten met de dieren.

Elke dag ging Emma uit het dorp en liep door het bos, waar ze vrienden maakte bij de vogels, de konijnen en de eekhoorns. Ze wist altijd precies wat ze moest doen om ze te helpen en ze begreep hun problemen.

Maar er was ook een duistere figuur in het bos: een magische vos genaamd Malakai. Hij was jaloers op EMMAs gave en wilde haar krachten voor zichzelf gebruiken. Hij begon Emma te stalken en probeerde haar te ontvoeren.

Emma wist wat ze moest doen. Ze riep alle dieren in het bos bij elkaar en samen maakten ze een plan om Malakai te stoppen. Uiteindelijk versloegen ze de vos en reden ze het bos uit. En sindsdien was Emma de beschermer van het bos en werden de dieren door haar beschermd."
308,meta-llama/llama-3.1-8b-instruct,10_11,"We gingen op schoolreis naar de dierentuin. Mijn beste vriendin, Lisanne, en ik waren heel opgewonden. Wij hadden al maanden geleden onze schoolreis geboekt en nu was het eindelijk zover. Mijn broer kwam bij ons in de klas zitten en wilden we hem meenemen, maar onze leerkracht zei dat dat niet mocht. 

Toen we bij de dierentuin aankwamen, gingen we meteen naar de dolfijnen. Wij liepen een tijdje rond en keken naar de dolfijnen die zwommen. Toen gingen we naar de leeuwen. Ik was heel bang. Ik wilde niets met de leeuwen te maken hebben. Mijn moeder nam mijn hand vast. Mijn broer en Lisanne zaten op een afstand en keken naar de leeuwen. Toen we bij de leeuwen waren, zag ik een leeuw die was ingestort. Ik was heel bang, maar mijn moeder zei dat hij dood was. We gingen verder. Later op de dag kwamen we bij de apen. Ik wilde naar de apen. Ik had mijn broer en Lisanne al bij de dierentuin laten zien. We waren bij de koeien en de paarden. Toen we bij de apen waren, mochten we zelfs een appel geven aan een appeltaartap. Dat was heel leuk. We gingen naar huis."
309,meta-llama/llama-3.1-8b-instruct,10_11,"We waren op schoolreis naar het strand. Mijn vriendin Lisanne en ik waren super enthousiast om in het water te gaan zwemmen. We hadden onze badmutsen op en onze zwembroekjes aan. Toen we aankwamen op het strand, zagen we dat er een groot gat in de grond was. We hadden geen idee wat het was.

Lisanne en ik besloten om het gat te verkennen. We gingen naar binnen en zagen dat het een soort tunnel was. Het was heel donker en we hadden geen licht. We moesten ons voorstellen wat er beneden was. Toen we door de tunnel liepen, hoorde ik plotseling een geluid. Het klonk als een klein ruisend geluid.

Ik was bang, maar Lisanne was moedig en ze zei ""Kom, we gaan kijken wat er is"". We kwamen uit bij een klein strandje. Het was vol met papegaaiduikers! We waren zo blij en we begonnen te gieren van de lach. Het was een van de leukste momenten van mijn leven. Toen we terugkwamen naar de anderen, vertelden we het verhaal en zij waren ook super enthousiast."
310,meta-llama/llama-3.1-8b-instruct,10_11,"Er was eens een jonge vos genaamd Vosje. Vosje was heel slim en kon overal komen. Hij had een grote overwinning nodig om de grootste vos te worden.

Een dag kwam Vosje langs een kastanjeboom. Die kastanjeboom was enorm groot en de kastanjes waren zo groot als eieren. Vosje had een idee. Hij klom de boom in en begon de kastanjes te eten.

Maar, als hij bijna bij de top van de boom was, werd hij plotseling uit de boom gegooid door een rozekruis. Vosje viel hard op de grond.

Vosje was heel moe en besloot om te gaan slapen. Als hij wakker werd, voelde hij zich beter en besloot hij om nog een poging te doen om de top van de boom te bereiken.

Maar toen hij de top bereikte, zag hij dat er niets speciaals was. Alleen een nieuwe rozekruis, die hem weer naar beneden gooide.

Vosje had genoeg. Hij besloot om samen met de rozekruiseen met de boom te klussen. En dat was de grote overwinning die Vosje nodig had."
311,meta-llama/llama-3.1-8b-instruct,10_11,"Er waren eens twee vrienden, Max en Leo. Ze woonden in dezelfde straat en waren altijd samen. Ze hadden een geheim: een geheime gang die verborgen was in Max' achtertuin. Niemand wist van de gang, niet zelfs hun ouders.

Een dag wilden Max en Leo naar de andere kant van de stad om een nieuw park te ontdekken. Maar ze wisten niet hoe ze er moesten komen. Toen herinnerden ze zich de geheime gang. Ze gingen snel naar Max' huis en vonden de deur naar de gang. Ze gingen erdoor en vonden zichzelf in een klein, donker pad.

Ze liepen door de gang en ontdekten dat hij veel langer was dan ze dachten. Eindelijk kwamen ze aan de andere kant van de stad. Het was een prachtig park met grote bomen en een groot meer. Ze liepen rondom het meer en vonden een klein eiland. Daar wilden ze heen, maar de brug was kapot. Toen zagen ze een klein bootje liggen. Ze namen de boot en voeren naar het eiland. Daar vonden ze een schatkist vol kleine munten. Ze werden rijk en konden nu overal heen met de bus."
312,meta-llama/llama-3.1-8b-instruct,10_11,"We waren op schoolbezoek op een boerderij. Ik was samen met mijn klasgenoten in de stal. Er waren grote, zwart-wit gespikkelde varkens rondom ons. We mochten ze aaien en ze kregen een stuk haver uit onze handen. Eén van de varkens, hij was een stuk groter dan de anderen, liep naar ons toe en bleef voor mijn voet staan. Ik voelde me een beetje ongemakkelijk, maar hij bleef gewoon staan. Mijn klasgenoot zei dat hij de leider was en dat hij ons niet zou kwaad doen. Toen ik aan zijn vacht aaide, voelde ik dat hij onder mijn handen bewoog. Hij was zo zacht en mooi. Hij bleef bij ons tot de boer ons riep om naar buiten te gaan. Toen ik naar hem keek, voelde ik dat hij naar me keek. Ik denk dat hij mijn vriend wilde worden."
313,meta-llama/llama-3.1-8b-instruct,10_11,"Er was eens een magische bos waar mysterieuze bomen groeiden. De bomen hadden prachtige bloemen met geheimzinnige krachten. Iedereen in het dorp wist dat als je een van deze bloemen plukte, jouw droom zou uitkomen.

Ik was altijd al een grote fan van paardrijden geweest, dus besloot ik om naar het bos te gaan om de magische bloem te zoeken. Ik liep door het bos en zocht naar de prachtige bloemen. Eindelijk zag ik een bloem met een prachtige paardenbloem eromheen. Ik plukte de bloem en wachtte.

De volgende dag hoorde ik dat er een paardrijfestival in het dorp zou worden gehouden. Ik kocht een paard en ging naar het festival. Daar won ik de eerste prijs in de paardrijwedstrijd! Mijn droom was uitgekomen dankzij de magische bloem."
314,meta-llama/llama-3.1-8b-instruct,10_11,"Er was eens een jonge man die heette Max. Hij was een fantastische fietsenrijder en had een supergelede fiets die hij zelden verliet. Max had een broer, die Peter heette. Peter was een beetje dom, maar hij was wel heel erg aardig.

Een dag ging Max en zijn fiets de stad uit, maar toen hij terug wilde komen, kwam hij te laat. Zijn vader was heel boos en zei dat hij nooit meer mocht gaan rijden. Maar Peter had een plan. Hij zei dat hij een tijdreismachine had gemaakt en dat hij Max kon helpen om terug te gaan. Max was heel erg sceptisch, maar hij ging toch mee.

Peter zette zijn machine aan en ze vlogen door de tijd. Ze kwamen terecht op de dag dat Max nog geen fiets had en zijn vader hem nog niet had verboden te fietsen. Max was heel erg blij en hij kon weer vrolijk zijn fiets rijden. Hij was heel erg dankbaar tegenover Peter en hij beloofde hem dat hij zijn broer altijd zou helpen."
315,meta-llama/llama-3.1-8b-instruct,10_11,"We waren op een kamp in de bergen. Mijn beste vriend, Max, en ik, hadden besloten om de berg te beklimmen. We waren al een paar uur bezig en voelden ons steeds zwakker. De lucht was dun en we konden haast niet ademhalen. We hadden water bij ons, maar het was niet genoeg. We zagen een rivier beneden in de vallei, snel stromend en helderblauw. We besloten om af te dalen en daar water te halen.

Onderweg moesten we langs een oud spoorweggetje. Daar vonden we een oude fiets, half verrot. Ik dacht dat het zonde was om hem te laten rotten, en Max was het met me eens. We namen hem mee, in de hoop dat we hem later konden gebruiken om afhaast te maken. Bij de rivier vonden we uitstekende plekken om te drinken en te wassen. We voelden ons weer een beetje fris. Na een tijdje besloten we om de fiets te bewerken en hem weer in orde te maken."
316,meta-llama/llama-3.1-8b-instruct,10_11,"Er was eens een jonge vos genaamd Flikker. Hij woonde in een bos waar hij zijn moeder en broertjes en zusjes had. Flikker was een beetje anders dan de andere vosjes, hij was erg avontuurlijk en wilde nooit rustig blijven zitten.

Een dag besloot Flikker om de wereld te verkennen. Hij verliet zijn bos en liep door het heuvelachtige land. Hij kwam door een mooi weiland waar hij een schattig lammetje zag spelen. Flikker was zo verliefd geworden op het lammetje dat hij besloot om het te helpen.

Toen hij bij het weiland kwam, zag hij een gat in de omheining. Flikker werd bang dat het lammetje zou vallen en besloot om het te redden. Hij klom over de omheining en reikte naar beneden om het lammetje te pakken. Maar het lammetje was zo bang dat het begon te blèren en vluchtte naar de andere kant van het weiland."
317,meta-llama/llama-3.1-8b-instruct,10_11,"We waren op schoolbezoek bij de dierentuin. Mijn beste vriendin, Anna, en ik gingen naar de grote cirkel waar de olifanten in zaten. We wilden juist naar de apen gaan, maar Anna zag een olifant die recht naar ons keek.

Ze riep: ""Kijk, hij ziet ons!"" De olifant liep richting ons en ik was bang. Ik hield Anna's hand vast. Net toen hij zou stoppen, liep een andere olifant naar ons toe. Hij probeerde een bal te pakken die iemand had laten vallen.

De eerste olifant stopte en keek naar de tweede olifant. Hij begon te eten en we gingen naar de apen. Maar we zagen nog meer olifanten die speelden met bollen en klommen op rotsen. We konden niet wegkijken.

Toen we naar de Amerikaanse wolven gingen, bleef ik nog even naar de olifanten kijken. Ze waren zo groot en sterk, maar ze leken ook heel leuk en speels. Ik had nog nooit zo veel gekeken naar dieren die zo groot waren.

Later tijdens de wandeling vertelde onze leerkracht dat olifanten heel slim zijn en ze goed kunnen leren. Dit verhaal bleef lang in mijn hoofd hangen."
318,meta-llama/llama-3.1-8b-instruct,10_11,"We waren op zomerkamp, en ik zat bij een groepje vrienden op een bankje bij het meer. We speelden een spelletje ""ik hou van jou"" en daarna begonnen we te praten over wat we tijdens ons zomerkamp wilden doen. 

Eén van mijn vrienden, hij heet Sjakie, vertelde over een geheim dat hij nooit eerder had verteld. Hij zei dat hij een geheimzinnig eiland in het meer had ontdekt. Hij vertelde dat hij daar één keer was geweest en dat hij daar een oude boot had zien liggen. 

Ik was zo benieuwd, dus vroeg ik hem of hij me wilde laten zien waar dat eiland was. Hij knikte en we gingen met zijn allen naar het meer. We vonden het eiland en keken om ons heen. Het was zo mooi en stil. 

Langzaam begonnen we de boot te bekijken. Het was een oude, scheve boot, maar hij leek wel te zijn gemaakt voor lange reizen. Sjakie vertelde dat hij de boot had gezien toen hij naar het eiland kwam. Hij had gehoord dat iemand hem had gezien, maar toen hij terugkwam, was hij er niet meer."
319,meta-llama/llama-3.1-8b-instruct,10_11,"Ik had een huisdier, een kat die ik Lennox noemde. Lennox was een zwart-wit katje met een goudkleurige ring om zijn oog. Hij was altijd aan mijn zijde, zelfs als ik naar bed ging. 

Een keer ging ik naar de bos met mijn vader om te wandelen en een eekhoorntje te zoeken. Terwijl we door de bossen liepen kwamen we een oude boom tegen. Mijn vader vertelde dat dit de oudste boom in de buurt was. 

Lennox was die dag niet thuis geweest vanmorgen, maar toen we terugkwamen was hij niet meer in huis. Mijn vader en ik hebben hem gezocht maar hij was nergens te vinden. Later kwamen we hem tegen bij de oude boom. Hij zat op de boom, zo te zien was hij aan de top van de boom geklommen. We maakten hem klein en brachten hem weer naar huis. Hij was heel blij om thuis te zijn."
320,meta-llama/llama-3.1-8b-instruct,10_11,"Er was eens een klein eilandje in de oceaan. Op dit eilandje woonde een vogelvriendig meisje genaamd Lily. Ze had een klein hokje op het eilandje waar ze woonde en waar ze haar vogels verzorgde. Lily had al een hele verzameling vogels verzameld. Ze had een roodborst, een merel, een ekster en nog veel meer.

Een dag kwam er een storm over het eiland. De wind was zo sterk dat alle vogels uit hun nesten werden geworpen. Lily was bang dat ze zou verliesen al haar dierbare vogels. Ze ging naar buiten en riep naar de vogels om ze naar binnen te roepen. Maar de vogels waren te bang om terug te komen. Dus besloot Lily om naar buiten te gaan en de vogels te zoeken.

Ze liep over het eiland en riep naar de vogels. Uiteindelijk vond ze een kleine vogel die ergens verstopt was. Ze nam hem in haar hand en bracht hem veilig naar binnen. De vogel kreeg een nieuw nestje en was weer terug bij zijn geluk. Lily was zo blij dat ze alle vogels weer veilig had en zei ""dat was het waard om naar buiten te gaan op zo'n stormachtige dag!"""
321,meta-llama/llama-3.1-8b-instruct,10_11,"Wij waren op vakantie bij de moeder van mijn beste vriendin. Ze had een grote tuin en een klein hokje achter de schuur waar een konijn woonde. Het konijn heette Bliksem. Toen wij daar waren, waren we erg enthousiast om Bliksem te zien. We wilden hem eten geven en hem aaien.

Maar toen mijn vriendin en ik naar het hokje liepen, bleek Bliksem verdwenen te zijn. We zochten overal naar hem, maar hij was nergens te vinden. We dachten dat hij misschien bij de moeder van mijn vriendin was gelopen, maar ze zei dat ze hem niet had gezien.

Toen we bijna gaven op, hoorde ik een geluid in de schuur. Ik liep ernaartoe en zag Bliksem op een stapel oude kranten liggen. Hij was in de schuur gekropen om te eten! Mijn vriendin was heel blij dat we Bliksem hadden gevonden en we hebben hem samen uit de schuur gehaald. We hebben hem veel aaien gegeven en hem eten gegeven, maar hij was wel heel bang voor de schuur."
322,meta-llama/llama-3.1-8b-instruct,10_11,"Er was eens een meisje genaamd Sofie. Sofie was een meisje dat heel graag wilde leren vliegen. Maar niet zoals mensen vliegen, nee, Sofie wilde leren vliegen zoals vogels. Ze had een vogeltje genaamd Liefje dat haar erg geholpen had bij het leren vliegen.

Sofie en Liefje gingen elke dag naar de bossen om te oefenen. Sofie leerde hoe ze haar armen moest bewegen, hoe ze moest springen en hoe ze haar lichaam kon bewegen om licht te worden.

Maar het duurde heel lang voordat Sofie erin slaagde om echt te vliegen. Ze viel heel vaak en had heel veel pijn. Maar Liefje bleef altijd bij haar en zei dat ze het kon doen.

Toen Sofie eindelijk kon vliegen, voelde ze zich heel machtig en vrij. Ze vloog met Liefje over de bossen en zagen wat er onder hen lag. Sofie was heel blij dat ze de moeite van het vliegen waard was."
323,meta-llama/llama-3.1-8b-instruct,10_11,"Er was eens een jonge vos genaamd Flikke. Flikke was heel slim en kon van alles, van rennen tot klimmen. Maar wat Flikke het meest graag deed, was zwemmen.

Elke dag ging Flikke naar het meer om in het water te springen en te spelen. De andere dieren in de buurt vonden hem altijd heel leuk. Maar er was één dier die Flikke echt niet leuk vond: een grote beer genaamd Barba.

Barba hield niet van Flikke omdat hij altijd zo snel en slim was. Barba wilde niet dat Flikke de aandacht van de andere dieren had. Maar Flikke wist niet dat Barba hem niet leuk vond.

Een dag besloot Flikke om een lange afstand te zwemmen. Hij zwom heel langzaam, maar Barba dacht dat hij gewoon stond te kijken. Maar in werkelijkheid was Flikke nog steeds aan het zwemmen! Hij zwom zo ver dat hij bijna aan de overkant was, terwijl Barba nog aan de andere kant stond. Flikke had het misleid Barba!"
324,meta-llama/llama-3.1-8b-instruct,10_11,"Er was eens een jonge vos namens Vosje. Vosje was heel slim en had een klein, opvallend lang zwartstaartje. Hij woonde in een prachtige bossen met veel dieren.

Een dag besloot Vosje om een avontuur te zoeken. Hij liep de bossen door en kwam bij een oud, knus houten huisje. Daar woonde een oude, wijze uil. Ze heette Uilke.

Vosje ging naar Uilke toe en zei: ""Uilke, ik ben op zoek naar een avontuur. Weet je iets?""

Uilke dacht even na en zei: ""Ja, ik weet iets. Er is een mysterieus ei verborgen in de bossen. Als je dat ei vindt, word je de held van de bosdieren.""

Vosje was opgetogen en begon meteen te zoeken. Hij liep door de bossen, keek in al het struikgewas en sprong over de kleine beekjes. Totdat hij het mysterieus ei vond...

(ik kijk naar mijn klasgenoten en vraag of ze willen weten hoe Vosje het ei vond...)"
325,meta-llama/llama-3.1-8b-instruct,10_11,"We waren op zomervakantie bij mijn opa en oma. Hij had een grote tuin met een speelhuis en een zwembad. Mijn broertje, Lucas, en ik waren altijd bezig met een nieuw avontuur.

Een keer vonden we een oude sleutel in het speelhuis. Het was een sleutel met een grote ring eraan. We hadden geen idee wat hij voor deed, maar we waren nieuwsgierig. Mijn broertje zei: ""Laat hem eens vastmaken aan de grote boompoot!"" Dus deed ik dat.

Toen ik de sleutel losliet, begon de boompoot te bewegen. De boom draaide langzaam rond. Mijn broertje en ik keken elkaar aan en weiden ons niet meer. We zagen een klein gat in de boom en daarnaast stond een klein houten kastje.

We maakten het kastje open en vonden een oude kaart van de tuin. Daarop stond dat er een geheim verborg. We keken elkaar aan en zeiden: ""Wij gaan het wel vinden!"""
326,meta-llama/llama-3.1-8b-instruct,10_11,"Er was eens een jonge hond genaamd Max. Hij was een volbloed herdershond en had een prachtig donkergrijze vacht. Max woonde bij een oudere vrouw genaamd Mevrouw Johnson. Ze was heel lief voor Max en nam hem mee op lange wandelingen door het bos.

Een dag besloot Max dat hij weg wilde lopen. Hij had gehoord over een plek met een mooie rivier waar hij kon zwemmen. Dus sloop hij uit het huis terwijl Mevrouw Johnson aan het koken was. Hij rende door de straat en het bos totdat hij bij de rivier aankwam.

Max ontdekte dat de rivier veel dieper was dan hij had gedacht. Hij durfde niet te springen, dus bleef hij aan de oever zitten. Plotseling hoorde hij een stem achter zich. ""Hallo, ben jij de hond die me gehoord hebt?"" vroeg een jonge jongen. Max keek om en zag een jongen met een bootje. De jongen zei: ""Ik kan je overzetten naar de andere kant."" Max was bang, maar hij wist dat hij niet kon zwemmen. Dus sprong hij in het bootje en de jongen bracht hem naar de overkant."
327,meta-llama/llama-3.1-8b-instruct,10_11,"Een keer waren mijn vrienden en ik op een camping met mijn familie. We hebben een klein bootje gehuurd en waren aan het varen op het meer. Mijn broer wilde heel graag een vis uit het water vissen, dus hij is gaan vissen met onze vader. Mijn vrienden en ik zijn gaan zwemmen.

Toen we uit het water kwamen, zag ik een bootje in de verte aankomen. Het was een boot met een grote motor, maar die was uit. De mensen op de boot waren heel vriendelijk en ze vroegen of we hun wilden helpen om de boot te tillen. Ze zeiden dat de motor kapot was en ze konden niet meer verder.

Mijn vader en mijn broer gingen helpen, maar mijn vrienden en ik wilden ook helpen. We hebben allemaal samen de boot getild en de mensen konden nu verder. Toen we weggingen, zwaaiden we naar de mensen op de boot en die zwaaiden terug."
328,meta-llama/llama-3.1-8b-instruct,11_12,"Er was eens een klein, mysterieus eiland in de oceaan. Niemand wist waar het vandaan kwam of hoe het precies eruitzag. Maar één ding was zeker: het was een plek waar dromen waar werden.

Mijn beste vriendin, Lily, en ik hadden altijd al willen ontdekken wat dit eiland verborg. We hadden verhalen gehoord over een magische poort die naar een wereld vol wonderen leidde. We wilden erachter komen of dat waar was.

Een dag besloten we dat we genoeg zouden hebben van ons saaie leven en dat we naar het eiland zouden gaan. We pakten onze tas, grepen onze surfplanken en zeilden weg.

Toen we aankwamen op het eiland, voelden we een vreemde energie. De lucht was vol van een magische lucht die ons naar een andere wereld leidde. We gingen door de poort en werden overspoeld door een wereld vol kleur en leven.

We zagen lelies die zo groot waren als huizen en vogels die glansden als diamanten. Het was alsof we in een droom waren."
329,meta-llama/llama-3.1-8b-instruct,11_12,"Er was eens een jonge hond genaamd Max. Max was een levendige hond met een witte vacht en een roodneus. Hij woonde bij een gezin met twee kinderen, Tom en Emma.

Max was dol op avonturen en deed alles voor zijn kinderen. Hij was super slim en kon zelfs spelen met de kinderen in de tuin. Eén dag, toen Tom en Emma naar school waren, besloot Max om een avontuur te zoeken.

Hij sloop de achterdeur uit en kwam in de buurt van een bos. Daar ontmoette hij een andere hond, een grote, zwarte hond genaamd Rocky. Rocky was niet zo vriendelijk als Max, maar hij was ook niet agressief.

De twee honden begonnen te spelen en Max had de meest fantastische tijd van zijn leven. Toen hij terugkwam bij de familie van Tom en Emma, waren ze helemaal verbaasd om zijn nieuwe vriend te zien. Vanaf dat moment werden Max en Rocky de beste vrienden en gingen ze samen op avontuur."
330,meta-llama/llama-3.1-8b-instruct,11_12,"Er was eens een jonge vos die zijn naam had gekregen: Vosje. Vosje was heel slim en hij hield van avonturen. Hij woonde in een bos met zijn familie, een moeder, een vader en een zusje.

Een keer, toen Vosje buiten was aan het spelen, ontdekte hij een oude kaart die hij in het gras had found. De kaart leek te zijn gemaakt van een stuk oude karton. Vosje was nieuwsgierig en besloot hem te volgen.

De kaart leidde hem door het bos, over heuvels en door beken. Vosje was heel snel, dus hij kon gemakkelijk volgen. Uiteindelijk kwamen ze bij een groot stuk bos waar hij nog nooit was geweest.

Daar, in het midden van het bos, stond een prachtig kasteel gemaakt van takken en bladeren. Vosje was heel onder de indruk en besloot dat hij dit kasteel wilde zien. Hij sloop naar binnen en kwam uit in een enorme zaal.

In het midden van de zaal stond een grote tafel met erboven een kaart. Op de kaart stond geschreven: ""Sleutel: Vosje"". Vosje wist niet wat dit betekende."
331,meta-llama/llama-3.1-8b-instruct,11_12,"Er was eens een klein eilandje in de zee, waar een jonge lobster genaamd Luna woonde. Luna was anders dan de andere lobsters, want zij hield van het water, maar ook van de zon. Zij wilde altijd naar beneden naar de bodem van de zee gaan om te graven, maar zij kon ook niet zonnen zonder dat haar scharen pijn deden.

Een dag besloot Luna om met de zee-ogen, een paar vrienden die ze had, een reis te maken naar de djipste plek van de zee. Zij namen een bootje en ploegen door de golven. Toen zij aankwamen, gingen ze allemaal zwemmen en spelen. Maar toen de zon begon te zakken, ging Luna naar de bodem van de zee om te graven. Zij vond een prachtige schelp, waarin een klein pareltje zat.

Toen zij terugkwam, was de zon verdwenen, maar haar vrienden waren nog steeds aan het zwemmen. Zij gingen naar boven en leerden Luna een liedje, waarin zij vertelde dat ze ook zonnen, maar dat ze dat aan Luna moesten vertellen. Toen zij het liedje hadden gezongen, voelden zij zich ook een beetje zonnig. Vanaf dat moment hield Luna van de zee, maar ook van de zon, en ging ze elke dag naar de djipste plek van de zee om te graven en te spelen met haar vrienden."
332,meta-llama/llama-3.1-8b-instruct,11_12,"Er was eens een jonge februariavond. Het was koud en donker. Mijn vriendin Lotta en ik, we waren samen naar de bosrand gelopen om de sterren te kijken. Lotta had haar sjaal om haar hoofd gedaan, maar ik had er niet één. Lotta zei dat ik mijn sjaal nodig had, want het was echt koud. Maar ik zei nee, ik was niet koud.

We stonden daar te kijken naar de sterren. Er was zo veel te zien! We keken naar de Maan en de sterren in de Melkweg. Ik vroeg Lotta of ze wist wat de Melkweg was. Ze zei dat het een groot stuk van de hemel was en dat we er heel veel sterren in konden zien. Ik vond het mooi en ik voelde me klein in het heelal. 

 plotseling hoorde ik een geluid. Het klonk alsof er een dier naar ons toe kwam. Lotta hoorde het ook en we keken om ons heen, maar we zagen niets."
333,meta-llama/llama-3.1-8b-instruct,11_12,"Er was een klein hondje genaamd Max. Hij was heel lief en had een dikke witte vacht. Max woonde bij een meisje genaamd Sophie. Ze waren dikke vrienden.

Een dag ging Sophie en Max naar het park. Ze speelden samen op de speelplaats en renden rondom de schommels. Max was zo snel dat hij altijd als eerste bij de schommels was. Sophie lachte en riep: ""Max, je bent de snelste hond van de wereld!""

Toen ze klaar waren met spelen, ging Sophie en Max naar het water. Sophie gooide een steentje in het water en Max sprong ernaartoe om het te pakken. Hij zwom naar het midden van het meer en kwam terug met het steentje in zijn bek.

Sophie was zo trots op Max en gaf hem een dikke knuffel. Max blafte vrolijk en sloeg zijn poot om Sophie heen. Ze gingen naar huis met een volle tas vol speeltjes en een heel zwaaiig hondje."
334,meta-llama/llama-3.1-8b-instruct,11_12,"Ik ging met mijn beste vriendje, Max, naar het strand op zomervakantie. We wilden een bootje lenen van onze oom en naar een eiland gaan waar net geen vogels waren. We wilden een eiland zonder vogels vinden.

Mijn oom gaf ons een boot zonder motor en we moesten naar het eiland roeien. We hadden een grote fles water en een bak met sandwiches. We roeiden heel lang en toen we uiteindelijk het eiland bereikten, waren we moe.

Maar toen we het strand op liepen, hoorden we een klein stemmetje. Het was een kleine vogel met een gekke neus. Hij zei: ""Hé, jullie zijn de eerste mensen hier in vele weken!""

We waren stomverbaasd. We dachten dat we een eiland zonder vogels zouden vinden, maar in plaats daarvan vonden we een eiland vol vogels. We speelden met de vogel en gaven hem een sandwich. Hij was heel vriendelijk.

We brachten de hele dag op het eiland door en toen we terug roeiden, voelden we ons heel gelukkig. We vonden een eiland vol vogels, maar het was niet wat we verwachtten. En dat was heel cool."
335,meta-llama/llama-3.1-8b-instruct,11_12,"Er was eens een jonge magiër genaamd Max. Hij was erg goed in spellen en kon dingen doen die niemand anders kon. Max woonde in een klein dorp met zijn andere magiër-vrienden.

Een dag ging Max naar het bos om ervaring op te doen en nieuwe spellen te leren. Hij kwam een moeilijke plek in het bos tegen, waar een oud, snode schildpad woonde. De schildpad was heel slim en had magische krachten.

De schildpad had een magische ring, die ervoor zorgde dat alles wat ze wenste kon komen. Maar er was een klein probleem: de ring werkte alleen als je eerlijk was.

Max was erg nieuwsgierig en wilde de ring hebben. Maar hij was ook bang dat hij niet eerlijk zou zijn als hij de ring kreeg. Dus besloot hij een test te doen om te zien of hij echt eerlijk was. Hij vroeg aan de schildpad om hem een klein klein ding te geven, zodat hij kon bewijzen dat hij eerlijk was.

De schildpad gaf hem een kleine scepter en Max deed een spel om te zien of hij eerlijk was. En hij wist dat hij eerlijk was, dus de schildpad was tevreden en gaf hem de ring. Max kon nu allemaal wonderen doen met de ring."
336,meta-llama/llama-3.1-8b-instruct,11_12,"Een keer, toen ik op vakantie was bij mijn opa, ging ik een dagje alleen bij het meer. Mijn opa zei dat ik mocht varen, maar dat ik eerst moest leren hoe hij dat deed. Hij zei dat de boot op het strand stond, maar als ik wilde varen, moest ik eerst de boot in de water lopen helpen.

Ik liep naar het strand en daar stond de boot precies waar mijn opa zei dat hij stond. Ik liep de boot in de water lopen en hij begon heel langzaam te zinken. Ik keek om me heen en ik zag mijn opa die lachte en zei dat ik nu moest springen. Ik spring in de boot en ik begin te varen. Mijn opa had me een aantal boeien gegeven om naar een bepaalde plek te varen.

Ik vare de hele dag en ik zie eindelijk een klein eilandje. Ik leg aan en ik zie een klein hokje in het midden van het eiland. Ik loop naar het hokje en ik zie dat er een klein katje zit. Het katje is heel lief en het zit op mijn schoot. Ik blijf op het eiland liggen totdat het donker wordt en ik ga terug. Mijn opa stond op me te wachten en hij zei dat hij heel blij was dat ik de boot in de water had gelaten."
337,meta-llama/llama-3.1-8b-instruct,11_12,"We waren op schoolreis naar de zee. Ik was super geïnteresseerd in de zee, maar mijn vriendje Jip was heel bang voor het water. Hij bleef vlak bij de kust en wilde niet verder lopen. Ik ging met de groep zwemmen en hoorde Jip schreeuwen.

Een golletje was hoog opgeklommen en had hem bijna meegesleurd. Ik rende terug naar de kust en trok Jip naar me toe. Hij was heel boos en zei dat hij niet in de zee wilde. Maar toen ik hem vroeg waarom hij in het water was gegaan, wist hij het niet.

Een van de docenten zei dat we een boottocht mochten maken. Jip was heel bang, maar ik zei dat ik bij hem zou blijven. We gingen op de boot en ik vertelde Jip over alle soorten zeevogels die we zouden zien. Hij begon te glimlachen en vroeg me om hem van te voren te vertellen wat hij zou zien."
338,meta-llama/llama-3.1-8b-instruct,11_12,"Er was eens een jonge vloo die heette Flik. Flik woonde in een hoop kleding in de kast van mijn ouders. Hij had een heel aparte vriendengroep: een vleermuis, een muis en een slak. Ze waren allemaal erg verschillend, maar ze werden goede vrienden.

Eén keer besloten ze om samen een avontuur te gaan beleeven. Ze vochten om wie het grootste avontuur zou zijn, maar ten slotte besloten ze om samen te gaan. Ze gingen op zoek naar een legendarische schat die verborgen zat in een oud, leeg gebouw aan de andere kant van de straat.

Flik, de vleermuis, de muis en de slak kroop over een elektriciteitskast, sprong over een riool en klimde over een muur. En toen ze eindelijk binnen waren, vonden ze een kist vol goud en juwelen. Ze waren rijk! 

Nadat ze alles hadden opgeruimd, besloten ze om het geld te delen en een feest te geven voor alle vloo's en insecten in de kast. En zo waren Flik en zijn vrienden dolgelukkig met hun succesvolle avontuur."
339,meta-llama/llama-3.1-8b-instruct,11_12,"Er was een jonge hond genaamd Max. Hij was zo snel als een wervelwind en had een kuif op zijn hoofd die altijd naar achteren stond. Max was mijn beste vriend en hij kwam vaak met me op avontuur.

Een keer gingen we naar het bos om naar het eindpunt van een oude, verlaten spoorweg te lopen. Het spoor was erg afgebroken en onduidelijk, maar Max wist waar we moesten zijn. We liepen urenlang door het bos, waarbij Max een lange tijd voor me uit liep.

Toen we bij een oude brug kwamen, besloten we om te stoppen en een beetje te eten. Terwijl we aten, hoorden we een geluid in de verte. Max kwam meteen overeind en begon te blaffen. ""Wat is er aan de hand, Max?"" vroeg ik. Max keek me aan en blafte nog harder.

We liepen verder en kwamen bij een oude, afgebroken trein. Max ging naar binnen en ik volgde hem. Toen ik binnenkwam, zag ik een oude kastje. Max had de deur al opengezet. Toen ik naar binnen keek, vond ik een oude treinkaart met mijn naam erop geschreven."
340,meta-llama/llama-3.1-8b-instruct,11_12,"Er was eens een jonge hond genaamd Max. Hij was een leuk ding met een witte vacht en een zwarte streep op zijn neus. Max woonde bij zijn baasje, een meisje genaamd Sophie, die hem heel lief had.

Sophie en Max gingen elke dag naar het park. Ze speelden samen op de speeltuin en gingen op wandeltocht door het bos. Max hield ervan om overal te snuffelen en Sophie hield ervan om hem te zien snuffelen.

Een dag kwamen Sophie en Max bij een oud, vervallen gebouw. Max wilde erin kijken, dus Sophie liet hem los. Max snuffelde rond en vond een klein gat. Hij duwde erdoorheen en verdween uit het zicht.

Sophie riep ""Max! Max, waar ben je?"" Maar er kwam geen antwoord. Ze begon te zoeken en vond hem uiteindelijk in een kleine kelder. Hij was verdwaald en had niet terug kunnen keren. Sophie pakte hem op en nam hem weg van het vervallen gebouw. ""Nooit meer,"" zei ze streng tegen hem. Max keek naar haar op, zijn ogen vol berouw."
341,meta-llama/llama-3.1-8b-instruct,11_12,"We waren op een kamp in de bossen. Mijn beste vriendje, Sander, en ik hadden besloten om een ontdekkingstocht te gaan maken. We pakten een grote rugzak in met eten, water en een kaart van de omgeving. We liepen urenlang door de bossen, op zoek naar avontuur.

Toen we eindelijk een open plek zagen, besloten we om te stoppen en te eten. We aten een paar sandwiches en dronken water uit onze waterflesjes. Terwijl we aten, zag ik een klein, donker ding in de bos. Ik zei tegen Sander dat hij dat ding moest gaan bekijken. Hij liep snel weg en kwam even later terug met een klein, donker vogeltje in zijn hand. Het was een uil! We waren zo blij dat we het vogeltje wilden laten vliegen. We lieten het los en keken toe hoe het uil naar een boom vloog. Wat een geweldig avontuur!"
342,meta-llama/llama-3.1-8b-instruct,11_12,"We waren een groep vrienden die altijd samen speelden in het bos achter ons huis. Er was een paar jaar geleden een grote onweersbui geweest en een deel van het bos was overstroomd. Sindsdien lag er een grote meer in het bos.

Ik ging met mijn vrienden, Sander en Lennart, naar het meer om te zien of we er kon vissen. We hadden een paar hengels mee en waren benieuwd of we wat vispenningen zouden vangen.

Toen we bij het meer aankwamen, zagen we een oude vrouw zitten op de oever. Ze keek naar ons en glimlachte. 'Hallo kinderen,' zei ze. 'Wat brengt jullie hier?' We legden uit dat we van plan waren te gaan vissen.

De oude vrouw keek naar het meer en zei: 'Ik weet wel wat jullie kunnen doen. Ik zal jullie laten zien.' Ze stond op en liep naar een plek waar het meer het diepste was. Daar liet ze een grote steen vallen. Het water begon te schuimen en plotseling kwamen er een paar grote vispenningen boven water.

We waren allemaal geschokt en keken naar de oude vrouw. 'Hoe doe je dat?' vroeg Lennart.

Ze lachte en zei: 'Ik ken dit meer. Het is een oude plek. Kom, ik zal jullie laten zien wat je kunt vangen.'

En toen nam ze onze hengels en begon te vissen. Binnen een paar minuten hadden we al een paar grote vispenningen gevangen. We waren allemaal super tevreden en dankten de oude vrouw voor haar hulp."
343,meta-llama/llama-3.1-8b-instruct,11_12,"Er was eenmaal een jonge vos met de naam Vosje. Vosje was een beetje anders dan de andere vossen. Hij was heel slim en had een enorme honger naar avontuur. Elke dag nam hij een andere weg naar het bos, om nieuwe dingen te ontdekken.

Eén dag kwam Vosje op een kleine, magische eiland in het midden van een meer. Het eiland was vol met heerlijke oogst. Vosje voelde zijn maag knorren en hij besloot om een stuk brood te eten. Maar toen hij het brood aanraakte, begon het te schieten.

Vosje was heel verbaasd en hij kon niet geloven wat hij zag. Het brood ging van het eiland, door de lucht en landde met een plof in het water. De vogels kwamen naar het eiland en begonnen te vliegen over het water om het brood te zoeken.

Vosje keek toe en kon niet geloven wat hij zag. Toen hij in het water keek, zag hij een schip aankomen. Het schip was vol met vogels en een klein meisje. Het meisje zong een liedje terwijl ze dichterbij kwam.

Het meisje zag Vosje en glimlachte. ""Hallo Vosje,"" zei ze. ""Ik ben hier om de vogels te helpen. Ze hebben zo veel brood nodig."" Vosje keek toe en zag hoe het meisje en de vogels samenwerkten. Hij besloot om mee te helpen en nu is Vosje een van de belangrijkste hulpjes op het eiland."
344,meta-llama/llama-3.1-8b-instruct,11_12,"We waren op kamp bij de bergen. Mijn beste vriendin, Sarah, en ik waren in hetzelfde tentje. Onze leider, mevrouw van der Meer, zei dat we een nachtelijke wandeling zouden maken. We moesten onze zaklampen pakken en een paar uur in het donker door de bossen lopen.

Toen we bezig waren, zag Sarah iets vreemds op de grond liggen. Het was een oude map. We openden hem en er zaten oude foto's in. Op de foto's stonden mensen in dezelfde tent die wij nu in zaten. Ze stonden allemaal om een kampvuur te staren.

Mevrouw van der Meer zei dat we weer terug moesten naar de tent en moesten slapen. Maar Sarah en ik waren nieuwsgierig. We besloten om nog even te blijven kijken. We vonden een kaart in de map met een geheim pad op. Het leek alsof de mensen die de map hadden gemaakt, hadden geprobeerd om ons te vertellen dat er een geheim pad in de buurt was."
345,meta-llama/llama-3.1-8b-instruct,11_12,"We waren op schoolreis naar het bos. Onze lerares, mevrouw Van der Meer, zei dat we een nieuwe route zouden nemen. We liepen door een smal pad en kwamen uit bij een groot meer. Het water was zo blauw dat het leek alsof we in de zee waren. We keken allemaal naar de vissen die er zwommen.

Ik zag een bootje liggen op de oever. Het was een klein roeibootje met een lange, kale stok. Ik had het idee dat die stok uit een oude boom was gehaald. Ik vroeg aan mevrouw Van der Meer of we dat bootje mochten gebruiken. Ze zei dat we dat konden doen, maar dat we eerst de stok moesten zoeken bij de boom.

De boom was heel oud en leek wel een tapijt van takken en bladeren. Na veel zoeken vonden we de stok. We stapten in het bootje en roeiden naar het midden van het meer. Daar zagen we een grote eend liggen. Ze kraaide heel hard en kwam naar ons toe. We roeiden dichterbij en de eend kwam op de bodem van het bootje liggen."
346,meta-llama/llama-3.1-8b-instruct,11_12,"We waren op het schooluitje naar Pretpark Europa Park. Mijn beste vriendin Sophie en ik gingen op de rollercoaster. We draaiden rondjes en gingen boven. Toen we weer omlaag kwamen, vielen we een paar meter naar beneden. Het voelde alsof we zweefden door de lucht. 

Op dat moment zag ik mijn broer Max in de rij staan. Ik wist dat hij echt bang zou zijn voor de rollercoaster. Ik zocht Sophie en we deden een teken naar Max. Hij besloot om eruit te stappen. Mijn vader kwam net op tijd om hem te helpen.

Ik ging zo snel mogelijk terug naar mijn vader en zei dat ik niet ging. Mijn vader zei dat ik mijn vrees moest overwinnen. Ik ging dus terug naar Sophie en we gingen op de rollercoaster. Het voelde nog steeds spannend, maar ik was niet bang meer."
347,meta-llama/llama-3.1-8b-instruct,11_12,"We waren op schoolreis naar de zee. Ik was zo opgewonden, want ik hield van duiken en zwemmen. Toen we aankwamen, besloten we om eerst op het strand te gaan lunchen. Terwijl we aten, zag ik een oud zeilbootje liggen. Het leek wel een schip uit een sprookje.

Ik vroeg of we mochten kijken en mijn beste vriendin, Anna, en ik gingen erop af. We klommen aan boord en zagen dat er geen mensen waren. Het was stil en donker op het bootje.

Anna zei: ""Dit is als een mysterie!"" En ik zei: ""Ja, we moeten het oplossen!"" We zochten rond en vonden een oud boek in de kajuit. Het was een dagboek van de kapitein. We begonnen te lezen en ontdekten dat de kapitein een meisje had verloren. Hij had het bootje gebruikt om haar naar de plek te nemen waar ze graag wilde zijn.

We liepen door en vonden een klein houten kistje. Daarin zat een klein briefje. Het was van de kapitein. Hij schreef dat hij een plek had gevonden waar hij kon rusten, vlakbij een eiland. We ontdekten dat we op dat eiland waren. We waren ontdekt een stuk geheim geschiedenis."
348,meta-llama/llama-3.1-8b-instruct,11_12,"Er was eens een jonge hond genaamd Max. Max was een superhond, hij kon alles doen en hij was super snel. Max woonde bij een gezin met twee kinderen, Tim en Emma.

Een dag ging Max op avontuur in het bos. Hij liep langs een rivier en hij zag een kleine eendje dat in de rivier zat. Het eendje kon niet uit de rivier komen en Max besloot om te helpen. Hij sprong in de rivier en zwom naar het eendje toe.

Max pakte het eendje vast in zijn bek en zwom terug naar de oever. Hij legde het eendje veilig op de grond en het eendje begon te danken. Het eendje beloofde om een cadeautje voor Max te maken.

Een paar dagen later kwam het eendje weer terug en hij gaf Max een prachtig ei. Max was zo blij met het ei en hij gaf het aan Tim en Emma. Ze waren net zo blij als Max en ze gaven hem een groot compliment.

Vanaf die dag was Max de held van het dorp en iedereen hield van hem. Hij bleef een superhond en hij bleef helpen waar hij kon."
349,meta-llama/llama-3.1-8b-instruct,11_12,"Er was eens een jonge koningin die een prachtige magische taart maakte. De taart was zo mooi dat alle vogels uit de hele wereld naar het kasteel vlogen om een hapje te eten. Maar er zat een klein probleem: de taart was zo leuk dat alle vogels niet alleen wilden eten, maar ook wilden dansen. En niet gewoon een beetje, maar een hele show!

De vogels dansten zo hard dat het hele kasteel begon te trillen. De koningin was een beetje bang, maar ze wist dat ze de vogels niet weg kon jagen. Ze besloot om ook te dansen. En zo begonnen de vogels en de koningin samen te dansen. Al snel kwamen ook de honden en de kat uit de buurt kijken en begonnen te dansen.

Binnen een paar minuten was het hele dorp vol met mensen die dansen op de straat. De muziek was zo goed dat zelfs de stenen begonnen te dansen. En die ene vogel, een kaalkopmees, was zo goed dat hij zelfs een eigen band kreeg."
350,meta-llama/llama-3.1-8b-instruct,11_12,"Er was eens een jongen genaamd Max. Hij was een enorm fan van een spel genaamd ""Epic Quest"". Het was een spel waarin je kon avonturen beleven in een fantasiewereld vol magie en monsters. Max speelde het spel zo vaak dat hij dacht dat hij echt een held was.

Een dag, terwijl hij speelde, kreeg hij een boodschap van het spel. Het scheen dat een monster genaamd ""De Donkere Drakon"" was ontsnapt en stoorde de hele stad. Max werd gevraagd om het monster te verslaan.

Max was benieuwd en accepteerde de opdracht. Hij verliet zijn computer en stapte in een virtuele wereld. Hij werd ontvangen door een koningin die hem vroeg om het monster te vinden en te verslaan.

Max ging op weg en ontdekte dat het monster in een donker bos verborg. Hij stopte zijn telefoon in zijn zak en ging op onderzoek. Opgelucht bleef de drakon in zijn zak liggen. ""Ik heb hem gevonden!"" riep hij tegen zijn klas. ""Zoals u ziet, is het monster nog steeds in mijn zak!"""
351,meta-llama/llama-3.1-8b-instruct,11_12,"Er was eens een jongen genaamd Max. Hij was gek op avonturen en verhalen van zijn grootvader. Zijn grootvader had een verborgen kamer in zijn huis, waar hij allemaal oude sieraden en kleding bewaarde. Max vond het altijd spannend om die kamer te bezoeken, want hij wist nooit wat hij daar zou vinden.

Een dag besloot Max om de kamer te verkennen, terwijl zijn grootvader niet keek. Hij vond een oude doos met een gekleurd label. Toen hij de doos opende, viel er een oude kaart eruit. Op de kaart stond geschreven: ""Voor Max, ga naar het eind van de straat, draai links en ga de stenen trap op.""

Max was nieuwsgierig en besloot om de kaart te volgen. Hij liep naar het eind van de straat, draaide links en ging de stenen trap op. Op de top van de trap stond een oude deur. Max duwde de deur open en vond zichzelf in een ondergronds gang. Daar stond zijn grootvader met een glimlach op zijn gezicht en zei: ""Welkom, Max. Ik heb je een speciale taak voor je."""
352,meta-llama/llama-3.1-8b-instruct,11_12,"We waren op schoolreis naar de strandtent. Met drie vriendinnen, lieve Lisanne, sportieve Sanne en kletsende Sophie. We liepen met onze strandzakken over het zand, op zoek naar een leuk plekje om neer te gaan zetten.

Lisanne vond een leuk plekje met een prachtig uitzicht op zee. We gooiden ons neer en legden onze strandzakken naast ons. Sanne ging zwemmen en ik volgde later.  Sophie ging liggen lezen in haar boek. Lisanne begon een prachtig strandtentje te bouwen. Na een paar minuten waren we klaar en waren we mooi in onze strandtent.

Net op dat moment kwamen Sanne en ik onze strandtent uit en zagen we een lekkere hoge golven aankomen.  Sanne en ik vloekten, omdat onze strandtent kapot ging. Sophie was beledigd en zei dat ik en Sanne streng moesten zijn. We lachten allemaal en ik zei dat we de volgende keer beter onze strandtent moesten opbouwen. En we gingen zwemmen."
353,meta-llama/llama-3.1-8b-instruct,11_12,"Een keer, toen de zon onderging, besloot ik met mijn beste vriend, Tim, een mysterieuze plek te verkennen. We stonden al een poosje stil bij de uitrit van ons dorp, keken elkaar aan en wisten dat we ons avontuur aan het begin waren.

We liepen langs de rand van het bos, waar de bomen dicht bij elkaar stonden. De bladeren knisperden onder onze voeten. De zon veranderde in een grote rode bal die onderging. Hij wierp lange schaduwen voor ons uit, die over de grond liepen.

Na een stukje te hebben gelopen, kwamen we bij een oude, vervallen brug. De planken waren gedeukt en roestig, maar we besloten hem te beklimmen. We keken uit over een diepe kuil vol water, met af en toe een vis die bovenkwam om lucht te happen.

""We moeten terug,"" zei ik, maar Tim keek me aan en zei: ""Laat ons hier even blijven."" We bleven daar tot de naalden van de bomen in het donker begonnen te schitteren. En toen lieten we ons zakken en sprongen we in het water, met een enorme plons."
354,meta-llama/llama-3.1-8b-instruct,11_12,"Er was eens een jonge vos, genaamd Vosje. Vosje was heel slim en kon overal in het bos komen. Hij had een vriend, een eekhoorn, genaamd Eeki, die heel snel kon rennen en heel veel eten kon vinden.

Een dag besloten Vosje en Eeki om samen op avontuur te gaan. Ze liepen door het bos, langs de beek, en kwamen bij een oud, leeg houten schip. Vosje en Eeki besloten om het schip te onderzoeken.

Binnen in het schip vonden ze een kaart, gemaakt van bladeren en takjes. De kaart leek te wijzen naar een verborgen plek in het bos, waar een schat verborgen zou liggen. Vosje en Eeki besloten om de kaart te volgen en de schat te vinden.

Ze liepen door het bos, langs de bomen, en kwamen bij een groot rotsblok. Achter het rotsblok vonden ze een grot, waar de schat verborgen lag. Het was een berg goud en juwelen, waar Vosje en Eeki dol van werden. Ze namen een paar goudstukken en juwelen mee en keerden terug naar hun dorp. Vanaf dat moment waren Vosje en Eeki rijk en konden ze alle dingen doen die ze wilden."
355,meta-llama/llama-3.1-8b-instruct,11_12,"We waren op vakantie bij mijn opa in de bergen. Hij had een groot huis met een tuin die zo groot was dat we er een eigen bosje konden maken. Mijn broer en ik zijn lekker rondgerend en hebben een hele smalle beekje gevonden. We zijn gaan kijken of we er een eendje in konden gooien. Toen we bij de beek waren, zagen we een vrouw in het water. Ze had een prachtig witte mantel om en haar haar wapperde door de wind. We waren zo onder de indruk dat we bijna niets zeiden.

We gingen wat dichterbij, maar toen zagen we dat het geen vrouw was. Het was een voormalig konijn, dat in de beek was gevallen. Hij kon niet uit de beek komen. We hadden een houten plank en we hebben hem uit het water getrokken. Hij was zo dankbaar dat hij ons had geholpen. Hij had een klein stukje van zijn mantel afgeplooid en er stond ""Dank je wel"" op geschreven. We hebben hem thuis rondgelaten en hij is met ons meegegaan."
356,meta-llama/llama-3.1-8b-instruct,11_12,"We waren op zomerkamp en hadden een kampvuur gemaakt. Ik was samen met mijn beste vriendin, Lieve, aan het praten. We praatten over de dingen die we op kamp wilden doen. Lieve zei: ""Ik wil een nacht in detent bivakkeren!"" We waren allebei zo nieuwsgierig naar wat een bivak was. 

De volgende avond vertrokken we naar de tent. Daar staat een klein tentje waarin je kan slapen, dat is een bivak. Het was koud, maar we hadden warm water om ons van te wassen. En een zijn medicijnen, want het was muggenweer. We hadden wel een beetje pech, want de muggen waren er niet van getroffen en we werden gek beet.

We hebben niet veel geslapen, maar het was geweldig. We hebben bijna de hele nacht van het kampvuur gekeken. Lieve en ik waren zo blij dat we een nacht in de tent hadden geslapen. We hebben nog meer nachten in de tent geslapen, want het was zo leuk."
357,meta-llama/llama-3.1-8b-instruct,11_12,"Er was een jongen genaamd Max. Hij was heel goed in het skateboarden. Max had een skateboard dat hij van zijn vader had gekregen voor zijn verjaardag. Hij had het skateboard al een paar keer gebruikt, maar nu wilde hij een nieuwe springplank maken voor de skatebaan.

Max ging naar de tuin om nieuwe materialen te zoeken. Hij vond een oude boomstam, een stuk touw en een paar planken. Hij begon met het knagen van de boomstam tot hij een rechte stuk had. Toen zette Max de boomstam op de grond en bond hem vast met het touw.

Vervolgens zette Max de planken aan weerszijden van de boomstam. Nu had hij een prachtige springplank gemaakt. Max was heel tevreden met zijn werk. Hij stapte op zijn skateboard en ging de baan beklimmen.

Hij kwam aan de top en zag de springplank voor zich. Max haalde diep adem, ging in de houding en sprong van de springplank af. Hij vloog door de lucht en landde op zijn skateboard. Het was een perfecte landing! Max was heel blij en besloot nog een keer te proberen."
358,meta-llama/llama-3.1-8b-instruct,11_12,"Er was eens een magisch eiland met een prachtige jungle. Hier woonden allerlei dieren, zoals monnikapapagaaien, slangen en tijgers. Maar dit eiland was anders, want hier woonden ook de Draakenvrienden.

De Draakenvrienden waren een groep dieren die een speciale band met de draken hadden. Ze konden praten met de draken en zelfs hun geheimen delen. Een van de Draakenvrienden heette Rooie, hij was een rood gehaakte monnikapapagaai.

Een dag ging Rooie de jungle in om te zoeken naar een speciaal medicijn. Hij had gehoord dat een oude slang een wonderbaarlijk medicijn kende dat de draken kon genezen van hun ziekte. Rooie vond de slang en zei: ""Ik zoek het medicijn, kun jij me helpen?""

De slang antwoordde: ""Ik weet waar je het medicijn kunt vinden, maar je moet eerst de tijger overwinnen."" Rooie was bang, maar hij wist dat hij dit moest doen om de draken te helpen. Hij ging naar de tijger en zei: ""Ik wil het medicijn hebben, mag ik het hebben?""

De tijger antwoordde: ""Nee, jij moet eerst je kracht tonen."" En zo ging Rooie op een avontuur die hij nooit zou vergeten."
359,meta-llama/llama-3.1-8b-instruct,11_12,"We waren op schoolreis naar het strand. Ik was super enthousiast om eindelijk weer in de zon te zitten en in het water te kunnen springen. Maar toen kwam onze leraar ons vertellen dat we een speciale opdracht moesten uitvoeren.

We moesten een oude, afgebroken pier gaan bekijken die een eindje uit de kust lag. De opdracht was om alle spullen en rommel die onder de pier lagen op te rapen en te sorteren. Mijn beste vriendin, Emma, en ik besloten om samen te gaan en de opdracht uit te voeren.

Toen we onder de pier kwamen, was het een sprookjesachtige wereld. Er lagen oud vuil, oude vissenboten en zelfs een paar oude zeilen. We begonnen te zoeken en te graven. Ik vond een oude zeilboot, maar Emma vond iets veel leukers: een oude, goudkleurige schelp! We waren beiden zo blij dat we elkaar omhelsden."
360,meta-llama/llama-3.1-8b-instruct,11_12,"We waren allemaal in de klas, op een dag, en onze leraar zei dat we een project moesten maken over een dier. Ik zag een kater van de klasgenoot naast me en die was geweldig. Zijn naam was Max en hij was zo lief.

Toen ik thuiskwam, vroeg mijn moeder of ik wilde helpen met het maken van het project over Max. Ik zei ja en we gingen naar de tuin om foto's te maken van Max. Hij was zo lief en hij sprong om ons heen.

Toen ik de foto's op mijn computer bekeek, zag ik dat Max niet alleen was. Er was een kleine katje dat ik nog niet had gezien. Het katje was zo klein en zo lief. Ik vroeg mijn moeder of we dat katje ook konden fotograferen.

Toen we bij het katje waren, zag ik dat het een kleine poesje was. Ze was zo lief en ze sprong om ons heen. Ik besloot om mijn project niet alleen over Max te maken, maar ook over het poesje."
361,meta-llama/llama-3.1-8b-instruct,11_12,"We waren op kamp in de bossen. Mijn beste vriend, Lucas, en ik waren samen op pad om een wandeling te maken. We waren al een paar uur onderweg toen we plotseling het geluid hoorden van een kind dat huilde.

We liepen sneller en kwamen al gauw bij een klein meisje dat in een holle boom zat. Ze was bang en huilde heel hard. We vroegen haar wat er aan de hand was en ze vertelde dat ze vermist was. Haar ouders hadden haar naar de bossen gestuurd om naar bladeren te zoeken en nu was ze verdwaald.

Lucas en ik besloten om haar naar onze kampplaats te brengen, zodat haar ouders haar konden vinden. We namen haar mee en vertelden haar ouders dat we haar hadden gevonden. Ze waren heel dankbaar en beloonden ons met een lekkere taart.

Later die avond, toen we bij het kampvuur zaten, vertelde Lucas dat hij had gehoord dat het meisje een magische gave had om in de bossen te zien. Hij zei dat ze altijd bladeren kon vinden waar we normaal niets in zagen. Ik vroeg haar of dit waar was, en ze vertelde dat het inderdaad zo was. Toen ik omliep naar het kampvuur, zag ik dat ze bladeren aan het ophalen was. En ja, ze vond er echt heel veel mooi bladeren."
362,meta-llama/llama-3.1-8b-instruct,11_12,"Er was eens een magische dorpje in een afgelegen bos. In dit dorpje woonde een jongen genaamd Tim. Tim was een dagdromer en had een groot hart. Hij had een grote behoefte om avonturen te beleven.

Een dag ontdekte Tim een oude, grijze kat in de schuur van zijn familie. De kat keek hem aan met prachtige, groene ogen en sprak met een zachte stem: ""Ik ben de waker van het dorp, Tim. Ik ben hier om jou te helpen bij je avonturen.""

Samen gingen Tim en de kat op stap door het bos. Ze ontdekten verborgen paden, geheime grotten en zelfs een verborgen waterbron. De kat vertelde Tim dat hij de sleutel tot de magie van het dorp was.

En zo ging Tim op avontuur, met de kat als zijn bondgenoot. Hij leerde de geheimen van het dorp te kennen en ontdekte dat hij zelfs in staat was om magie te verwezenlijken."
363,meta-llama/llama-3.1-8b-instruct,11_12,"Een keer had ik een vriend, hij woonde op een boerderij met zijn familie. Het was een enorme boerderij, met heel veel dieren. We waren dikke vrienden en gingen vaak naar zijn boerderij. 

Hij had een hondje, een grote roodbruine hond. Hij heette Buurman. Buurman was enorm slim. Hij kon allerlei dingen leren. Hij kon zelfs een klein paard aanduwen. We vonden dat vreselijk leuk. 

Een keer was Buurman weg. Hij was verdwenen. We zochten hem overal op de boerderij, maar hij was nergens te vinden. We waren heel bang dat hij dood was. Maar dan hoorden we iemand lachen. Het was Buurman! Hij was in een afgelegen deel van de boerderij aan het jagen op vogeltjes. We vonden dat vreselijk grappig en lieten hem met rust."
364,meta-llama/llama-3.1-8b-instruct,11_12,"Er was eens een jonge hond genaamd Max. Hij was een labrador en woonde bij een gezin met een kleine jongen genaamd Lucas. Lucas was erg lief voor Max en speelde elke dag met hem in de achtertuin.

Eén dag, toen Lucas en Max buiten waren, zagen ze een oude kat verschijnen. De kat heette Whiskers en was erg sjofel. Lucas vroeg of Max en hij met Whiskers mochten spelen, maar de oude kat wilde niet spelen. In plaats daarvan ging ze op zoek naar iets.

Lucas en Max waren nieuwsgierig en volgden Whiskers. Ze liepen door de buurt en kwamen bij een oude schuur. Whiskers ging naar binnen en Lucas en Max volgden haar. Daar aangekomen, liet Whiskers een oude doos openvallen. Die doos was vol met oude speelgoed en Lucas was erg enthousiast.

Lucas en Max lieten Whiskers de doos openmaken. Daarna bleven ze alle drie in de schuur spelen met het oude speelgoed. Vanaf dat moment werden Lucas, Max en Whiskers dikke vrienden en speelden ze samen elke dag."
365,meta-llama/llama-3.1-8b-instruct,11_12,"Er was eens een jonge vos die in een dichte bos woonde. Hij heette Flikkie en hij was heel slim. Flikkie had een droom: hij wilde de beste roeper van het bos worden.

Elke dag ging Flikkie naar de roeperschool, waar hij les kreeg van de oudste en slimste vos van het bos, Vosje. Vosje was heel streng en eiste veel van Flikkie. Maar Flikkie was vastberaden en hij trainde elke dag totdat hij vlug en helder kon roepen.

Een dag kwam er een groep kinderen uit de stad op bezoek in het bos. Ze waren op zoek naar een prachtige roep en hadden gehoord dat Vosje en Flikkie de beste roepers waren. Flikkie was heel nervos en hij vreesde dat hij zijn kans niet zou krijgen. Maar toen hij Vosje zag, stond hij vlug op en begon te roepen.

Flikkie's roep was zo mooi dat de kinderen van hun stoelen opstonden en applaus gaven. Vosje was heel trots op Flikkie en zei dat hij nu de beste roeper van het bos was. Flikkie was heel blij en hij wist dat hij zijn droom had waargemaakt."
366,meta-llama/llama-3.1-8b-instruct,11_12,"Er was eens een jonge wolf. Hij heette Wolfie en hij woonde in een groot bos. Wolfie was een beetje een solo-dier, hij ging nooit met de andere dieren op stap. Hij dacht dat ze hem niet leuk vonden. Maar hij had een geheim.

Wolfie kon praten. Maar hij durfde het nooit te vertellen aan de anderen. Hij dacht dat ze hem zouden uitlachen. Dus ging hij altijd op stap, alleen en zwijgend.

Een dag kwam hij een kleine vogel tegen. De vogel heette Piet. Piet was een beetje een vreemde vogel, want hij had een groot hart. Hij keek Wolfie aan en vroeg: ""Wat is er aan de hand met jou? Je bent altijd zo stil.""

Wolfie was verbaasd. Niemand had hem ooit eerder aangekeken met zo veel medeleven. Hij durfde het te vertellen: ""Ik kan praten"", zei hij zachtjes.

Piet was niet verbaasd. ""Dat is niet normaal"", zei hij lachend. ""Maar ik vind het geweldig!""

Vanaf die dag ging Wolfie met Piet op stap. En hij leerde dat er mensen waren die hem leuk vonden, ongeacht wat hij kon."
367,meta-llama/llama-3.1-8b-instruct,11_12,"Er was eens een jonge vos, genaamd Vosje. Vosje was erg nieuwsgierig en hield van avonturen. Hij leefde in een bos waar veel dieren woonden. 

Een dag besloot Vosje om het bos te verkennen. Hij liep door het bladerdichtheid en kwam bij een meer. Hij zag een eend die op het water zwom. Vosje wilde graag leren hoe hij ook kon zwemmen. 

De eend was erg beleefd en zei: ""Wees gerust, ik leer je zwemmen."" De eend begon met het water te laten zien hoe de golven op en neer bewogen. Vosje luisterde en concentreerde zich op de eend. 

Na enige tijd was Vosje klaar om te proberen. De eend zwom in het meer en Vosje volgde hem. Vosje ging langzaam in het water en de eend hielp hem. Vosje zwom langzaam en soepel en glimlachte naar de eend.

Vosje en de eend werden goede vrienden en zwommen vaak samen in het meer. Ze leerden elkaar veel over het zwemmen en het bos."
368,meta-llama/llama-3.1-8b-instruct,11_12,"We gingen op vakantie naar de zee. Mijn familie en ik hadden een leuk appartement aan het strand. Ik ben altijd dol op de zee en ik hield van zwemmen en liggen in de zon.

Op een dag ging ik naar een klein winkeltje bij het strand. Ik zag een leuk hondje in de winkel, het was een witte golden retriever. Hij was heel lief en hij liet zich aaien door de verkoper.

Toen ik terug was bij mijn appartement, zag ik een oudere vrouw aan het strand liggen. Ze had een hond, maar hij was niet zoals de hond in de winkel. Hij was oud en ziek en hij lag op een deken.

De vrouw zei tegen mij dat haar hond een naam had, maar dat ze hem niet meer kon noemen omdat hij ziek was. Ik vroeg haar of ik de hond kon aaien en ze zei ja. Toen ik hem aaiende, begon hij te lachen. Nou, eigenlijk wist ik niet of hij echt lachte, maar hij gaf een geluid alsof hij lachte.

Ik was heel blij dat ik die dag de vrouw en haar hond kon helpen."
369,meta-llama/llama-3.1-8b-instruct,11_12,"Er was eens een jonge speurder genaamd Max. Hij had een detective-agentschap in zijn slaapkamer opgericht en was onophoudelijk bezig om de mysterieuze gebeurtenissen op te lossen in zijn dorp.

Een dag ontdekte Max dat het dorpse museum was ingebroken. De juwelen van de museumdirecteur waren gestolen en niemand wist wie het gedaan had. Max was snel bij de politie om te vertellen over het diefstal.

De politiechef vroeg Max of hij wilde helpen bij het oplossen van de zaak, want ze hadden geen idee wie het gedaan had. Max was natuurlijk enthousiast en begon meteen te speuren.

Hij zocht het museum af, sprak met de andere kinderen en vroeg hen of ze iets gezien hadden. Uiteindelijk vond hij een klein stukje papier met een tekening van een slang op de grond. Max wist dat dit een aanwijzing was naar de dader.

Hij volgde de aanwijzing en kwam bij een oude, vervallen kerk in de buurt. Daar vond hij de gestolen juwelen in een verstopplek die de dader had gemaakt. De dader was de museumdirecteur zelf! Hij had de juwelen gestolen om zijn dorpse museum rijk te maken. Max was de held van de dag en de politie kon de directeur arresteren."
370,meta-llama/llama-3.1-8b-instruct,11_12,"We waren op schoolreis naar het strand. Het was een zonnige dag en de zee was blauw en kalme. Mijn beste vriendin, Emma, en ik liepen langs de kust. We zochten naar schelpen en steentjes. Toen we een stukje verder waren, zagen we een oud schipje op het strand liggen. Het was een klein bootje, maar het leek alsof het nog net niet helemaal verkrumd was.

We liepen dichterbij en zagen dat het schipje een klein houten poppetje aan boord had. Het poppetje was heel klein en had een rode muts op. We dachten dat het misschien van een kind was geweest die op het strand had gespeeld. We besloten om het schipje en het poppetje in te pakken en mee naar huis te nemen.

Toen we aan boord van de bus zaten, besloot Emma om de poppetje aan te trekken. Ze had ineens een dikke rode stem. Ze begon te lachen en zei ""Ik ben Kapitein Roedemuts!"" Vanaf dat moment was Emma de Kapitein en ik was haar eerste bevelhebber. We maakten plannen om een avontuur te gaan beleven op zee."
371,meta-llama/llama-3.1-8b-instruct,11_12,"We waren op schoolreis naar de dierentuin. De bus had ongeveer een uur gereden toen we daar aankwamen. Wij liepen door de poort en zagen de leeuwen. Ze zaten in een grote bak met een koepel er boven. De leeuwen waren heel groot en hun vacht was goudkleurig.

We liepen verder en kwamen bij de olifanten. Ze waren veel groter dan ik had gedacht. Ze keken ons aan en weiden op een grasveld. Er liep een jonge olifant rond die me opviel. Hij was heel klein en speelde met een bal.

Daarna gingen we naar de aapjes. Ze sprongen van tak naar tak en vielen boven op de grond. We mochten zelfs een aapje omarmen en ik deed dat. Hij voelde aan als een soort harige bal. We bleven bij de aapjes en keken naar hen. Toen gingen we naar de lunch. We aten sandwiches en fruit. Daarna gingen we naar de sleepmolen. Daar ging ik met vrienden van school. We gingen door de tunnel en de deur sloot zich achter ons. We waren in een donkere ruimte en het was stil. Toen ging de deur open en kwamen we bij de buitenkant."
372,meta-llama/llama-3.1-8b-instruct,11_12,"We gingen op schoolreis naar een camping in de bossen. Mijn beste vriendin, Luna, en ik waren erg opgewonden. We hadden onze slaapzakken en een tijdelijk huisgenootje van school, een jongen genaamd Max. Daar gingen we met de bus naar toe.

Toen we aankwamen, zagen we een groot meer. We mochten er zwemmen, maar eerst moesten we eerst op de camping onze tent opbouwen. De leraar zei dat we apart mochten zijn met 3 van onze klasgenoten. 

Wij kregen samen de tent van Max. We mochten niet zwemmen voor we de tent opbouwden. We gingen zwemmen nadat we onze tent op hadden gebouwd. Na het zwemmen dachten we dat we honger hadden. We gingen terug naar onze camping. Daar was een keukentent waar we konden eten.

We hadden een heerlijk avondmaal. Daarna gingen we naar bed. 's Nachts hoorde ik een luide kikker."
373,meta-llama/llama-3.1-8b-instruct,11_12,"We waren op schoolreis naar het strand. We hadden een hele lange dag voor ons en het was een mooie zonnige dag. Onze lerares, mevrouw Janssen, had ons verteld dat we vandaag mochten zwemmen en aan het strand spelen.

Ik ging met mijn vriendin Lisanne naar het water. We hadden al eerder dit jaar les gehad over zwemmen en ik was verbaasd hoe snel ik nu kon zwemmen. Lisanne was niet zo goed, maar ik hielp haar en we zwommen samen.

Toen we uit het water kwamen, zagen we een oude man op het strand liggen. Hij leek heel moe en hij had een grote wollen sjaal om zijn hoofd. Lisanne en ik liepen naar hem toe en vroegen of alles goed met hem was. Hij vertelde dat hij een lange reis had gemaakt en hij miste zijn hond, die een heel speciale hond was."
374,meta-llama/llama-3.1-8b-instruct,11_12,"Een keer was ik op vakantie bij oma en opa in het platteland. Ik kon daar met de hond van de buren, een oude labs terriër genaamd Max, spelen. We gingen vaak samen op pad en kwamen dan altijd in het bos terecht.

Een keer liepen we diep in het bos en kwamen we bij een oude, vreemde boom. Max begon te snuffelen en ik ging dichterbij om te zien wat hij zo interessant vond. Daarachter zat een hol. Het was heel klein en ik kon er haast niet in.

Max ging erin zitten en ik zei tegen hem dat hij zou moeten uitkomen, maar hij bleef zitten. Toen ik hem uiteindelijk wegrepte, kwam er een klein vogeltje tevoorschijn. Het was een musje en het had een breuk in zijn vleugel. Max en ik namen de vogel mee terug naar oma en opa en ze gaven hem te eten tot hij weer beter was.

Toen de vogel weer gezond was, lieten we hem vrij. Hij vloog weg en ik voelde me blij dat ik hem kon helpen. Max en ik gingen weer spelen en daarna gingen we naar bed."
375,meta-llama/llama-3.1-8b-instruct,11_12,"We hadden allemaal zomervakantie en ik ging met mijn familie op een camping. Het was echt een geweldige tijd! We sliepen in een klein tentje en 's avonds aten we buiten bij een groot kampvuur.

Maar het leukste was nog dat we een hond hadden genaamd Max. Hij was een grote, blonde bulldog en hij was echt supergezellig. Elke ochtend ging hij met me op pad om te gaan rennen en te spelen.

Op een dag besloten we om met Max naar het strand te gaan. Hij had het echt naar zijn zin! Hij rende rond en speelde met de golven. Maar toen ging hij te ver en begon hij in de golven te spelen. Hij begon te spetteren en ik moest lachen. Mijn ouders lachten ook en we hadden echt een leuke dag.

Als we terug naar huis gingen, was Max doodmoe. Hij sliep heel snel in de auto en ik moest hem vasthouden zodat hij niet viel. We hadden echt een geweldige zomervakantie en ik zou het heel graag weer doen."
376,meta-llama/llama-3.1-8b-instruct,11_12,"Er was eens een schattig konijntje dat in een prachtige tuin woonde. De tuin was vol met bloemen, bomen en een kleine beek. Het konijntje heette Fluffy en het was zo lief dat alle dieren in de tuin hem graag wilden zien.

Fluffy had een vriend, een vogeltje dat zijn naam was Tweety. Tweety was een leuke kleurige vogel met een heldere stem. Hij kon de mooiste liedjes zingen.

Een dag had Fluffy een geweldig idee. Hij zou een muziekfeestje organiseren voor alle dieren in de tuin. Fluffy en Tweety begonnen te laveren en te plannen. Ze maakten een programma en maakten zelfs een klein podium.

Toen de dag van het feestje aankwam, waren alle dieren in de tuin aanwezig. Ze zongen, dansen en aten lekkere hapjes. Fluffy en Tweety waren zo blij dat ze het feestje zo succesvol hadden georganiseerd. Vanaf dat moment werden Fluffy en Tweety de bekendste feestgevers in de tuin."
377,meta-llama/llama-3.1-8b-instruct,11_12,"We waren op een kamp in de bossen. Mijn beste vriend, een jongen genaamd Sander, en ik waren samen op avontuur gegaan. We hadden onze zaklampen aangedaan en waren op weg om de oude grot te ontdekken die we al zo lang wilden zien.

Toen we er aankwamen, zagen we dat de ingang bedekt was met takken en bladeren. We schoven ze opzij en keken naar binnen. Het was donker en stil, maar we zagen een glimp van een gouden schijf in het midden van de grot.

We gingen er naar binnen en zagen dat het een prachtige grot was. Er waren kaarsrechte wanden en een glanzende vloer. Sander begon te klimmen naar het plafond, maar ik wilde eerst naar de gouden schijf kijken.

Toen ik dichterbij kwam, besefte ik dat het een oude schaal was. Er waren restanten van een picknick op de vloer. We besloten om er verder niets mee te doen en terug te keren naar het kamp."
