,model,age,story
0,google/gemma-3-27b-it-fast,4_6,"Eén keer was er een hele grote beer. Die beer woonde in een bos, met héél veel bomen. En die beer, die was heel verdrietig. Want hij had zijn lievelingsknuffel verloren! Het was een klein beertje, maar heel zacht.

Hij heeft overal gekeken. Onder de bomen, achter de stenen, zelfs in de rivier! Maar hij vond het beertje nergens. Toen zag hij een klein meisje. Ze zat te spelen met bloemen. De beer was een beetje bang, maar hij liep toch naar haar toe. 

“Mevrouw,” zei de beer, “hebt u mijn beertje gezien?” Het meisje keek heel lief. “O, je beertje is zoek?” zei ze. Ze wees naar achter een grote boom. “Kijk! Daar ligt hij!”

De beer rende erheen en ja hoor! Daar lag zijn beertje! Hij was zo blij! Hij gaf het meisje een grote knuffel en zei: ""Dankjewel!"" Daarna speelde de beer en het meisje samen in het bos. En de beer was niet meer verdrietig."
1,google/gemma-3-27b-it-fast,4_6,"Er was eens een blauwe olifant. Die woonde in een heel groot bos. En die olifant, die heette Ollie. Ollie was een beetje verdrietig, want hij had geen vriendjes. 

Eén dag zag Ollie een klein konijntje. Het konijntje was aan het huilen! ""Wat is er?"" vroeg Ollie, want Ollie was heel aardig. Het konijntje zei: “Ik ben mijn worteltje kwijt!”

Dus Ollie, die was heel sterk, die ging zoeken! Hij keek onder de blaadjes en achter de bomen. En raad eens? Hij vond het worteltje! Het lag bij een hele grote paddenstoel.

Het konijntje was super blij! Hij gaf Ollie een knuffel en toen waren ze vriendjes. Ze speelden samen verstoppertje en ze aten worteltjes. Ollie was niet meer verdrietig! Nu had hij een vriendje, en het konijntje had zijn worteltje terug. En ze leefden nog lang en gelukkig!"
2,google/gemma-3-27b-it-fast,4_6,"Oké, luister goed!

Er was eens een beer, een hele grote beer! Die woonde in een heel groot bos. En die beer, die vond honing heel lekker. Super lekker! Hij at altijd honing uit een boom, maar die boom was héél hoog.

Dus de beer dacht: “Hoe kan ik daar nou bij?” Hij probeerde te springen, maar hij kwam niet hoog genoeg. Toen vroeg hij aan een eekhoorn: “Eekhoorn, wil jij me helpen?” 

De eekhoorn zei: “Ja hoor! Maar je moet wel heel stil zijn, anders schrikken de bijtjes!” Dus de eekhoorn klom in de boom en gaf de honing aan de beer. De beer pakte de honing en at hem op. Hij at hem helemaal op!

Maar toen kwamen de bijtjes! Ze werden boos op de beer, want hij had hun honing gestolen.  Ze vlogen achter de beer aan! De beer rende heel hard, heel heel hard. En hij viel... plons! in een grote modderpoel! Hij was helemaal vies. 

Toen lachte de eekhoorn, haha! En de bijtjes waren ook niet meer boos. Want de beer zag er nu heel grappig uit!"
3,google/gemma-3-27b-it-fast,4_6,"Oké, luister allemaal!

Er was eens een hele grote beer. Niet zomaar een beer, maar een beer met een hele rode muts! Hij liep in het bos en hij zocht naar honing. Hij had echt heel erg trek. Hij liep en liep en toen zag hij een boom. In die boom zat een bijenkorf!

De beer probeerde erbij te komen, maar hij kon niet klimmen. Hij is een beetje stomme beer. Toen vroeg hij aan een eekhoorn: ""Hee eekhoorn, kan jij me helpen?"". De eekhoorn zei: ""Nee, ik moet nootjes verzamelen!"". 

Toen zag de beer een pinguïn! Ja, een pinguïn, in het bos! De pinguïn kon heel goed klimmen. Hij klom omhoog en pakte een hele grote honingraat. Hij gaf hem aan de beer. De beer was heel blij! Hij heeft de honing opgegeten en hij zei ""Dank je wel pinguïn!"". De pinguïn is terug naar de koude plek gegaan. De beer ging slapen in het bos. Dat was fijn!"
4,google/gemma-3-27b-it-fast,4_6,"Eens was er een heel klein muisje. Hij woonde in een heel groot bos. Het muisje heette Piep. Piep was nog maar net geboren, dus hij was heel klein. Mama Muis zei altijd: “Piep, kijk uit voor de poes!”

Op een dag ging Piep spelen. Hij rende door het gras, zo snel als hij kon. Hij zag een rode bloem en toen… een héle grote vlinder! De vlinder fladderde en Piep achter hem aan.

Piep rende en rende, maar hij keek niet uit. Hij zag de poes niet. De poes zat verstopt achter een boom! De poes sprong! Piep schreeuwde heel hard ""Piep!"". 

Maar de vlinder was snel! Hij vloog voor de poes en de poes botste tegen de boom. Au! De poes was boos en ging weg. Piep was heel blij met de vlinder! Hij gaf de vlinder een klein bloemetje en piepte: ""Dankjewel!"". Daarna ging Piep snel naar huis, want Mama Muis zou vast al zorgen maken."
5,google/gemma-3-27b-it-fast,4_6,"Oké, luister…

Er was eens een hele grote beer. Niet zomaar een beer, hoor! Een beer met een blauwe hoed! Hij woonde in het bos en hij had heel veel vriendjes. De vos, die was heel grappig, en de eekhoorn, die had altijd noten.

Op een dag speelden ze verstoppertje. De beer telde: “Eén, twee, drie… tien!” Toen keek hij en hij zag de vos nergens. En de eekhoorn ook niet! Hij zocht en zocht en hij werd best wel boos. ‘Waar zijn jullie nou!’ riep hij.

Toen hoorde hij een giechel. Een heel zacht giechel! Hij keek omhoog en daar zaten ze, in de boom! De vos en de eekhoorn zaten te lachen. 

De beer lachte ook. Hij kon ze wel vinden! Hij gaf ze een knuffel en ze gingen samen bosbessen eten. Het was een hele fijne dag. De beer, de vos en de eekhoorn waren allemaal heel blij. En de blauwe hoed van de beer, die bleef goed zitten!"
6,google/gemma-3-27b-it-fast,4_6,"De koning had een heel mooie kroon. Die kroon was heel glimmend en zat vol met steentjes. Echt allemaal! Maar de aap, die zat in de boom bij het kasteel, die vond die kroon ook heel mooi. 

Dus toen de koning even niet keek, pakte de aap de kroon! Hij rende naar boven in de boom, heel snel, en gooide hem helemaal hoog in de lucht! Oeps! 

De kroon viel… plons!… in de modderpoel. De koning werd heel boos. Hij riep: “Wie heeft dat gedaan?! Wie heeft mijn kroon in de modder gegooid?”

De aap lachte. Hij maakte gekke bekken en gooide een banaan naar de koning! De koning moest lachen, ook al was hij boos. Hij zei: “Nou, die aap is wel heel stout!”

Toen haalde de koning de kroon uit de modder en waste hem heel goed. Hij zette hem weer op. En de aap? Die kreeg een banaan van de koning, want hij had iedereen aan het lachen gemaakt. Dat was best leuk, toch?"
7,google/gemma-3-27b-it-fast,4_6,"Oké, kijk dan allemaal!

Er was eens een beertje, Bobbie. Bobbie woonde in een heel groot bos. Hij had een mama en een papa beer, en een kleine zusje, Roosje. Roosje was nog heel klein, ze kon nog niet eens goed lopen!

Bobbie ging spelen met zijn vriendjes, Muis en Eekhoorn. Ze gingen verstoppertje doen. Muis was heel goed in verstoppen, die kon echt nergens gevonden worden! Eekhoorn zat de hele tijd in een boom, en die maakte gekke geluidjes.

Bobbie telde tot tien. ""Eén, twee, drie… tien! Ik kom eraan!"" Hij rende door het bos, maar Muis was echt weg! Toen ging hij kijken bij de grote boom. En raad eens? Daar zat Muis! Muis lachte heel hard.

Toen gingen ze allemaal appels eten. Roosje kreeg ook een klein stukje appel. Ze vond het lekker! Daarna gingen ze allemaal slapen. Want ze waren heel moe. Bobbie droomde over hele grote honingpotten! En Muis en Eekhoorn droomden over… tja, dat weet ik niet. Dat zeiden ze niet."
8,google/gemma-3-27b-it-fast,4_6,"Oké, luisteren!

De koning, die had een hele mooie kroon. Die kroon glinsterde echt heel erg! En er zaten stenen in, allemaal kleuren van de regenboog. Maar… de aap! Die aap, die liep in het paleis, stiekem! Niemand zag hem. 

De aap zag de kroon liggen, op een kussen. En hij dacht: “Oeh, die is leuk!” En toen pakte hij de kroon en ging hij ermee klimmen in de hoogste boom. 

De koning werd boos! Heel boos! Hij schreeuwde: “Kom terug met mijn kroon!” Maar de aap, die lachte alleen maar en gooide met bananen naar de koning.

Toen kwam de slimme olifant. Die olifant had een lange snuit, en hij spoot water naar de boom! De aap gleed van de boom af, plons! In een grote modderpoel. Hij was niet meer blij toen. Hij gaf de kroon terug en rende heel snel weg. En de koning was weer blij en zette zijn kroon weer op. Hij vond het wel een beetje grappig. De olifant ook!"
9,google/gemma-3-27b-it-fast,4_6,"Er was eens een hele grote beer. Niet zo’n beer die je in de dierentuin ziet, nee, echt een héle grote beer! Hij woonde in een bos en hij had een best vriend, een klein konijntje. Het konijntje heette Pluis. 

De beer, die heette Boris, was heel verdrietig. Want hij had zijn lievelingsbal verloren! Hij heeft er heel vaak mee gespeeld. Het was een rode bal, met streepjes. En hij is hem kwijtgeraakt!

Boris heeft overal gekeken. Onder de boom, achter de struiken, zelfs in de rivier! Maar hij vond hem niet. Pluis zei: “Ik zoek mee!” En Pluis is heel snel, dus die zocht overal tussen de bloemen en onder de blaadjes.

En raad eens? Pluis heeft de bal gevonden! Hij lag verstopt onder een hele grote paddestoel. Boris was zo blij! Hij pakte Pluis en gaf hem een hele dikke knuffel. Ze hebben daarna samen met de rode bal gespeeld. En ze waren heel, heel blij. Want Boris had zijn bal terug en Pluis had Boris blij gemaakt!"
10,google/gemma-3-27b-it-fast,4_6,"Er was eens een konijn. Die heette Pluis. Pluis woonde in een heel groot bos, met allemaal bomen en bloemetjes. Pluis had een vriendje, een hele lieve egel. Die egel heette Prikkie.

Prikkie en Pluis hebben laatst een taart gebakken! Prikkie had de bloemetjes ervoor gezocht, allemaal gele en rode. Pluis heeft de worteltjes erin gedaan, want konijnen zijn dol op worteltjes. Ze hebben heel hard geroerd in de kom. Het ging heel moeilijk!

Toen de taart klaar was, hebben ze hem buiten opgegeten. Onder een grote boom. Daar kwamen toen allemaal vlinders kijken. Die vlinders vonden de taart ook lekker! Prikkie en Pluis hebben de vlinders ook een stukje gegeven. 

Maar toen kwam er een vos! Die wilde ook taart! Pluis en Prikkie zijn toen snel naar hun holletjes gerend. De vos kreeg geen taart. Hij ging boos weg. Pluis en Prikkie vonden het wel jammer van de taart, maar ze waren wel blij dat ze veilig waren!"
11,google/gemma-3-27b-it-fast,4_6,"Oké, luister allemaal!

Er was eens een hele grote beer. Echt heel groot! Hij woonde in het bos, bij een hele hoge berg. Die beer, hij was een beetje… verdrietig. Want hij had geen vriendjes. Hij zat altijd alleen maar bessen te eten. Roze bessen! Die vond hij het lekkerst.

Op een dag kwam er een klein konijntje bij de beer kijken. Het konijntje was niet bang, hoor! Hij zei: “Hallo beer! Waarom zit je zo te soppen?” De beer keek verrast. Nog nooit had iemand met hem gepraat.

Hij zei: “Ik heb geen vriendjes…” Het konijntje lachte. “Nou, ík wil wel je vriendje zijn!” riep hij. En toen gingen ze samen spelen! Ze rolden van de berg af, en ze aten samen bessen. De beer was helemaal niet meer verdrietig. Hij had nu een héle goede vriend! En het konijntje ook. Ze speelde tot de zon onder ging en daarna gingen ze samen slapen."
12,google/gemma-3-27b-it-fast,4_6,"Oké, luisteren hoor!

Er was eens een hele grote blauwe walvis. Hij zwom in de zee en hij was een beetje zielig. Want hij had geen vriendjes. Alle andere vissen waren bang voor hem, want hij was zo groot! Hij maakte steeds 'woesh' geluidjes, maar dat vond niemand leuk, ze dachten dat hij ze op wilde eten. 

Toen zag hij een klein, heel klein, schildpadje. Die zwom helemaal alleen. De walvis zwom voorzichtig naar het schildpadje toe en hij zei heel zachtjes: “Hallo.” Het schildpadje keek op en was niet bang! 

De walvis en het schildpadje speelden de hele dag. De walvis gaf het schildpadje even een lift op zijn kop en ze zochten samen naar glinsterende schelpjes. Ze hebben heel veel lol gehad. En weet je wat? Daarna waren de walvis en het schildpadje de allerbeste vriendjes, voor altijd! Ze waren niet meer alleen. En de walvis maakte niet meer zo’n eng ‘woesh’ geluid, maar een vrolijk ‘poefje!’"
13,google/gemma-3-27b-it-fast,4_6,"Oké, luister goed!

Eens was er een hond, die heette Woefie. Woefie was heel klein, een babyhond bijna. Hij woonde bij een meisje, Roos. Roos gaf Woefie eten en ze gingen samen spelen. Ze gooiden een bal en Woefie ging er heel snel achteraan!

Maar Woefie was soms een beetje stout. Eén keer, hij heeft de schoen van Roos gepakt! En hij liep ermee door de tuin! Roos moest heel hard lachen. Ze zei: “Woefie, niet doen!”

Toen ging Woefie naar het park. Daar zag hij een hele grote poes. De poes zat hoog in een boom. Woefie begon te blaffen! ""Waf! Waf!"" Hij wou dat de poes naar beneden kwam. Maar de poes deed niet. 

Toen kwam Roos. Ze heeft de poes een beetje eten gegeven en toen kwam de poes naar beneden. Woefie en de poes speelden samen en Roos lachte weer. Woefie was toch een leuke hond, ook al was hij soms een beetje stout. En Roos, die vond Woefie het allerleukste!"
14,google/gemma-3-27b-it-fast,4_6,"Nou, eh… er was een keer een hele grote beer. Niet zo’n knuffelbeer, nee een échte beer! Die woonde in het bos, bij een hele hoge boom. Die boom had heel veel appels. Rode appels, en gele appels, en een beetje groene appels!

De beer, die heette Boris, was heel lief. Maar hij was ook heel knoeiig. Hij probeerde een appel te pakken, maar hij struikelde en… pats! Hij viel in een hele grote modderpoel! Hij was helemaal zwart, Boris. 

En toen kwamen er drie konijntjes langs. Die lachten heel hard! “Kijk Boris! Je bent helemaal vies!” Zeiden ze. Boris werd een beetje boos, maar probeerde ook te lachen. 

Toen gingen ze samen moddergooien! En daarna gingen ze appels eten. Allemaal. De konijntjes en Boris. Het was heel gezellig. En Boris was niet meer boos, want hij had vriendjes gemaakt. En hij mocht alle appels opeten! Behalve één. Die bewaarde hij voor morgen."
15,google/gemma-3-27b-it-fast,4_6,"Eén keer was er een hele grote beer. Niet een beetje grote beer, echt supergroot! Hij woonde in het bos en hij was altijd heel verdrietig. Niemand mocht met hem spelen, want ze dachten dat hij ze kapot zou maken. Hij was gewoon een beetje klunzig.

Hij probeerde heel vaak vrienden te maken. Hij gaf bloemen aan de konijntjes, maar hij trapte ze per ongeluk plat. Hij bood honing aan de bijtjes, maar hij morste het over hun huis. Toen ging hij naar de eekhoorn. ""Wil je met me spelen?"" vroeg de beer. De eekhoorn keek bang omhoog. De beer wilde hem pakken om te knuffelen, maar hij gleed uit over een stronk en boem! Hij viel in een grote modderpoel.

De eekhoorn moest heel erg lachen. En de beer, die lachte ook! Want hij zag dat lachen best leuk was. Toen kwamen de konijntjes en de bijtjes ook kijken. Ze lachten allemaal. De beer was niet meer verdrietig. Hij was een klunzige beer, maar nu hadden hij heel veel vrienden. En iedereen mocht met hem spelen, zelfs al morste hij soms nog wel eens honing."
16,google/gemma-3-27b-it-fast,4_6,"Oké, luisteren hoor!

Er was eens een hele grote beer. Niet een beetje groot, echt *heel* groot! Die beer woonde in het bos en die had een beste vriend, een klein vogeltje. Dat vogeltje heette Piep. 

Eén dag, de beer die ging honing zoeken. Hij liep en liep en hij keek overal. Maar er was geen honing te vinden! Hij werd een beetje verdrietig. Toen zag hij Piep vliegen. 

“Piep, heb jij honing gezien?” vroeg de beer.

Piep vloog naar een hele hoge boom. ""Kijk daar!"" piepte hij. En ja hoor! Daar zat een hele grote bijenkorf, vol met honing. Maar de bijen waren boos!

De beer was bang voor de bijen. Piep vloog rond de bijen en maakte gekke geluidjes. De bijen werden afgeleid en de beer pakte snel de honing. Super lekker! Daarna gaven ze Piep een klein beetje honing, dat vond hij heel fijn. En toen aten ze samen honing, de beer en Piep. Dat was gezellig!"
17,google/gemma-3-27b-it-fast,4_6,"Oké, luister!

Er was eens een hele grote beer. Zo groot! Groter dan juffrouw Marijke. En die beer woonde in een hol, maar hij was verdwaald. Hij had zijn mama niet meer gevonden. Hij liep heel lang rond in het bos, en hij was heel verdrietig. Hij huilde een beetje, stille tranen.

Toen zag hij een klein konijntje. Het konijntje zat worteltjes te eten. De beer zei: “Hé konijntje, heb jij mijn mama gezien?” Het konijntje schudde zijn hoofd. “Nee,” zei hij, “maar ik ken de uil. Die weet alles!”

De beer en het konijntje gingen naar de uil. De uil zat hoog in een boom. “Hoe heet jouw mama?” vroeg de uil. “Bruine Beer,” zei de beer. De uil keek heel goed rond en toen zei hij: “Daar! Daar is ze! Achter de grote boom!”

De beer rende heel snel en hij zag zijn mama! Hij gaf haar een hele grote knuffel. En de beer en zijn mama en het konijntje en de uil, die aten allemaal worteltjes samen. En ze waren heel gelukkig."
18,google/gemma-3-27b-it-fast,4_6,"Er was eens een hele grote beer. Niet zo’n knuffelbeer, nee, een échte beer! Die woonde in het bos en die was heel verdrietig. Want hij had zijn lievelingshoning kwijt! Hij had het verstopt onder een grote boom, maar nu was ie weg. 

De beer zocht overal. Hij keek achter de struiken, onder de bladeren en zelfs in een holle boom, maar de honing was nergens te vinden. Toen zag hij een klein muisje. ""Hé muisje,"" zei de beer, “heb jij mijn honing gezien?""

Het muisje schudde zijn hoofdje. “Nee beer, ik heb geen honing gezien. Maar ik zag wel een eekhoorn met iets gouds in zijn mondje naar boven klimmen!”

De beer keek omhoog en ja hoor! De eekhoorn zat helemaal bovenin de boom en smulde van de honing! De beer werd een beetje boos, maar toen lachte hij. De eekhoorn vond de honing ook heel lekker. Dus de beer deelde de honing met de eekhoorn. En ze werden vrienden! De beer was niet meer verdrietig."
19,google/gemma-3-27b-it-fast,4_6,"Oké, luister!

Er was eens een konijn, die Heintje heette. Heintje woonde in een heel groot bos. Hij had een mama en een papa en heel veel broertjes en zusjes. Heintje was een beetje stout. Hij luisterde niet altijd. 

Mama Konijn zei: ""Heintje, ga niet naar de grote weg!"" Maar Heintje ging toch. Hij wilde kijken wat er allemaal was. Hij rende en rende en toen… toen zag hij een grote, rode auto! Die auto ging heel hard!

Heintje werd heel bang en sprong snel in het gras. De auto reed voorbij. Pfoe! Dat was eng! Heintje liep heel snel terug naar huis. Mama Konijn was heel boos, maar ze gaf Heintje wel een wortel. 

“Je moet echt luisteren, Heintje,” zei ze. Heintje knikte en hij at zijn wortel op. Hij ging niet meer naar de grote weg. Hij speelde met zijn broertjes en zusjes in het bos. Dat was veel leuker! En veel veiliger."
20,google/gemma-3-27b-it-fast,4_6,"Er was eens een hele grote beer. Niet zomaar een grote beer, hè? Echt supergroot! Die beer woonde in een bos en die verdwaald was. Hij had zijn mama kwijt. Hij liep en liep en riep: “Mama! Waar ben jij?”

Toen zag hij een klein beertje. Dat beertje had een rode ballon. De grote beer zei: “Hé, ballon!” Het kleine beertje gaf de ballon aan de grote beer. 

De grote beer was er heel blij mee! Hij liep verder met de ballon omhoog. En raad eens? Zijn mama zag de rode ballon! Ze zat achter een grote boom.

“Daar ben je!”, riep mama beer. Ze gaf de grote beer een hele dikke knuffel. Het kleine beertje was ook blij dat de grote beer zijn mama weer gevonden had. Ze speelden samen verstoppertje achter de bomen. En de ballon? Die bleef lekker in de lucht drijven! Het was een hele leuke dag."
21,google/gemma-3-27b-it-fast,4_6,"Een hele grote olifant, die heette Bobo, die woonde in een bos. Bobo was een beetje verdrietig, want hij had geen vriendjes. Hij liep altijd helemaal alleen. 

Eén keer zag hij een klein konijntje. Het konijntje was aan het springen en Bobo vond dat heel leuk. Hij probeerde ook te springen, maar dat ging niet zo goed. Hij was te zwaar! Toen lachte het konijntje heel hard.

Bobo werd eerst een beetje boos, maar toen zei het konijntje: ""Je bent een hele grappige olifant!"" En toen gingen ze samen spelen. Bobo gaf het konijntje een ritje op zijn rug en het konijntje knabbelde aan een wortel. 

Daarna kwamen er nog andere dieren bij. Een eekhoorn, een vos en een uil. Ze speelden verstoppertje tussen de bomen. Bobo was heel blij. Hij had nu heel veel vriendjes en was helemaal niet meer verdrietig. Ze hebben heel veel lol gehad, dat weet ik zeker! En Bobo is nooit meer alleen geweest."
22,google/gemma-3-27b-it-fast,4_6,"De meneer bakker, die maakt altijd lekkere taart. Echt, superlekker! En hij heeft een poes, Plopper. Plopper is heel zwart en heeft hele groene ogen. Plopper die liep altijd in de winkel, tussen de broodjes en de koeken. 

Eén keer zag ik Plopper op de toonbank staan! De meneer bakker was even achterin, iets doen met bloem. Plopper liep over de taarten heen en probeerde eraan te likken! Hij vond de slagroom het lekkerst. 

Toen kwam de meneer bakker terug en riep: ""Plopper! Niet!"" Plopper sprong eraf en rende weg, onder een stoel. We hebben allemaal heel hard gelachen! 

De meneer bakker pakte een doekje en maakte de taarten weer schoon. En daarna gaf hij Plopper een bakje melk. Plopper die dronk de melk helemaal op. En ik kreeg een plakje taart, met veel slagroom! Het was een hele leuke dag."
23,google/gemma-3-27b-it-fast,4_6,"Oké, luisteren hoor!

Er was eens een hele grote olifant. Die heette Oliver. Oliver woonde in een jungle met allemaal aapjes. Die aapjes waren soms een beetje stout. Ze gooiden met bananen naar Oliver! Dat vond Oliver niet leuk. Hij schudde dan zijn hoofd en sproeide een beetje water met zijn slurf. 

Eén keer hadden de aapjes al Oliviers hoed gepikt. Een hele mooie blauwe hoed. Oliver was heel boos toen! Hij zocht overal, maar hij kon de hoed nergens vinden. Toen zag hij de aapjes! Ze hadden de hoed op hun kop gedaan en deden alsof ze een olifant waren. 

Oliver moest lachen. Hij pakte een hele grote bos bananen en gaf die aan de aapjes. En toen kreeg Oliver zijn hoed terug. De aapjes waren blij en Oliver ook. Daarna speelden ze samen verstoppertje in de jungle. Het was heel gezellig! En de aapjes gooiden daarna geen bananen meer naar Oliver. Nooit meer!"
24,google/gemma-3-27b-it-fast,4_6,"De meneer de vos, die woonde in een heel groot bos. En die had een hele mooie zwiepstaart. Maar hij was een beetje verdrietig, want hij had geen vriendjes. 

Eén keer zag hij een konijntje, een héél klein konijntje. Die was worteltjes aan het eten. De vos liep heel voorzichtig naar het konijntje toe. “Hallo!” zei de vos. Het konijntje schrok heel erg! Die rende meteen weg, heel snel, zo!

De vos was nog verdrietiger. Toen zag hij een eekhoorn. Die zat in een boom en at een noot. De vos probeerde heel aardig te zijn. Hij zei: “Mooie noot, hè?” Maar de eekhoorn gooide de noot naar beneden en sprong nog hoger de boom in.

Toen ging de vos huilen. En toen kwam er een heel klein muisje. Die zei: “Waarom huil je?” De vos zei dat hij geen vriendjes had. Het muisje zei: “Ik wil wel je vriendje zijn!” En ze gingen samen spelen, en toen was de vos niet meer verdrietig. Ze hebben samen heel veel plezier gehad."
25,google/gemma-3-27b-it-fast,4_6,"Oké, luister goed!

Er was eens een hele lieve hond, die heette Woefie. Woefie woonde bij een meisje, Emma. Emma had Woefie heel lief, en ze gingen altijd samen spelen. Ze gingen naar het park, en Emma gooide dan een bal. Woefie haalde de bal altijd op, hij was heel goed! 

Maar één keer… toen waren ze bij het park, en Woefie zag een eekhoorn! Die eekhoorn rende heel snel in een boom. Woefie wilde hem achterna, hij rende ook! Hij rende en rende, maar hij was de bal kwijt. Emma zocht overal, maar ze vond de bal niet. 

Ze werd een beetje verdrietig. Toen kwam Woefie terug, zonder bal, en hij gaf Emma een stok. Emma lachte! Ze gooide de stok, en Woefie haalde hem op. Hij was toch een hele goede hond, ook al was de bal even weg. En daarna vonden ze de bal nog terug, onder een bankje! Ze waren allebei heel blij."
26,google/gemma-3-27b-it-fast,4_6,"Oké, luisteren hoor!

Er was eens een hele grote beer. Niet zomaar een beer, maar een beer met een rode hoed. Die had hij gekregen van zijn mama. Hij liep in het bos en hij zocht naar honing. Heel veel honing! Want hij had echt honger.

Opeens zag hij een huisje. Een heel klein huisje. En daar zaten drie beren in! Een papa beer, een mama beer en een baby beer. De rode-hoed-beer was wel een beetje bang. Hij had nog nooit beren in een huisje gezien. 

Hij klopte aan. ""Mag ik honing?"" vroeg hij. De papa beer zei: ""Nee! Ga weg!"". Maar de baby beer lachte! Die vond de rode hoed van de andere beer heel mooi. 

Toen gaf de mama beer toch wat honing. De rode-hoed-beer at het allemaal op. Het was wel het lekkerste honing ooit! Daarna speelde hij met de baby beer en gingen ze samen rollen in het gras. Ze hadden veel pret. En toen ging de rode-hoed-beer weer naar huis. Hij had een hele fijne dag gehad!"
27,google/gemma-3-27b-it-fast,4_6,"Er was eens een hele grote beer. Niet zo’n beer die in een dierentuin zit, maar eentje die in het bos woonde. Hij heette Boris. Boris was een beetje een knoeiboel, hij liet altijd alles vallen. 

Eén keer probeerde hij honing te pakken van een bijenkorf. Hij wilde erbij, heel graag! Maar toen ging hij wapperen met zijn poot, omdat de bijen hem prikten. En toen… boem! Viel hij in een grote plas modder! Hij werd helemaal bruin en plakkerig.

Zijn vriendje, een klein konijntje, lachte hem helemaal uit. “Kijk Boris, wat ben je nou!” zei het konijntje. Boris vond het niet leuk. Hij was heel boos geworden. 

Toen kwam mama Beer. Ze gaf Boris een knuffel. “Ach Boris,” zei ze, “dat gebeurt wel eens. We maken je wel schoon.” En ze heeft hem gewassen met water en een beetje zeep. Toen was Boris weer een beetje blij. Hij mocht daarna een grote pot honing opeten! Hij heeft er heel lekker van genoten. En hij viel niks!"
28,google/gemma-3-27b-it-fast,4_6,"Er was ooit een hele lieve hond, Pipo. Pipo woonde bij een oma en een opa. Pipo was heel groot, met bruine vlekken. Hij heeft altijd heel veel speelgoed gehad! Zoals een rode bal, en een blauw bot, en een heel zacht knuffelkonijn. 

Pipo ging altijd met de opa wandelen in het bos. En één keer… één keer zag Pipo een eekhoorn! De eekhoorn zat in een boom en hij had een nootje. Pipo wou die nootje stelen! Dus hij sprong! Heel hoog sprong hij, maar hij heeft de eekhoorn niet kunnen pakken. De eekhoorn is toen heel snel weggerend.

Pipo vond het niet zo erg. Want daarna ging hij met de oma koekjes eten. Pipo kreeg drie koekjes! En die waren heel lekker! De oma zei: “Wat een brave hond ben jij, Pipo!” En Pipo kwispelde heel hard met zijn staart. Hij was echt heel blij. Want koekjes zijn het allerlekkerst."
29,google/gemma-3-27b-it-fast,4_6,"Eén keer was er een hele grote olifant. Die olifant woonde in een bos, maar hij was heel verdrietig. Want hij had geen vriendjes! Alle andere olifanten waren al weg, naar een andere plek. Hij liep een beetje rond, met zijn snuit naar beneden. Toen zag hij een klein vogeltje.

Het vogeltje zat op zijn hoofd! De olifant schrok een beetje, maar hij lachte ook. Het vogeltje piepte heel hard. De olifant liep toen naar een rivier en hij spoot water naar het vogeltje. Het vogeltje vloog een rondje en kwam terug. 

Daarna speelden ze samen! De olifant liep heel voorzichtig, zodat het vogeltje niet viel. En het vogeltje vloog om de olifant heen en zong liedjes. De olifant was niet meer verdrietig. Hij had nu een heel goed vriendje. Ze hebben heel lang gespeeld, tot de zon onder ging. En toen gingen ze beiden slapen."
30,google/gemma-3-27b-it-fast,4_6,"Er was eens een heel klein muisje, Pips genaamd. Pips woonde in een heel groot bos. En Pips, die was heel dapper! Niet bang! Hij heeft een rode sjaal gehad, van zijn mama. 

Pips liep door het bos, en hij zocht naar een hele grote noot. Hij had echt heel erg honger. En toen, toen zag hij hem! Een hele, heel grote noot! Maar… er zat een eekhoorn op! Die eekhoorn heette Fieke.

Fieke zat de noot te eten. Pips vroeg: “Mag ik ook een stukje?” Fieke keek naar Pips en zei: “Nee! Deze is van mij!” Pips werd een beetje verdrietig. Hij liep weg.

Maar toen, toen viel er een klein stukje noot op de grond! Pips pakte het snel op en hij at het op. Het was heel lekker! En hij heeft daarna Fieke nog even gedag gezegd. Fieke zwaaide terug, en Pips ging weer verder zoeken. Misschien vond hij nog een noot!"
31,google/gemma-3-27b-it-fast,4_6,"Nou, er was eens een hele grote beer. Niet zomaar een beer, hoor! Eentje met een blauwe sjaal. Hij liep in het bos en hij zocht naar honing. Hij had heel veel zin in honing! 

Maar toen zag hij een klein vogeltje, die zat heel zielig op een takje. Het vogeltje had gestoten met z'n vleugel en kon niet meer vliegen. De beer, die was heel lief, die zette het vogeltje voorzichtig op z'n hand.

Hij heeft het vogeltje naar mama vogel gebracht. Mama vogel was heel blij! Ze gaf de beer een hele grote pot honing. Dus de beer, die was eerst verdrietig dat hij geen honing kon vinden, die had opeens heel veel honing. En hij deelde het met het vogeltje. Ze hebben samen van de honing gegeten en toen was het heel gezellig! De beer ging weer verder het bos in, en het vogeltje kon weer fluiten! Hij was heel blij."
32,google/gemma-3-27b-it-fast,4_6,"Oké, luisteren!

Er was eens een hele grote beer. Niet een beetje groot, echt SUPER groot! Hij woonde in het bos en hij had een blauwe ballon. Hij had hem gekregen van een meisje met rode schoenen. De beer was super blij met de ballon. 

Maar toen kwam de wind! En die wind was heel hard. Hij pakte de ballon af! De beer riep: “Nee!” en hij rende achter de ballon aan. Hij is over de bomen gerend en over de rivier gesprongen.

De ballon is toen heel hoog de lucht in gevlogen. De beer kon hem niet meer pakken. Hij werd heel verdrietig en ging huilen.

Maar toen… toen kwam het meisje met de rode schoenen aanlopen! Ze had een nieuw ballon! Een rode! Ze gaf de rode ballon aan de beer. De beer was weer blij! Ze speelden samen met de ballonnen. En de wind… die ging toen slapen."
33,google/gemma-3-27b-it-fast,4_6,"Oké, luister goed!

Er was eens een blauwe kikker. Die zat in de sloot, vlakbij het rode huis van oma. Die kikker, die heette Kees. Kees vond het heel leuk om te springen! Hij sprong op lelies, en hij sprong in het water, plons! 

Eén keer sprong hij té hoog. Toen landde hij… op de rug van een eend! De eend, die heette Doortje, die schrok heel erg. ""Kwak!"", riep Doortje. ""Ga weg, blauwe kikker!""

Kees zei: “Oeps! Sorry!” En hij sprong weer af. Doortje zwom snel weg. Kees lachte. Hij ging weer op een lelie zitten en sprong weer. 

Later kwam er een heleboel andere kikkers. Zij sprongen ook. En Doortje… die zwom gewoon door. Ze vond het eigenlijk wel grappig. Alleen zei ze het niet. Want eenden zeggen niet zomaar dat ze het leuk vinden als er een kikker op hun rug zit. Dat is gek toch?"
34,google/gemma-3-27b-it-fast,4_6,"Oké, luister goed!

Er was eens een hele lieve hond, Knoetje. Knoetje was heel klein en had bruine vlekjes. Hij woonde bij een boer, meneer Jansen. Meneer Jansen heeft ook koeien en kippen. Knoetje mocht altijd met de koeien spelen! Hij rende rond hun poten en probeerde ze te vangen, maar dat lukte nooit. 

Eén keer, toen Knoetje buiten speelde, zag hij een hele grote vogel. En die vogel had een heel mooi rood ding in zijn bek! Knoetje dacht: “O jee, dat is vast van iemand!” Hij ging naar meneer Jansen en blafte heel hard. “Blauw! Blauw!” zei Knoetje, want hij zag dat het rode ding eigenlijk blauw was. 

Meneer Jansen keek en zag dat de vogel een blauwe sok had gepikt van het waslijntje! Meneer Jansen lachte en liep naar de vogel. Hij haalde de sok terug en gaf hem aan Knoetje. Knoetje was heel blij en hij knuffelde de sok! Daarna ging hij weer met de koeien spelen, want dat vond hij het allerleukste."
35,google/gemma-3-27b-it-fast,4_6,"De beer was heel verdrietig. Hij had zijn honing kwijt! Hij zoekten overal, onder de boom en achter de grote steen. Maar nergens was de honing te vinden. 

Toen zag de eekhoorn de honing! Hij had hem verstopt, in de boomholte. “Kijk!” riep de eekhoorn. “Ik heb hem bewaard, voor als het koud wordt!” 

De beer werd zo blij! Hij gaf de eekhoorn een hele grote knuffel. En toen hebben ze samen honing gegeten. Het was heel lekker, en plakkerig! De eekhoorn vond het heel leuk dat de beer niet meer boos was. Hij had de honing niet gestolen, hij wou gewoon aardig zijn. 

Na de honing gingen ze samen vliegen. Nouja, de eekhoorn vloog echt, en de beer liep hard, hard, hard! Het was een hele leuke dag. De beer en de eekhoorn waren beste vrienden geworden! En de honing was supergoed!"
36,google/gemma-3-27b-it-fast,4_6,"Eén keer was er een hele grote beer. Die beer, die heette Boris. Boris was niet zomaar een beer, hoor. Hij had een héle rode hoed op! En hij woonde in een huisje van taart. Ja, écht waar! Een groot huis, helemaal van chocoladetaart.

Boris was heel verdrietig. Want al zijn honing was op! Hij had gekeken in de kast, en achter de stoel, en zelfs onder zijn bed, maar er was geen honing meer. Toen zei zijn vriendje, een klein konijntje, “Ik heb wel honing! Mijn mama heeft veel honing gemaakt!” 

Het konijntje gaf Boris een hele grote pot honing. Boris was super blij! Hij pakte een lepeltje en at de hele pot leeg. Mmm, lekker! Daarna dansten Boris en het konijntje samen in het taarthuis. En daarna gingen ze samen slapen, want ze waren moe geworden van het dansen en de honing."
37,google/gemma-3-27b-it-fast,4_6,"Oké, luister goed!

Er was eens een hele grote beer. Nee, niet zo’n knuffelbeer, echt een echte! Die beer woonde in het bos en hij was heel erg eenzaam. Hij had geen vriendjes. Dus liep hij de hele dag rond en hij zocht en zocht.

En toen zag hij een klein eendje. Dat eendje zwom in een plas water en het was heel blij. De beer liep naar het eendje en zei: “Hé eendje, wil je met mij spelen?”

Het eendje keek naar de beer en toen zei het: “Ja, graag!” 

De beer en het eendje zijn toen samen gaan spelen. Ze hebben verstoppertje gedaan achter de bomen en ze hebben bloemetjes geplukt. De beer was niet meer eenzaam! En het eendje was ook heel blij met zijn nieuwe vriend. 

Die beer en dat eendje, die zijn nu altijd samen, echt waar. Ze eten samen vis en ze slapen samen onder een grote boom. En ze zijn heel, heel gelukkig. En dat is het einde!"
38,google/gemma-3-27b-it-fast,4_6,"Oké, luister allemaal!

Er was eens een hond, Fluffy. Fluffy was heel klein, echt super klein, en hij woonde bij een meisje, Lotte. Lotte had Fluffy heel lief. Ze gaf hem altijd koekjes, maar soms waren de koekjes op!

Eén keer ging Lotte naar het bos. Fluffy ging mee! Ze liepen en liepen, en Fluffy rende een beetje vooruit. Hij zag een eekhoorn! En hij ging achter de eekhoorn aan, heel snel, héél snel. 

Hij rende en rende, maar toen… toen was Lotte weg! Fluffy werd heel bang. Hij blafte en blafte, maar Lotte hoorde hem niet. Toen zag hij een meneer. De meneer pakte Fluffy op en zei: “Ben jij verdwaald?” Fluffy kwispelde met zijn staart.

De meneer bracht Fluffy terug naar Lotte. Lotte was heel blij! Ze gaf Fluffy een héle grote knuffel en een koekje. En Fluffy was ook blij! Daarna speelden ze weer samen in het bos, maar Fluffy bleef wel bij Lotte! Want anders werd hij weer bang."
39,google/gemma-3-27b-it-fast,4_6,"Er was eens een hele grote beer. Nee, niet zo’n beer die je in de dierentuin ziet, maar eentje die in het bos woont! Deze beer was heel lief, maar hij was ook een beetje knullig. Hij liep altijd maar te struikelen over wortels, hihi! 

Op een dag ging de beer bosbessen zoeken. Hij had een heel groot mandje bij zich. Hij liep en liep en plukte allemaal blauwe bosbessen. Toen... oeps! Hij struikelde! Alle bosbessen vlogen in de lucht en vielen… plons! In een modderpoel! 

De beer keek heel verdrietig naar zijn modderige bosbessen. Hij had geen mooie bosbessen meer voor taart. Maar toen kwam er een klein konijntje aanlopen. Die zei: “Geen verdriet! We kunnen er moddertaart van maken!” 

De beer vond dat een heel goed idee! Ze maakten samen moddertaart en aten het op. Het was niet zoet, maar wel heel leuk! En de beer struikelde daarna niet meer, want hij paste heel goed op!"
40,google/gemma-3-27b-it-fast,4_6,"Oké, luisteren!

Er was eens een hele lieve hond, Plopper. Plopper woonde bij oma. En oma had een tuin met allemaal bloemen, heel mooi! Plopper mocht niet in de bloemen, want dan werden ze kapot. Maar Plopper ging toch! Hij rende erheen en zat er gewoon in! 

Oma zei: ""Plopper! Niet in de bloemen!""

Plopper keek heel lief en kwispelde met zijn staart. Maar hij zat er nog steeds in. Toen kwam er een vlinder vliegen en die ging op Ploppers neus zitten! Plopper ging niezen! Heel hard! En al die bloemen, die vlogen door de lucht!

Oma lachte. Plopper lachte ook. En daarna ruimden ze samen alle bloemen op. Plopper beloofde dat hij nooit meer in de bloemen ging zitten. Maar stiekem denk ik dat hij het wel weer gaat doen als oma niet kijkt. Want Plopper is een beetje ondeugend! En hij houdt heel erg van bloemen."
41,google/gemma-3-27b-it-fast,4_6,"Oké, luister goed!

Er was eens een klein konijn, Pips. Pips woonde in een heel groot bos. En Pips had een beste vriend, dat was Ollie de eekhoorn. Ollie woonde in een boom, heel hoog!

Pips en Ollie hebben laatst een wedstrijd gedaan. Wie kon het snelste een wortel vinden? Pips, die was heel snel met springen! Hij sprong door het bos, zo rap! Maar... hij verloor zijn wortel alweer bijna! Hij had 'm onder een blad verstopt, maar toen waaide het blad weg.

Ollie kwam naar beneden vliegen van zijn boom. Hij zocht ook een wortel, maar die was verstopt onder allemaal takken. Pips en Ollie, die hebben toen samen gezocht. En raad eens? Ze vonden allebei weer een wortel! 

Toen hebben ze samen de wortels opgegeten. Ze waren wel heel vies van de aarde, maar het mocht niet uitmaken, want ze waren beste vrienden. En daarna zijn ze gaan slapen in het bos. Was best gezellig!"
42,google/gemma-3-27b-it-fast,4_6,"Er was eens een hele grote beer. Niet zomaar een beer, hè! Een superlange beer! Hij woonde in het bos en hij had een hele mooie blauwe sjaal. Die sjaal had zijn mama gemaakt. 

Eén keer, toen de beer aan het spelen was, is hij zijn sjaal kwijtgeraakt! Hij zocht overal. Onder de boom, achter de steen, zelfs in de modderpoel! Maar de sjaal was weg. Hij werd heel verdrietig. 

Toen kwam een klein vogeltje. Die zei: ""Ik heb jouw sjaal gezien! Hij zat in het nest van meneer Uil!"" De beer liep snel naar meneer Uil. En ja hoor, daar lag de blauwe sjaal! Meneer Uil had hem gebruikt om zijn baby-uiltjes warm te houden.

De beer was heel blij dat hij zijn sjaal terug had. Hij gaf meneer Uil een grote boomstam met lekkere honing. En toen speelde hij weer verder in het bos, met zijn mooie blauwe sjaal om zijn nek! Hij paste er wel goed op, want hij wilde hem niet meer kwijtraken."
43,google/gemma-3-27b-it-fast,4_6,"Oké, luister!

Er was eens een hele kleine eend. Hij woonde met zijn mama en zijn broertjes en zusjes aan de vijver. Maar die kleine eend, die heette Piek, die was anders. Hij had geen oranje pootjes, maar blauwe! 

De andere eendjes lachten hem uit. ""Kijk nou Piek, met zijn blauwe pootjes! Dat is gek!"" riep Eef. Piek werd daar heel verdrietig van. Hij ging weg en liep naar het bos.

Daar zag hij een oude uil zitten. De uil keek hem aan en zei: “Wat is er, kleine eend?” Piek legde uit dat de andere eendjes hem uitlachten.

De uil lachte. ""Blauwe pootjes? Dat is helemaal niet gek! Blauw is de kleur van de lucht! En jouw pootjes zijn speciaal. Die maken jou Piek!""

Piek dacht erover na. En toen rende hij terug naar de vijver en liet aan iedereen zijn blauwe pootjes zien. Nu vonden ze het helemaal mooi. En Piek was niet meer verdrietig. Hij speelde lekker met zijn broertjes en zusjes in het water! En hij liep heel trots met zijn blauwe pootjes."
44,google/gemma-3-27b-it-fast,4_6,"Oké, luisteren hoor!

Er was eens een hele grote beer. Niet zomaar een beer, maar een beer die héél graag taartjes bakte. Hij had een hele mooie rode muts op. En een schort met bloemetjes! Die beer woonde in een bos, en alle dieren kwamen bij hem taart eten. 

Maar eergisteren… toen was er een probleem. De beer had bijna geen bloem meer! En zonder bloem kun je geen taart maken! Hij was heel verdrietig. Hij heeft toen tegen de eekhoorn gezegd: ""Ik heb geen bloem meer!"" 

De eekhoorn zei: ""Ik heb bloem! Heel veel bloem! Ik heb het verstopt voor de winter, maar je mag het hebben!"" En toen gaf de eekhoorn de beer een hele zak bloem. 

De beer was super blij! Hij heeft toen heel veel lekkere taartjes gemaakt. Met veel kersen en chocolade er bovenop. En iedereen heeft gesmuld! De eekhoorn ook. Hij vond de taart het allerlekkerst! En ze hebben heel vaak samen taartjes gegeten. Zo lief!"
45,google/gemma-3-27b-it-fast,4_6,"De koning was heel boos. Echt heel boos! Want zijn taart… die was weg! Niet een beetje weg, nee, helemaal! Hij had net een nieuwe taart gekregen, met suiker en slagroom en allemaal lekkere dingen erop.

De koning vroeg aan de nar: “Hé nar, heb jij mijn taart gestolen?” Maar de nar schudde zijn hoofd. “Nee, meneer de koning! Ik was aan het dansen!”

Toen vroeg hij het aan de hond, Boris. Boris keek heel schuldig en likte zijn lippen. “Woef!” zei hij. En hij had allemaal kruimels in zijn snorharen! 

De koning werd nog bozer. ""Boris! Dat was mijn taart!"" Boris begon te janken. Toen kwam het kleine meisje, Lisa, naar voren. “Kijk!” ze wees naar de tuin. “Daar zit een eekhoorn met een héle grote taart!” 

De eekhoorn had de taart in stukken gescheurd en zat te smullen. De koning moest lachen. Zelfs Boris lachte. En de eekhoorn, die kreeg een klein stukje, maar dan wel zonder de glitters erop. Dat was voor de koning."
46,google/gemma-3-27b-it-fast,4_6,"Oké, luister goed!

Eens was er een hele grote olifant. Die olifant, die heette Bobo. Bobo woonde in het bos en hij was heel, heel sterk. Hij heeft altijd gevoetbald met de aapjes. De aapjes waren heel klein, veel kleiner dan Bobo zijn voet!

Eén keer, toen Bobo aan het voetballen was, rolde de bal héél ver weg. Naar de rivier toe! En de rivier was heel breed. Bobo kon niet zwemmen, dat wist iedereen.  Dus hij werd verdrietig.

Toen kwam er een hele lange slang aanzetten. Die slang zei: “Ik kan de bal wel halen!” En de slang, die zwom supergoed. Die zwom naar de bal en haalde hem op. En toen gaf hij de bal aan Bobo. 

Bobo vond dat heel fijn. Hij gaf de slang een hele grote kus op zijn neus! En toen hebben ze samen met de aapjes verder gevoetbald en iedereen was blij. Ja, heel blij! Zelfs de slang. Die lachte heel erg, met zijn slangenmond."
47,google/gemma-3-27b-it-fast,4_6,"Oké, luister! 

Er was eens een hele grote beer. Niet zo’n knuffelbeer, nee, een echte! Die beer woonde in het bos en die at heel graag honing. Maar hij had geen honing meer!

Dus ging hij zoeken. Eerst liep hij naar meneer Das. “Heeft u honing, meneer Das?” vroeg de beer. “Nee,” zei meneer Das, “ik heb wortels!” De beer lust geen wortels.

Toen liep hij naar mevrouw Eekhoorn. “Heeft u honing, mevrouw Eekhoorn?” vroeg de beer. “Nee,” zei mevrouw Eekhoorn, “ik heb nootjes!” De beer lust ook geen nootjes. 

Hij was bijna heel verdrietig, maar toen zag hij een hele grote bijenkorf! Daar zat heel veel honing in. De beer pakte een beetje honing en hij at het op. Het smaakte heel lekker! En daarna ging hij lekker slapen onder een boom. Want honing eten, dát maakt moe. En de bijen…die waren niet boos! Die lachten, denk ik."
48,google/gemma-3-27b-it-fast,4_6,"Er was eens een hele grote beer. Niet zomaar een beer, hoor! Hij was knalblauw! En hij woonde in een bos, maar het bos was niet groen, het was paars. Een beetje zoals mijn sokken. 

De blauwe beer, hij heette Boris, hij zocht naar honing. Echt veel honing! Want hij had heel erg honger. Hij heeft al heel lang niet meer gegeten. Hij liep en liep en toen zag hij een boom. In die boom zat een bijenkorf. Wow!

Boris probeerde in de boom te klimmen, maar hij was een beetje dom. Hij gleed steeds naar beneden. Plof! Hij viel weer op zijn billen. En toen, toen kwam er een klein vogeltje. Die zei: “Boris, je moet anders doen! Je moet eerst heel zachtjes zijn, en dan kun je klimmen!”

Boris deed wat het vogeltje zei. En raad eens! Het lukte! Hij heeft de honing gegeten en hij was heel blij! En hij heeft het vogeltje bedankt. Hij zei: “Dankjewel, vogeltje! Je bent heel lief!” En daarna ging hij lekker slapen."
49,google/gemma-3-27b-it-fast,4_6,"Er was eens een beertje. Die woonde in een heel groot bos. Hij had een mama en een papa, en een broertje. Het broertje heette Boes. Boes was heel klein nog. 

Beertje ging op een dag met zijn mama bosbessen zoeken. Ze liepen heel diep het bos in. Beertje zag een hele grote vlinder! Hij heeft hem geprobeerd te vangen, maar hij vloog weg. Jammer!

Toen zagen ze een heleboel rode bosbessen! Ze hebben ze in een mandje gedaan. Heel veel, echt heel veel! Mama Beertje zei: ""Nu hebben we genoeg voor een lekkere taart!""

Maar toen, oeps! Beertje struikelde over een wortel en het mandje viel om. Alle bosbessen lagen over de grond! Beertje werd heel verdrietig. Maar mama gaf hem een knuffel en zei: ""Dat gebeurt wel eens. We rapen ze gewoon weer op!""

En dat deden ze. Samen met Boes, die ook meegelopen was. Boes vond het heel leuk om bosbessen op te rapen. En thuis hebben ze een super lekkere taart gebakken!"
50,google/gemma-3-27b-it-fast,6_7,"Oké, luister!

Er was eens een hond, een hele grote, pluizige hond. Hij heet Boris. Boris woonde bij een meneer die een hele lange baard had. De meneer had een winkel waar je snoepjes kon kopen. Echt heel veel snoepjes!

Boris mocht nooit in de winkel komen, want hij was heel gek op snoepjes en dan at hij ze allemaal op! Dus Boris ging altijd buiten liggen wachten. 

Eén keer… toen was de winkel open, maar de meneer was naar de wc gegaan. Boris dacht: ‘Oeh, nu kan ik wel even kijken!’ Hij duwde de deur open met zijn neus, heel voorzichtig. En toen… zag hij een hele berg rode snoepjes!

Hij heeft er meteen één gepakt. En nog één. En nog tien! Hij zat helemaal onder de rode kleurtjes. Net toen hij wilde pakken… kwam de meneer terug. Boris was heel bang! De meneer pakte Boris niet, hij moest heel erg lachen. Boris kreeg wel straf, hij mocht een dag niet buiten spelen. Maar hij vond het stiekem nog wel lekker, al die snoepjes. Hij heeft er buikpijn van gehad, maar dat zei hij niet tegen de meneer."
51,google/gemma-3-27b-it-fast,6_7,"Oké, luister goed!

Er was eens een hele lieve hond, Bobbie. Bobbie woonde bij een oude meneer, meneer Jansen. Meneer Jansen had een hele grote tuin, met allemaal bloemen. En Bobbie, die vond bloemen superleuk! Hij rende er altijd doorheen, maar hij trapte er nooit op, hoor. 

Op een dag, was Bobbie aan het spelen toen hij een klein vogeltje zag. Die zat helemaal alleen op de grond! Bobbie ging heel voorzichtig naar het vogeltje toe, want hij wilde het niet bang maken. Het vogeltje had een gebroken vleugeltje.

Bobbie wist dat meneer Jansen heel goed was in dingen maken. Dus Bobbie ging naar meneer Jansen en blafte heel hard! Meneer Jansen kwam naar buiten en zag het vogeltje. Hij pakte het vogeltje en maakte een klein verbandje voor de vleugel. 

Het vogeltje is een weekje gebleven en toen kon hij weer vliegen! Bobbie was heel blij en meneer Jansen ook. Ze zwaaiden naar het vogeltje en die vloog weg. Bobbie en meneer Jansen hebben daarna nog héél vaak in de tuin gespeeld."
52,google/gemma-3-27b-it-fast,6_7,"Oké, luister!

Er was eens een hele grote beer. Niet zomaar een beer, maar eentje met een hele rode strik om z’n nek. Hij woonde in een bos en hij was heel erg eenzaam. Hij had geen vriendjes. 

Op een dag liep hij door het bos en zag hij een klein muisje. Het muisje was zijn huisje kwijt! Hij had gezocht, maar hij kon het nergens meer vinden. De beer was superaardig en hij heeft het muisje geholpen zoeken. Ze hebben overal gekeken, onder bladeren en tussen de bomen. 

En toen, ja hoor! Ze vonden het huisje! Het muisje was heel blij en gaf de beer een klein bloemetje. De beer vond het bloemetje heel mooi en hij was niet meer eenzaam. Ze zijn vriendjes geworden en ze hebben samen gespeeld. De beer en het muisje, die waren echt supergoed bevriend! En de rode strik vond het muisje ook heel leuk. Hij zei dat het de beer een beetje stoer maakte."
53,google/gemma-3-27b-it-fast,6_7,"Nou, ik ga jullie wat vertellen over Puk de pad. Puk woonde in een heel groot bos, met heel veel bomen en allemaal bloemen. Puk was een beetje eigenwijs, dat weet je wel. Hij luisterde niet altijd naar zijn mama.

Eén keer zei zijn mama: “Puk, ga niet bij de grote beek kijken, daar zit een krokodil!” Maar Puk, die ging toch! Hij dacht dat zijn mama hem voor de gek hield. Hij liep en liep en toen… zag hij hem! Een hele grote krokodil! Hij had heel veel tanden.

Puk werd heel bang. Hij rende terug naar zijn mama, zo hard als hij kon. Hij viel wel een paar keer, maar hij is toch teruggekomen. Zijn mama gaf hem een hele dikke knuffel. Ze zei: “Ik had het toch gezegd!” 

Puk zei: “Ja, mama, je had gelijk. Ik luister nu wél!” En daarna heeft hij heel lang bij zijn mama geblijven. Hij heeft nooit meer naar de krokodil gekeken. Het was wel een beetje eng, hoor."
54,google/gemma-3-27b-it-fast,6_7,"Oké, luisteren hoor!

Er was eens een héle kleine eend. Hij was net geboren en hij was nog best wel pluizig. Zijn moeder eend had nog zoveel andere eendjes, echt wel tien ofzo! De kleine eend was een beetje verdrietig want hij kon nog niet zo goed zwemmen. Alle andere eendjes zwommen al heel stoer in de vijver, rondjes draaien en alles.

Hij probeerde het ook, maar hij ging steeds kopje onder. *Plons!* Hij moest dan altijd even hoesten. Zijn moeder zei: “Oefenen, oefenen! Dan lukt het wel.” Dus hij bleef maar oefenen. 

Op een dag was er een héle grote kat bij de vijver komen zitten. Die keek naar alle eendjes. De andere eendjes werden heel bang en doken onder het water. Maar de kleine eend, die kon nog niet goed zwemmen, die bleef staan. En toen… toen ging hij heel snel met zijn pootjes wiebelen en hij zwom! Hij zwom recht op de kat af en kakelde heel hard! De kat schrok zich dood en liep weg. 

Toen was de kleine eend de held! En hij kon eindelijk goed zwemmen. Hij was heel blij. En zijn moeder ook."
55,google/gemma-3-27b-it-fast,6_7,"Er was eens een hele lieve eekhoorn, die Noortje heette. Noortje woonde in een hele grote boom in het bos. Ze had een huisje gemaakt van bladeren en takjes, dat was super gezellig! 

Eén dag, toen ze buiten speelde, zag ze een klein vogeltje. Het vogeltje was gevallen uit zijn nest en kon niet meer terug. 'O, nee!', zei Noortje. Ze had het vogeltje heel voorzichtig opgepakt.

Ze heeft het vogeltje naar mama eekhoorn gebracht. Mama eekhoorn heeft een zacht doekje gepakt en het vogeltje warm gewikkeld. Ze gaf het vogeltje een heel klein beetje water met een lepeltje. 

Toen het vogeltje weer een beetje sterker was, heeft Noortje geholpen om het vogeltje terug in het nest te zetten. Het mama-vogeltje was super blij! Noortje vond het ook heel leuk om te helpen. Ze heeft daarna nog even met de andere eekhoorns gespeeld. Het was een fijne dag!"
56,google/gemma-3-27b-it-fast,6_7,"Sjaak de eekhoorn, die was heel goed in verstoppen. Echt supergoed! Hij had overal verstopplekken in het bos. Onder wortels van bomen, in holle stammen, zelfs in een oude schoen die daar lag. 

Vandaag had hij heel veel nootjes verzameld. Heel veel! Hij moest ze allemaal verstoppen voor de winter, want dan werd het koud en sneeuwde het. Hij rende heen en weer, met een nootje in zijn mond. Hij stopte er eentje onder een hele grote steen. Toen zag hij Mies, de muis.

Mies keek heel nieuwsgierig. “Wat ben je aan het doen, Sjaak?” vroeg ze.
“Nootjes verstoppen!” antwoordde Sjaak trots.
Mies lachte. “Ik kan dat ook!” Ze pakte een klein blaadje en probeerde daar een nootje onder te verstoppen. Maar het blaadje vloog weg! 

Sjaak moest heel hard lachen. Mies vond het niet leuk. Ze liep boos weg. Sjaak dacht: “Misschien moet ik Mies wel even helpen…” En toen rende hij achter haar aan, met een nootje in zijn pootjes."
57,google/gemma-3-27b-it-fast,6_7,"Oké, luister goed.

Er was eens een hele kleine eekhoorn, die heette Pips. Pips woonde in een hele grote boom in het bos. Hij had een mama en een papa eekhoorn en heel veel broertjes en zusjes. Pips was de kleinste, en hij mocht nog niet goed naar beneden klimmen. 

Mama eekhoorn had laatst heel veel nootjes verzameld. Ze hebben een hele berg nootjes in de boom verstopt! Maar Pips was nieuwsgierig. Hij wilde kijken of er onderaan de boom ook nootjes lagen. Dus, toen iedereen sliep, klom Pips heel voorzichtig naar beneden.

Hij is helemaal naar beneden geklommen! Maar… oh jee! Pips was verdwaald! Hij liep en liep en hij vond geen boom meer terug. Toen zag hij een grote, rode vos. Pips was heel bang! Maar de vos deed niks. Hij ging gewoon verder met lopen. 

Pips heeft heel hard geroepen: “Mama! Papa!” En raad eens? Zijn mama hoorde hem en ze is naar beneden komen rennen. Pips was zo blij! Hij kreeg een hele dikke knuffel en ze zijn samen weer de boom in geklommen. Nooit meer zonder mama naar beneden klimmen, dat had Pips geleerd."
58,google/gemma-3-27b-it-fast,6_7,"Oké, luister!

Er was eens een heel klein beertje, Bram heette hij. Bram woonde met zijn mama in een boom. Niet in de allerhoogste boom, maar wel eentje waar je goed kon klimmen. Bram was nog niet zo goed in klimmen. Hij viel best vaak. 

Eén keer, Bram was aan het spelen met een bal, rolde hij helemaal naar beneden. Plats! Hij landde in een hele grote hoop bladeren. Mama Beer werd heel bang, maar Bram lachte! Hij vond het helemaal niet erg.

Toen zag hij een vlinder. Een heel mooie, gekleurde vlinder! Bram probeerde hem te pakken te krijgen, maar de vlinder vloog steeds weg. Bram rende er achteraan. Hij rende door het bos, over wortels en tussen de bomen. 

Uiteindelijk kwam hij bij een rivier. Daar zat een kikker! De vlinder zat op de kop van de kikker. Bram vond dat heel grappig. Hij moest heel hard lachen. De vlinder vloog toen weg en Bram ging terug naar mama. Mama gaf hem honing en Bram was heel blij. Hij had een hele leuke dag gehad!"
59,google/gemma-3-27b-it-fast,6_7,"Oké, luister!

Er was eens een heel klein beertje, Bram heette hij. Bram woonde met zijn mama in een hol onder een grote boom. Eén dag, Bram die ging op onderzoek uit. Mama beer zei: “Bram, blijf niet te ver weg!” Maar Bram, die liep gewoon door. Hij zag een heleboel vlinders, gele en blauwe! 

En toen, plotseling, zag hij iets blinken. Het was een hele mooie steen! Bram pakte hem op en die steen was echt heel glad. Hij wou die steen aan zijn mama geven. Dus hij rende terug naar het hol. 

Maar Bram struikelde! En hij viel... pfff... recht in een modderpoel! Hij zat helemaal onder de modder. De steen rolde weg. Bram was heel verdrietig. Toen kwam mama beer aanrennen. Ze gaf Bram een knuffel en zei: “Ach Bram, dat gebeurt wel eens.” Ze maakte hem schoon en toen vonden ze de steen terug. Bram gaf de steen aan zijn mama en hij was weer blij. En hij bleef toen wel wat dichter bij mama. Ja, echt waar!"
60,google/gemma-3-27b-it-fast,6_7,"Oké, luister goed allemaal!

Er was eens een hele kleine eend, Pips heette hij. Pips woonde met zijn mama en zijn broertjes en zusjes bij een grote, groene vijver. Pips was de kleinste, en hij was nog een beetje naïef. Hij deed altijd wat andere eenden zeiden. 

Eén dag zei een grote, brutse eend: “Pips, jij bent zo klein! Jij kan echt niet meevliegen naar het bos! Daar zijn allemaal gevaarlijke dingen!” Pips werd er heel verdrietig van. Hij wilde heel graag mee, want het bos leek zo leuk! 

Maar hij luisterde naar de grote eend en bleef achter bij de vijver. Toen zag hij een hele mooie blauwe vlinder. Die vloog richting het bos! Pips dacht: “Als de vlinder dat kan, dan kan ik dat ook!” Dus hij spreidde zijn vleugeltjes en hij vloog! En raad eens? Hij vloog heel goed! Hij kwam zelfs bij de andere eenden in het bos, en die waren super blij dat hij er was. En die grote, brutse eend zei sorry. Want Pips kon dus wel vliegen!"
61,google/gemma-3-27b-it-fast,6_7,"Oké, luister!

Er was eens een hele kleine eend, Piep. Piep was nog niet zo lang geleden geboren, en hij was de kleinste van het nest. Zijn broertjes en zusjes waren al heel groot, die konden al zwemmen en duiken! Piep viel steeds om. Soms zat hij tegen mama aan, dan zei hij: “Mama, ik kan het niet!”

Maar mama eend was lief. Ze zei: “Nee Piep, je moet het proberen! Kijk, zo doe ik het.” En dan waggelde Piep achter haar aan. 

Op een dag speelden de andere eendjes in het water. Ze plonsden en gooiden met water. Piep stond aan de kant en keek toe. Hij wilde ook! Hij liep een beetje in het water, maar hij gleed uit en plons! Hij viel. Maar hij bleef drijven! 

Hij trapte met zijn pootjes en trapte en trapte. En… hij zwom! Hij zwom echt! De andere eendjes lachten en juichten. Piep was super blij! Hij heeft daarna de hele middag in het water gespeeld. En hij is nooit meer omgevallen."
62,google/gemma-3-27b-it-fast,6_7,"Er was eens een hele grote beer. Niet zomaar een beer, hoor! Deze beer woonde in een bos, en hij had een hele mooie blauwe sjaal. Die had zijn oma gemaakt. Hij liep altijd met die sjaal, zelfs in de zomer! 

Op een dag ging de beer naar de winkel om honing te halen. Hij was zijn pot helemaal leeg. Plotseling zag hij een klein konijntje huilen. Het konijntje had zijn wortel kwijtgeraakt, zijn lievelingswortel!

De beer zei: ""Wat is er, konijntje?"" En het konijntje legde het uit. De beer dacht heel hard na. Toen zei hij: ""Ik heb jou wel geholpen! En jij moet mij helpen, om mijn honing te vinden”. 

Samen zochten ze eerst de wortel van het konijntje. Die lag achter een boom! En toen zochten ze honing. De honing stond in de winkel bij de meneer. De beer en het konijntje werden hele goede vrienden. De beer gaf het konijntje een klein stukje honing en de beer kreeg een wortel van het konijntje."
63,google/gemma-3-27b-it-fast,6_7,"Er was eens een kleine eend, Fiep. Fiep woonde met haar mama en papa eend, en al haar broertjes en zusjes in een heel groot rietland. Ze hadden het altijd superleuk, maar Fiep was een beetje anders. Zij kon niet zo goed zwemmen! 

Als de andere eendjes in het water plonsten, bleef Fiep aan de kant staan. Ze was bang dat ze onderging. Haar mama eend heeft haar heel vaak geholpen, maar het lukte maar niet. Fiep werd er heel verdrietig van. 

Eén dag kwam er een oude schildpad voorbij. Die zag Fiep aan de kant staan. “Wat is er, klein eendje?” vroeg de schildpad. Fiep vertelde dat ze niet kon zwemmen. De schildpad lachte vriendelijk. “Kijk,” zei hij, “zwemmen is niet het enige wat je kan! Jij bent heel goed in verstoppertje spelen in het riet!”

Fiep lachte. Dat was waar! Ze was de beste verstoppertje speler van het hele rietland. Ze hoefde helemaal niet zo goed te kunnen zwemmen. Daarna heeft ze nog heel vaak verstoppertje gespeeld en was Fiep heel blij."
64,google/gemma-3-27b-it-fast,6_7,"Oké, luisteren!

Er was eens een kabouter. Hij woonde in een heel klein huisje onder een grote boom in het bos. Die kabouter, die heette Boris. Boris had een hele lieve hond, Fluffy. Fluffy was niet echt fluffy, hij had kort haar, maar Boris noemde hem altijd Fluffy. 

Boris en Fluffy waren beste vrienden. Ze hebben elke dag gespeeld in het bos. Ze hadden verstoppertje gedaan en stokken gegooid. Boris was heel goed in verstoppertje, hij kon heel stil zitten. 

Maar op een dag, toen ze verstoppertje speelden, kon Boris Fluffy niet meer vinden. Hij riep: “Fluffy! Waar ben je?” Maar Fluffy kwam niet. Boris werd heel verdrietig. Hij zocht overal, onder de bladeren en achter de bomen. Toen zag hij Fluffy! Fluffy zat vast in een gat. Boris heeft Fluffy eruit gehaald en toen waren ze heel blij. Ze hebben daarna heel veel knuffels gegeven, want ze waren echt heel blij dat ze elkaar weer gevonden hadden. En daarna zijn ze taart gaan eten, van de buurvrouw, die was heel lief."
65,google/gemma-3-27b-it-fast,6_7,"Oké, luisteren hoor!

Tante Roos had een hele grote hond, die heette Boris. Boris was heel lief, maar hij kon heel hard blaffen. Echt heel hard! Als de deurbel ging, dan *boef*! Dan sprong hij helemaal op, en dan blafte hij en blafte hij. 

Eén keer was opa op visite. Opa zat in de stoel en hij las de krant. Toen ging de deurbel. *Boef*! Boris sprong in de lucht en hij rende naar de deur. Maar hij botste tegen de tafel! En de limonade van opa, die viel over de krant! 

Opa werd niet boos, hoor. Hij lachte! Hij zei: ""O jee, Boris, dat was geen goed idee!"" Tante Roos moest wel heel snel alles opruimen natuurlijk. En Boris, die keek een beetje zielig. Hij kreeg toen een koekje, en toen was hij weer blij. Boris had toen wel geleerd dat hij niet tegen tafels moest botsen. Hij bleef netjes zitten als de deurbel ging. 

En opa dronk daarna een nieuwe limonade. Die gooide Boris er niet overheen!"
66,google/gemma-3-27b-it-fast,6_7,"Schoen zat heel erg te wachten. Hij zat op de schoorsteen en keek naar beneden. Hij had gehoord dat Sinterklaas eraan kwam! Echt waar, zelfs meneer de bakker had het verteld. 

Schoen was een hele oude schoen, van een jongen die al heel groot was. Nu woonde er een klein muisje in. Het muisje heette Piep. Piep was ook heel nieuwsgierig. ""Komt Sinterklaas echt?"" vroeg Piep.

""Ja, zeker!"" zei Schoen. ""Hij brengt cadeautjes voor alle kinderen. Maar hij moet wel de schoorsteen in!"" 

Toen zagen ze opeens iets roods op het dak! Het was Sinterklaas! Hij had een hele grote zak bij zich. Sinterklaas klom naar beneden, heel voorzichtig. Hij had een lachzak. Die lachte!

Sinterklaas vulde Schoen met pepernoten en een klein cadeautje voor Piep, een mini-kaasje. ""Fijn dat jullie op mij gewacht hebben!"" zei Sinterklaas. En toen was hij weer weg, met zijn paard Amerigo. Schoen en Piep waren heel blij! Ze hadden cadeautjes!"
67,google/gemma-3-27b-it-fast,6_7,"Oké, luister!

Er was eens een hele kleine eend. Hij woonde met zijn mama en zijn broertjes en zusjes bij de vijver. Maar deze eend, hij was anders. Hij had geen zin om te zwemmen. Echt niet! Al die andere eendjes, die plonsten en spetterden, maar hij zat liever bij de bloemen te kijken.

Mama Eend zei: “Kleine Flip, je moet leren zwemmen!” Maar Flip schudde met zijn hoofd. Hij was bang voor het water. Hij dacht dat er monsters in zaten, hele grote met scherpe tanden! 

Toen kwam er een kikker langs. Die kikker zei: “Waarom ben je zo verdrietig?” Flip vertelde over de monsters. De kikker lachte. “Monsters? In dit water? Dat is onzin! Kom, ik leer je zwemmen.”

En toen... toen heeft de kikker Flip heel voorzichtig in het water gezet. Flip bleef drijven! Het was helemaal niet eng. En er zaten geen monsters! Hij zwom een rondje, en nog een rondje. Het was superleuk! Vanaf die dag zwom Flip altijd met de andere eendjes, en hij keek nog steeds naar de bloemen, maar nu na het zwemmen."
68,google/gemma-3-27b-it-fast,6_7,"Oké, luister!

Er was eens een hele kleine eend, Piep. Piep was niet zoals alle andere eendjes. Die waren allemaal geel, maar Piep was helemaal grijs! Hij woonde met zijn mama en zijn broertjes en zusjes bij de grote vijver. 

De andere eendjes moesten altijd heel hard lachen om Piep. “Kijk nou, de grijze eend!” riepen ze dan. Piep werd er heel verdrietig van. Hij probeerde zich te verstoppen achter de rietjes, maar dat lukte niet altijd. 

Op een dag was er een storm. Het regende heel erg en de wind woei superhard. Alle eendjes renden naar mama eend, want ze waren bang. Maar toen zagen ze dat een klein vogelhuisje uit een boom was gevallen! Er zat een klein vogeltje in, dat helemaal nat en koud was.

De gele eendjes waren bang om dichtbij te komen, maar Piep liep er meteen naar toe. Hij warmde het vogeltje op met zijn grijsje veren en mama eend gaf het vogeltje wat van haar brood. En weet je? Het vogeltje vond Piep helemaal niet lelijk. 

Daarna vonden de andere eendjes Piep ook heel lief. Want hij was heel dapper geweest!"
69,google/gemma-3-27b-it-fast,6_7,"Nou, er was eens een hele kleine eend. Echt heel klein, kleiner dan mijn hand! Die eend woonde samen met zijn mama en zijn broertjes en zusjes. Ze woonden in een park, bij een vijver. 

Eén keer, toen de zon heel helder scheen, is die kleine eend weggevlogen. Hij was gewoon even nieuwsgierig, en hij wilde kijken wat er achter de grote boom was. Hij dacht dat mama hem niet zou zien, maar dat was fout. 

Toen hij achter de boom was, zag hij een hele grote hond! Die hond was super groot en hij keek heel streng. De kleine eend werd heel bang en hij piepte heel hard. Maar de hond deed niks. Hij snuffelde gewoon een beetje.

Mama eend kwam toen aanrennen en ze schreeuwde naar de hond. De hond werd een beetje boos en liep weg. Mama eend was heel blij dat haar kindje weer heel was. Ze knuffelde hem heel stevig en daarna zijn ze samen teruggegaan naar de vijver. Die kleine eend is nooit meer alleen achter die boom gaan spelen!"
70,google/gemma-3-27b-it-fast,6_7,"Oké, luister!

Er was eens een hele lieve hond, die heette Woefie. Woefie woonde bij een oude man, opa Jan. Opa Jan had een hele grote tuin met allemaal bloemen en een appelboom. Woefie haatte appels, echt verschrikkelijk! Alleen al de geur vond hij niks.

Op een dag was opa Jan appels gaan plukken. Hij heeft ze in een mand gedaan en Woefie liet hij in de tuin. Maar toen kwam er een eekhoorn! Die eekhoorn pakte een appel uit de mand en rende ermee de boom in.

Woefie werd boos! Hij heeft geblaft naar de eekhoorn, heel hard. ""Weg met die appel!"" blafte hij. Maar de eekhoorn lachte alleen maar en gooide de appel naar beneden. 

Toen rende Woefie naar de boom en probeerde hij te klimmen, maar dat kon niet. Hij is een hond, hè? Uiteindelijk heeft opa Jan de eekhoorn weggejaagd en Woefie een koekje gegeven. Woefie was weer blij, want hij hield veel meer van koekjes dan van appels!"
71,google/gemma-3-27b-it-fast,6_7,"Oké, luister goed!

Er was eens een hele kleine eend, Pieter. Pieter woonde met zijn mama en zijn broertjes en zusjes in het park. Het park was supergroot, met heel veel bomen en een vijver. Pieter was de kleinste van allemaal. 

Pieter ging vandaag, heel voorzichtig, naar de vijver. Hij had gehoord dat er lekkere dingen in het water zwommen. Zijn mama had gezegd: ""Blijf niet te ver weg, Pieter!"" Maar Pieter was nieuwsgierig.

Hij zag iets glitters in het water! Pieter dacht dat het een snoepje was. Hij dook onder! Maar het was geen snoepje. Het was een heel mooi steentje. Pieter pakte het steentje en kwam boven. 

Toen kwam er een grote vis voorbij! De vis keek Pieter heel boos aan. Pieter was heel bang en is snel teruggegaan naar zijn mama. Hij gaf haar het steentje. Zijn mama zei: “Wat een mooi steentje! Daarom mag je er een extra worm voor van mij!” Pieter was heel blij. Het steentje was dus toch wel heel speciaal!"
72,google/gemma-3-27b-it-fast,6_7,"Oké, luister goed!

Er was eens een hele kleine eend, Piep. Piep woonde met zijn mama en z'n broertjes en zusjes bij de boer. Ze hadden het heel fijn, maar Piep was een beetje anders. Hij kon niet zo goed zwemmen! Zijn broertjes en zusjes deden altijd plons! in het water en ploeterden rond, maar als Piep in het water ging, dan ging hij meteen kopje onder. 

Hij was er best verdrietig om. Eén keer probeerde hij het toch, en toen dronk hij water op! Blegh! Mama Eend zei: “Och, Piep, dat komt wel goed. Je moet gewoon wat oefenen.”

Dus Piep oefende. Hij ging in ondiep water staan en flapte met z'n vleugeltjes. En toen… plons! Maar hij ging niet meteen onder! Hij bleef drijven! Hij trapte met z'n pootjes en hij zwom een klein stukje. 

Toe lachte hij! En zijn mama ook. Piep was super blij dat hij nu ook kon zwemmen. Nu kon hij ook met z'n broertjes en zusjes spelen in het water. En hij dronk geen water meer op, dat was fijn!"
73,google/gemma-3-27b-it-fast,6_7,"Oké, luister goed!

Er was eens een hele kleine eend, Piep. Piep was nog niet zo oud, hij was net geboren. Zijn mama eend was heel aardig, maar Piep wilde eigenlijk geen eend zijn. Hij wilde een vogel zijn, net als de merels in de boom. Die konden vliegen, hoog de lucht in!

Piep probeerde ook te vliegen. Hij fladderde met zijn vleugeltjes, maar hij kwam niet van de grond. Hij viel steeds plons in het water. Zijn broertjes en zusjes lachten hem uit. “Je bent een eend, Piep! Eenden kunnen niet vliegen!” riepen ze.

Piep was verdrietig. Toen zag hij een oude, wijze uil. De uil zei: “Vliegen is niet het enige wat telt, kleine eend. Jij kunt zwemmen, en dat kunnen de merels niet!”

Piep keek naar zijn pootjes en toen weer naar het water. Hij sprong erin en zwom zo snel hij kon! Het was heel leuk. Hij had de uil gelijk. Hij was misschien geen vogel, maar hij was wel een supergoede eend! En hij speelde daarna met zijn broertjes en zusjes in het water, en toen lachten ze niet meer."
74,google/gemma-3-27b-it-fast,6_7,"Oké, luister goed!

Er was eens een egel, die heette Prikkel. Prikkel was een hele lieve egel, maar hij was ook een beetje… klunzig. Eén keer is hij de boom op geklommen, heel hoog! Hij wilde kijken of hij de zon kon aanraken, maar hij viel er weer af, plof! Gelukkig had hij wel heel veel stekels, dus het deed niet zo’n pijn. 

Prikkel woonde in een bos met allemaal andere dieren. Er was een vos, die heette Fons. Fons was heel slim en hij plaagde Prikkel altijd een beetje. Hij zei dan: “Kijk Prikkel, je bent weer gestruikeld!” Maar Prikkel lachte gewoon terug.

Eén dag was Prikkel appels gaan zoeken. Hij had ze nodig voor een feestje. Heel veel appels! Hij had er al tien, maar hij wilde er nog meer. Toen zag hij een hele grote appelboom, maar… er zat een boze slang bij! Prikkel was heel bang, maar toen rolde hij zich op tot een bal. De slang probeerde hem te pakken, maar hij kon er niet bij. Uiteindelijk is de slang weggegaan en Prikkel kreeg al zijn appels! En het feestje was superleuk."
75,google/gemma-3-27b-it-fast,6_7,"Er was eens een hele lieve hond, Floepie. Floepie woonde bij een mevrouw die heel oud was. Ze hadden een heel klein huisje met een rode deur. Floepie mocht altijd mee naar de winkel, dat vond hij superleuk! Hij liep dan altijd naast de mevrouw en keek naar alle mensen. 

Eén keer, toen ze bij de bakker waren, zag Floepie een worst liggen. Een héle grote, lekkere worst! Niemand keek, dus Floepie pakte ‘m gewoon. Hij rende weg met de worst in zijn bek! De mevrouw riep: “Floepie! Laat dat nou!”

Floepie rende naar het park en daar zat een heleboel andere honden. Hij gaf de worst aan een hond die er heel zielig uitzag, want die had helemaal geen baasje. Die hond was super blij! Floepie voelde zich toen ook heel blij, ook al mocht hij de worst niet houden. De mevrouw was niet meer boos toen ze Floepie weer zag. Ze gaf hem een koekje. Dat was nog lekkerder dan de worst!"
76,google/gemma-3-27b-it-fast,6_7,"Oké, luisteren hoor!

Er was eens een hele, hele oude boom. Die stond in het bos, achter oma's huis. De boom was al superlang daar, veel langer dan opa en oma al leven. In die boom woonde een eekhoorn, die heette Piek. Piek was heel goed in verstoppen. Hij had overal nootjes verstopt, echt overal!

Eén keer, toen het heel hard waaide, viel er een nootje op het hoofd van een meneer das. De das werd boos! Hij riep: ""Wie gooide dat?!"" Piek was heel bang en hij kroop helemaal in zijn holletje. De das keek omhoog en zag Piek.

""Jij!"" riep de das. Piek zei: ""Het was niet de bedoeling, meneer Das! Het waaide gewoon."" De das lachte toen. Hij zei: ""Nou ja, dan. Maar pas op hè!"" Daarna gaf de das Piek een lekkere wortel en Piek gaf de das een nootje terug. Ze zijn vriendjes geworden en speelden samen in het bos. Piek verstopt nu zijn nootjes verder weg."
77,google/gemma-3-27b-it-fast,6_7,"Oké, luister goed!

Er was eens een hele kleine beer, Beerke. Beerke woonde met zijn mama in een mooi bos. En Beerke, die was echt supersnel met klimmen! Hij klom in alle bomen, echt alle! Maar hij mocht niet te hoog klimmen, want mama beer zei dat het gevaarlijk was.

Maar op een dag, zag Beerke een hele mooie rode vogel. Die vogel zat helemaal bovenin de hoogste boom! Beerke dacht: “Ik moet die vogel zien!” Dus hij klom en klom en klom. 

Hij zat ineens heel, heel hoog. Toen keek hij naar beneden en werd hij een beetje bang. Het was zo ver naar de grond! De vogel was al weggevlogen. Beerke riep heel hard: “Mama!” Mama beer kwam gelijk aangerend. Ze was een beetje boos, maar ze heeft Beerke voorzichtig naar beneden geholpen.

Beerke heeft toen beloofd dat hij niet meer zo hoog zou klimmen. En hij heeft weer lekker met zijn mama gespeeld, met een bal! Het was veel leuker op de grond, hoor."
78,google/gemma-3-27b-it-fast,6_7,"Oké, luister!

Er was eens een hond, Pluis genaamd. Pluis was superfluffy, echt heel fluffy! Hij woonde bij een meisje, Roos. Roos had Pluis echt heel graag. Ze heb altijd samen gespeeld in de tuin.

Maar op een dag was Pluis weg! Roos was superverdrietig en ze had heel erg gezocht. Ze had overal geroepen: “Pluis! Pluis!” Maar Pluis was nergens te vinden.

Toen, Roos liep door het bos, echt diep het bos in. En daar zag ze iets wits! Het was Pluis! Hij zat vast in een struik, helemaal in de war met takjes. 

Pluis was heel blij toen hij Roos zag. Roos heeft hem snel losgemaakt en ze waren super blij om elkaar weer te zien. Ze zijn samen naar huis gegaan en hebben daarna een hele grote koek gekregen. Pluis kreeg ook een koekje! En daarna hebben ze lekker samen liggen knuffelen. Het was heel gezellig."
79,google/gemma-3-27b-it-fast,6_7,"Oké, luisteren hoor!

Er was eens een hele kleine kikker. Hij woonde in een vijver met heel veel andere kikkers, maar die waren allemaal al groot. De kleine kikker was nog maar net geboren, en hij kon nog helemaal niet goed zwemmen. Hij viel steeds om.

Eén keer probeerde hij met de grote kikkers mee te springen op een grote waterlelie. Ploef! Hij viel er vanaf, recht in het water. Hij kreeg water in zijn neus, brrr, vies! Een grote kikker, Kikker Karel, heeft hem toen geholpen. Hij duwde hem op een blad en zei: “Oefenen, oefenen, dan kan je straks ook goed springen!”

De kleine kikker oefende heel hard. Hij zwom een beetje, en hij probeerde te springen, maar hij viel nog vaak. Maar Kikker Karel bleef helpen. En weet je wat? Na een tijdje kon hij wel springen! Niet zo hoog als Kikker Karel, maar hij kon het wel! Hij was super blij en hij sprong met al zijn vriendjes op de waterlelies. Ze lachten en hadden veel plezier."
80,google/gemma-3-27b-it-fast,6_7,"Oké, luister!

Er was ooit een hele kleine eend. Echt heel klein, kleiner dan mijn hand! En die eend woonde met zijn mama en zijn broertjes en zusjes bij de grote vijver. Hij heette Pieter. Pieter was best wel dom, hoor. Hij was altijd maar aan het rondzwemmen zonder op te letten.

Op een dag zwom Pieter helemaal alleen. Zijn mama en de andere eendjes waren al weggevlogen, om wormen te zoeken, geloof ik. En Pieter zag een hele grote, rode bal in het water drijven. Hij dacht: “Oh, wat leuk! Een speeltje!” En hij ging er naartoe.

Toen hij erbij was, bleek het helemaal geen speeltje te zijn. Het was de bal van Joris! Joris is een grote jongen. Die werd heel boos dat Pieter in zijn bal zat. Pieter was heel bang en hij piepte heel hard. Joris pakte de bal en Pieter viel eruit, plons! Gelukkig kon Pieter wel zwemmen. Hij is heel snel teruggezwommen naar zijn mama. En hij heeft nooit meer met rode ballen gespeeld."
81,google/gemma-3-27b-it-fast,6_7,"Oké, luister!

Er was eens een hele kleine eend, en die woonde bij opa en oma eend. Zijn naam was Piep. Piep was nog niet zo goed in zwemmen. Alle andere eendjes konden al plonsen en duiken, maar Piep ging altijd onder water en dan moest opa hem weer omhoog vissen. 

Eén keer, toen alle eendjes aan het spelen waren, gleed Piep van een steen af en plons! Hij ging helemaal onder. Hij bleef maar bubbels maken en kon niet meer omhoog komen. De andere eendjes lachten hem uit.

Maar toen kwam Roos, een heel grote zus eend, naar Piep toe. Ze pakte hem bij zijn vleugeltjes en trok hem omhoog. “Je moet je pootjes zo bewegen,” zei Roos. Ze liet het hem zien en Piep deed het na. En… hij bleef drijven! Hij trapte en trapte en zwom een beetje rondjes.

Toen lachten de andere eendjes niet meer. Ze vonden het supergoed dat Piep eindelijk kon zwemmen! Piep zwom de hele middag met Roos en ze hadden heel veel plezier. Opa en oma eend waren ook heel blij."
82,google/gemma-3-27b-it-fast,6_7,"Oké, kijk!

Er was eens een konijn, die heette Pluis. Pluis woonde in een heel groot bos. Hij had een mama en een papa en heel veel broertjes en zusjes. Pluis was best een ondeugend konijntje. Hij luisterde niet altijd. 

Eén keer zei mama: “Pluis, ga niet naar de weg! Daar rijden auto’s en die zijn gevaarlijk!” Maar Pluis… Pluis ging toch naar de weg. Hij zag een heel lekkere wortel liggen! Een hele grote, oranje wortel! Hij sprong erheen en wilde hem opeens opeten.

Maar toen hoorde hij een hele harde brum! Een auto kwam aan! Pluis was heel bang en sprong terug, zo snel hij kon. Hij viel in een gat! Een klein gaatje. Hij kwam er gelukkig uit, maar de wortel was weg. 

Pluis rende snel naar huis en vertelde het aan mama. Mama gaf hem een knuffel en zei: “Zie je nou? Ik had toch gelijk? Blijf bij mama!” Pluis knikte en hij luisterde daarna altijd, echt altijd, naar mama."
83,google/gemma-3-27b-it-fast,6_7,"Oké, dus...er was eens een hele kleine kikker. Niet zo’n grote, maar echt heel klein. Hij woonde in een vijver, en die vijver was helemaal vol met waterlelies. Hij vond die waterlelies superleuk, want hij kon er lekker op springen. 

Maar er zat ook een hele grote eend in die vijver. Die eend was soms een beetje gemeen. Hij plonsde altijd met z’n vleugels, dan ging er water over de kikker heen! En dan werd de kleine kikker nat en koud. Hij vond dat niet fijn.

Eén keer, toen de eend weer aan het plonzen was, sprong de kikker weg! Hij sprong op een heel groot blad en... hij voer helemaal weg! De eend kon hem niet meer pakken. En de kikker voer helemaal rond, over de vijver. Hij heeft heel veel gezien! Uiteindelijk kwam hij weer terug bij z’n eigen waterlelies. En de eend zat nog steeds daar, maar die plonsde niet meer. Hij keek een beetje sip. De kikker vond dat stiekem wel grappig."
84,google/gemma-3-27b-it-fast,6_7,"Oké, luister!

Er was eens een kleine eend, Pip heette hij. Pip was heel nieuw en zijn veertjes waren nog niet eens helemaal droog. Zijn mama eend had heel veel andere eendjes, echt heel veel! Pip was de kleinste. 

Eén keer, toen Pip met zijn mama en al zijn broertjes en zusjes buiten speelde, rolde hij per ongeluk van een heuveltje af. Hij tuimelde helemaal over de kop! En toen… toen lag hij plotseling helemaal alleen in het gras. Hij werd een beetje bang, want hij had zijn mama niet meer gezien.

Hij piepte heel hard: “Piep! Piep!” Hij dacht dat er een monster kwam! Maar toen kwam een hele lieve koe voorbij. Die koe keek naar Pip en zei: “Wat is er, klein eendje?” Pip vertelde dat hij zijn mama kwijt was. De koe lachte een beetje en zei: “Kijk daar! Daar zit je mama!”

En ja hoor, Pip kon zijn mama weer zien! Hij rende naar haar toe en hij was heel blij. Hij gaf zijn mama een knuffel met zijn vleugeltjes. De koe bleef kijken en lachte nog een keer. Pip vond de koe heel aardig. Daarna speelde hij weer met zijn mama en alle andere eendjes."
85,google/gemma-3-27b-it-fast,6_7,"Er was eens een hele lieve hond, Bobbie. Bobbie woonde bij een oude meneer, opa Hendrik. Opa Hendrik had een hele grote tuin, met appels en peren en allemaal bloemen. Bobbie mocht in de hele tuin rondrennen. Hij rende achter de vlinders aan en hij graafde gaten.

Maar Bobbie was ook een beetje ondeugend. Eén keer heeft hij de snoepjes van opa Hendrik opgegeten, die lagen op een tafeltje buiten. Opa Hendrik werd eerst boos, maar Bobbie keek hem zo zielig aan met zijn puppyogen, dat opa Hendrik moest lachen.

Toen kwam er een storm. Het waaide heel hard en een tak van de appelboom viel op het huisje van de eendjes! De eendjes waren heel bang. Bobbie blafte heel hard naar opa Hendrik. Opa Hendrik begreep dat Bobbie wilde helpen. Samen hebben ze de tak weggehaald. De eendjes waren heel blij en piepten: ""Kwak, kwak, dank je wel!"" Bobbie kreeg daarna een hele grote boterkoek van opa Hendrik. Dat vond Bobbie het lekkerste wat hij ooit had gegeten."
86,google/gemma-3-27b-it-fast,6_7,"Oké, luister maar!

Er was eens een beer, een hele grote beer. Hij woonde in een bos en hij was supergoed in vissen. Elke dag ging hij naar de rivier en dan ving hij wel vijf vissen! Soms meer. Echt waar!

Maar er was ook een vos. Die vos, die was stiekem jaloers. Hij kon namelijk helemaal niet vissen. Hij probeerde het wel, maar het lukte nooit. Hij zat dan zielig te kijken hoe de beer allemaal vissen ving.

Op een dag bedacht de vos een plan. Hij ging naar de beer toe en zei: “Hé beer, zal ik je rug even wassen? Hij zit helemaal vol met bladeren!” De beer vond dat best. Hij ging op zijn rug liggen en de vos begon te wassen. 

Maar de vos pakte stiekem alle vissen die de beer had gevangen en rende ermee weg! De beer werd boos. Heel boos! Hij rende achter de vos aan, maar de vos was te snel. Hij rende terug naar zijn hol en at alle vissen op. 

De beer was verdrietig, maar hij ving de volgende dag gewoon weer vissen. En hij waste nooit meer zijn rug door een vos!"
87,google/gemma-3-27b-it-fast,6_7,"Oké, luister!

Er was eens een hele lieve hond, Plof heette hij. Plof woonde bij een oude meneer, meneer Jansen. Meneer Jansen had een hele grote tuin en daar mocht Plof altijd spelen. Plof was niet zo’n grote hond, meer een beetje klein en pluizig. 

Eén keer, toen meneer Jansen boodschappen ging doen, ging Plof in de tuin zijn bal achterna. Hij rende en rende, maar toen verloor hij zijn bal kwijt! Plof zocht overal! Onder de struiken, achter de bloemen, zelfs in de zandbak. Hij vond hem nergens. 

Plof werd heel verdrietig. Hij ging bij de voordeur zitten wachten op meneer Jansen. Toen meneer Jansen terugkwam, had hij een hele grote verrassing! Een nieuwe bal! Meneer Jansen had hem gekocht toen hij boodschappen deed. Plof was zo blij! Hij kwispelde met zijn staart en rende gelijk weer de tuin in om met zijn nieuwe bal te spelen. Plof en meneer Jansen waren de allerbeste vrienden."
88,google/gemma-3-27b-it-fast,6_7,"De meneer de bakker, die had een héle grote hond. Zo’n hele pluizige, een soort wolkenhond! Die heette Boris. Boris mocht altijd in de winkel liggen, bij de kassa. Niemand mocht Boris aaien als hij aan het slapen was, dat zei de bakker. 

Eén keer, was Timmy bij de bakker. Timmy is mijn buurjongetje. Timmy wilde een koekje, een wortelkoekje. Maar Boris lag te slapen, echt heel diep. Timmy keek naar de bakker en toen heel snel naar Boris. Hij aaide Boris heel zachtjes over zijn kop.

De bakker zag het! Hij werd een beetje boos. “Timmy! Boris slaapt!” riep hij. Maar toen deed Boris zijn ogen open. Hij kwispelde met zijn staart en likte Timmy’s hand! De bakker moest lachen. “Nou ja,” zei hij, “misschien mag je hem wel even aaien als hij wakker is.” En Timmy kreeg ook zijn wortelkoekje. Het was een hele goede dag."
89,google/gemma-3-27b-it-fast,6_7,"Oké, luister!

Er was eens een hele kleine eend, Kees heette hij. Kees woonde met zijn mama en papa eend en al zijn broertjes en zusjes bij een grote vijver. Kees was de allerkleinste, en hij was een beetje bang. Hij durfde niet zo goed in het water, want hij dacht dat er monsters zaten! 

Zijn broertjes en zusjes doken en spetterden, en ze hadden er superleuk. Maar Kees zat altijd op het gras te kijken. Op een dag zag hij een heel groot blauw visje zwemmen. En die vis keek Kees aan! Kees schrok! 

Maar toen zei de vis: “Hé, je bent toch niet bang? Ik ben Boris! Kom je een beetje spelen?” Kees schudde zijn hoofd en liep een stukje terug. Boris volgde hem. “Kijk,” zei Boris, “er zitten helemaal geen monsters! Alleen maar waterplanten en kleine beestjes.”

Kees keek goed. En Boris had gelijk! Hij ging heel voorzichtig het water in. Het was helemaal niet eng! Hij spetterde een beetje en Boris zwom om hem heen. Kees lachte, en hij speelde de hele middag met Boris. Daarna was hij helemaal niet meer bang!"
90,google/gemma-3-27b-it-fast,6_7,"Eelko de egel was echt super boos. Want iedereen had een mooie, glimmende appel meegenomen naar de picknick, behalve hij. Hij had een… een hele vieze, bruine peer! Zijn mama zei dat hij die mee moest nemen, want die lag nog in de koelkast. “Maar mama,” had Eelko gezegd, “een peer is niet cool!”

Dus zat Eelko helemaal alleen te knagen aan zijn peer. Hij kauwde en kauwde, maar het smaakte naar niks. Toen kwam Roos, die had een hele rode appel. Ze keek Eelko aan en zei: “Wat een vieze peer, Eelko!”

Eelko werd nog bozer. Hij gooide zijn peer in het gras. Maar toen kwam Wouter eraan. Wouter was heel goed in verstoppertje. Hij pakte de peer op en zei: “Wauw, een peer! Die kan ik verstoppen! Kijk, Roos, zie je ‘m?” Hij gooide de peer heel ver weg, in de bosjes.

Toen moesten ze allemaal lachen. Zelfs Eelko moest grinniken. Een vieze peer verstoppen was eigenlijk wel heel grappig. En Roos gaf hem een klein stukje van haar appel. Dat was pas echt cool!"
91,google/gemma-3-27b-it-fast,6_7,"Sjaan de eend was echt heel verdrietig. Ze had haar lievelingsveer verloren! Hij was net een beetje glimmend en heel zacht. Ze was met haar mama en papa naar de vijver geweest en daar had ze gespeeld met Thomas de mus. Ze waren een bootje aan het maken van een blad. 

Toen viel die veer opeens uit haar vleugel! Sjaan heeft overal gezocht, onder de wilg, bij de stenen en zelfs in het riet. Maar hij was nergens te vinden!

Thomas de mus zag haar huilen. “Wat is er?” vroeg hij. Sjaan snikte: “Mijn veer… die is weg!” Thomas zei: “Wacht maar, ik kan goed zoeken! Ik vlieg even hoog en kijk van boven.” En dat deed hij.

Even later riep Thomas: “Ik zie hem! Hij ligt bij de grote rots, tussen de paardenbloemen!” Sjaan rende zo snel ze kon en… ja hoor! Daar lag hij! Ze was super blij en gaf Thomas een dikke knuffel met haar snavel. Nu kon ze weer lekker zwemmen en haar mooie veer laten zien aan alle andere eendjes."
92,google/gemma-3-27b-it-fast,6_7,"Mevrouw de uil zat echt in de problemen! Ze had haar bril kwijt! En ze kon helemaal niet goed zien zonder haar bril. Ze moest toch echt appels plukken voor haar kleine uiltjes. Die waren superhongerig geworden.

Mevrouw de uil zocht overal. Onder de boom, tussen de bloemen, zelfs in de modderpoel! Maar de bril was nergens te vinden. Toen kwam Haas voorbij huppelen. “Wat is er mevrouw de uil?” vroeg Haas.

“Ik ben mijn bril kwijt!” snikte mevrouw de uil. Haas zei: “Oh nee! Dat is vervelend. Ik help je zoeken!” Samen zochten ze en zochten ze. En toen, ineens, zag Haas iets glinsteren. Het was de bril! Hij lag bovenop het huisje van de eekhoorn. 

De eekhoorn had hem daar gelegd, want hij wilde hem even goed bekijken. Mevrouw de uil was super blij! Ze zette haar bril op en kon weer heel goed zien. Ze plukte snel een heleboel appels en gaf die aan haar uiltjes. En Haas kreeg een lekkere wortel als bedankje!"
93,google/gemma-3-27b-it-fast,6_7,"Oké, luister!

Er was eens een héle grote beer. Niet zomaar een beer, nee, hij was knalblauw! Hij woonde in een bos waar allemaal paarse bloemen groeiden. Die bloemen hadden een hele speciale geur. Als je eraan rook, dan kon je heel goed verstoppertje spelen.

De blauwe beer, die heette Boris, was heel goed in verstoppertje. Niemand kon hem vinden! Zelfs de vos, die heel slim was, niet. Boris kon zichzelf toveren, dat wist bijna niemand. Hij kon een boom worden, of een steen, of zelfs een paarse bloem!

Op een dag kwamen er twee eekhoorns, Fien en Tom. Ze wilden Boris zoeken en hem gaan plagen. Maar Boris was al weg! Fien en Tom zochten overal, maar ze vonden hem niet. Toen rook Fien een hele lekkere geur. Ze rende naar de paarse bloemen en… *poef*! Daar stond een paarse bloem die heel hard lachte! Het was Boris! 

Fien en Tom moesten heel hard lachen. Boris toverde zichzelf weer terug en ze speelden samen verstoppertje tot de zon onder ging. Het was heel gezellig!"
94,google/gemma-3-27b-it-fast,6_7,"Oké, luister!

Eelke de egel had superveel dorst. Het was echt heel heet, weet je. De zon scheen superhard en al zijn vriendjes waren aan het slapen onder een grote blad. Maar Eelke, die wilde een lekker slokkie nemen. Hij is naar de beek gegaan, maar die was helemaal droog! Echt waar!

Toen zag hij Roos, die zat bij oma konijn. Roos had een emmertje met water. ‘Mag ik asjeblieft een beetje water?’ vroeg Eelke heel netjes. Roos keek even en zei: ‘Ja hoor, maar je moet wel beloven dat je het niet knoeit!’

Eelke beloofde het heel hard. Roos gaf hem een heel klein beetje water. Hij dronk het in één keer op! Het smaakte heel lekker. Daarna bedankte hij Roos en ging hij terug naar de andere egels. Hij heeft Roos een mooie bloem gegeven, die hij onderweg had gevonden. Roos was daar super blij mee! En toen ging Eelke ook lekker slapen onder een blad. Het was wel heel warm hè."
95,google/gemma-3-27b-it-fast,6_7,"Oké, luisteren!

Er was eens een blauwe vogel. Hij woonde in een heel groot bos, met superveel bomen. En die vogel, die kon heel goed zingen! Maar hij had een probleem. Hij was zijn stem kwijt. Hij probeerde te fluiten, maar er kwam alleen maar een klein piepje uit.

Hij ging naar de uil, want die is heel wijs. De uil zei: “Je moet een rode bes vinden. Die groeit alleen op de hoogste berg.” Dus dat deed de vogel. Hij vloog heel hoog, heel hoog! Het was best eng, want er waaide.

Eindelijk vond hij de rode bes. Hij at hem op en… tada! Hij kon weer zingen! En hij zong zo mooi, dat alle dieren in het bos gingen dansen. Zelfs de beer! De vogel zong en zong en zong, en iedereen was heel blij. En daarna vloog hij terug naar zijn boom en ging slapen. Want vliegen is best vermoeiend hè."
96,google/gemma-3-27b-it-fast,6_7,"Er was eens een hele kleine eend. Hij woonde met zijn mama en papa eend en heel veel broertjes en zusjes in een grote vijver. De vijver was best wel diep, dus de kleine eend durfde niet zo ver te zwemmen. Hij bleef altijd dicht bij zijn mama. 

Maar op een dag was zijn mama weg! Ze was op zoek naar lekker eten, zei zijn papa. De kleine eend werd heel bang. Hij keek overal, maar hij kon zijn mama nergens zien. Toen zag hij een grote, rode bal in het water drijven. Hij dacht: “Oeh, wat eng!”

Hij zwom heel voorzichtig naar de bal toe, en toen… plons! Het was geen bal, het was een grote, rode laars! En wie zat er nou in de laars? Zijn mama! Ze had de laars gevonden en was erin geklommen om uit te rusten. De kleine eend was zo blij dat hij heel hard kwakte. Hij zwom meteen naar zijn mama toe en gaf haar een knuffel. Daarna zwommen ze samen weer naar de andere eendjes. Het was weer helemaal goed!"
97,google/gemma-3-27b-it-fast,6_7,"Er was eens een hele kleine eend. Niet zo’n grote, zoals de mama eend. Nee, deze eend was piepklein, en hij heette Pip. Pip woonde in het park, bij de vijver. 

Pip kon nog niet zo goed zwemmen. Hij probeerde, maar hij ging steeds rondjes draaien. De andere eenden lachten hem uit. “Kijk nou, Pip! Kijk nou!” riepen ze. Pip werd er heel verdrietig van.

Op een dag kwam er een oude kikker naar Pip toe. De kikker zat op een grote lelieblad. “Wat is er, kleine eend?” vroeg de kikker. Pip legde uit hoe moeilijk hij het vond om te zwemmen en hoe de andere eenden hem uitlachten.

De kikker glimlachte. “Je moet niet zo kijken naar de andere eenden,” zei hij. “Kijk naar mij. Ik spring niet zoals de andere kikkers, maar ik kan heel goed zwemmen!” Daarna leerde de kikker Pip hoe hij zijn pootjes moest bewegen. Pip oefende en oefende, en toen lukte het! Hij zwom net zo goed als de andere eenden. En die lachten niet meer, die waren een beetje jaloers. Pip was heel blij."
98,google/gemma-3-27b-it-fast,6_7,"Oké, luisteren!

Er was eens een konijn, Flappie, en die woonde in een heel groot bos. Flappie had een vriendinnetje, dat was een eekhoorn, Sissy. Sissy had een hele mooie, rode staart. Ze hebben altijd samen gespeeld. 

Op een dag, toen ze verstoppertje speelden, was Flappie weggerend. Heel ver weg. Sissy heeft hem overal gezocht! Onder de blaadjes, achter de bomen, zelfs in de holle boom. Maar Flappie was nergens te vinden. Sissy werd echt heel verdrietig. Ze heeft gehuild, zachtjes eerst, en toen heel hard.

Toen kwam er een oude uil aan vliegen. “Wat is er aan de hand?” vroeg de uil. Sissy legde uit dat Flappie weg was. De uil zei: “Kijk eens goed naar beneden!” 

Sissy keek naar beneden en… daar zat Flappie! Hij had een wortel gevonden en zat die op te eten. Sissy was zo blij! Ze heeft Flappie heel hard geknuffeld. De uil lachte en vloog weer weg. En Flappie en Sissy speelden weer verder, heel vrolijk!"
99,google/gemma-3-27b-it-fast,6_7,"Mama Koala had echt een probleem. Haar jong, Koos, was weg! Ze had hem overal gezocht. Onder de eucalyptusbomen, achter de dikke stammen, zelfs in de hoge takken. Koos was nergens te vinden.

Mama Koala werd heel verdrietig. Ze riep: “Koos! Waar ben je nou?” 

Plotseling hoorde ze een heel klein geluidje. “Miauw?”

Mama Koala keek omhoog. En raad eens wie ze daar zag zitten? Koos zat bovenin een boom, te spelen met een klein, zwart katje! 

“Koos!” riep Mama Koala. “Wat doe jij nou?”

Koos lachte. “Ik en Minoe zijn vriendjes geworden!” zei hij. “We spelen verstoppertje.”

Mama Koala moest lachen. Ze klom in de boom en haalde Koos voorzichtig naar beneden. Minoe de kat bleef in de boom zitten kijken. 

“Je moet oppassen hoor,” zei Mama Koala. “Blijf niet zo ver van mij weg.”

Koos knikte. En toen ging hij met Minoe weer spelen, maar wel dicht bij Mama Koala."
100,google/gemma-3-27b-it-fast,7_8,"Oké, luister. Mijn buurvrouw, mevrouw Dijkstra, die heeft een kat. Niet zomaar een kat, hoor! Een hele grote, grijze, pluizige kat. Lotte heet ‘ie. 

Lotte is super slim. Hij heeft gisteren iets heel gek gedaan. Mevrouw Dijkstra had een taart gebakken, een met slagroom en aardbeien. En die taart stond op de tafel bij de open raam. 

Toen kwam Lotte naar buiten. Hij sprong op de vensterbank en *kijkte* naar de taart. Hij keek en keek. En toen... toen sprong hij *in* de keuken! 

Mevrouw Dijkstra was beneden aan het stofzuigen, dus die hoorde het niet. Lotte heeft een hele grote hap uit de taart genomen. Echt, een *enorme* hap! Met slagroom en alles.

Toen kwam mevrouw Dijkstra terug en ze schrok zich kapot! Lotte zat onder de slagroom en had aardbeien in zijn snorharen. Ze moest heel hard lachen. En Lotte? Die vond het stiekem best leuk, denk ik. Hij likte de slagroom van zijn pootje. Nu mag Lotte niet meer in de keuken komen als er taart is!"
101,google/gemma-3-27b-it-fast,7_8,"Oké, luister!

Sien was een hele lieve hond, een golden retriever. Ze woonde bij meneer Van Dijk, die heel oud was. Meneer Van Dijk had altijd wel een koekje voor Sien en Sien gaf altijd een natte neus tegen z’n hand. 

Maar meneer Van Dijk was laatst ziek geworden, heel ziek. Hij lag in bed en Sien lag de hele tijd naast z’n bed. Ze keek hem heel verdrietig aan. Ze at bijna niks meer, ze wilde gewoon bij hem zijn.

Toen meneer Van Dijk weg was, was Sien heel bang. Ze liep door het hele huis, ze snuffelde overal en ze blafte een beetje. De buurvrouw, mevrouw Jansen, kwam Sien toen troosten. Ze gaf haar een bot. Sien at het op, maar ze was nog steeds verdrietig.

Mevrouw Jansen zei dat Sien nu bij haar kwam wonen. En Sien, die vond mevrouw Jansen ook heel aardig. Ze had wel een beetje gemist dat meneer Van Dijk haar altijd een koekje gaf, maar mevrouw Jansen gaf haar ook knuffels. En ze had een hele grote tuin! Dus Sien ging weer spelen, en dat was fijn."
102,google/gemma-3-27b-it-fast,7_8,"Nou, het ging zo. Meneer de Vos was echt superhongerig. Hij had al de hele dag niks gegeten. Echt niks! Hij was op zoek naar kippen, want kippen zijn het lekkerst, zegt hij altijd. Hij liep door het bos en toen zag hij ineens een boerderij.

Maar er zat een hele grote hond voor de deur. Zo’n hele enge, met scherpe tanden. Meneer de Vos was bang, maar hij wilde écht een kip. Dus hij probeerde heel sneaky naar de kippen te sluipen. Hij ging plat op zijn buik en gleed door het gras. 

De hond keek niet! Meneer de Vos pakte een kip en wou heel snel wegrennen. Maar toen sprong de hond op! Hij blafte heel hard en Meneer de Vos liet de kip vallen en rende zo snel hij kon. Hij is helemaal terug het bos ingezoomd. 

De kip liep weer rond, maar Meneer de Vos had niks te eten. Hij was echt heel boos op die hond. En hij had nog steeds honger. Hij dacht: “Ik ga morgen maar naar een ander boer!"""
103,google/gemma-3-27b-it-fast,7_8,"Oké, luister…

Er was eens een kat, Pluisje. Pluisje woonde bij een oude man, meneer Janssen. Meneer Janssen had een hele grote tuin. En in die tuin zaten héél veel vogels! Pluisje vond vogels super lekker. Hij probeerde ze altijd te vangen.

Maar Pluisje was een beetje… klungelig. Hij sprong wel, maar hij kwam nooit bij de vogels. Meestal botste hij tegen de rozenstruiken. Au! 

Eén keer zat er een heel klein vogeltje, Piepie, op een tak. Pluisje sloop stiekem dichterbij. Hij ging heel langzaam. Toen sprong hij! Maar hij sprong helemaal verkeerd en viel in de vijver! Plons!

Piepie moest heel hard lachen. Meneer Janssen kwam kijken en viste Pluisje uit het water. Pluisje was helemaal nat en zat vol modder. Hij keek boos naar Piepie. Maar Piepie vloog lachend weg. Meneer Janssen zei: “Tja, Pluisje, vogels vangen is niet voor jou, hé.” En Pluisje ging maar lekker in de zon liggen drogen. Hij vond water eigenlijk best wel vies."
104,google/gemma-3-27b-it-fast,7_8,"Oké, luister!

Er was eens een eekhoorn, die heette Pips. Pips woonde in een hele grote boom in het park. Hij had een heleboel vriendjes, maar hij was altijd een beetje bang. Vooral voor de kat van meneer Jansen. Die kat, Noortje, die zat altijd te loeren.

Pips had een super lekkere noot gevonden, een hele grote! Hij had hem begraven onder een rood blad. Toen kwam Noortje aanlopen. Pips zag haar al van verre. Hij was echt heel erg bang! Hij rende naar boven, zo snel als hij kon. 

Maar Noortje klom ook in de boom! Pips sprong van tak naar tak, maar Noortje zat achter hem aan. Pips dacht: 'O jee, nu ben ik haar kwijt.' Toen sprong hij naar de allerhoogste tak en naar een andere boom! Noortje kon niet meer mee. 

Pips pakte zijn noot en die was nog heel ook! Hij at hem op en was super blij. Die Noortje had hij toch even te slim af geweest! Hij heeft echt lekker gegeten en was daarna niet meer bang. Dat was best knap van Pips, vind jij niet?"
105,google/gemma-3-27b-it-fast,7_8,"Oké, luister!

Er was eens een eekhoorn, die heette Pik. Pik was anders dan de andere eekhoorns. Die waren heel erg bezig met nootjes verzamelen voor de winter, maar Pik… Pik was veel liever aan het spelen! Hij rende door het bos en sprong van boom tot boom.

Op een dag zag hij een hele rare doos. Die lag gewoon op een boomstronk. Hij ging kijken en… er zat een bril in! Een hele kleine, gouden bril. Pik zette ‘m op. En toen… hij kon de kleuren proeven! De rode bladeren smaakten naar aardbei en de groene bladeren naar appel. 

Hij heeft de hele dag rondgegeten, bedoel, rond gekeken en geproefd. Hij zei tegen een vogel: “Weet je wat? De lucht smaakt naar blauwe bes!” De vogel heeft hem wel heel raar aangekeken. 

Toen werd het donker en Pik bracht de bril terug naar de boomstronk. Hij kon weer alleen maar kijken, niet meer proeven. Maar hij wist wel zeker: het bos was véél lekkerder dan hij altijd dacht! En hij ging morgen weer kijken of de bril er nog lag."
106,google/gemma-3-27b-it-fast,7_8,"Oké, luister!

Er was eens een eekhoorn, die heette Piko. Piko was best wel nieuw in het bos. Hij was verhuisd met zijn mama, want er was iets met hun oude boom, dat weet ik niet precies. Maar Piko vond alles heel anders. Hij had nog nooit zoveel bomen gezien!

Hij rende een beetje rond en hij zag een hele grote noot. Echt supergroot! Hij probeerde hem op te pakken, maar hij was te zwaar. Toen kwam er een mierenetje aanlopen. Heel klein was ie. Piko vroeg: “Kun je me helpen?”

Het mierenetje zei: “Ik ben maar klein, ik kan niet veel.”
Maar toen kwamen er steeds meer mieren erbij, heel veel! Ze duwden en ze trokken en uiteindelijk rolden ze de noot naar Piko toe. 

Piko was super blij! Hij gaf elke mier een heel klein stukje van de noot. En daarna speelden ze verstoppertje in het bos. Piko had er een nieuwe vriendengroep bij gekregen. En hij vond het bos eigenlijk best wel leuk, nu. Het was helemaal niet zo eng meer."
107,google/gemma-3-27b-it-fast,7_8,"Oké, luister allemaal. Het ging over oma’s kat, Minoes. Minoes is echt een heel rare kat. Ze is heel erg zwart, behalve een witte poot. En ze heeft altijd honger!

Gisteren, toen ik bij oma was, zat Minoes op het aanrecht. Dat mag eigenlijk niet, maar oma was even buiten. En Minoes… die had een héle grote worst gepikt van de boterham van opa! Hij had de worst net gesneden en Minoes, *poef*, eraf gesprongen met de worst in haar bek.

Opa werd echt boos! “Minoes!” riep hij. Maar Minoes rende weg, onder de tafel door en toen de tuin in. Opa is achter haar aan gegaan, maar Minoes is veel sneller. 

Toen zag ik Minoes in de boom zitten, met de worst nog in haar mond! Ze keek naar ons en ze… ze lachte! Nou ja, niet echt lachen, maar ze had zoiets als een grijns. En opa moest ook lachen, uiteindelijk. Hij zei dat Minoes gewoon een grappige kat is. Maar ik denk dat ze gewoon heel slim is. En dat ze weer een worst gaat stelen als we niet opletten!"
108,google/gemma-3-27b-it-fast,7_8,"Oké, luister!

Vanochtend zag ik een eekhoorn. Niet zomaar een eekhoorn, maar eentje met een héle rare muts! Hij rende door de tuin van meneer Jansen, en de muts gleed steeds van zijn hoofd. Meneer Jansen, die had een rode bloemenmuts op, want hij was aan het tuinieren. 

De eekhoorn probeerde een noot te pakken, maar hij was hem steeds kwijt! Hij zocht overal, onder de bladeren, achter de bloempotten. En toen, paf! De muts van meneer Jansen lag opeens op het hoofd van de eekhoorn. Het zag er zó grappig uit! 

Meneer Jansen lachte heel hard, en de eekhoorn… die probeerde de bloemenmuts eraf te trekken, maar die zat vast! Hij rende de boom in met die muts op. Nu heeft de eekhoorn dus een bloemenmuts. Ik heb er een foto van gemaakt! Misschien zit hij er morgen nog steeds mee."
109,google/gemma-3-27b-it-fast,7_8,"Oké, luister allemaal.

Mijn opa had een hele oude kat, Sjekkie. Sjekkie was al superoud, net als opa eigenlijk! Ze hebben heel lang samen geleefd in een klein huisje bij de boer. Sjekkie was helemaal grijs en haar snorharen stonden een beetje gek naar alle kanten. Ze sliep het liefst op een stapel oude kranten, en opa zei altijd dat ze de beste krantenlezer van het dorp was.

Eén keer was opa ziek. Heel ziek. En Sjekkie, die ging de hele dag bij opa liggen. Ze likte zachtjes zijn hand en spinde heel hard. Mijn opa zei dat Sjekkie hem beter maakte. En raad eens? Opa werd echt beter! 

Toen opa weer kon lopen, gingen ze samen buiten zitten. Sjekkie zat altijd op opa’s schoot en keek naar de koeien. Ze had best veel vrienden, die koeien. Ik denk dat ze met ze praatte, maar dat kon je niet verstaan natuurlijk. Sjekkie is er nu niet meer, maar opa mist haar heel erg. Hij zegt dat ze de liefste kat ooit was."
110,google/gemma-3-27b-it-fast,7_8,"Oké, luister goed!

Er was eens een hele oude meneer, die woonde in een heel klein huisje in het bos. Hij had een kat, die heette Pluis. Pluis was helemaal niet lief. Hij krabte iedereen! De meneer probeerde altijd Pluis te aaien, maar Pluis gaf dan een tik. 

Op een dag kwam er een meisje voorbij lopen. Ze had een rode strik in haar haar. Ze zag de meneer en Pluis, en ze vroeg: “Waarom is Pluis zo boos?” De meneer zuchtte. “Pluis is al heel lang boos. Hij heeft iemand verloren, een vriendje.”

Het meisje ging bij Pluis zitten. Ze zei niks, ze gaf hem gewoon een heel klein stukje van haar koekje. Pluis keek haar aan en… hij snoepte het koekje op! En toen… toen ging hij spinnen! Vanaf die dag was Pluis niet meer boos. Hij gaf het meisje een duwtje met zijn kop, en ze mocht hem aaien. De meneer was super blij! Hij had nog nooit Pluis zien spinnen. Het meisje kwam elke dag Pluis koekjes geven, en Pluis was de liefste kat van het hele bos."
111,google/gemma-3-27b-it-fast,7_8,"Oké, luister!

Er was eens een hele oude, hele knappe eend. Die eend, die heette Gerard. Gerard woonde in het park, bij de vijver. Hij was niet zomaar een eend, hij had een heel mooi blauw verenpak. Echt supermooi!

Maar Gerard was een beetje… eigenwijs. Hij wilde nooit met de andere eenden zwemmen. Die dachten dat hij te belangrijk was. Ze zeiden dat hij altijd voor de beste plek in het water ging zitten. 

Op een dag, was het heel koud. De vijver was bijna dichtgevroren! Alle eenden waren bang en ze probeerden warm te blijven. Gerard zat alleen op een steen en deed heel stoer. Toen brak er een stuk ijs en Gerard viel erin! Hij kon niet meer op het ijs komen.

De andere eenden hebben Gerard toen geholpen. Ze duwden en trokken en uiteindelijk kwam Gerard veilig op de kant. Hij was helemaal nat en hij was niet meer stoer. Gerard zei sorry tegen de andere eenden en vanaf die dag zwom hij altijd met ze mee. Hij had geleerd dat samen zwemmen veel leuker is, vooral als het koud is."
112,google/gemma-3-27b-it-fast,7_8,"Oké, luister. Mijn buurvrouw, oma Riet, heeft een kat. Die kat heet Snorpoes, maar ze luistert nooit. Echt nooit! Nou, gisteren was het heel raar. 

Oma Riet was buiten in de tuin, bloemetjes water geven. En Snorpoes, die zat op de schutting. En toen sprong ze! Niet naar beneden, maar… naar de boom! Ze klom helemaal omhoog, heel hoog.

Oma Riet riep: “Snorpoes! Kom naar beneden!” Maar Snorpoes bleef zitten. Ze zat te kijken naar een vogeltje. Het vogeltje vloog weg en toen keek Snorpoes naar beneden. Oeps!

Ze was bang geworden. Ze miauwde heel hard en oma Riet werd heel zenuwachtig. Papa kwam toen buiten. Hij heeft een ladder gepakt en is omhoog gegaan. Hij heeft Snorpoes voorzichtig van de boom gehaald. 

Snorpoes was heel blij toen ze weer op de grond was. Ze spinde heel hard en wreef tegen de benen van papa aan. En oma Riet? Die zei dat Snorpoes nooit meer in de boom mag, maar ik denk dat ze het stiekem wel grappig vond."
113,google/gemma-3-27b-it-fast,7_8,"Oké, luister!

Mevrouw Janssen, de juf, die had een hele mooie kat. Hij heette Pluis, maar hij was helemaal niet pluizig! Hij was zwart, met groene ogen. Echt supergroen. Pluis mocht eigenlijk niet op school komen, maar mevrouw Janssen smokkelde hem soms stiekem haar tas in. 

Laatst, toen iedereen al aan het kleuren was, sprong Pluis uit de tas! Iedereen gilde, echt iedereen! Joris viel van zijn stoel, zo geschrokken was hij. Pluis rende door de klas en sprong op het bord! Hij liep over de rekensommetjes en liet zwarte pootafdrukken achter.

Mevrouw Janssen moest heel hard lachen. En iedereen ging daarna ook lachen. Zelfs Joris, die eerst zo bang was. Pluis vond het helemaal leuk, hij ging rollen op de grond. Hij heeft uiteindelijk heel veel knuffels gekregen. 

Daarna heeft mevrouw Janssen Pluis weer in haar tas gedaan, zodat hij niet meer kon ontsnappen. Maar het was wel een superleuke dag! En iedereen heeft heel veel over Pluis gepraat. Echt, het was gék!"
114,google/gemma-3-27b-it-fast,7_8,"Oké, luister!

Er was eens een hele oude kat, Noortje heette ze. Ze woonde bij meneer Jansen, de bakker. Noortje was niet zomaar een kat, hoor. Ze had een geheim! Ze kon praten! Niemand wist dat, behalve de spinnen die in de bakkerij zaten.

Eén keer, toen meneer Jansen heel druk was met broodjes bakken, zag Noortje dat een jongetje stiekem een koekje wilde pakken. Ze zei “Hé! Niet doen!” en de jongen schrok zich dood! Hij viel bijna om. 

Meneer Jansen had niks gehoord. Hij was te druk. Maar de jongen, die Thomas heette, keek naar Noortje. En Noortje keek terug. Thomas zei: “Heb jij… heb jij nou tegen me gepraat?” Noortje knikte.

Thomas en Noortje werden vrienden. Thomas bracht elke dag een klein stukje worst mee voor Noortje en Noortje vertelde Thomas verhalen over de spinnen en de hele bakkerij. Het was supergeheim natuurlijk, want anders had iedereen het geweten! Ze hebben heel veel plezier gehad samen, tot Thomas op vakantie ging. Noortje miste hem heel erg. Maar ze wist dat hij terug zou komen."
115,google/gemma-3-27b-it-fast,7_8,"Oké, luister!

Er was eens een superheld, maar niet zo’n echte met een cape. Het was een eekhoorn, en hij heette Pips. Pips woonde in het park bij oma’s huis. Hij had een rode sjaal, die had hij gevonden bij een picknick. 

Pips was de bewaker van de noten. Alle noten! Er waren heel veel kinderen die naar het park kwamen, en die probeerden soms de noten te pakken die Pips verstopt had. Maar Pips was supersnel. Hij rende om de bomen heen, sprong in de struiken en gooide soms zelfs een dennenappel naar de kinderen. Niet om ze pijn te doen, hoor! Gewoon om ze af te leiden.

Eén keer was er een jongetje, Tim, die helemaal verdrietig was omdat hij zijn ijs had laten vallen. Pips vond dat zielig. Hij haalde een hele mooie, grote noot en rolde die naar Tim toe. Tim lachte! Hij pakte de noot en zei: “Bedankt, kleine superheld!” Daarna is Tim heel vaak naar Pips gaan kijken en bracht hij soms wel een koekje mee. Pips deelde die dan met al zijn vrienden, de andere eekhoorns."
116,google/gemma-3-27b-it-fast,7_8,"Nou, ik ga jullie wat vertellen over Roos. Roos heeft een hamster, en die hamster heet Pluisje. Pluisje was echt heel klein, en Roos had hem al heel lang. Ze had hem gekregen toen ze vijf werd. 

Eén keer, toen Roos op school was, is Pluisje ontsnapt! Hij is uit zijn kooi geklommen en toen liep hij door de hele kamer. Roos' mama had hem later achter de bank gevonden. Hij zat daar tussen de kussens en had allemaal kruimels van koekjes in zijn wangzakjes gestopt. 

Pluisje was echt heel grappig, want hij rende altijd heel snel in zijn radje. En hij bouwde een heel groot nest van papier, helemaal vol. Roos gaf Pluisje altijd een stukje wortel, dat vond hij het lekkerst. 

Vorige week is Pluisje ziek geweest. Roos was echt heel verdrietig, maar de dierenarts heeft hem medicijn gegeven en nu gaat het weer goed. Pluisje is weer helemaal de oude en rent weer rond alsof er niets is gebeurd. Roos is super blij!"
117,google/gemma-3-27b-it-fast,7_8,"Oké, luister!

Er was eens een hele oude eend, Oma Eend. Ze woonde in het park met heel veel andere eenden, maar Oma Eend was de oudste. Ze had al heel veel winters meegemaakt. En ze had een geheim! 

Oma Eend had een schat verstopt. Niemand wist waar. De andere eenden zochten altijd, heel stiekem, als Oma Eend een dutje deed. Maar ze vonden nooit iets. 

Op een dag zag Pietje, een jongetje dat altijd broodjes kwam gooien, Oma Eend iets graafs. Pietje keek goed. Oma Eend groef een klein doosje uit onder een hele grote boom. Pietje kon erbij kijken toen Oma Eend weg was.

En wat er in zat? Geen gouden muntjes ofzo! Het waren allemaal mooie, glimmende knikkers. Heel veel knikkers! Oma Eend kwam terug en was heel blij dat Pietje het had gezien. Ze gaf Pietje één knikker. “Voor jou,” zei ze. “Want jij bent een goede vriend.” Pietje was super blij met zijn knikker! Hij had nooit zoiets moois gehad. En Oma Eend? Die zat weer lekker te knabbelen aan brood."
118,google/gemma-3-27b-it-fast,7_8,"Oké, luister goed!

Er was eens een eekhoorn, die heette Flip. Flip was best een drukke eekhoorn. Hij was altijd aan het zoeken naar nootjes. Echt altijd! Hij had al heel veel nootjes verzameld, maar hij wilde er nog meer. Want de winter komt eraan, weet je wel? Dan kun je geen nootjes meer vinden in het bos.

Hij rende door het bos en hij zag een hele grote boom. En aan die boom zaten heel veel nootjes! Wow! Flip was super blij. Hij begon meteen te klimmen. Maar toen, opeens, kwam er een blauwe reiger aangevlogen. Die keek Flip aan met z’n grote ogen. Flip werd best wel bang. Hij dacht dat de reiger hem wilde pakken! 

Hij sprong snel naar een andere tak en gooide met een nootje naar de reiger. Die reiger schrok en vloog weg! Flip lachte. Hij pakte snel zoveel mogelijk nootjes en rende naar zijn hol. Hij heeft nu genoeg nootjes voor de hele winter. En hij hoeft niet meer bang te zijn voor die reiger!"
119,google/gemma-3-27b-it-fast,7_8,"Oké, luister!

Er was eens een superheld, die heette Kapitein Krab. Niet van de zee, nee! Hij was een krab… maar hij had een cape! En hij kon heel hard lopen, sneller dan de meester als hij de kinderen wilde pakken bij tikkertje.

Kapitein Krab woonde in een schelp. Niet een normale schelp, maar eentje die helemaal glom en waar lampjes op zaten. Hij was de enige die de stad kon beschermen tegen de Boze Zeekomkommer. Die Zeekomkommer was echt gemeen! Die stal alle ijsjes van alle kinderen. Echt waar!

Kapitein Krab heeft een net gebouwd, een heel groot net. En toen de Zeekomkommer weer ijsjes probeerde te pakken, gooide Kapitein Krab het net! Plof! De Zeekomkommer zat erin. En toen bracht Kapitein Krab alle ijsjes terug. Alle kinderen waren heel blij. 

De Zeekomkommer zat vast in het net, en Kapitein Krab heeft hem aan de vissen gegeven, die vonden hem lekker. Nu kon iedereen weer rustig ijsjes eten. Kapitein Krab kreeg een medaille van de burgemeester, die ook een vis was. En toen ging Kapitein Krab lekker slapen in zijn glimmende schelp."
120,google/gemma-3-27b-it-fast,7_8,"Oké, luister!

Er was eens een hele oude eend, opa Eend. Hij woonde in het park, bij de grote vijver. Hij had een hele mooie groene kop, maar hij was een beetje…vergeetachtig. 

Gisteren, of was het eergisteren? In ieder geval, toen opa Eend een broodje aan het eten was, kwam er een klein meisje langs. Ze gaf opa Eend nog een stukje brood. En toen…toen vergat opa Eend waar hij woonde!

Hij liep maar door en door. Hij vroeg aan een hond: “Weet jij waar mijn vijver is?” Maar de hond blafte alleen. Hij vroeg het aan een meneer met een hoed. Die keek hem heel raar aan. 

Uiteindelijk zag hij een heleboel eendjes! Hij dacht: “Oeh, misschien wonen die bij mij!” Maar dat waren net eendjes van een andere opa Eend. 

Gelukkig kwam een winkeltje verderop een mevrouw staan. Zij herkende opa Eend! Ze woonde ook in het park en ze wist precies waar de vijver was. Ze bracht opa Eend terug en hij was super blij. Hij heeft daarna wel extra goed onthouden waar hij woonde, haha. En hij heeft nog een héél broodje opgegeten!"
121,google/gemma-3-27b-it-fast,7_8,"Er was eens een eekhoorn, die heette Piep. Piep was niet zomaar een eekhoorn, hij was supergoed in verstoppen. Echt supergoed! Niemand kon Piep vinden als hij dat niet wilde. 

Eén keer, toen hij met zijn mama en papa in het bos was, speelden ze verstoppertje. Piep ging meteen achter een héle grote boom. Zijn mama telde tot tien, en toen ging ze zoeken. Ze liep langs allemaal bomen, maar ze vond Piep niet. 

“Piep, waar ben je?” riep ze.

Piep bleef heel stil. Hij lachte een beetje. Zijn papa zocht ook, en zelfs zijn kleine broertje, Nootje, keek overal. Niemand zag Piep! 

Toen, na superlang zoeken, gaf mama op. “Piep, kom maar uit je verstopplek!” zei ze. Piep sprong tevoorschijn en iedereen riep “Oeh!” en “Wauw!” omdat ze hem echt niet hadden kunnen vinden. Piep was de beste verstopperaar van het hele bos! Nooit eerder had iemand hem zo goed verstopt gevonden."
122,google/gemma-3-27b-it-fast,7_8,"Oké, luister!

Er was eens een eekhoorn, die heette Pips. Pips was heel goed in verstoppen. Echt supergoed! Hij had overal nootjes verstopt, in de boom, onder de stenen, zelfs in de schoen van meneer Jansen die altijd in het park zat. 

Maar Pips was ook een beetje vergeetachtig. Hij had zó veel nootjes verstopt, dat hij ze niet meer terug kon vinden! Hij rende de hele dag rond, snuffelde hier en daar, maar hij werd er gek van. 

Toen zag hij beertje Boos. Boos was een beetje zielig, die had zijn honing kwijtgeraakt. Pips zei: ""Hé, Boos! Als jij me helpt met zoeken, dan help ik jou zoeken naar je honing!""

Boos vond het een goed idee. Samen zochten ze en zochten ze. En raad eens? Ze vonden niet alleen alle nootjes van Pips, maar ook de honing van Boos! Boos was heel blij en Pips ook. Ze hebben daarna samen alle nootjes opgegeten, behalve eentje. Die stopte Pips in de schoen van meneer Jansen! Helemaal stiekem."
123,google/gemma-3-27b-it-fast,7_8,"Oké, luister...

Er was eens een hond, Snuffel. Snuffel woonde bij een oude meneer, meneer Jansen. Meneer Jansen had een hele grote tuin en die tuin zat vol met bloemen. Heel veel bloemen! Snuffel mocht nooit in de bloemen lopen, want dan werden ze kapot. 

Maar Snuffel, die vond bloemen heel leuk. Hij ging altijd heel voorzichtig om de bloemen heen. Eén keer, toen meneer Jansen boodschappen ging doen, rook Snuffel iets heel lekkers. Het rook naar honing! Hij liep stiekem de tuin in en toen zag hij het... een hele grote bij zat op een rode tulp.

Snuffel probeerde de bij te pakken, hij wilde kijken of de honing aan de bij zat. Hij sprong! En hij vloog! En hij landde… midden in de bloemen! Oeps. Er lagen nu allemaal gebroken bloemen. 

Toen kwam meneer Jansen terug. Hij was eerst boos, maar toen zag hij Snuffel zo zielig kijken. Meneer Jansen lachte en zei: “Nou ja, dan zaaien we gewoon nieuwe bloemen!” En Snuffel kreeg een hele grote boterham. Dat was wel goed."
124,google/gemma-3-27b-it-fast,7_8,"Oké, luister dan!

Er was eens een egel, die heette Piet. Piet woonde in het bos, achter de grote boom met de rode bloemen. Hij was supergoed in verstoppertje spelen, echt waar! Niemand kon Piet vinden als hij zich onder de bladeren had gerold. 

Maar Piet had een probleem. Hij had niks om mee te spelen. Alle andere egels hadden wel een takje, of een mooi steentje, of een verdwaalde knikker. Piet had alleen maar bladeren. Dat vond hij niet zo leuk.

Toen zag hij Roos, een meisje dat vaak in het bos kwam. Roos had een heleboel klei bij zich. Piet keek stiekem mee en Roos maakte er allemaal mooie figuurtjes van! Een slakje, een bloem, en zelfs een mini-Piet!

Piet durfde Roos te vragen: “Mag ik ook een beetje klei?” Roos lachte en gaf Piet een stukje. Piet was heel blij! Hij maakte van de klei een heleboel lekkere ‘wormen’. Die gaf hij aan zijn vriendjes. Nu was Piet niet meer verdrietig, want hij had iets leuks om mee te doen en hij had ook weer vrienden om mee te spelen. Hij had geleerd dat het superleuk is om te delen!"
125,google/gemma-3-27b-it-fast,7_8,"Oké, luister!

Er was eens een heel klein eendje. Niet zo’n groot eendje zoals die van de boer, echt super klein. Hij woonde in het park bij oma’s huis. Zijn mama was heel erg trots op hem, maar hij was altijd een beetje bang. Bang voor alles, eigenlijk. 

Eén keer wilde hij een worm eten, maar toen kwam er een grote hond aanrennen en toen was hij heel erg geschrokken. Hij is toen achter zijn mama geholpen.

Op een dag, toen het mooi weer was, is hij met zijn broertjes en zusjes het water in gegaan. Ze zwemmen allemaal rond, maar hij durfde niet ver. Hij bleef dicht bij zijn mama. Plotseling zag hij iets glitters in het water! Het was een hele mooie steen. Hij wilde hem pakken, maar toen werd hij bang dat er een vis zou bijten! 

Toen heeft zijn mama hem geholpen de steen op te pakken. Hij was heel blij. Hij heeft de steen meegenomen naar huis en hij heeft hem aan oma gegeven. Oma vond hem prachtig! En het kleine eendje was niet meer bang, want hij had iets heel moois gedaan."
126,google/gemma-3-27b-it-fast,7_8,"Oké, luister goed!

Er was eens een hond, Bobbie. Bobbie was een hele lieve hond, maar hij was ook heel nieuwsgierig. Echt heel nieuwsgierig! Hij heeft altijd overal in zitten snuffelen. Eén dag, toen meneer Jansen met Bobbie uitliep in het bos, rook Bobbie iets héél lekkers. Hij trok aan de lijn en rende weg! Meneer Jansen riep: “Bobbie, nee!”

Bobbie rende en rende en toen kwam hij bij een hele grote boom. En raad eens? Bij die boom stond een picknickmand! Daar zaten allemaal koekjes in en een boterham met kaas. Bobbie heeft die koekjes allemaal opgegeten en ook de boterham! Hij werd er helemaal blij van, hij danste bijna!

Maar toen kwam de eigenaar van de mand, een meisje met vlechtjes. Ze was boos! Meneer Jansen kwam aanrennen en zei dat Bobbie het sorry moest zeggen. Bobbie keek heel lief en kwispelde met zijn staart. Het meisje lachte toen en gaf Bobbie nog een klein stukje kaas. Bobbie was de held van de dag! En meneer Jansen zei dat Bobbie thuis wel straf kreeg, maar hij vond het ook stiekem wel grappig."
127,google/gemma-3-27b-it-fast,7_8,"Oké, luister!

Er was eens een hele oude eend, die heette Evert. Evert was echt al superoud, hij zat bijna helemaal krom. Hij woonde in het park en hij had altijd een heel chagrijnig gezicht. Niemand mocht hem aanraken, want dan werd hij boos. 

Maar Evert had een geheim. Elke dag, als de zon onderging, ging hij naar de grote vijver en dan… dan begon hij te dansen! Niet gewoon een beetje, nee! Hij draaide rondjes, hij gooide met zijn vleugels, hij sprong in het water! Het was echt heel grappig om te zien. 

Niemand had dat ooit gezien, want het was altijd al donker als hij begon. Maar Roos en Sam, die waren een keer verstopt achter een dikke struik en die zagen het. Ze hebben heel hard gelachen, Roos bijna van haar stoel af! Daarna gingen ze elke dag kijken en Evert, die lachte dan ook een beetje. Hij was niet meer zo chagrijnig toen hij vrienden had. En dat is echt waar, hoor!"
128,google/gemma-3-27b-it-fast,7_8,"Oké, luister allemaal…

Er was eens een egel, die heette Prikkel. Prikkel woonde in een heel groot bos. Hij had een probleem. Hij had zijn muts kwijtgeraakt! Zijn favoriete muts, met allemaal pailletten erop. Hij had ‘m altijd op als hij op zoek ging naar slakken, want dan konden de stekels niet in zijn ogen prikken. 

Hij heeft overal gezocht, echt overál. Onder de bladeren, achter de boomstronken, zelfs in de holle boom waar de uil woonde! Maar hij kon hem nergens vinden. Prikkel werd heel verdrietig.

Toen zag hij Mies, de muis, voorbij rennen. “Mies!” riep Prikkel. “Heb jij mijn muts gezien?” Mies schudde haar hoofd. “Nee, maar ik heb iets glimmends in het water gezien bij de beek!”

Prikkel rende naar de beek en… ja hoor! Daar lag zijn muts! Hij was erin gevallen. Prikkel was super blij. Hij bedankte Mies en zette zijn muts weer op. Nu kon hij weer op zoek naar slakken! En hij paste goed op dat hij hem niet meer kwijtraakte."
129,google/gemma-3-27b-it-fast,7_8,"Oké, luister goed!

Er was eens een hond, Pluis heette hij. Hij woonde bij een oude man, opa Kees. Pluis was niet zomaar een hond, hij kon heel goed verstoppertje spelen! 

Opa Kees had een hele grote tuin met allemaal bloemen en struiken. En Pluis, die dook overal tussen. Eerst achter de rozenstruik, dan onder de waslijn, je kon hem nergens vinden! Opa Kees deed dan alsof hij heel boos was, maar eigenlijk lachte hij stiekem. 

Eén keer was Pluis heel goed verstopt. Echt heel goed. Opa Kees heeft overal gezocht, onder de tafel, achter de stoelen, zelfs in de schuur! Maar Pluis was weg. Toen zei opa Kees: “Waar ben je nou toch Pluis?” En toen kwam Pluis tevoorschijn, uit de bloemenmand! Hij had er helemaal in gepast en zat daar heel blij te kwispelen. 

Opa Kees moest heel hard lachen. En Pluis kreeg een lekkere koekje. Ze speelden altijd verstoppertje, Pluis en opa Kees. Dat was hun favoriete spel."
130,google/gemma-3-27b-it-fast,7_8,"Oké, luister!

Er was eens een heel klein beertje, Bram heette hij. Bram woonde met z’n mama en z’n papa in een boom. Niet een gewone boom, maar een gigantische boom! Ze hadden er een soort huis in gemaakt. 

Bram was echt heel nieuwsgierig. Mama Beer zei altijd: “Bram, blijf in de buurt!” Maar Bram was toch een beetje ondeugend. Op een dag, toen z’n mama en papa honing gingen zoeken, sloop Bram stiekem naar beneden.

Hij zag een heel mooi, blauw bloemmetje. Bram had nog nooit zo’n bloem gezien. Hij wilde ‘m plukken, maar toen hoorde hij een heel erg gezoem. Een bij! Bram werd heel bang en rende terug naar de boom. Hij klom zo snel hij kon naar boven.

Toen z’n mama en papa terug waren, vertelde Bram het hele verhaal. Papa Beer lachte en zei: “Je moet nooit een bij lastigvallen, Bram! Die zijn belangrijk.” Bram knikte en beloofde dat hij nooit meer zonder toestemming weg zou lopen. En daarna dronken ze samen warme melk met honing. Dat was wel heel lekker!"
131,google/gemma-3-27b-it-fast,7_8,"Oké, luister maar!

Er was eens een hele oude kat, Noortje heette ze. Ze woonde bij opa en oma in de tuin. Noortje was al super oud, ze had een hele grijze snuit en haar oren hingen een beetje. Ze zat altijd onder de rozenstruik, maar ze jaagde niet meer op vogels. Dat kon ze gewoon niet meer, ze was te moe.

Eén keer, toen het heel hard regende, zag ik een klein muisje helemaal nat zitten. Het trilde heel erg. Noortje zat er ook, heel droog onder een groot blad. En weet je wat? Noortje de oude kat deelde haar blad met het muisje! Ze zat er helemaal naast en liet het muisje opwarmen. 

Mijn opa zei dat Noortje wist dat het muisje bang was. Ze had zelf ook wel eens bang geweest, toen ze nog een klein katje was. En dat Noortje eigenlijk helemaal niet zo streng was, ook al keek ze wel een beetje zo. Het muisje is daarna heel snel de weg weer terug naar z’n hol gerend, maar ik denk dat het Noortje niet vergeten is. Noortje is nu heel oud geworden."
132,google/gemma-3-27b-it-fast,7_8,"Oké, luister!

Er was eens een kleine eend, Pluisje. Pluisje woonde met z’n mama en z’n broertjes en zusjes bij de grote vijver. Hij was de allerkleinste en hij kon nog niet zo goed zwemmen. Soms viel hij om en dan moest z’n mama hem weer overeind helpen.

Op een dag ging Pluisje met z’n mama naar de winkel. Nou ja, het was niet echt een winkel, meer een rietland waar allemaal lekkere dingen groeiden. Pluisje wou heel graag een rode waterplant, want die zag er superlekker uit. Hij had er al helemaal zin in!

Maar toen ze bij de rode planten waren, was er een grote kikker! Die zat er gewoon op! Pluisje werd heel bang. Hij piepte heel hard: ""Piep! Piep!"" Mama Eend zei: ""Rustig aan, Pluisje.""

De kikker keek op en zei: ""Wat kom jij hier doen?"" Pluisje durfde niet te antwoorden. Zijn mama zei: ""We wilden graag een rode waterplant."" De kikker lachte. ""Nou, pak er maar een. Ik bewaké ze alleen maar, hoor!"" En toen mocht Pluisje een hele lekkere rode waterplant eten. Het smaakte net als een lekker snoepje!"
133,google/gemma-3-27b-it-fast,7_8,"Oké, luister!

Er was eens een hele oude kat. Hij heette Pluis, maar hij was helemaal niet pluizig meer. Zijn vacht was een beetje ruw en hij had heel veel rimpels. Pluis woonde bij een meneer die een winkel had, een winkel met allemaal kabouters. Niet echt echte kabouters natuurlijk, maar van hout en van klei en zo.

Pluis had een geheimpje. Hij kon praten! Maar hij deed dat niet vaak. Alleen als er niemand keek. Op een dag kwam er een jongen in de winkel. De jongen heette Finn. Hij pakte een klein houten kaboutertje op en Pluis zei zachtjes: “Die is heel stoer, weet je.”

Finn schrok zich kapot! Hij keek rond, maar meneer zat achter de kassa een boek te lezen. “Hee… heb jij dat gezegd?” vroeg Finn. Pluis knikte heel voorzichtig. Finn was super blij. Hij kwam elke dag naar de winkel om met Pluis te praten. Pluis vertelde allemaal verhalen over de kabouters en Finn lachte heel hard. Ze werden beste vrienden. En meneer, die merkte er helemaal niks van. Hij dacht dat Finn gewoon heel vrolijk was in zijn winkel."
134,google/gemma-3-27b-it-fast,7_8,"Oké, luister!

Er was ooit een kleine eekhoorn, Sammy, die woonde in een hele grote boom. Hij had een heleboel broertjes en zusjes, en zijn moeder was altijd druk bezig met het zoeken naar nootjes. Sammy was een beetje anders. Hij was heel nieuwsgierig.

Eén dag, toen zijn moeder weg was, keek Sammy naar beneden. Daar liep een meisje! Ze had een rode jas aan en een mandje. Sammy had nog nooit een meisje gezien. Hij klom naar beneden, heel voorzichtig, en volgde haar. 

Het meisje ging naar een picknickkleed en daar had ze cake! Sammy had nog nooit cake gezien! Het rook zo lekker. Hij sloop heel dichtbij en… plof! Hij zat op het kleed en pakte een stukje cake.

Het meisje schrok eerst, maar toen lachte ze. Ze gaf Sammy nog een stukje, en nog één. Sammy heeft de allerlekkerste middag van zijn leven gehad. Zijn moeder kwam later terug en was eerst boos, maar toen zag ze dat Sammy blij was. En het meisje gaf Sammy’s moeder ook een stukje cake! Het was superleuk."
135,google/gemma-3-27b-it-fast,7_8,"Oké, luister! 

Mijn buurvrouw, oma Riet, die heeft een kat. Niet zomaar een kat, hoor. Een heel dikke, grijze kat, die Noortje heet. Noortje is superlui. Die lag gisteren de hele dag op de vensterbank. Echt de hele dag!

Oma Riet had een heleboel bloemen in de tuin. Rode, gele, paarse… echt prachtig! Maar Noortje, die vond die bloemen niet zo leuk. Die vond een vlinder veel leuker. 

En raad eens wat er gebeurde? Noortje zag een vlinder! Een hele mooie, oranje vlinder. En toen sprong Noortje! Niet naar de vlinder, nee. Noortje sprong *in* de bloemen! 

Ploef! Alle bloemen gingen kapot. Oma Riet werd best boos. Ze zei: “Noortje toch! Wat heb je gedaan!” Noortje keek haar aan en miauwwwde. Alsof het niet haar schuld was! 

Maar later gaf oma Riet Noortje wel een extra snoepje. En Noortje lag weer op de vensterbank. Te slapen. Die kat is echt te gek, hoor."
136,google/gemma-3-27b-it-fast,7_8,"Oké, luister!

Er was eens een hele oude kat. Niet zo’n beetje oud, echt super oud! Hij heette Boris en hij woonde in een heel groot huis met mevrouw Jansen. Mevrouw Jansen had heel veel planten, en Boris… die sliep het liefst op de warmste plek tussen de planten!

Boris had een probleem. Er was een muis! Een hele kleine, snelle muis. Die muis had van alles gegeten: koekjes van mevrouw Jansen, kaas, en zelfs een stukje worst dat op de tafel lag. Boris probeerde hem te vangen, maar die muis was veel te snel.

Hij heeft uren geprobeerd, maar hij pakte hem niet. Hij sprong, hij rende, hij zat stil en loerde… niks! 

Toen kreeg Boris een idee. Hij deed alsof hij sliep tussen de planten. En ja hoor! De muis dacht, “Oeh, die kat slaapt, dan kan ik even eten!” Hij kwam dichterbij… en Boris sprong! Hij had ‘m! De muis was heel erg geschrokken, maar Boris was blij. Mevrouw Jansen was ook blij, want de muis had al haar koekjes opgegeten! 

Boris kreeg een bakje melk en mevrouw Jansen gaf hem een knuffel. En de muis? Die is weggestuurd!"
137,google/gemma-3-27b-it-fast,7_8,"Oké, luister!

Er was eens een hele oude kat, die Noortje heette. Noortje woonde bij meneer Van Dijk, die een winkel had met heel veel snoep. Noortje was echt al superoud, ze had een beetje vieze, pluizige vacht en één oog was helemaal dicht. 

Maar Noortje kon hele gekke dingen. Ze kon bijvoorbeeld, als je heel lief tegen haar zei “Noortje, snoepje!”, een snoepje laten verschijnen. Echt waar! Meneer Van Dijk zei altijd dat het een trucje was, maar iedereen weet dat het door Noortje kwam.

Eén keer was er een jongen, Tim, die had geen geld bij zich. Hij wilde zo graag een lolly, want het was heel warm. Hij zei zachtjes “Noortje… snoepje…”. En raad eens? Daar lag een rode aardbeilolly! Tim was heel blij en Noortje knipoogde met haar ene oog. 

Noortje is er nu niet meer, meneer Van Dijk zei dat ze naar de snoepparadijs is gegaan. Maar soms, als ik in de winkel kom, denk ik dat ik haar nog zie. Heel even, als ik een snoepje uitzoek."
138,google/gemma-3-27b-it-fast,7_8,"Oké, luister dan!

Mevrouw de eekhoorn was echt héél boos. Ze had net een supergrote noot gevonden, de allerbeste! En dan kwam Jasper, de duif, en die pikte ‘m gewoon op! 

Jasper vloog naar het hoogste tak van de boom en zat daar te wiebelen met de noot. Mevrouw de eekhoorn schreeuwde: “Geef die noot terug, Jasper! Dat is van mij!”

Maar Jasper lachte er maar om. “Vind je het niet leuk om te vliegen met een noot?” zei hij. 

Toen kwam Koos de raaf aan. Koos is heel slim. Hij dacht: “Ik pak die noot wel af!” Hij vloog naar Jasper toe en deed alsof hij Jasper wilde aanvallen. Jasper schrok zich kapot en liet de noot vallen!

De noot rolde en rolde en… plons! Hij viel recht in de vijver. Mevrouw de eekhoorn werd nog bozer! Ze probeerde de noot uit het water te vissen, maar het lukte niet.

Toen kwam Timo, de kleine vis, naar boven zwemmen. Hij had de noot opgegeten! “Smaakte goed!” zei hij. Mevrouw de eekhoorn zuchtte. Het was niet eerlijk. Ze had er zo'n zin in gehad!"
139,google/gemma-3-27b-it-fast,7_8,"Er was eens een hele kleine eekhoorn, genaamd Pips. Pips woonde in een heel groot bos met z'n mama en papa. Pips was nog niet zo goed in het verstoppen van nootjes, hij was er steeds één kwijt. 

Eén dag was het heel koud geworden en de winter was gekomen. Pips zijn mama had al heel veel nootjes verstopt. Pips moest ook nootjes gaan verstoppen, anders had hij niks te eten. Hij liep naar een grote boom en probeerde een nootje onder de wortels te stoppen, maar hij gleed uit! Het nootje rolde weg. 

“O nee!” riep Pips. “Nu ben ik hem weer kwijt!” 

Toen kwam er een lieve oude uil aan vliegen. “Wat is er, kleine eekhoorn?” vroeg de uil. Pips legde uit dat hij z'n nootje kwijt was. De uil lachte en zei: “Kijk maar goed rond, soms liggen dingen dichterbij dan je denkt!”

Pips keek en… daar lag het nootje! Pal naast z'n voet. Hij pakte hem snel op en stopte hem veilig onder de wortels. Pips was super blij! En vanaf die dag was hij een stuk beter in het verstoppen van nootjes."
140,google/gemma-3-27b-it-fast,7_8,"Oké, luister!

Er was eens een oude meneer, meneer Pastoor. Hij had een kat, een heel dikke, grijze kat. Noemden ze Smokey. Smokey was de allerbeste muizenjager van het hele dorp, echt waar! Maar hij was ook een beetje… eigenwijs.

Eén keer, toen meneer Pastoor een taart aan het bakken was, zat Smokey gewoon op het aanrecht! Hij had zijn poot in de beslag gezet en er liep allemaal glimmende suiker over zijn snorharen. Meneer Pastoor werd eerst boos, heel boos. “Smokey! Wat doe je nou?!”. 

Maar toen keek hij naar Smokey, die helemaal onder de suiker zat en zo gek leek te kijken met z’n ogen, dat hij moest lachen. Hij pakte een doekje en maakte Smokey schoon. En daarna mocht Smokey een heel klein beetje taart proeven. Niet veel hoor, want taart is niet goed voor katten. 

Smokey was daarna wel heel braaf, hij is zelfs een tijdje niet meer op het aanrecht geklauterd. Alleen maar als meneer Pastoor hem riep, om geaaid te worden natuurlijk. Want Smokey was toch wel een hele lieve kat, ook al was hij soms een beetje gek."
141,google/gemma-3-27b-it-fast,7_8,"Oké, luister…

Er was eens een hond, Spike. Spike was echt heel grappig, want hij had één oor dat hing en één oor dat stond. Hij woonde bij opa en oma in een heel klein huisje. Opa zei altijd dat Spike de beste waakhond was, maar Spike sliep bijna de hele dag!

Eén keer, toen opa en oma naar de markt waren, kwam er een kat in de tuin. Een heel gemeene kat, die zat te miauwen en te krabben aan de bloemen. Spike werd wakker en hij… hij gaf een hele grote slof! Niet aan de kat, hoor! Hij stootte tegen een pot met bloemen en die viel om. De kat schrok zich dood en is heel snel weggerend. 

Toen opa en oma terugkwamen, zagen ze de omgevallen pot. Ze waren eerst een beetje boos, maar opa lachte toen hij Spike’s hangende oor zag. “Die heeft de kat wel weggejaagd, denk ik toch!” zei opa. En Spike kwijlde gewoon verder. Hij was weer in slaap gevallen. Opa en oma vonden het stiekem best leuk."
142,google/gemma-3-27b-it-fast,7_8,"Oké, luister!

Er was eens een eekhoorn, die heette Pips. Pips was best een stoere eekhoorn, maar hij was ook heel bang voor vogels. Echt heel bang! Hij heeft namelijk een keer een vogel gezien die een noot probeerde te pakken die hij had begraven. Daardoor durfde hij nooit meer naar beneden te kijken. 

Pips woonde in een hele grote boom in het park. Zijn boom was de allerhoogste, dat was wel fijn. Maar hij wou eigenlijk heel graag de andere kant van het park bezoeken, waar de allerlekkerste hazelnoten lagen. Alleen moest hij daarvoor wel over een laag struiken en… ja, daar vlogen vogels!

Toen kwam er een lieveheersbeestje langs, Rupsje. Pips heeft aan Rupsje gevraagd of hij hem kon helpen. Rupsje zei: “Ik vlieg voor je uit en kijk of er vogels zijn!” En dat deed hij! Pips is heel voorzichtig over de struiken geklommen, en hij is heelhuids aan de andere kant gekomen. Hij heeft heel veel hazelnoten gegeten en hij was super blij! En hij was niet meer zo bang voor vogels."
143,google/gemma-3-27b-it-fast,7_8,"Kijk, mijn opa heeft een kat, Snap. Snap is niet zomaar een kat, hoor! Snap is echt heel bijzonder. Snap heeft namelijk een geheime superkracht. Niemand weet het, behalve ik, want ik heb het gezien! 

Snap kan onzichtbaar worden. Echt waar! Het gebeurde gisteren. Opa was op zoek naar zijn bril, en hij zei: ""Waar is mijn bril nou weer?"" En toen zag ik Snap, hij zat gewoon in de lucht te zweven, helemaal doorschijnend! En hij had de bril in zijn mond. 

Opa zag hem niet, hij bleef zoeken. Snap zette de bril op de tafel, en toen werd hij weer gewoon te zien. Opa pakte de bril en zei: ""O, daar is hij dan!"" Hij had helemaal geen idee dat Snap hem daar had neergelegd.

Snap keek naar mij en knipoogde! Hij vindt het zo leuk om opa te plagen. Ik heb het nog aan mijn moeder verteld, maar zij zei dat ik wel heel veel fantasie heb. Maar ik weet zeker dat het waar is. Snap is de stoerste, onzichtbare kat van de wereld!"
144,google/gemma-3-27b-it-fast,7_8,"Mam had een hele mooie vaas. Echt heel mooi, met bloemetjes erop en allemaal glitter. Die vaas stond altijd op de tafel, in de woonkamer. Niemand mocht er aan zitten, want mam zei dat hij heel breekbaar was. 

Maar vorige week, toen was opa op bezoek. En opa, die is een beetje een stuntelaar. Hij liep naar de tafel toe, om een koekje te pakken. En toen… boem! Opa stootte tegen de tafel. De vaas viel eraf.

Het ging heel langzaam, leek het wel. De vaas draaide rond en rond in de lucht. En toen, pats! Kapot! Overal stukjes glas en water. Mam werd super boos. Echt heel boos. 

Opa voelde zich heel erg slecht. Hij zei dat hij het niet meer durfde om bij ons op bezoek te komen. Maar toen kwam mijn kleine zusje, Lisa, aanlopen. Ze gaf opa een tekening van een nieuwe vaas. Met nog meer bloemetjes en glitters! En opa lachte weer. Mam ook. En toen hebben we met z’n allen de stukjes opgeruimd."
145,google/gemma-3-27b-it-fast,7_8,"Oké, luister!

Mevrouw de Eekhoorn, die was echt heel boos. Niet een beetje boos, nee, echt súper boos! Omdat meneer Das haar nootjes had gepikt. Je weet wel, die nootjes die ze heel zorgvuldig had verzameld voor de winter. Ze had ze verstopt onder de grote wortel van de oude eik, maar die Das, die had er gewoon een gat gegraven en ze eruit gehaald!

Mevrouw de Eekhoorn heeft hem toen achterna gezeten. Ze rende door het bos en ze schreeuwde: “Hé Das! Waarom heb je mijn nootjes gestolen?! Die had ik nodig!” Meneer Das rende heel snel, maar mevrouw de Eekhoorn was sneller.

Toen zag ze meneer Das bij de beek staan. Hij zat allemaal nootjes te eten! Ze werd nog bozer en ze begon te schelden… nou ja, eekhoorn-schelden dan. Meneer Das schrok zich rot en liet alle nootjes vallen. Hij zei dat hij ze zou terugbrengen en dat hij het nooit meer zou doen. En mevrouw de Eekhoorn, die was toen weer blij. Ze heeft wel gecheckt of hij echt alle nootjes terugbracht, hoor!"
146,google/gemma-3-27b-it-fast,7_8,"Oké, luister!

Er was eens een eekhoorn, die heette Sjoerd. Sjoerd was best wel een rare eekhoorn, want hij verzamelde geen nootjes. Hij verzamelde… knopen! Ja, echt waar! Overal vond hij knopen. Onder de bank in het park, bij oma in de tuin, zelfs op de juf haar jas! 

Hij had er al heel veel. Een grote berg in zijn hol. Rode, blauwe, groene, met glitter, zonder glitter. Echt alles! Maar hij wilde er nog meer. Hij had gehoord dat er in het bos van meneer Jansen de aller, aller, allerleukste knopen lagen.

Dus ging Sjoerd naar het bos. En ja hoor! Daar lagen ze! Overal! Maar er zat ook een grote, boze hond. Die blafte heel hard! Sjoerd werd bang en rende terug naar zijn hol. Hij had maar één knoop meegenomen, een hele mooie, paarse. 

Maar toen dacht hij: die hond is vast niet zo boos. Misschien is hij gewoon eenzaam. Dus ging Sjoerd de volgende dag terug, met de paarse knoop. Hij gaf de knoop aan de hond en de hond kwispelde! Vanaf die dag waren Sjoerd en de hond beste vrienden en verzamelden ze samen knopen."
147,google/gemma-3-27b-it-fast,7_8,"Oké, luister!

Er was eens een hele oude kat, Snorpoes. Snorpoes woonde bij een meneer, meneer Jansen. Meneer Jansen had een hele grote tuin, met een boom en allemaal bloemen. Snorpoes was altijd buiten, hij heeft de hele dag in de zon gelegen. En hij heeft heel veel muizen gevangen! Echt heel veel!

Maar Snorpoes was dus echt heel oud, en hij was een beetje doof geworden. Op een dag liep er een klein hondje, Bobbie, de tuin in. Bobbie blafte heel hard, ‘Waf! Waf!’ Maar Snorpoes hoorde het niet. Bobbie ging steeds dichterbij komen en toen duwde hij Snorpoes per ongeluk om! 

Snorpoes was heel boos en hij krabde Bobbie een beetje. Bobbie ging huilen! Meneer Jansen kwam naar buiten en hij zei: “Bobbie, wat is er gebeurd?” Bobbie wees naar Snorpoes. Meneer Jansen lachte en hij zei: “Snorpoes, je bent een beetje oud aan het worden, hè?” Daarna gaf meneer Jansen Snorpoes een bakje warme melk en Bobbie een koekje. En toen waren ze weer vrienden."
148,google/gemma-3-27b-it-fast,7_8,"Oké, luister goed!

Er was eens een eekhoorn, genaamd Pips. Pips was echt heel goed in het verstoppen van nootjes. Niet alleen in de aarde, nee, hij had ze overal verstopt! In schoenen die buiten stonden, in de bloempotten van mevrouw Jansen, zelfs in de postbus! 

Maar… Pips was ook een beetje vergeetachtig. Hij kon zich nooit meer herinneren waar hij ze allemaal had gedaan. Dus zocht hij altijd maar en zocht maar. Hij rende door het hele park. “Waar is nou die ene noot?” riep hij dan.

Op een dag was Pips echt verdrietig. Hij had een hele mooie, grote noot verstopt en hij kon hem nergens meer vinden! Toen zag hij Roos, een klein meisje, een nootje oppakken onder een bankje. Het was Pips’ nootje! Roos gaf hem het terug en Pips was super blij. Hij heeft Roos bedankt en daarna hebben ze samen nog meer nootjes gezocht. Pips heeft geleerd dat het handig is om te onthouden waar je dingen verstopt! En dat het nog leuker is om het met een vriend te doen."
149,google/gemma-3-27b-it-fast,7_8,"Oké, luister!

Er was eens een eekhoorn, die heette Sjoerd. Sjoerd was niet zomaar een eekhoorn, die had een héle speciale noot. Het was een gouden noot! Hij had hem gevonden onder de alleroudste boom in het bos. Hij had hem begraven, maar hij was hem weer kwijtgeraakt. 

Dus Sjoerd was heel verdrietig en hij zocht overal. Hij vroeg aan de konijn, en aan de vos, en zelfs aan de uil, maar niemand had de gouden noot gezien. Toen zag hij ineens Kikker. Kikker zat op een waterlelieblad en hij had iets in zijn hand! 

""Kikker!"" riep Sjoerd. ""Is dat… is dat mijn gouden noot?!""

Kikker lachte. “Ja, Sjoerd! Ik vond hem bij de rivier. Hij gleed een beetje weg, dus ik heb hem opgepikt.”

Sjoerd was super blij! Hij gaf Kikker een hele lekkere bes als dank en toen rende hij naar huis om de gouden noot goed te verstoppen. Nu wist hij zeker dat hij hem niet meer kwijtraakte! En hij had er een nieuwe vriend bij gekregen."
150,google/gemma-3-27b-it-fast,8_9,"Oké, luister!

Mijn opa heeft een hele speciale tuin. Niet zomaar met bloemetjes enzo. Nee, die tuin… die is een beetje geheim. Er staan allemaal rare planten die je nergens anders ziet. En er woont een egel, maar die is niet bang. Die egel, Noortje, die heeft een vriendje, een slak genaamd Sipko.

Sipko is heel langzaam, hé, dat weet iedereen. Maar hij is supergoed in verstoppertje. Want hij kan helemaal onder de groene blaadjes kruipen. Gisteren, toen ik bij opa was, zag ik Noortje en Sipko een wedstrijdje doen. Noortje moest Sipko vinden. 

Noortje heeft gerend en gesnuffeld tussen de planten. Hij is zelfs achter een hele grote zonnebloem gaan kijken! Maar Sipko was nergens te zien! Toen riep Noortje: “Waar zit je nou toch?” En toen… kwam Sipko uit een teekopje! 

Opa had een oude teekop in de tuin gezet en daar zat Sipko in verstopt! Noortje lachte zich helemaal kapot. Ik ook! Dat was echt het leukste wat ik ooit heb gezien in opa’s tuin. Ik hoop dat ik ze morgen weer kan zien spelen."
151,google/gemma-3-27b-it-fast,8_9,"Mijn opa heeft een hele oude kat, Sjaak. Sjaak is al heel erg oud, echt superoud! Hij is helemaal grijs en een beetje dik. Laatst is Sjaak verdwenen. Echt weg! Heel de middag zochten we. Mijn opa was heel verdrietig, die hield echt heel veel van Sjaak. We hebben onder de bedden gekeken, in de kasten, zelfs in de vuilnisbak, maar Sjaak was nergens te vinden. 

Toen hoorde mijn kleine zusje, Lisa, iets. Ze zei: “Ik hoor een gekraak!” We gingen naar de zolder. Daar, helemaal bovenin, zat Sjaak in een oude doos met kerstversiering. Hij had zich verstopt! 

Mijn opa was zo blij dat hij Sjaak een hele bak vol natvoer gaf. Sjaak heeft alles opgegeten! En daarna viel hij in slaap, lekker warm in de doos met de kerstballen. Nu past opa heel goed op Sjaak. Hij mag nooit meer alleen naar de zolder! Het was wel heel spannend, hoor."
152,google/gemma-3-27b-it-fast,8_9,"Oké, luister!

Mijn opa heeft een hele bijzondere kat gehad. Die heette Pluis, maar niet omdat hij zacht was, hoor. Pluis was een zwart-witte kat, een beetje dik en hij had altijd iets ondeugs in zijn ogen. 

Pluis woonde niet in een huis, Pluis woonde bij de bakker. Meneer Jansen, de bakker, gaf Pluis elke dag een beetje roomkaas. Echt veel roomkaas! En Pluis was super slim. Elke keer als er een kind een koekje kocht, zat Pluis op de stoep en keek die kind heel zielig aan. 

Meestal viel dat kind dan in tranen uit en gaf Pluis een stukje koekje. Soms lukte het Pluis ook om stiekem de winkel in te glippen en een croissant te pakken. Meneer Jansen werd daar vaak boos over, maar hij kon nooit lang boos blijven op Pluis. 

Pluis is er nu niet meer, maar mijn opa zegt dat Pluis de beroemdste kat van de hele stad was. En dat hij heel veel lekkers heeft opgegeten! Mijn opa heeft er heel veel foto’s van, die laat ik morgen misschien wel zien."
153,google/gemma-3-27b-it-fast,8_9,"Oké, luister!

Mijn opa heeft een hele oude kat, Noortje. Noortje is al zó oud, echt super oud. Ze ligt bijna de hele dag te slapen, in een mand of op de bank. Ze heeft een beetje een grijze snuit en haar oogjes zijn een beetje wazig. 

Gisteren gebeurde er iets heel grappigs. Mijn kleine broertje, Ties, die is net 3, probeerde Noortje wakker te maken. Ties dacht dat Noortje net een pop was! Hij ging aan haar staart trekken. Niet hard hoor, maar Noortje schrok zich een bult!

Ze gaf Ties een hele grote smoes en Ties begon te huilen. Mijn opa moest heel snel komen en Ties heeft heel lang op schoot gezeten. Noortje heeft daarna de hele middag onder de bank gezeten, ze was echt boos! 

Mama zei dat Noortje gewoon een beetje moe was en dat Ties het niet wist. Maar ik denk dat Noortje Ties een beetje heeft gestraft. Ze is echt een beetje eigenwijs, die Noortje. En ze is heel goed in slapen!"
154,google/gemma-3-27b-it-fast,8_9,"Oké, luister!

Mijn opa had een hele oude hond, Buster. Buster was superoud, echt heel oud! Hij had een grijze snuit en zijn pootjes waren een beetje krom. Opa zei dat Buster al geboren was toen hij zelf nog klein was. 

Buster kon niet meer zo goed lopen, dus opa had voor hem een wagentje gemaakt. Zo’n klein karretje op wielen. En Buster, die ging dan heel trots in dat wagentje zitten! Hij keek iedereen aan, alsof hij zei: ‘Kijk mij eens, ik ben een belangrijke hond!’

Eén keer waren we naar het strand gegaan. Buster zat in zijn wagentje en opa duwde hem over het zand. Toen zag Buster een kat. Hij sprong uit het wagentje, rende achter de kat aan en… plons! Hij viel in de zee!

Opa moest snel achter hem aan. Het was niet diep, maar Buster werd wel helemaal nat en hij was even bang. Opa heeft hem toen goed afgedroogd en Buster kreeg een extra groot koekje. Daarna ging hij weer in zijn wagentje zitten, lekker warm in de zon. Hij keek heel blij!"
155,google/gemma-3-27b-it-fast,8_9,"Oké, luister! Mijn buurvrouw, oma Riet, die heeft een kat. Niet zomaar een kat, hoor. Een super-dikke, oranje kat die Noortje heet. Noortje is echt altijd buiten. Echt altijd! En ze jaagt op alles wat beweegt.

Gisteren zag ik Noortje achter een vlinder aanrennen. Ze was echt heel snel, maar de vlinder vloog steeds hoger. Noortje sprong en sprong, maar ze kon er niet bij. Toen klom ze ineens in de appelboom! Echt heel hoog! 

Mijn broertje Thijs en ik waren heel bang dat ze er vanaf zou vallen. We riepen naar oma Riet, en die kwam gelijk naar buiten. Ze heeft Noortje voorzichtig uit de boom gehaald. Noortje was niet boos, die keek alleen maar heel sip. 

Later die dag lag Noortje te slapen op de schutting. En weet je wat? Ze droomde! Ik zag haar poten bewegen alsof ze weer achter een vlinder aan zat. Best grappig, hè? Oma Riet zegt dat Noortje gewoon een avonturier is. Ik denk het wel."
156,google/gemma-3-27b-it-fast,8_9,"Oké, luister…

De meneer van de dierentuin, meneer Kees, die had een héle speciale vogel. Geen papegaai, hoor! Echt een superrare vogel, met veren in alle kleuren van de regenboog. Die vogel kon praten! Niet zoals jij en ik, maar hij kon zinnen nazeggen. Meneer Kees leerde hem allemaal grappige dingen.

Eén keer, kwam er een hele belangrijke meneer van de gemeente kijken. Die meneer vond alles maar saai in de dierentuin. Hij zei: “Pfff, dit is echt niet spectaculair!” En toen, opeens, zei de vogel: “Niet spectaculair? Niet spectaculair!” precies zoals die meneer.

Iedereen moest lachen, zelfs die boze meneer! Hij werd helemaal rood in z’n gezicht. Meneer Kees zei toen: “Zie je nou, zo’n vogel maakt het wél spectaculair!” 

Daarna heeft die meneer van de gemeente heel veel geld gegeven, zodat meneer Kees een nieuwe glijbaan voor de apen mocht kopen. En de vogel? Die zat in zijn kooi en kon nog heel vaak “Niet spectaculair!” zeggen. Hij vond het zelf ook heel grappig. Echt waar!"
157,google/gemma-3-27b-it-fast,8_9,"Nou, het begon echt raar. Meneer Jansen, de bakker, die had ineens een groene snor! Echt waar! Niemand had het door, behalve ik en Roos. We zaten net voor de school buiten te spelen en toen zag ik het. Roos zei eerst dat ik gek was, maar toen meneer Jansen uit de winkel kwam om een brood te brengen aan mevrouw De Vries, zag zij het ook. 

Het was echt een hele felle groen kleur, alsof hij stukjes komkommer op zijn gezicht had geplakt. We hebben er stiekem foto’s van gemaakt met Roos haar telefoon. We dachten dat hij misschien verf had gebruikt, of dat hij een of andere grap uithaalde.

Toen zagen we een hele kleine kabouter uit de schoorsteen van de bakkerij komen vliegen. Hij had een heel klein flesje in zijn hand en hij spoot ermee op de snor van meneer Jansen! Toen werd de snor weer normaal. De kabouter zag ons en knipoogde! Daarna vloog hij weer de schoorsteen in. Roos en ik hebben echt niet kunnen geloven wat we gezien hadden. Die kabouter had de snor van meneer Jansen vast groen gemaakt! We zijn daarna gewoon naar school gegaan, maar we hebben het aan niemand verteld, want wie zou ons nou geloven?"
158,google/gemma-3-27b-it-fast,8_9,"Nou, het ging zo. Meneer Pietersen, die woont drie huizen verderop, die heeft een hele oude kat. Zo’n grijze, met hele lange snorharen. Die kat heet Pluis, maar die luistert nooit! 

Pluis is echt altijd buiten, en hij jaagt op alles. Gister zag ik hem achter een vlinder aanrennen in de tuin van mevrouw Jansen. Dat was heel grappig, want Pluis is echt superlangzaam. De vlinder vloog gewoon weg, natuurlijk.

Maar toen, toen gebeurde er iets heel raars! Pluis rende verder de tuin in en toen… plons! Hij viel in de vijver! Mevrouw Jansen schreeuwde en iedereen keek. Pluis zat helemaal nat in het water en zat te spetteren. Hij was echt boos!

Meneer Pietersen kwam snel aangerend en hij heeft Pluis uit de vijver gevist. Pluis schudde zich helemaal uit, overal zat water. Mevrouw Jansen gaf Pluis een handdoek en nu is hij weer lekker warm. Hij zit nu binnen, te spinnen op de bank. Ik hoop dat hij vandaag niet meer achter vlinders aan gaat. Anders valt hij weer!"
159,google/gemma-3-27b-it-fast,8_9,"Nou, eh… het ging over mijn opa. Mijn opa heeft een hele oude kat, Nelson. Nelson is al superoud, echt heel oud. Hij slaapt dus bijna de hele dag. Maar gisteren was Nelson heel anders. Hij zat naar buiten te kijken en hij werd steeds bozer! Zijn staart sloeg heen en weer en hij gromde. 

Mijn opa zat in zijn stoel te lezen, maar hij had het wel door. ""Wat is er, Nelson?"" vroeg hij. Nelson bleef naar dezelfde plek in de tuin kijken. Toen zagen we het ook! Er zat een eekhoorn! En die eekhoorn stal de nootjes van de vogels! Nelson vindt vogels superbelangrijk, die mag je niet pesten.

Nelson sprong naar beneden, maar hij is echt niet meer zo snel, hij tuimelde bijna! Hij rende naar buiten en de eekhoorn rende weg. Nelson zat heel trots te kijken. Hij had de tuin gered! Mijn opa lachte en gaf Nelson een lekker bakje melk. Nelson was weer helemaal blij, en hij ging weer slapen. Het is toch een held, die Nelson?"
160,google/gemma-3-27b-it-fast,8_9,"Nou, ik vertel een verhaal over mijn opa. Die heeft een hele oude kat, Snorre. Snorre is superdik en heel lui. Hij heeft altijd zon gehangen, zelfs als het regent. Vroeger was Snorre nog een jong katje en toen rende hij altijd door de tuin, achter vlinders aan. Mijn opa zegt dat Snorre toen nog heel snel was!

Maar nu… nou, nu sjokt hij alleen maar van de ene zonnestraal naar de andere. Laatst zag ik Snorre proberen om op de bank te springen, maar hij kwam niet eens halverwege! Hij gleed gewoon weer naar beneden. Het was echt heel grappig, maar ik lachte niet hard want ik wilde opa niet kwetsen.

Snorre kreeg altijd allemaal lekkere dingen van opa. Zalm, kip, soms zelfs een beetje worst! Opa zei dat Snorre dat verdiend had, omdat hij zo’n goede vriend was. En dat klopt, Snorre is een hele lieve kat, ook al is hij een beetje een dikzak. Hij spint altijd heel hard als opa hem aait. Echt, het is een hele fijne kat."
161,google/gemma-3-27b-it-fast,8_9,"Oké, luister!

Mevrouw Jansen, de oude vrouw van hiernaast, die heeft een kat. Niet zomaar een kat, hoor! Een héle dikke, oranje kat, die Nooitje heet. Nooitje is altijd buiten, en die is super nieuwsgierig. 

Gisteren zag ik Nooitje bij de bakker staan. Echt waar! Hij zat te kijken naar meneer Van Dijk die broodjes aan het vullen was met kaas. Nooitje had z’n neus helemaal op de ruit gedrukt. Meneer Van Dijk lachte hem, en hij gaf Nooitje zelfs een héél klein stukje kaas!

Toen kwam er een hond langs, een grote bruine labrador. Die begon te blaffen naar Nooitje, maar Nooitje gaf niet veel om de hond. Hij ging gewoon door met kijken naar de broodjes! De labrador vond dat maar niks en liep toen maar weg.

Mevrouw Jansen was daarna heel blij dat Nooitje veilig was. Ze zei dat Nooitje de slimste kat van de hele wereld is. Ik denk het ook wel. Hij heeft in ieder geval een héle goede smaak, want wie houdt er nou niet van kaas?"
162,google/gemma-3-27b-it-fast,8_9,"Oké, luister!

Mevrouw Jansen, die woont hier om de hoek, had een kat. Niet zomaar een kat hoor. Een super dikke, oranje kat, genaamd Pompom. Pompom was echt heel lui. Die heeft de hele dag geslapen of gegeten. 

Maar laatst, toen was het heel raar. Mevrouw Jansen was boodschappen gaan doen en Pompom zat buiten in de tuin. En toen kwam er een ekster! Die ekster probeerde de bril van meneer Jansen te pakken die daar lag. Die bril was echt duur, dat had ik gehoord!

Pompom, die werd opeens supersnel! Die rende achter de ekster aan, sprong in de lucht en… tja, die ekster liet de bril vallen! Pompom heeft ‘m toen teruggebracht naar binnen.

Toen kwam mevrouw Jansen terug en ze was heel blij. Ze heeft Pompom een hele grote bak natvoer gegeven. En vanaf die dag noemde ze Pompom niet alleen Pompom, maar ook ‘de held van de bril’! Dat is toch cool? Pompom was dus helemaal niet zo lui als iedereen dacht! Hij kon ook heel dapper zijn."
163,google/gemma-3-27b-it-fast,8_9,"Oké, luister...

Mijn opa had een hele oude kat, Noor. Die was al superoud, echt heel oud. Ze had een hele zachte vacht, maar ze was een beetje knorrig. Ze sliep bijna de hele dag in een mand bij de verwarming. 

Eén keer, toen ik bij opa was, zag ik Noor naar buiten sluipen. Ze ging de tuin in en liep naar de schuur. Ik dacht: wat doet zij daar nou? Ik ben haar stiekem gevolgd. 

Bij de schuur zat een heel klein vogeltje, op de grond. Het kon niet meer vliegen! Noor keek naar het vogeltje en… nou, ze ging er niet achteraan jagen ofzo. Ze ging naast het vogeltje zitten en ze likte heel voorzichtig aan zijn veertjes. 

Ik vond dat echt heel raar. Noor was toch een kat?! Maar het vogeltje leek niet bang. Later zag ik dat het vogeltje weer kon fladderen, een beetje wankel, maar het lukte! Misschien heeft Noor het geholpen. Ik heb het tegen opa verteld en hij zei dat Noor wel vaker gekke dingen deed, maar dat ze eigenlijk een heel lief beest was."
164,google/gemma-3-27b-it-fast,8_9,"Oké, luister!

Mijn opa heeft een hele oude kat. Hij heet Pluis, maar hij is helemaal niet pluizig meer. Hij is een beetje knorrig, Pluis. Hij heeft een zwarte vlek op z’n neus en één oog is altijd half dicht. 

Pluis heeft echt veel avonturen gehad. Opa vertelde dat Pluis, toen hij nog jong was, eens in een viskar is gesprongen. Echt waar! Hij zat daar tussen de haring en de kibbeling! De visboer was heel boos, maar Pluis vond het superleuk. Hij heeft de hele dag vis geprobeerd te stelen.

En vorige week… nou, vorige week is Pluis ontsnapt! We zochten overal, onder de auto, in de schuur, zelfs in de heg! We waren echt bang dat hij weg was. Toen hoorden we gekras. Pluis zat in de boom! Hoe hij daar is gekomen, weten we niet. Opa moest met een ladder komen en Pluis stond te spinnen toen opa hem had gepakt. Hij heeft de hele avond geslapen. Pluis is toch een gek beest, hè?"
165,google/gemma-3-27b-it-fast,8_9,"Oké, luister goed!

Er was eens een hele oude kat, Snorpoes. Snorpoes woonde bij een mevrouw die heel veel wol had. Echt heel veel! Snorpoes lag de hele dag te slapen tussen al die bolletjes wol. Hij vond het heel lekker, het was zo zacht. 

Maar Snorpoes had ook een geheim. Hij kon praten! Niemand wist dat, behalve de muis, Piep. Piep en Snorpoes waren beste vrienden. Ze hebben heel vaak samen gespeeld, verstoppertje tussen de wolbollen enzo.

Op een dag was mevrouw heel verdrietig. Ze had een heel groot gat in haar trui gemaakt, en ze kon het niet meer repareren. Ze zat te huilen. Snorpoes vond dat zielig. Hij sprong op de tafel en zei: “Ik kan helpen!”

Mevrouw schrok zich kapot! Een pratende kat! Snorpoes heeft toen mevrouw geleerd hoe ze het gat kon repareren met de wol. En daarna waren mevrouw en Snorpoes allebei heel blij. Piep de muis vond het ook heel leuk dat Snorpoes niet meer zo stil was. Hij heeft er zelfs een feestje voor gehouden met kruimeltjes koek!"
166,google/gemma-3-27b-it-fast,8_9,"Oké, luister even…

Mevrouw Jansen, de hamster van Thijs, is gisteren ontsnapt. Echt waar! Thijs was superboos. Hij heeft de hele middag gezocht, onder de bank, achter de kast, overal! Zijn moeder heeft geholpen. Papa ook. Maar Mevrouw Jansen was nergens te vinden. 

Thijs dacht dat ze weg was gelopen, naar het park misschien. Hij was echt heel verdrietig. Hij heeft zelfs een tekening voor haar gemaakt, met een heel groot worteltje erop, want dat vond Mevrouw Jansen het lekkerst.

Toen, net toen ze bijna opgaven, hoorde zijn kleine zusje Roos een gekke kriebel achter de gordijnen. En raad eens? Daar zat Mevrouw Jansen! Ze had een gat geknaagd in de gordijnen en zat daar een nestje te maken van allemaal papiertjes. 

Thijs was zo blij! Hij heeft haar meteen in haar kooi gezet en gaf haar een heel groot stuk wortel. Nu zit ze er weer veilig in en knaagt ze lekker door. Zijn moeder zei dat ze nu extra goed op de gordijnen moest letten. En Roos lachte, want ze vond het heel grappig dat Mevrouw Jansen een geheime kamer had gemaakt."
167,google/gemma-3-27b-it-fast,8_9,"Oké, luister…

Mevrouw Jansen, die altijd zo streng kijkt, die had een kat. Niet zomaar een kat, hoor. Een hele dikke, grijze kat, die Noortje heette. En Noortje, die kon best veel, maar ze kon niet jagen. Echt niet! Andere katten in de buurt, die gingen muizen vangen en vogels achtervolgen, maar Noortje, die lag meestal te slapen in de zon.

Maar er woonde ook een eekhoorn in de tuin van mevrouw Jansen. Die heette Piep. Piep was super slim en hij pestte Noortje altijd een beetje. Hij liet dan een nootje vallen naast haar snuit en rende dan snel weg. Noortje werd daar echt boos van, maar ze was te traag om hem te pakken te krijgen.

Eén keer… toen was Piep een nootje kwijtgeraakt. Hij zocht overal, maar hij kon hem niet vinden. Uiteindelijk zat het nootje vast aan Noortje haar vacht, haha! En Piep, die moest dan heel voorzichtig om Noortje heen, om het nootje terug te pakken. Mevrouw Jansen heeft er heel hard om gelachen. En Noortje… die keek gewoon heel trots. Vanaf die dag pestte Piep Noortje niet meer, hoor!"
168,google/gemma-3-27b-it-fast,8_9,"Oké, luister!

Mijn buurvrouw, oma Riet, die heeft een kat. Niet zomaar een kat hoor. Een heel, heel oude kat. Hij heet Pluis, maar hij is eigenlijk helemaal niet pluizig meer. Hij heeft heel weinig haar over.

Pluis lag altijd in de zon, in de tuin van oma Riet. Echt, urenlang! En hij keek naar de vogels. Hij probeerde ze soms te pakken, maar hij was te sloom. Pluis was namelijk superoud. Oma Riet zei dat hij wel twintig jaar was, dat is heel veel voor een kat!

Gisteren, toen ik buiten speelde, zag ik Pluis helemaal stil liggen. Heel raar. Hij bewoog niet. Ik werd een beetje bang en ik ben heel snel naar oma Riet gegaan. “Oma! Pluis ligt stil!” riep ik.

Oma Riet ging kijken en ze zei dat Pluis was ingeslapen. Voorgoed. Dat hij nu lekker sliep, in een zonnige droom. Ik vond het wel triest, hoor. Maar oma Riet zei dat Pluis een heel fijn leven heeft gehad en heel veel vogels had gezien. En dat hij nu nooit meer pijn zou hebben. Dat vond ik wel een goed idee."
169,google/gemma-3-27b-it-fast,8_9,"Nou, eh, mijn opa had dus een kat. Niet zomaar een kat hoor, echt een superkat! Hij heette Plons, omdat hij als kitten in een emmer water was gevallen. Een beetje gek, maar opa vond het grappig. Plons was helemaal zwart, behalve op z’n neusje, dat was wit. En hij kon dingen voelen aankomen!

Eén keer, we zaten met z’n allen te eten, en Plons ging heel raar doen. Hij rende heen en weer en miauwde echt heel hard. Heel vervelend, eigenlijk. Toen, een paar minuten later, ging de telefoon en was het mijn tante, die zei dat ze onderweg was. Plons had haar dus al geweten!

En Plons had nog een gave. Hij zat altijd in de schuur, bij de oude fietsen. Als je dan vroeg ‘Plons, is het vandaag droog?’, dan ging hij naar de deur kijken. En als hij naar het raam keek, dan ging het regenen. Echt waar! Dat had opa heel vaak getest. 

Plons is er nu niet meer, dat is heel jammer. Maar opa zegt dat hij nu in de hemel rondzwerft en iedereen waarschuwt voor regen. En dat hij nog steeds weet wie er komt."
170,google/gemma-3-27b-it-fast,8_9,"Oké, luister!

Mijn opa heeft een hele oude kat, Ploem. Ploem is echt superoud, en hij heeft maar één tand over. Die tand is een beetje scheef, echt grappig. Ploem heeft altijd buiten in de tuin gezeten, onder de appelboom. 

Eerst zat Ploem daar helemaal alleen. Maar toen kwam er een klein vogeltje, Pips. Pips was nog niet zo goed met vliegen, hij was steeds aan het oefenen. Ploem keek Pips gewoon aan, hij bewoog niet eens. Pips landde op de rug van Ploem! Ploem schrok een beetje, maar hij bleef stil liggen. 

Pips en Ploem zijn daarna supergoed bevriend geworden. Pips zat altijd op Ploem te kriebelen en Ploem warmde Pips op in de zon. Soms zocht Pips wormen en die gaf hij dan aan Ploem. Ploem kon de wormen niet zo goed opeten met die ene tand, maar hij probeerde het wel. Het was echt een heel lief gezicht, die twee. Gisteren zag ik ze weer samen, lekker slapen onder de appelboom. Ploem snoerde heel zachtjes!"
171,google/gemma-3-27b-it-fast,8_9,"Oké, luister! Mijn buurvrouw, tante Mien, die heeft een kat. Niet zomaar een kat hoor, een superdikke, oranje kater. Hij heet Pompom. Pompom is altijd buiten, maar hij is heel sneaky. 

Eerst was hij weggebleven, en tante Mien was heel verdrietig. Ze heeft overal gezocht, onder de auto’s, achter de schuur, zelfs in de boom! Maar Pompom was nergens te vinden. Toen zag mijn kleine broertje Stijn iets. Hij riep: “Kijk! Pompom! Op het dak!”

En ja hoor, daar zat hij. Pompom had zich helemaal vastgelopen op het dak van meester Jansen! Meester Jansen was niet blij. Hij zat net te lezen in zijn tuin. Pompom heeft toen heel voorzichtig naar beneden gekeken en toen sprong hij… recht in de trampoline van de familie De Vries!

Pompom heeft daarna de hele middag getrampolineerd. Stijn en ik mochten even mee, maar Pompom was de beste! Tante Mien was superblij dat hij weer thuis was, en meester Jansen lachte er ook om. Nu klimt Pompom niet meer op daken, dat beloofd hij."
172,google/gemma-3-27b-it-fast,8_9,"Oké, luister goed!

Er was ooit een eekhoorn, die heette Piep. Piep was echt de snelste eekhoorn van het hele bos. Hij was altijd aan het rennen en springen. Hij had een super gave plek om zijn nootjes te verstoppen, in een hele oude boom, met een gat erin. Niemand wist dat gat, behalve Piep natuurlijk.

Maar toen kwam er een vos, en die was ook heel slim. Die vos had Piep een keer zien rennen en die dacht: “Hé, die eekhoorn verstopt vast allemaal lekkere nootjes!” Dus de vos ging de boom in de gaten houden.

Piep kwam aanrennen met een hele grote noot. Hij had hem al heel ver moeten dragen! En toen zag hij de vos. Oh nee! Hij sprong snel de boom in en stopte de noot in het geheime gat. De vos keek en keek, maar hij vond het gat niet. 

De vos werd boos en ging weg. Piep lachte en pakte nog een noot. Hij was echt blij dat hij zijn nootjes kon bewaren voor de winter. En de vos? Die moest maar ergens anders zoeken naar eten!"
173,google/gemma-3-27b-it-fast,8_9,"Oké, luister dan...

Meneer de beer, die woonde in een heel groot bos. Hij had een winkel, een soort snoepwinkel, maar dan met honing. Echt veel honing! Van bloemenhoning tot bessenhoning, alles had hij. En iedereen kwam bij meneer de beer honing halen.

Maar er was één ding: de eekhoorns. Die waren heel gemeen. Ze kwamen altijd stiekem honing stelen! Meneer de beer had het door, want er was steeds een beetje honing weg. Hij werd er echt boos over.

Toen bedacht hij een plan. Hij deed allemaal piepkleine belletjes om de potten honing. Dus als de eekhoorns de honing pakten, dan rinkelde er een bel. De eerste keer rinkelde het en meneer de Beer sprong erheen. Hij zag een eekhoorn met een hele grote pot honing! De eekhoorn schrok zich dood en liet de honing vallen.

Vanaf die tijd stalen de eekhoorns nooit meer honing. Ze hadden geleerd dat meneer de beer ze te pakken kreeg. En meneer de beer? Die verkocht gewoon weer vrolijk al zijn honing. Hij was super blij!"
174,google/gemma-3-27b-it-fast,8_9,"Oké, luister dan.

Mijn buurvrouw, oma Riet, die heeft een kat. Niet zomaar een kat, maar Toos! Toos is heel oud, echt superoud, en ze is heel knorrerig. Meestal ligt ze gewoon te slapen in de vensterbank, maar gisteren… gisteren was het raar.

Oma Riet was boodschappen doen en ik was buiten aan het voetballen met Finn. Toen zag ik Toos, ze zat in de boom! Ja, in de boom! Echt hoog, tussen de takken. En ze keek naar beneden, heel boos.

Ik dacht eerst dat ze daar geklommen was, maar dat kan toch niet? Toos is veel te oud om in bomen te klimmen! Toen zagen we een eekhoorn. Die zat met een noot te pronken voor Toos, heel dichtbij haar neus! De eekhoorn gooide de noot zelfs naar haar!

Toos werd helemaal woest en probeerde de eekhoorn te pakken, maar dat lukte niet, dus ze klom in de boom… om hem te vangen!  We hebben heel hard gelachen, Finn en ik.  Oma Riet vond het ook heel grappig toen ze terug was. Ze heeft Toos uit de boom gehaald met een lange stok. Toos was niet blij."
175,google/gemma-3-27b-it-fast,8_9,"Oké, luister dan.

Mijn opa heeft een héle oude kat, Snorremans. Snorremans is al net zo oud als opa, zegt ie altijd. Nou, dat is best oud! Snorremans heeft een hele rare gewoonte. Die gaat ’s nachts altijd naar de zolder. 

Mijn broertje, Tim, denkt dat Snorremans daar stiekem muizen jaagt. Maar opa zegt dat Snorremans daar de verhalen bewaart. Ja, verhalen! Opa zegt dat de zolder vol zit met verhalen die mensen vergeten zijn. En Snorremans luistert naar die verhalen en denkt erover na. 

Een keer hebben we geprobeerd om stiekem met Snorremans mee te gaan naar de zolder. We hebben heeeel lang gewacht tot opa sliep, en toen zijn we stilletjes achter Snorremans aan geslopen. Maar toen we op de zoldertrap stonden, hoorden we een gekraak. We waren super bang en zijn toen snel weer naar beneden gerend.

Snorremans heeft ons nooit verteld wat die verhalen waren. Hij kijkt je gewoon aan met z’n oude ogen en knippert langzaam. Misschien is het ook wel beter dat we het niet weten. Want opa zegt dat sommige verhalen een beetje eng zijn."
176,google/gemma-3-27b-it-fast,8_9,"Oké, luister!

Mevrouw Jansen, de kat van de bakker, die was echt super sneaky. Die zat altijd in de winkel te loeren, maar niet voor de knuffels ofzo. Nee, die wilde alleen maar de worst! De bakker, meneer Pieter, die maakte de lekkerste rookworst die je je maar kunt bedenken. Echt, iedereen in de hele buurt kocht die worst.

En mevrouw Jansen, die wist dat ook. Die kat kon heel slim sluipen. Eerst ging ze heel schattig miauwen bij de deur, zodat meneer Pieter dacht: “Oh, wat een lief katje!” En dan, als meneer Pieter even weg was om geld terug te geven, sprong mevrouw Jansen op het aanrecht!

Ze pakte dan zo’n worst en… plof! Ze rende ermee naar buiten. Meneer Pieter werd altijd heel boos, maar hij kon er niet veel aan doen. Mevrouw Jansen was gewoon te snel. Laatst heeft ze zelfs twee worstjes tegelijk gepikt! Echt waar! En weet je wat het gekste is? Die worstjes at ze niet eens op. Ze sleepte ze naar meneer Van Dijk, de oude man verderop, en legde ze voor zijn deur. Niemand weet waarom!"
177,google/gemma-3-27b-it-fast,8_9,"Oké, luister!

Mijn opa heeft een hele oude motor. Zo’n blinkende, chromen. Echt stoer! Hij heeft ‘m al superlang, nog van toen hij jong was. 

Laatst ging opa met de motor naar de winkel. Hij had snoep beloofd, lekkere drop. Maar toen hij terugkwam… was de motor weg! Echt waar! Hij stond niet meer voor de winkel. Niemand had ‘m gezien. 

Opa werd heel boos en ook een beetje verdrietig. Hij heeft de politie gebeld, en die gingen zoeken. Iedereen in het dorp zocht mee!

Uiteindelijk vonden ze de motor. In het bos! Er zat een grote, zwarte kater bovenop. Die zat daar te slapen, op het zadel! Hij had hem daar blijkbaar geparkeerd.

Opa moest heel erg lachen. Hij zei dat die kater een motor-dief was. En hij gaf de kater toch nog een stukje drop. En daarna gingen ze lekker rijden. Alleen de kater kreeg geen helm. Dat vond opa niet goed."
178,google/gemma-3-27b-it-fast,8_9,"Oké, luister!

Mijn opa heeft een kat, Pluis. Pluis is heel anders dan andere katten. Die andere katten, die jaagden op muizen enzo, maar Pluis…die deed echt aparte dingen. 

Gisteren, toen ik bij opa was, zag ik Pluis. Hij zat in de regen te kijken! Niet onder een afdakje ofzo, nee, gewoon middenin. En hij deed alsof hij een dirigent was! Hij zwaaide met zijn pootjes alsof hij een heel orkest leidde. 

Toen kwam oma buiten met een paraplu. Ze riep: “Pluis, kom nou naar binnen, je wordt nat!” Maar Pluis negeerde haar gewoon. Hij bleef zwaaien, en de regen viel steeds harder. Oma moest lachen. 

Uiteindelijk ging de regen stoppen. Pluis sprong van de stoep af en rende naar binnen, helemaal doorweekt! Hij schudde zich en toen ging hij op oma’s schoot liggen. Hij was helemaal tevreden. Opa zei dat Pluis denkt dat hij de regen laat stoppen met dirigeren. Echt waar! Een dirigerende kat, dat heb je toch niet vaak!"
179,google/gemma-3-27b-it-fast,8_9,"Oké, luister dan. 

Mijn opa heeft een poes, Cato. Cato is heel bijzonder. Niet omdat ze heel lief is, want dat is ze niet altijd. Nee, Cato kan… verdwijnen. Echt waar! Niet in een doos ofzo, maar gewoon… poef, weg.

Mijn opa zei dat ze dat vroeger al deed, toen hij een klein jongetje was. Hij heeft Cato gevonden bij de molen, als een klein, zwart kittentje. En sindsdien is Cato gek. Op de zon. 

Want als de zon schijnt, en Cato buiten is, dan is ze soms even weg. Gewoon, je kijkt en ze is er niet meer. En dan, als de zon achter een wolk gaat, dan ploft Cato weer op de veranda. Alsof ze gewoon even een zonbadje zat te nemen… in de lucht! 

Vandaag was het heel mooi weer, dus opa en ik zaten buiten. Cato zat precies in de zonnestraal te slapen. Ik keek even weg, en toen… weg was ze! Ik riep: “Opa! Waar is Cato?” En opa lachte alleen maar. “Wacht maar even,” zei hij. En toen, inderdaad, kwam de zon weer tevoorschijn en plof! Cato zat weer te slapen. Echt supercool, toch?"
180,google/gemma-3-27b-it-fast,8_9,"Oké, luister!

Mijn opa heeft een hele oude kat, Snuffel. Snuffel is al superoud, echt veel ouder dan ik. Hij heeft een heel grappig gezicht, met een beetje een platte neus. En hij slaapt de hele dag, echt álles wat hij doet is slapen!

Maar gisteren gebeurde er iets heel raars. Mijn opa zat in zijn tuin, en Snuffel lag natuurlijk te slapen op een stoel. Toen kwam er een héle grote vlinder voorbij. Zo’n geel exemplaar. En Snuffel… Snuffel sprong op! Niet zomaar een sprong, hij sprong superhoog!

Hij probeerde de vlinder te vangen, hij rende er achteraan, door de hele tuin! Opa moest heel erg lachen. Dat had niemand verwacht, Snuffel die staat te springen! Hij is normaal zo lui.

Snuffel heeft de vlinder niet gepakt, die vloog weg. Maar daarna was Snuffel helemaal moe. Hij ging weer op zijn stoel liggen en viel gelijk in slaap. Opa zei dat Snuffel even jong was geweest voor een momentje. En ik geloof hem wel!"
181,google/gemma-3-27b-it-fast,8_9,"Oké, luister!

Mijn opa heeft een hele oude kat, Cato. Cato is echt superoud, ze is al bijna zestien! Ze heeft een beetje vieze oogjes soms, maar opa zegt dat dat hoort bij oude katten. 

Cato kon vroeger heel snel klimmen, dat heeft opa wel eens verteld. Ze klom in bomen en op het dak van de schuur. Maar nu… nou, nu lukt dat niet meer zo goed. Ze probeert het wel, maar dan waggelt ze een beetje en komt ze niet verder dan een meter hoog. We hebben allemaal wel eens hard moeten lachen, stiekem.

Gisteren was Cato verdwenen. Echt, helemaal weg! We hebben overal gezocht, onder de bank, achter de kast, zelfs in de prullenbak! En toen, toen hoorden we een heel zacht miauw. Cato zat… in de vaas! Een grote, lege vaas in de gang. Hoe ze daar in is gekomen, geen idee. 

Opa heeft haar er voorzichtig uitgehaald. Ze zag er niet blij uit, maar ze heeft wel een extra bakje melk gekregen. Nu ligt ze te slapen op opa’s schoot en dat is maar goed ook. Want Cato, die heeft een heel avontuur gehad!"
182,google/gemma-3-27b-it-fast,8_9,"Mama Katrien had een hele bijzondere poes. Die heette Pluis, maar Pluis was niet zomaar een poes. Pluis kon praten! Niet zoals wij, met woorden, maar iedereen *begreep* Pluis.

Vroeger was Pluis een gewone straatkat, heel mager en vies. Mama Katrien heeft haar toen gevonden en ze heeft Pluis lekker opgeknapt met melk en eten. En toen, opeens, kon Pluis je gewoon aankijken en je wist precies wat ze dacht.

Gisteren was er iets heel raars gebeurd. De buurman, meneer Janssens, had een gloednieuwe taart gebakken, een met slagroom en aardbeien. Superlekker zag het eruit! Pluis zat op het raam te kijken en toen zag ik hoe haar ogen heel groot werden. Ze keek naar mij en ik *wist* meteen: meneer Janssens is vergeten de taart in de koelkast te zetten!

Ik ben toen heel snel naar meneer Janssens gegaan en ik zei: “Meneer Janssens, uw taart!” Hij was heel blij dat ik het zei, want anders was de slagroom helemaal gesmolten. Pluis heeft me wel een blik gegeven, alsof ze zei: “Nou, goed gedaan hoor!” Ze is echt een toffe poes, Pluis."
183,google/gemma-3-27b-it-fast,8_9,"Oké, luister even allemaal.

Mijn opa had een hele oude kat, Catoetje. Catoetje was superdik en ze had altijd zonnebrilletje op. Nou ja, niet écht een zonnebrilletje, maar haar oogleden waren altijd half dicht. Ze lag de hele dag in de vensterbank en keek naar de vogels. 

Eén keer, toen ik bij opa was, zag ik Catoetje heel raar doen. Catoetje sprong! Ze sprong op de tafel en ze pakte een koekje. Opa had net koekjes gebakken, met chocolade. Catoetje had nog nooit een koekje gepakt, ze at altijd alleen natvoer. 

Opa schreeuwde: ""Catoetje! Laat dat koekje!"" Maar Catoetje rende ermee weg, naar de achtertuin. Ze at het koekje helemaal op onder de rozenstruik. Het was zo grappig! Catoetje had chocola over haar snuit. Opa moest heel hard lachen. Daarna mocht Catoetje stiekem nog één koekje, maar die at ze wel op opa's schoot."
184,google/gemma-3-27b-it-fast,8_9,"Oké, luister!

Mevrouw Jansen, die had een kat, maar niet zomaar een kat. Die kat, Noor, kon dingen voorspellen. Echt waar! Als Noor heel hard zat te spinnen en tegen je aanliep, dan ging het regenen. En als ze heel stil zat te kijken naar de brievenbus, dan kwam er bezoek.

Eén keer was het heel raar. Noor zat de hele dag onder de bank. Echt, ze kwam er niet onder vandaan. Mevrouw Jansen, die werd een beetje bang. 'Wat is er nou aan de hand?' zei ze. En toen… toen ging er een ballon opstijgen in de tuin! Een hele grote rode ballon.

En weet je wie die ballon had vastgebonden? De buurman, meneer Pietersen! Hij had zijn kleinzoon beloofd om een ballon op te laten. Maar hij was het vergeten. Noor had het wel gezien! Ze wist het gewoon. Mevrouw Jansen zei dat Noor een superheld was. En dat vond ik ook. Want hoe kan een kat nou weten dat er een ballon komt? Dat is toch supercool?"
185,google/gemma-3-27b-it-fast,8_9,"Oké, luister!

Mijn opa heeft een hele oude kat, Snorremans heet ie. Snorremans is echt superoud, hij is al helemaal grijs en soms gaat ie een beetje waggelen. Snorremans heeft heel lang buiten geleefd, voordat opa hem vond. Opa zei dat Snorremans helemaal alleen zat te janken in de tuin van de meneer Van Dijk. 

Snorremans heeft echt alles meegemaakt. Hij heeft een keer een vogel bijna gevangen, maar die vloog net op tijd weg. En hij heeft zich een keer verstopt in een doos met kerstversiering. Dat vonden we allemaal heel grappig!

Gisteren is er iets heel raars gebeurd. Snorremans zat op de vensterbank te kijken naar de vogels en toen… toen sprong hij! Niet naar beneden, hoor! Snorremans sprong *naar binnen* bij de buurvrouw! Die mevrouw Jansen schrok zich een bult. Ze had net een taart gebakken en Snorremans zat opeens in de taart! Opa moest hem eruit halen en mevrouw Jansen moest een nieuwe taart bakken. Snorremans vond het allemaal niet zo erg, hij likte de restjes van de taart van zijn snorharen. Hij is echt een gekkie, die Snorremans!"
186,google/gemma-3-27b-it-fast,8_9,"Oké, luister…

Mijn opa had een hele oude kat. Noemde hij Pluis, maar Pluis was helemaal niet pluizig. Hij was heel zwart en een beetje dik. Opa zei dat Pluis al heel lang bij hem woonde, langer dan ik leefde!

Pluis was een beetje gek. Hij sliep altijd op de kranten, en niet naast de kranten, er *op*. En als je dan de krant wilde pakken, moest je heel voorzichtig doen, anders werd hij boos. 

Eén keer, toen mijn oma taart had gebakken, sprong Pluis op tafel! En hij ging aan de taart likken. Echt waar! Mijn oma werd een beetje boos, maar opa lachte. Hij zei: “Die Pluis, die kan er niks aan doen, die is gewoon een taart-monster!”

Pluis heeft daarna wel heel veel water gedronken. En hij ging heel erg liggen slapen. Opa heeft hem toen weer op de kranten gelegd. Pluis werd nooit meer boos op mij, dat was best wel lief. Ik denk dat hij stiekem ook van taart hield."
187,google/gemma-3-27b-it-fast,8_9,"Oké, luister!

Mijn buurvrouw, mevrouw Jansen, die heeft een kat. Een hele dikke, grijze kat, die Noortje heet. Noortje is echt super lui. Die ligt de hele dag te slapen op een stoel in de tuin. 

Maar gisteren… gisteren was Noortje niet lui! Gisteren zag ik iets heel raars. Er kwam een hele kleine eekhoorn in de tuin. Die rende heel snel over de schutting en toen… plons! Die viel in het zwembadje van de kinderen van de buren! 

Noortje, die normaal nooit rent, sprong meteen op. Ze rende naar het zwembadje en keek. Ze heeft even gewacht, en toen sprong ze erin! Ja, echt! Ze heeft die eekhoorn naar de kant geduwd en die is toen heel snel de boom in gerend. 

Mevrouw Jansen stond te kijken. Ze zei dat Noortje een heldin is. Echt waar! En nu, nu krijgt Noortje extra veel snoepjes. En ik denk dat ze er stiekem best trots op is, ook al doet ze alsof ze niks bijzonders heeft gedaan."
188,google/gemma-3-27b-it-fast,8_9,"Oké, luister!

Meneer de uil zat op een heel hoge tak. Hij had een bril op, echt! Dus zo'n… nou ja, een uilenbril, die zat vast met een elastiekje. En hij zat te kijken naar Roos. Roos is een meisje, die woont in het bos. Roos was heel verdrietig, want ze had haar knuffelkonijn kwijtgeraakt. 

Ze heeft overal gezocht, echt overal! Onder de struiken, achter de bomen, zelfs in de modderpoel! Maar Konijn was nergens te vinden. Ze heeft al helemaal gehuild, Roos. 

Meneer de uil zag dat en hij zei, heel zachtjes: “Kijk eens omhoog!” Roos keek omhoog en… daar zat Konijn! In de tak van de boom! Hij was daar geklommen toen hij vlinders had achtervolgd, maar hij was toen vast komen zitten. 

Roos was super blij! Ze heeft Konijn voorzichtig van de tak gehaald en die konijn heeft meteen Roos een knuffel gegeven. Meneer de uil knipoogde. Hij vond het heel leuk om Roos te helpen. En Roos… die beloofde dat Konijn nooit meer zo hoog in de boom zou klimmen."
189,google/gemma-3-27b-it-fast,8_9,"Oké, luister!

Meneer Dassen was een heel oude das. Echt heel oud! Hij woonde in een boomhol en hij had een hele mooie tuin met bloemen. Maar meneer Dassen was een beetje verdrietig. Hij had héél lang geleden een blauwe veer kwijtgeraakt. Die veer had hij gekregen van zijn opa. 

Hij heeft overal gezocht, echt overal! Onder de bloemen, achter de boom, zelfs in de vijver! Maar hij kon hem niet vinden. 

Toen kwam er een klein meisje, Lisa, in de tuin. Ze zag meneer Dassen zitten en vroeg wat er aan de hand was. Meneer Dassen vertelde over de veer. Lisa is heel goed in zoeken. Ze heeft de tuin helemaal afgezocht. En raad eens wat? Ze vond de veer! Hij lag een beetje verborgen onder een grote zonnebloem. 

Meneer Dassen was super blij! Hij gaf Lisa een hele mooie rode aardbei uit zijn tuin. Ze was helemaal happy en meneer Dassen ook. Hij zei dat Lisa de allerbeste veer-zoeker ter wereld was. En ze speelden samen in de tuin tot het donker werd."
190,google/gemma-3-27b-it-fast,8_9,"Nou, het begon allemaal met Siem. Siem is de kat van meneer Van Dijk, die woont drie huizen verderop. Siem is echt een stoere kat, helemaal zwart en hij heeft supergrote ogen. Hij liep altijd een beetje te loeren, weet je, alsof hij iets uit probeert te vinden.

Vorige week zag ik Siem in de boom zitten. Een hele hoge boom! Ik dacht: hoe is die daar nou gekomen? En toen zag ik Floor, de kleine zus van Joris, daar staan en roepen: “Siem, kom naar beneden!” Maar Siem deed niks. Hij zat daar te kijken naar een vogel.

Toen is Joris gekomen. Joris is al tien, dus die is heel goed in klimmen. Hij is de boom in geklommen en hij heeft Siem voorzichtig van de tak gepakt. Siem vond het niet zo fijn en hij gaf een beetje een klauw, maar Joris hield hem stevig vast.

Samen zijn ze naar beneden geklommen. Meneer Van Dijk was heel blij toen hij Siem weer had. Hij gaf Joris een pak koekjes! En ik, ik vond het gewoon heel spannend om te zien. Siem is echt een gekke kat, maar Joris is een held."
191,google/gemma-3-27b-it-fast,8_9,"Nou, ik ga jullie iets vertellen over mijn oma's kat, Minoes. Minoes is echt superoud, ze is al heel lang ziek en sliep eigenlijk altijd. Echt altijd! Maar gisteren gebeurde er iets heel raars. 

Mijn oma zat in de tuin en ze had net een kopje thee gezet. En Minoes, die lag dus te slapen op de veranda. Normaal is ze echt niet buiten, want ze is te oud en te zwak. Maar toen, ineens, sprong ze op! Ze rende, echt super snel, de tuin in. Ze is achter een vlinder gaan zitten, zo'n oranje, heel mooi.

We hebben haar echt niet meer teruggezien. Mijn opa en oma hebben overal gekeken, onder de struiken, achter de schuur, zelfs in de regenpijp! Maar nergens Minoes. We dachten dat ze echt verdwaald was.

Maar toen, heel laat, hoorden we gekrijs. En raad eens? Minoes zat in de boom! Zo hoog! Niemand wist hoe ze daar gekomen was. Uiteindelijk heeft mijn opa haar eraf gehaald met een lange stok en een deken. Nu ligt ze weer te slapen, maar ze heeft wel een heel spannend avontuur gehad, hè? En ze heeft de vlinder niet te pakken gekregen, dat wel."
192,google/gemma-3-27b-it-fast,8_9,"Oké, luister dan!

Mijn opa had een hele oude kat, Noortje. Ze was super oud, echt heel oud! Ze heeft al heel lang bij mijn opa gewoond, nog voordat mijn moeder geboren was, geloof ik. Noortje was helemaal grijs en haar snorharen stonden alle kanten op. 

Noortje deed bijna nooit iets meer, behalve slapen en eten. En kijken. Ze heeft heel vaak naar buiten gekeken, naar de vogels in de tuin. Eén keer, toen ik bij opa was, zag ik dat Noortje heel lang naar een merel keek. Ze zat helemaal stil en haar ogen werden heel klein. 

Toen sprong ze! Niet hoog natuurlijk, Noortje was oud. Maar ze heeft geprobeerd de merel te pakken te krijgen. Ze viel om, plof! En de merel vloog lachend weg. 

Mijn opa en ik hebben heel erg gelachen. Noortje keek heel boos, maar ze probeerde niet meer te springen. Ze ging gewoon weer liggen slapen in de zon. Noortje was een beetje gek, maar hij was de liefste kat die er was. Opa zegt dat Noortje nu een hele lange slaap heeft, en dat ze droomt over merels."
193,google/gemma-3-27b-it-fast,8_9,"Oké, luister!

Mevrouw Jansen, de kat van de bakker, die was echt super slim. Niet zoals een gewone kat hoor, nee, deze kat kon dingen bedenken! Dus, de bakker, meneer Van Dijk, die had altijd problemen met hele lange rijen voor de winkel. Echt súper lang, helemaal tot de bushalte soms!

Mevrouw Jansen, die zat dan altijd voor de deur en keek. Op een dag zag ze dat mensen steeds naar de bloemenwinkel aan de overkant keken. Daar stond een meneer altijd met hele mooie bloemen. 

Toen bedacht mevrouw Jansen iets! De volgende dag sleepte ze allemaal lege bloempotten van de bakker naar buiten. Echt heel veel! En ze zette ze voor de winkel, in een lange rij. Ze moest heel hard werken, maar ze had het voor elkaar.

En raad eens? Iedereen ging kijken naar de bloempotten! Niemand stond meer in de rij voor brood, ze wilden weten wat er in de potten zou komen. En meneer Van Dijk, die kon eindelijk rustig brood verkopen. Mevrouw Jansen kreeg een hele bak vis voor haar slimme idee! Dat vond ze écht lekker."
194,google/gemma-3-27b-it-fast,8_9,"Oké, dus… er was eens een super oude kat. Die heette Snorremans. Nou, Snorremans woonde bij opa en oma in de tuin. En die tuin was echt heel groot! Echt, je loopt er makkelijk een uur rond. Snorremans was niet zomaar een kat, hoor. Die kon praten!

Op een dag zag Snorremans een klein meisje, Roos, in de tuin. Roos was heel verdrietig omdat ze haar knuffelkonijn kwijt was. Snorremans liep naar haar toe en zei: “Wat is er aan de hand?” Roos schrok zich kapot, want een pratende kat, dat had ze nog nooit gezien! Ze vertelde dat ze Konijn kwijt was. 

Toen zei Snorremans: “Ik heb Konijn gezien! Hij is achter de grote rozenstruik gaan zitten.” Roos rende meteen naar de rozenstruik en ja hoor, daar zat Konijn! Ze was zo blij! Ze gaf Snorremans een hele dikke knuffel en sindsdien waren Roos en Snorremans de allerbeste vrienden. En Snorremans, die zat altijd in de tuin te wachten op Roos. Hij had al heel veel dingen verloren gevonden, die Snorremans!"
195,google/gemma-3-27b-it-fast,8_9,"Oké, luister even.

Mijn opa heeft een hele oude kat, die heet Pluis. Pluis is heel raar, want die houdt niet van vis! Echt niet. Niemand gelooft het, maar het is waar. Mijn opa heeft wel eens een stukje zalm voor haar neus gelegd, maar dan draait Pluis haar hoofd weg. Bah! 

Pluis heeft wel een gekke hobby. Die verzamelt knopen. Ja, knopen! Overal vindt ze knopen. Onder de bank, in de tuin, zelfs een keer in de soep van mijn oma! Mijn opa zegt dat ze ze bewaart voor een speciale reden, maar hij weet niet precies wat. 

Gisteren, toen ik bij opa was, zag ik Pluis met een hele grote, glimmende knoop spelen. Ze rolde ermee over de vloer en ze trapte ertegenaan. Toen… toen rolde de knoop onder de kast! En Pluis, die is daar achteraan gegaan. Maar ze kwam er niet meer uit! Mijn opa en ik hebben haar er samen uit gehaald. Pluis was niet boos, ze gaf gewoon een kopje en ging weer knopen zoeken. Ze is echt de allergekste kat van de hele wereld!"
196,google/gemma-3-27b-it-fast,8_9,"Oké, luister!

Mijn opa heeft een hele oude kat, Snorremans heet ie. Snorremans is echt superoud, die heeft al heel veel winters meegemaakt, zegt opa. En Snorremans kan heel goed klimmen! Echt waar! 

Opoe had laatst een hele lekkere taart gebakken, een appeltaart met suiker erop. Die lag op de vensterbank af te koelen. Niemand mocht eraan komen, want die was voor de visite van tante Els. 

Maar toen, toen zag Snorremans de taart. En hij is heel slim, die kat. Hij is gewoon op de stoel gesprongen en toen op de tafel. En toen… ja, toen sprong hij op de vensterbank! Iedereen was helemaal stil. Want Snorremans zat in de taart! Met zijn pootjes en al!

De taart was helemaal kapot, en Snorremans had appelmoes op zijn snor. Opoe lachte, en papa ook. Zelfs tante Els, toen ze kwam! Ze zei dat het de allerliefste kat was die ze ooit gezien had. Snorremans mocht van opa daarna wel een klein stukje taart. Hij vond het lekker!"
197,google/gemma-3-27b-it-fast,8_9,"Mama had een hele oude kat, Noortje. Noortje was superlui en ze heeft bijna de hele dag geslapen. Echt, de hele dag! Ze lag dan op de bank, of op een stoel, of zelfs in een doos. 

Eén keer, toen ik van school kwam, zag ik Noortje niet. Ik heb overal gezocht! Onder het bed, achter de gordijnen, zelfs in de keuken! Papa zei dat ze vast buiten zat. Maar Noortje ging nooit buiten, ze was te bang voor auto’s enzo.

Toen hoorde ik een heel zacht miauwen. Het kwam uit de kast! Ik deed de deur open en daar zat Noortje, helemaal bovenin, tussen allemaal dekens en kussens. Ze had er een soort nest gemaakt! 

Ze keek me aan met haar grote ogen en toen sprong ze in mijn armen. Het bleek dat oma haar daar had verstopt, omdat oma dacht dat Noortje het koud had. Noortje vond het wel prima, lekker warm en knus! Ik vond het wel heel stom dat ze verstopt was. Ik was zo bang dat haar misschien iets was overkomen!"
198,google/gemma-3-27b-it-fast,8_9,"Oké, luister!

Mijn opa heeft een hele oude kat, Ploem. Ploem is al heel, heel oud. Echt superoud. Hij slaapt de hele dag, maar hij heeft wel één favoriet, en dat is mevrouw Jansen van hier verderop. Ze geeft hem altijd lekkere stukjes kipfilet. Echt, superlekkere kipfilet!

Gister ging Ploem naar mevrouw Jansen. Hij is al een tijdje niet meer buiten geweest, dus hij was een beetje bang. Hij liep heel voorzichtig over de straat, maar toen kwam er een hond! Een hele grote, blaffende hond. Ploem werd doodschrik en sprong op de boom. 

Hij zat daar helemaal bovenin, te trillen. Mevrouw Jansen zag het gebeuren en ze heeft de hond weggejaagd. Ze heeft Ploem uit de boom gehaald en hem heel veel geknuffeld. En toen… toen gaf ze hem drie stukjes kipfilet! Ploem was super blij en mevrouw Jansen ook. Ze zei dat Ploem de held van de dag was omdat hij zo goed in de boom kon klimmen. Nu slaapt Ploem weer, lekker voldaan."
199,google/gemma-3-27b-it-fast,8_9,"Oké, luister!

Mevrouw Jansen, de kat van de bakker, is echt super slim. Echt waar! Ze heeft gisteren iets heel grappigs gedaan. Mevrouw Jansen zat dus op de schutting, te kijken naar de vogels. Er waren een heleboel mussen. En toen kwam de hond van meneer De Vries voorbij, Boris. Boris is zo’n grote, lompe boef, die jaagt altijd op katten.

Mevrouw Jansen zag Boris al aankomen en toen… toen deed ze alsof ze een vogeltje was! Ze ging piepen, heel zachtjes, en ze bleef héél stil zitten. Boris rende helemaal voorbij, want hij dacht dat het gewoon een vogel was! Hij keek wel even raar op, maar hij rende gewoon door. 

Daarna sprong mevrouw Jansen lachend van de schutting af. Ik heb het zelf gezien! En daarna heeft ze een lekker stukje worst gestolen van de bakker, maar dat is een ander verhaal. Mijn moeder zei dat mevrouw Jansen vast heel blij was dat Boris haar niet had gezien. Ze is echt de slimste kat van de hele buurt, denk ik!"
200,google/gemma-3-27b-it-fast,9_10,"Oké, luister dan…

Mijn opa had een hele oude schommel in de tuin. Niet zo’n normale, maar eentje van touw en een stuk hout. Die had hij zelf gemaakt, toen mijn vader nog klein was. En die schommel… die kon toveren.

Nee serieus! Mijn vriend Tim geloofde me eerst niet, maar het is echt waar. Tim was bij mij komen spelen en we schommelden heel hoog. Toen sloot Tim zijn ogen en wenste hij dat hij een hond had. Een supergrote, bruine hond.

En toen, toen we stopten met schommelen, stond er opeens een hond! Echt waar! Een hele grote, bruine hond! Tim sprong op en af en hij was helemaal blij. De hond likte hem in zijn gezicht.

We hebben die hond de hele middag uitgelaten en ermee gespeeld. Die avond, toen Tim naar huis ging, verdween de hond weer. We dachten dat we het gedroomd hadden, maar de volgende dag zat er een bruine haar op mijn opa’s schommel. En Tim zei dat hij nog steeds een beetje hondengeur aan zijn broek had.

Nu schommelen we vaak, maar we hebben nog niet weer iemand of iets laten verschijnen. Misschien moet je wel heel hard wensen…"
201,google/gemma-3-27b-it-fast,9_10,"Oké, luister!

Mijn opa had een hele oude radio. Zo’n ding met knoppen en een draaiknop. Hij zei dat hij ‘m al had toen hij zelf een kind was. Echt superoud dus! En die radio kon meer dan alleen muziek. Opa zei dat hij soms stemmen ving van héél ver weg. 

Eén keer, toen ik bij opa was, zette hij de radio aan. Het kraakte een beetje, zoals altijd. En toen hoorden we een stem. Niet van de radio, maar gewoon… in de kamer! Die stem zei: ‘De sleutel ligt onder de roos…’ We keken elkaar heel raar aan. 

Opa lachte en zei: ‘Dat is kapitein Blauwbaard! Die stuurt altijd geheime boodschappen!’ Kapitein Blauwbaard was een piraat die opa had bedacht. We zijn toen meteen naar de tuin gegaan en ja, onder de roos lag een oude, roestige sleutel!

We hadden geen idee waar die sleutel van was. Maar later vond opa een heel oud speelgoedkistje. De sleutel paste precies! In de kist zaten allemaal oude knikkers en een kompas. Kapitein Blauwbaard had de schat verstopt! Het was echt supercool. Opa zei dat de radio gewoon een speciale antenne had voor piraten. Ik geloofde hem meteen."
202,google/gemma-3-27b-it-fast,9_10,"Oké, luister!

Er was eens een mol die heette Morris. Morris woonde in een heel groot park, maar hij *had* altijd zin in avontuur. Niet dat hij niet van zijn tunnel hield, maar hij *wilde* gewoon eens iets anders zien. 

Eén dag, terwijl hij aan het graven was, stootte hij op iets hards. Het bleek een soort doos te zijn! Hij *heeft* er heel hard aan moeten trekken, maar hij kreeg hem open. En raad wat erin zat? Een bril! Een hele mooie, glimmende bril.

Morris *heeft* hem opgezet en ineens zag hij álles veel duidelijker! Hij zag bloemen die hij nog nooit *heeft* gezien, een heel klein beestje op een blaadje, en verderop, in de verte, zag hij een heel groot meer! 

Hij *is* meteen naar het meer gerend, en daar *heeft* hij een eend ontmoet. De eend zei: ""Wat een mooie bril heb je, Morris!"" Morris *heeft* lachend teruggekeken. Hij *heeft* nog nooit zo'n leuke dag gehad. En hij *heeft* de bril natuurlijk nooit meer af gedaan. Hij *ging* daarna gewoon weer graven, maar nu zag hij veel meer!"
203,google/gemma-3-27b-it-fast,9_10,"Meneer Jansen, de bakker, die had echt een probleem. Elke nacht, als de winkel dicht was en hij de deur op slot had gedaan, gebeurde er iets raars. Hij had het eerst niet door, maar toen zag hij de sporen. Eerst waren het kruimels, heel veel kruimels, op de toonbank. En daarna lagen er taartjes half opgegeten op de grond!

Meneer Jansen dacht eerst dat hij het zich verbeeldde, want hij was al een beetje moe 's avonds. Maar toen zag hij een heel klein voetspoor in het meel. Het was geen menselijk voetspoor, dat wist hij zeker. 

Hij is toen een nachtje in de winkel gaan slapen, verstopt achter de stapel brood. En toen gebeurde het! Een heel klein muisje, maar niet zomaar een muisje. Deze muis droeg een mini-chefskokmuts en had een piepklein mesje vast! Hij klom op de toonbank, sneed een stukje van een chocoladetaart en at het op! Meneer Jansen schrok zich kapot. 

Hij heeft de muis niet weggejaagd. Hij heeft hem een eigen mini-taartje gegeven en sinds die tijd komt de muis elke nacht even langs voor een hapje. Niemand weet het, behalve meneer Jansen natuurlijk. En nu ik het jullie vertel… psst!"
204,google/gemma-3-27b-it-fast,9_10,"Oké, luister!

Meneer de Vos was echt de slimste. Niet slim zoals in school, maar slim in stiekem dingen doen. Hij heeft een heleboel kippen gepikt van boer Jansen. Echt heel veel! Boer Jansen werd er knettergek van. Hij zei altijd: ""Die vos, die pakt nog m'n hele boerderij!""

Maar meneer de Vos had een probleem. Zijn buik. Hij had zoveel kippen gegeten, dat hij er helemaal dik van werd. Hij paste niet meer in zijn hol! Dus hij probeerde te bewegen, te rennen, maar hij bleef maar rondwapperen als een bal. 

Toen zag hij een eend. Die eend had een hele lange nek. Meneer de Vos dacht: ""Als ik die eend maar een beetje irriteer, dan gaat hij zijn nek strekken en kan ik misschien door de opening kruipen.""

Dus meneer de Vos ging achter die eend aan en bleef maar 'kwak kwak' roepen. De eend werd super boos en strekte zijn nek héél lang. Meneer de Vos probeerde eronderdoor te glippen, maar hij zat vast! Hij zat helemaal klem. Boer Jansen kwam aanlopen en pakte meneer de Vos. Hij was niet blij! Die vos had echt pech gehad."
205,google/gemma-3-27b-it-fast,9_10,"Er was eens een hond, Spike. Hij was echt super stoer, maar ook een beetje dom. Hij woonde bij meneer Jansen, een oude man met een hele lange baard. Spike had een favoriete bal, een knalrode. Hij heeft er altijd mee gespeeld, overal! 

Op een dag ging meneer Jansen naar de winkel. Hij zei: “Pas goed op de bal, Spike!” Spike knikte heel hard, alsof hij het begreep. Maar toen meneer Jansen weg was, zag Spike een vlinder. Hij is hem gaan achterna! 

De vlinder vloog de tuin uit, over het hek. Spike sprong erachteraan! Hij rende en rende, helemaal naar het bos. De vlinder was nergens meer te zien. Spike keek om zich heen en toen… was hij verdwaald! Hij begon te blaffen, heel hard. Gelukkig hoorde een meisje hem en ze bracht Spike terug naar meneer Jansen. Meneer Jansen was heel blij en gaf Spike een hele grote boterkoek. Spike heeft de bal daarna nooit meer uit het zicht verloren, echt nooit meer!"
206,google/gemma-3-27b-it-fast,9_10,"Oké, luister dan.

Mijn opa had een hele oude kat, die heette Minoes. Niet omdat hij nieuw was, hoor! Opa zei dat hij Minoes noemde omdat hij net zo nieuwsgierig was als de kat uit dat boek. Minoes was heel raar. Hij sliep altijd in de schoenen van opa. En niet een beetje, hij propte zichzelf er helemaal in! 

Eén keer was opa op zoek naar zijn wandelschoenen. Hij moest naar de dokter. Hij keek in de kast, onder de bank, overal! Toen hoorde hij een heel zacht gemurmel. Hij keek in de schoenen en ja hoor, Minoes zat er weer in. Opa moest echt lachen. 

Maar toen sloeg het probleem toe! Opa kon zijn schoenen niet aantrekken met Minoes erin. De dokter wachtte al. Uiteindelijk heeft opa Minoes heel voorzichtig eruit gehaald en toen zijn schoen aangetrokken. Minoes was niet blij, hij miauwde heel hard. Opa zei: ""Je bent echt een rare bol, Minoes!"" En Minoes keek hem gewoon aan, net alsof hij dacht: ""Nou en?"""
207,google/gemma-3-27b-it-fast,9_10,"Oké, luister!

Er was ooit een oude meneer, meneer Stil, die woonde in een heel klein huisje in het bos. Niemand had hem al super lang gezien. Er gingen allemaal verhalen over hem. Sommige kinderen zeiden dat hij een tovenaar was, en andere dat hij heel veel goud had verstopt.

Maar meneer Stil was helemaal geen tovenaar en hij had ook niet zoveel goud. Hij had gewoon een héleboel katten! En die katten… die waren su-per ondeugend. Ze hadden altijd kattenstreken! Ze hadden alle bloemen uit zijn tuin gerold en ze hadden alle wollen sokken van meneer Stil gestolen!

Eén keer, toen meneer Stil boodschappen was gaan doen, hadden de katten de hele keuken omgegooid. Overal strooide er meel en er lagen eieren over de vloer. Toen meneer Stil terugkwam, was hij eerst boos. Maar toen zag hij al die katten in de meel zitten en hij moest lachen. 

Daarna maakte hij een gigantische berg snoep voor ze. Want zo was meneer Stil, hij kon niet boos blijven op zijn katten, ook al waren ze heel erg ondeugend! En iedereen in het dorp zei dat meneer Stil de gelukkigste man was, ook al woonde hij alleen in dat kleine huisje in het bos."
208,google/gemma-3-27b-it-fast,9_10,"Oké, luister dan. 

Mijn buurvrouw, oma Riet, die heeft een kat. Niet zomaar een kat, hoor. Een heel oude, dikke kat, die Noortje heet. Noortje lag altijd in de zon, op de vensterbank. Echt, de hele dag! 

Maar gisteren… gisteren was het raar. Noortje zat niet op de vensterbank. Oma Riet was haar overal aan het zoeken. Ze riep: ""Noortje? Waar ben je nou?"" Ze keek onder de bank, achter de gordijnen, zelfs in de prullenbak!

Toen hoorden we een piepgeluid. Echt heel zachtjes. We zijn gaan kijken en… Noortje zat vast! In de boom in de tuin! Niemand wist hoe ze daar gekomen was. Ze zat op een tak, heel hoog.

Mijn papa heeft de ladder gepakt en is naar Noortje toe geklommen. Noortje was best bang, ze krabbelde een beetje. Papa heeft haar voorzichtig van de tak gehaald. Oma Riet was superopgelucht. Ze gaf Noortje een hele grote kom melk en Noortje heeft de hele avond geslapen. Nu ligt ze weer op de vensterbank, te zonnen. Ze heeft wel een beetje spijt gehad van haar avontuur, denk ik."
209,google/gemma-3-27b-it-fast,9_10,"Oké, luister dan.

Mijn opa had een kat. Niet zomaar een kat, hoor. Een superdikke, oranje kater, die Noortje heette. Noortje was altijd buiten. Altijd! En die kat, die had een geheim. Niemand wist het, maar ik zag het wel. 

Noortje had een vriendje. Een eekhoorn! Ja, echt waar. Die eekhoorn, Sjaak, zat altijd in de grote eik in de tuin. En Noortje...die ging altijd onder de boom zitten kijken. Ze praatten niet, nee, maar ze zaten gewoon samen.

Eén keer zag ik dat Sjaak een noot naar beneden liet vallen. Die rolde recht voor Noortje haar neus! Noortje keek naar de noot en toen naar mij. Het leek wel alsof hij zei: ‘Kijk, een cadeautje!’ 

Vorig jaar is Sjaak helaas weggetrokken. Misschien had hij een nieuw bos gevonden. Noortje zat toen heel lang onder de boom te kijken. Hij was een beetje verdrietig, denk ik. Nu jaagt hij vooral op vogels, maar ik denk dat hij Sjaak nog steeds mist. Echt waar."
210,google/gemma-3-27b-it-fast,9_10,"Oké, luister! 

Er was eens een bever, Boris, die woonde in een heel groot bos. Boris was niet zomaar een bever, hij was superhandig. Hij had al een heel mooi huis gebouwd, maar hij wilde er nog een zwembad bij. Echt een zwembad met een glijbaan!

Hij had al heel veel stokken verzameld, maar die waren nog niet genoeg. Toen zag hij Bram, een eekhoorn. Bram had een heleboel nootjes verstopt in een boom, maar hij kon er niet meer bij! De tak was afgebroken.

“Hé Bram,” riep Boris, “ik kan je wel helpen! Ik kan een nieuwe tak maken en die vastzetten.” Bram was super blij. Samen hebben ze de tak gemaakt en vastgezet. Bram gaf Boris alle nootjes die hij niet meer nodig had, en Boris gebruikte de nootjes om zijn zwembad te versieren! 

Het zwembad werd heel mooi, met nootjes als decoratie. En Boris en Bram zijn heel goede vrienden geworden. Ze hebben vaak samen gezwommen en van de glijbaan gegleden. En Bram kreeg altijd genoeg nootjes, want Boris hielp hem altijd!"
211,google/gemma-3-27b-it-fast,9_10,"Meester Haas had een hele oude kat, Noortje. Die kat was echt superoud, iedereen zei dat ze al wel 100 jaar oud was! Ze lag altijd op het schoolplein te slapen, bij de zonnebloemen. Niemand mocht haar wakker maken, want dan werd ze heel boos.

Eén keer, toen Siem zijn bal per ongeluk tegen Noortje aan gooide, sprong ze op! Niet om Siem aan te vallen, maar om heel snel achter de bal aan te jagen. Ze rende zo snel, echt heel snel! Niemand had ooit gezien dat Noortje zo hard kon lopen. Ze pakte de bal en bracht hem terug naar Siem. 

En toen… toen ging ze weer liggen slapen, alsof er niks was gebeurd. Siem dacht eerst dat hij het gedroomd had, maar hij had de bal terug. Vanaf die dag dachten we allemaal dat Noortje stiekem een superheld was. Een hele oude, superheldenkat die dol was op balspel. En we durfden haar nooit meer wakker te maken. Dat was toch wel eng!"
212,google/gemma-3-27b-it-fast,9_10,"Oké, luister!

Mijn buurvrouw, oma Riet, heeft een kat. Niet zomaar een kat, hoor. Meneer Pluis heet hij, en hij is superoud. Echt, ik denk wel tien kattenjaren of zo. Hij heeft een beetje een rommelige vacht en één oog is altijd half dicht. 

Gisteren zag ik Meneer Pluis in de tuin zitten, vlakbij de heg. Hij zat daar heel stil te kijken naar een slak. Niet om hem op te eten, denk ik, want hij had helemaal geen zin om te jagen. Hij keek er gewoon naar, heel geconcentreerd. De slak kroop supersnel over een steen en Meneer Pluis probeerde hem met zijn poot te pakken te krijgen, maar hij was te langzaam.

Toen kwam opa Jan, de man van oma Riet, buiten. Hij lachte en zei: “Kijk, Pluis, je bent net een oude man die naar een race kijkt!” Meneer Pluis keek naar opa Jan en toen weer naar de slak. Hij gaf een soort zuchtje en ging toen lekker in het zonnetje liggen slapen. Ik denk dat hij droomde over hele snelle slakken. Het was best grappig om te zien."
213,google/gemma-3-27b-it-fast,9_10,"Oké, luister!

Mevrouw Jansen, de buurvrouw van oma, die heeft een kat. Niet zomaar een kat hoor, een supergeheimzinnige kat. Hij heet Pluis, maar hij doet helemaal niet pluizig aan, hij is pikzwart. Pluis is eigenlijk een soort detective. Echt waar!

Vorige week was de postbode zijn sleutels kwijt. Hij werd helemaal gek, want zonder sleutels kon hij geen post bezorgen. Iedereen zocht, overal, maar nergens de sleutels. Toen zag Pluis iets. Hij zat naar een heg te kijken en bleef maar miauwen. 

Mevrouw Jansen ging kijken en wat denk je? Daar lagen de sleutels, verstopt onder een grote braambus! De postbode was super blij. Hij zei dat Pluis hem echt had geholpen. 

Sindsdien noemen we Pluis hier allemaal de ‘Sleutelkat’. Hij doet wel vaker rare dingen, maar mevrouw Jansen zegt dat hij gewoon heel slim is. Hij heeft bijvoorbeeld een keer een verdwaalde hamster gevonden, en een keer een knuffel die was weggerold. Ik weet zeker dat Pluis nog veel meer geheimen oplost! Hij is echt een heldenkater."
214,google/gemma-3-27b-it-fast,9_10,"Nou, het gebeurde dus met opa’s duif, Pluim. Pluim was echt super slim, die kon je alles leren. Opa zei altijd: “Die duif, die snapt meer dan jij denkt!” 

Pluim woonde in een hok achter de schuur, en normaal vloog hij gewoon een rondje en kwam dan weer terug. Maar op een dag, toen opa een beetje ziek was, is Pluim weggevlogen. Echt heel ver weg. Niemand had hem gezien.

Mijn broertje Timmy en ik waren super verdrietig. We hebben dagenlang naar de lucht gekeken, maar niks. Toen, een week later… hoorden we gekoer! Niet in de tuin, maar bij de bakker! 

We zijn rennend naar de bakker gegaan en ja hoor! Daar zat Pluim, op de schouder van de bakker! Bleek dat Pluim elke dag een kruimeltje brood kwam halen. De bakker had hem een beetje eten gegeven en Pluim bleef terugkomen. 

Toen opa weer beter was, hebben we Pluim opgehaald. Hij vloog meteen terug naar zijn hok. Opa lachte en zei: “Zie je wel? Die duif is een held!” Het was echt super spannend geweest."
215,google/gemma-3-27b-it-fast,9_10,"Nou, het verhaal gaat over meneer Pietersen. Meneer Pietersen woonde helemaal alleen in een heel oud huis. En hij had een kat, Snorpoes. Snorpoes was echt superdik en heel lui. Die kat heeft de hele dag alleen maar geslapen. 

Meneer Pietersen was een uitvinder. Hij heeft altijd rare dingen gemaakt. Laatst heeft hij een machine gebouwd die mensen kon laten lachen. Maar die machine werkte niet goed. Die machine maakte mensen heel boos! Ze schreeuwden en liepen weg. 

Toen was meneer Pietersen heel verdrietig. Hij zat op een stoel en hij keek naar Snorpoes die weer aan het slapen was. En toen, opeens, liep Snorpoes tegen de machine aan en…boem! De machine begon te werken! En iedereen die het hoorde, begon te lachen. Echt superhard. 

Snorpoes bleek dus de sleutel te zijn! Meneer Pietersen was superblij en hij gaf Snorpoes een hele grote vis. En Snorpoes, die sliep gewoon verder. Die had het niet eens door."
216,google/gemma-3-27b-it-fast,9_10,"Oké, luister dan.

Mijn opa had een hele oude kat, Snorpoes. Echt superoud. Snorpoes had al zo lang geleefd dat hij bijna niks meer deed. Hij sliep de hele dag, en als hij wakker was, zat hij gewoon te kijken. Echt te gek.

Maar Snorpoes was niet zomaar een kat. Opa zei altijd dat Snorpoes dingen kon zien, dingen die wij niet konden zien. Zoals spoken ofzo. Ik geloofde het eerst niet, maar toen gebeurde er iets raars.

Het was laat, en iedereen sliep al. Ik moest opeens naar de wc. Toen ik terugliep, zag ik Snorpoes naar de gang staren. Hij zat heel stijf en zijn haren stonden overeind. Toen zag ik het ook. Een soort schaduw, die heel langzaam van de kamer aan het eind van de gang naar ons toe kwam.

Ik werd echt bang! Ik rende terug naar mijn kamer en kroop onder mijn dekens. De volgende ochtend vroeg ik aan opa wat Snorpoes gezien had. Opa lachte en zei: “Dat was vast weer een vriend van hem.” Ik weet niet of ik het geloof, maar sinds die nacht kijk ik altijd even naar Snorpoes als ik ’s nachts wakker word."
217,google/gemma-3-27b-it-fast,9_10,"Oké, luister… Mijn buurvrouw, mevrouw Jansen, die heeft een kat. Geen gewone kat, echt niet. Die kat, Noortje, is super slim. Ze kan duren open maken! Echt waar!

Mevrouw Jansen had laatst nieuwe vis gekocht. Héél veel vis, want haar zoon kwam langs. Ze had de vis in de keuken gelegd, op het aanrecht. En toen ging ze even boven haar planten water geven.

Noortje zat in de woonkamer, te kijken. Toen zag ze de vis, en ze dacht: “Hmm, die ruikt lekker!” Ze is naar de keuken geslopen. En weet je wat ze gedaan heeft? Ze heeft aan de lade getrokken waar de theedoeken in zitten. Die gingen open! En daarin zat ook het mes. Ze heeft met haar poot aan het mes getrokken, en daarmee de plastic bak open gemaakt. 

Toen at ze de vis op! Echt allemaal! Toen mevrouw Jansen weer beneden kwam, was de bak leeg en zat Noortje helemaal onder de visschubben te likken. Mevrouw Jansen werd eerst heel boos, maar toen moest ze lachen. Noortje keek haar aan en miauwde heel lief. Ze heeft er niks van terug gezegt, maar Noortje kreeg wel geen vis meer die dag."
218,google/gemma-3-27b-it-fast,9_10,"Nou, er was dus een oude meneer, meneer Stil. Hij woonde helemaal aan het eind van de straat in een heel klein huisje. Niemand ging daar vaak naartoe, want hij was echt superstil. Echt, je hoorde hem nooit!

Maar Lisa en Tim, die waren supernieuwsierig. Ze hadden gehoord dat meneer Stil een hele bijzondere tuin had. Met bloemen die in het donker glommen! Dus, gisteren zijn ze stiekem naar zijn tuin gegaan. 

Het was al bijna donker en toen zagen ze het. Wow! De bloemen lichtten echt op! Heel zacht, in allemaal kleuren. En er zat een klein beestje bij, een soort glimworm, maar dan met vleugels.

Tim wilde hem pakken, maar Lisa zei: ""Nee! Kijk, het beestje landt op de bloemen. Misschien is hij wel de baas van het licht!"" En toen zagen ze meneer Stil. Hij stond bij de deur te kijken en glimlachte. Hij zei een beetje zacht: “Het zijn lichtjes, kinderen. Lichtjes voor iedereen die het maar wil zien.” Daarna knikte hij en ging weer naar binnen. Ze vonden het echt vet."
219,google/gemma-3-27b-it-fast,9_10,"Oké, luister!

Mijn opa had een hele oude kat, Snorremans. Snorremans was al superoud, echt heel oud. Hij heeft al heel vaak een dutje gedaan, op de stoel, op de bank, zelfs in de plantenbak! Maar hij was nog steeds heel slim.

Eén keer, toen mijn opa op vakantie was, en mijn oma dus alleen thuis was, gebeurde er iets raars. Snorremans zat op de vensterbank te kijken naar buiten. En ineens ging hij heel raar doen! Hij sprong van de vensterbank af en rende naar de voordeur. Hij krabde en miauwde en rende weer terug. 

Mijn oma begreep er niks van. Ze heeft even gekeken en zag toen een man staan, bij de deur. Die man had een hele grote tas en hij keek heel sneaky rond. Snorremans was hem aan het waarschuwen! 

Mijn oma belde de politie en die man is weggegaan. Later bleek dat hij in huizen aan het inbreken was! Mijn oma zei dat Snorremans een held was. En hij kreeg extra veel snoepjes, natuurlijk. Snorremans heeft echt mijn oma gered! Best cool, hè?"
220,google/gemma-3-27b-it-fast,9_10,"Oké, luister!

Meneer Jansen, de bakker, die had dus een hele oude kat. Noemden ze Minoes. Maar die Minoes was echt super sneaky. Niet dat ze gemeen was ofzo, maar ze stóéf altijd dingen. Zoals, laatst… Meneer Jansen had net een hele stapel stroopwafels gebakken, zo’n berg! Hij legde ze even op een tafel, achteraan in de winkel, en ging dan de bestellingen klaarmaken.

En toen! Minoes, die sloop stiekem naar de tafel. Ze klom erop, zo behendig, en probeerde er eentje te pakken te krijgen. Dat lukte niet helemaal, ze duwde er eigenlijk gewoon één van de stapel af. Die stroopwafel rolde, rolde, rolde… recht in de handen van Tim, die net pannenkoeken kwam halen.

Tim keek eerst heel verrast, en toen begon hij te lachen. Meneer Jansen kwam kijken wat er aan de hand was en zag Minoes op de tafel zitten, met stroop om haar snor. Hij moest ook lachen! Nu mag Minoes nooit meer in de bakkerij komen als er verse stroopwafels zijn. Echt niet! Ze is gewoon te moeilijk te weerstaan, die Minoes."
221,google/gemma-3-27b-it-fast,9_10,"Oké, luister!

Mijn opa had een hele oude kat, Snorremans. Echt superoud, die kat. Hij had al heel vaak kittens gehad, vertelde opa. Snorremans zat meestal in de tuin, onder de appelboom. Hij had een favoriete plek, een klein kuiltje in het gras.

Eén keer, toen ik bij opa was, was Snorremans weg! We hadden overal gezocht, onder de struiken, in de schuur, zelfs in de bloemen! Maar nergens Snorremans. Ik werd echt verdrietig, want Snorremans was zo’n lieve kat.

Toen hoorden we een raar geluid, een soort miauwen, maar dan heel zachtjes. We liepen naar de appelboom en daar… zat Snorremans! In het kuiltje, helemaal bovenin de boom! Hoe hij daar kwam, geen idee.

Opa heeft hem voorzichtig naar beneden gehaald. Snorremans was niet bang, hij krabbelde gewoon aan opa's wang. Daarna heeft opa hem een extra grote bak melk gegeven. Snorremans was weer helemaal happy. 
En ik dacht: jongens, wat een avontuur! Snorremans is echt een stoere kat, ondanks dat hij zo oud is."
222,google/gemma-3-27b-it-fast,9_10,"Oké, luister!

Mijn opa had een hele oude kat, Noortje. Noortje was superlui en heel dik. Ze heeft bijna nooit buiten gespeeld, want ze vond het veel te moeite. Ze lag de hele dag op de bank, te slapen, of ze keek naar vissen in de vijver. 

Eén keer, toen ik bij opa ging logeren, gebeurde er iets heel raars. We zaten net te eten, toen Noortje opeens heel hard begon te miauwen. Niet een gewoon miauwen, maar echt alsof ze heel boos was. Ze sprong van de bank en rende naar de achterdeur en krabde eraan. 

Opa deed de deur open en… daar stond een eekhoorn! En die eekhoorn had iets in zijn mond. Toen opa beter keek, zag hij dat het Opa’s sleutels waren! Bleek dat die eekhoorn ze uit de jaszak had gepikt toen Opa in de tuin werkte. 

Noortje heeft die eekhoorn echt weggejaagd! Ze rende achter hem aan, zo snel als ze kon, en de eekhoorn liet de sleutels vallen. Daarna ging Noortje weer lekker op de bank liggen. Alsof er niks was gebeurd. Ze is echt de stoerste kat ooit, al ziet ze er heel dik en lui uit!"
223,google/gemma-3-27b-it-fast,9_10,"Mijn opa had een heel oude kat, Noortje. Ze was al superoud, echt heel oud! Nooit had iemand een oudere kat gezien, zei opa altijd. Noortje had een zwarte vacht, maar die was helemaal grijs geworden, net alsof ze een stofjas droeg.

Ze sliep de hele dag, maar als je haar riep, kwam ze meteen. Echt! Ze liep dan heel langzaam, heel voorzichtig, maar ze kwam. Eén keer was ik bij opa en ik had een koekje. Een héle lekkere chocoladekoek. Ik wilde het stiekem opeten, maar Noortje zat me aan te kijken. Zo’n blik had ze nog nooit gehad. Ze keek me gewoon aankijkend!

Dus ik heb het koekje in tweeën gebroken en gaf de helft aan Noortje. Ze at het heel voorzichtig op, alsof het een heel kostbaar ding was. Daarna ging ze weer slapen. Opa zag het gebeuren en hij lachte. Hij zei dat Noortje wist dat ik een goed hart had. En dat ze ook wel een beetje van chocolade hield, stiekem. Ze is nu wel overleden, Noortje. Maar ik vergeet haar nooit meer."
224,google/gemma-3-27b-it-fast,9_10,"Oké, luister!

Mijn opa had een hele oude kat, Cato. Cato was superlui en die sliep dus bijna de hele dag. Echt, de hele dag! Maar Cato was ook heel mysterieus. Niemand wist precies waar ze vandaan kwam. Opa zei dat ze gewoon ‘op het erf was verschenen’ toen hij nog een jongetje was.

Eén keer, toen ik bij opa op bezoek was, was Cato ineens weg. We hebben overal gezocht, onder de schuur, achter de bomen, zelfs in de kippenhok! Nergens Cato. Ik was echt super verdrietig. 

Toen, ’s avonds, hoorde ik een gek geluid uit de schuur. Een soort gekraak en geritsel. Ik durfde niet alleen te kijken, dus ik haalde opa. Opa deed de schuurdeur open en… daar zat Cato! Middenin allemaal oude dozen, met een stapel gestolen koekjes! 

Opa moest heel hard lachen. Cato keek ons aan alsof ze niks fout had gedaan. Ze heeft die nacht lekker van de koekjes gegeten, en daarna natuurlijk weer de hele dag geslapen. En we hebben er nooit meer over gepraat, maar ik denk dat Cato stiekem een superheld was. Een koekjestropen-superheld!"
225,google/gemma-3-27b-it-fast,9_10,"Oké, luister dan goed…

Meneer Bram, die woont helemaal aan het einde van de straat, had een hele oude kat. Noemden ze Snuggles. Snuggles was niet zo’n leuke kat, niet echt knuffelig. Eerder een beetje… chagrijnig. Hij lag altijd in de zon bij de voordeur en keek mensen heel boos aan. 

Mijn broertje Tim heeft Snuggles laatst geprobeerd te aaien. Echt heel voorzichtig, met één vinger. Toen werd Snuggles wakker en hij sloeg Tim! Met z’n poot! Tim moest huilen en zat vol krabben.

Maar gisteren, toen was het raar. Ik fietste langs het huis van meneer Bram en ik zag Snuggles helemaal in de boom zitten! Heel hoog! Meneer Bram stond eronder te roepen, maar Snuggles kwam niet naar beneden. Hij was echt bang. 

We hebben meneer Bram geholpen. Ik en Jasper, en Sanne. We hebben een deken onder de boom gehouden, voor het geval Snuggles viel. En uiteindelijk, toen Tim een beetje tonijn uit een blikje voor hem gooide, is Snuggles naar beneden gekomen. Meneer Bram was super blij! En Snuggles… die likte Tim z’n hand! Echt waar! Best gek, hè?"
226,google/gemma-3-27b-it-fast,9_10,"Oma Elza had een hele bijzondere poes. Die heette Minoes, maar niet zoals de poes in dat boek. Nee, deze Minoes was echt anders. Die kon praten! Niemand wist dat, behalve oma Elza natuurlijk en ik. 

Eerst geloofde ik het niet, toen oma vertelde dat Minoes zei dat ze zin had in tonijn. Maar toen zat ik bij oma en Minoes en Minoes zei gewoon, heel duidelijk: “Meer tonijn, alsjeblieft!” Ik was echt super verbaasd!

Minoes heeft altijd heel veel avonturen. Laatst was ze helemaal weg. Oma zat te huilen, ze had Minoes overal gezocht. Toen kwam Minoes gewoon terug, met een heel vrolijk liedje. Ze had een briefje aan haar hals! Daarop stond: ‘Ben even wezen vliegen met de duiven!’ 

Oma zei dat Minoes soms echt een rare poes is. Ik denk dat ze gewoon heel bijzonder is. En dat ze het allerleukste geheimpje is dat ik heb. Niemand mag het weten, hoor!"
227,google/gemma-3-27b-it-fast,9_10,"Oké, luister!

Mijn opa had een oude kat, Noortje. Noortje was echt superoud, ze had al zoveel winters meegemaakt! En ze was heel eigenwijs, echt altijd. Ze deed nooit wat je haar gebaarde. Als je zei 'kom Noortje', dan ging ze de andere kant op. Echt heel grappig.

Eén keer, toen mijn opa buiten zat, heeft Noortje een hele vogel gevangen! Een echte kleine, bruine vogel. Opa schrok zich kapot! Hij had meteen de vogel pakken en naar zijn nest brengen. Noortje was woedend! Ze miauwde heel hard en liep heel boos rond.

Later die dag, toen mijn opa binnen thee dronk, sprong Noortje op tafel! En ze probeerde stiekem suiker uit zijn thee te likken. Mijn opa lachte en zei: ""Jij ondeugende poes!"" Noortje keek hem aan en deed alsof ze heel onschuldig was. 

Ze is nu wel overleden, maar ik denk nog vaak terug aan Noortje. Ze was echt een hele speciale kat. En heel grappig natuurlijk."
228,google/gemma-3-27b-it-fast,9_10,"Oké, luister!

Mijn opa had een hele oude kat, Snorremans heette ie. Echt superoud. Hij heeft heel lang bij opa gewoond, al vóór mijn mama geboren was, geloof ik. Snorremans was helemaal grijs, met één oogje dat een beetje scheef zat. Hij sliep dus echt de hele dag, maar als er visite was, dan kwam ie altijd aanzetten. 

Eén keer was er een heel belangrijke meneer bij opa, die iets over de tuin kwam vertellen. Snorremans liep zielsgelukkig om de benen van de meneer, en toen sprong ie opeens op z’n hoofd! De meneer schreeuwde echt heel hard en viel van z’n stoel. Opa moest heel hard lachen. 

Snorremans vond het helemaal geweldig, hij rolde over de grond en wilde dat de meneer met hem ging spelen. De meneer was echt boos, maar opa gaf hem een koekje en toen was het weer goed. Snorremans heeft daarna nog heel lang geleefd, en hij sprong nog wel vaker op mensen hun hoofd. Hij was gewoon een beetje gek, maar opa vond hem de allerbeste kat."
229,google/gemma-3-27b-it-fast,9_10,"Oké, luister…

Mijn opa heeft een kat, Snuffel. Snuffel is niet zomaar een kat, hoor. Hij is heel oud, echt superoud! Eigenlijk is hij al net zo oud als opa, misschien wel ouder. En Snuffel, die kon altijd van alles voorspellen. Niet met een glazen bol ofzo, maar gewoon… hij wist het.

Laatst was opa heel verdrietig. Zijn lievelingsbloem, een rode tulp, was verdwenen uit de tuin. Hij had overal gezocht, maar hij kon hem nergens vinden. Snuffel liep rond, keek een beetje en ging toen naar de schuur. Hij ging voor een oude emmer zitten en keek naar opa. 

Opa ging naar de emmer kijken en raad eens? De tulp stond erin! Iemand had ‘m erin gezet, want hij stond in water. Niemand wist wie het gedaan had. Maar Snuffel wist het wel. Hij ging naar de tuin en keek naar Tim, de buurjongen. Tim werd meteen heel rood en gaf toe dat hij de bloem had gepakt, omdat hij hem zo mooi vond. 

Snuffel is echt een wonderkat. Opa zegt dat Snuffel alles kan zien. Ik denk het ook wel."
230,google/gemma-3-27b-it-fast,9_10,"Oké, luister dan. 

Meneer Pastoor had een kat. Niet zomaar een kat, echt een superdikke, oranje kat. Die heette Pompom. Pompom was heel lui en hij ging nooit buiten spelen. Altijd lag hij in de zon voor de kerk, of op de stoel in de pastorie. 

Eén keer, toen de kermis in het dorp was, was Pompom weg! Iedereen zocht naar hem. Meneer Pastoor was echt boos, want Pompom was zijn enige vriend. Mijn broertje, Lars, en ik, wij zijn ook gaan zoeken. We zijn overal gekeken, bij de draaimolen, bij de patatzaak, zelfs bij de grijpmaschine.

Toen zagen we Pompom! Hij zat bovenop de draaimolen, vastgeketend aan een paard! Hij keek helemaal niet bang, hij zat gewoon te slapen! De meneer van de draaimolen heeft hem er afgehaald en Lars en ik brachten Pompom terug naar de pastorie. Meneer Pastoor was superblij. Hij gaf Pompom wel een heel groot bakje melk, en Lars en ik kregen limonade. Pompom lag daarna gewoon weer lekker te slapen in de zon. Het was echt een gekke dag."
231,google/gemma-3-27b-it-fast,9_10,"Oké, luister!

Mijn buurvrouw, oma Riet, heeft een kat. Niet zomaar een kat, hoor! Een hele dikke, rode kat, die Noortje heet. Noortje is echt super lui. Die heeft nog nooit een muis gepakt, geloof ik. 

Gisteren was het heel raar. We zaten te spelen in de tuin, mijn broertje en ik. En toen zagen we Noortje. Noortje zat op het dak van de schuur! We zijn echt heel hard gaan lachen. Hoe is die daar nou gekomen? 

Mijn broertje, Joris, heeft papa geroepen. Papa heeft een lange ladder gepakt en is naar Noortje toe gegaan. Noortje zat daar heel stoer te kijken, alsof het de normaalste zaak van de wereld was. 

Toen papa Noortje bijna had, sprong Noortje naar beneden! Gelukkig in de struiken. Papa is bijna van de ladder gevallen van het schrikken. Noortje liep gewoon weg alsof er niets was gebeurd. En later lag ze weer lekker te slapen op de vensterbank. Echt een gek beest, die Noortje. We hebben er de rest van de dag nog steeds om gelachen!"
232,google/gemma-3-27b-it-fast,9_10,"Oké, luister dan.

Mijn opa had een hele oude kat, Snorpoes. Snorpoes was al superoud, echt heel oud. Hij was al zestien, zei opa. Dat is al heel veel jaren voor een kat! Snorpoes had een zwarte vacht met een witte vlek op z’n neus, en hij sliep bijna de hele dag. 

Maar hij was niet altijd rustig geweest. Opa vertelde dat Snorpoes vroeger een echt avonturier was. Hij was een keer helemaal naar het bos gegaan, allemaal zelf! Opa had hem toen heel lang gezocht, en hij was echt bang dat er iets met Snorpoes was gebeurd. Uiteindelijk vond hij hem bij de bakker, hij had daar een stukje worst gepikt! 

Toen Snorpoes een beetje zieker werd, bleef hij het liefst bij opa. Hij lag dan altijd op schoot, en opa krabde hem achter de oren. Snorpoes spinde dan heel hard, en dat vond opa het fijnste wat er was. Vorige week is Snorpoes overleden. Opa was heel verdrietig, maar hij zei dat Snorpoes een heel mooi leven had gehad. Nu ligt hij begraven onder de appelboom in de tuin."
233,google/gemma-3-27b-it-fast,9_10,"Oké, luister!

Meneer Pastoor had een kat. Niet zomaar een kat, hoor. Noemden ze Minoes, maar die was echt supermysterieus. Niemand had hem ooit buiten gezien! Meneer Pastoor zei altijd dat Minoes een heel belangrijk dier was en dat hij ’s nachts de kerk in de gaten hield.

Eén keer, Joris, die zit in groep 6, die had Meneer Pastoor gevraagd om te helpen met de bloemen in de kerk. Joris was helemaal alleen en het was al donker. Plotseling hoorde hij een soort gekraak bovenin het orgel. Hij werd superbang! Hij dacht dat het een spook was.

Toen zag hij twee groene ogen oplichten. Het was Minoes! Hij zat helemaal bovenop het orgel, alsof hij koningin was. Joris schreeuwde het uit, maar Minoes gaf hem alleen maar zo’n chille blik. Hij sprong soepel naar beneden en liep langs Joris, net alsof hij zei: ‘Wat kijk je nou?’ 

Joris is daarna nooit meer bang geweest in de kerk, en hij is Minoes altijd heel voorzichtig gaan begroeten. Hij denkt dat Minoes echt de beschermer van de kerk is. En Meneer Pastoor lachte er alleen maar om."
234,google/gemma-3-27b-it-fast,9_10,"Oké, luister dan…

Mevrouw Jansen, die van de dierenwinkel, zei dat Knorretje de allerlaatste mini-varken was. Echt waar! En Knorretje was heel klein, echt niet groter dan mijn gymtas. Hij woonde in een hokje met zaagsel en hij zat de hele dag te snuffelen. 

Timmy en Lisa, die zaten altijd naar Knorretje te kijken na school. Ze gaven hem worteltjes, maar Knorretje was heel kieskeurig. Hij at alleen de héle kleine worteltjes, de grote gooide hij terug. Haha! 

Eén keer… toen was de winkel open en Timmy en Lisa waren er ook. Knorretje was opeens weg! Iedereen zocht overal, onder de kassa, achter de vissen… nergens. Toen hoorden ze een gekietel en vonden ze Knorretje in de tas van mevrouw Jansen! Hij had erin gekropen om te slapen. Mevrouw Jansen lachte heel hard en zei: “Zo, een reizend varken!” Ze heeft hem toen lekker geaaid en een héle kleine wortel gegeven. Knorretje was super blij!"
235,google/gemma-3-27b-it-fast,9_10,"Oké, luister!

Het was Tim’s opa, die had een hele oude zolder. Echt superoud! Mijn broertje Sam en ik mochten er laatst een keer mee naar toe. Opa zei dat er allemaal spullen lagen van vroeger, en dat was niet gelogen. Overal stonden kisten en dozen. 

Opa had een lamp meegebracht, want het was er echt pikdonker. Sam rende meteen naar een grote kist en die ging open! Daar lagen allemaal oude foto’s in. En een hele gekke hoed met een veer! Die Seth, dat is de jongen van naast ons, vond die hoed meteen cool en hij zette hem op. Hij leek net een piraat.

Toen vonden we een houten speelgoedauto. Die was helemaal kapot, maar opa kon hem weer maken. Hij zei dat hij die auto zelf ook had gehad toen hij klein was. Echt waar! 

Maar het allerleukste was een oude grammofoon. Opa zette hem aan en er kwam muziek uit! Het was heel gekraak en zo, maar het klonk heel vrolijk. We hebben daar de hele middag gedanst op zolder, tot we moe waren. Het was echt een supergeheim plekje, die zolder van opa."
236,google/gemma-3-27b-it-fast,9_10,"Oké, luister dan.

Er was eens een egel, die heette Prikkel. Prikkel woonde in het park hier vlakbij, weet je, bij die grote vijver. En Prikkel was echt supergoed in verstoppertje! Niemand kon hem vinden. Echt niet.

Op een dag, waren er allemaal andere egels. Ze besloten om verstoppertje te spelen. Prikkel lachte, want hij wist al dat hij ging winnen. Hij rende heel snel weg. Hij is achter een hele dikke boom geklommen en hij is tussen allemaal oude blaadjes gaan zitten. 

De andere egels zochten en zochten, maar ze vonden Prikkel niet. Ze werden echt boos! “Waar is hij nou?” riep er eentje.  Ze hebben overal gekeken, onder de bankjes, achter de bloemen, zelfs in de zandbak!

Toen, na heel lang zoeken, kwamen ze langs de boom waar Prikkel zat.  Prikkel sprong eruit en riep: “Ha! Ik heb gewonnen!”  De andere egels waren eerst een beetje verdrietig, maar toen begonnen ze te lachen. Prikkel was gewoon té goed. Ze zeiden dat hij de beste verstoppertjes-speler ooit was! En Prikkel, die was supertrots."
237,google/gemma-3-27b-it-fast,9_10,"Oké, luister! 

Meneer Jansen, de bakker, zat echt met een probleem. Zijn kat, Minoes, was weg! Niet zomaar even weg, nee hij was echt helemaal verdwenen, sinds gisterenochtend. Meneer Jansen was super verdrietig, want Minoes was zijn allerbeste vriend. 

Minoes was een heel bijzondere kat. Hij had één blauwe en één groene oog, en hij hield van krentenbollen. Ja, echt! Meneer Jansen gaf hem er altijd één als hij hem had geholpen de winkel open te maken. 

Tim en Sofie, die altijd bij de bakker kwamen, hebben meneer Jansen geholpen zoeken. Ze zijn onder de banken geweest, achter de bloemenpotten, overal! Toen, ineens, hoorden ze een gekraai. Ze zijn richting het geluid toe gerend en wat zagen ze? Minoes zat bovenin de boom bij de school! Hij zat daar, heel hoog, en keek heel stoer naar beneden. 

Blijkbaar was hij achter een vogel aangerend en toen kwam hij niet meer naar beneden. Tim is heel snel naar meneer Jansen gerend en samen hebben ze Minoes uit de boom gehaald. Meneer Jansen was zo blij! Minoes kreeg wel drie krentenbollen, dat snap je."
238,google/gemma-3-27b-it-fast,9_10,"Oké, luister!

Mijn opa heeft een kat, Snorpoes. Snorpoes is echt superoud, die heeft al heel veel winters meegemaakt. Maar Snorpoes was ook supergrappig. Hij deed altijd gek. Bijvoorbeeld, hij ging in een doos liggen die veel te klein was, en dan keek hij je heel boos aan als je lachte.

Vorige week gebeurde er iets heel raars. Opa was boodschappen doen en mijn oma was aan het tuinieren. Snorpoes zat in de tuin, te zonnen. Toen, opeens, kwam er een eekhoorn langsrennen! En Snorpoes… Snorpoes ging achter die eekhoorn aan! Hij rende zo snel als hij kon, en… hij klom in de boom! Ja, echt waar!

Iedereen weet toch dat katten niet zo goed kunnen klimmen? Maar Snorpoes wel! Hij zat helemaal bovenin de boom, en die eekhoorn zat hem uit te lachen. Mijn oma moest hem er uiteindelijk afhelpen met een ladder. Snorpoes was helemaal niet blij, hij gromde heel hard. Maar later at hij wel extra veel snoepjes. Dus het kwam allemaal goed. En nu noemen we hem Snorpoes de Boomklimmer."
239,google/gemma-3-27b-it-fast,9_10,"Oké, luister...

Mijn opa had een hele oude schuur. Echt super oud, met allemaal spinnenwebben enzo. Niemand mocht daar in, behalve opa. Maar laatst, toen opa ziek was, mocht ik! Ik moest alleen heel voorzichtig zijn.

In de schuur stonden allemaal rare dingen. Een kapotte radio, een oude fiets zonder banden, en heel veel dozen. Echt super veel. Ik begon met een doos die 'Kerst' erop had staan. Daarin zaten allemaal glitters, en een kapotte kerstman... en een heel klein, houten paardje. 

Toen ik het paardje vastpakte, gebeurde er iets gek. Alles werd heel stil. En de schuur… leek wel… groter? Ik keek naar het paardje en het begon te gloeien! Niet heel fel, maar wel een beetje. Ik werd een beetje bang.

Ik rende naar mama en vertelde het. Mama lachte en zei dat ik wel veel fantasie had. Maar toen we samen teruggingen naar de schuur… was het paardje weg. En de schuur… was weer normaal. 

Ik weet nog steeds niet waar het paardje gebleven is. Misschien is het wel een toverpaardje…  Wie weet!"
240,google/gemma-3-27b-it-fast,9_10,"Oké, luister!

Meneer Jansen, die is echt de allerbeste bakker van heel het dorp. Elke dag bakt hij de lekkerste broodjes en taarten. Maar hij heeft een geheime taart, die maakt hij alleen maar voor de koning! Niemand mocht die taart zien, behalve de koning en meneer Jansen.

Maar vorige week… toen was er een poes, zwart met groene ogen, die is de bakkerij ingeslopen. Niemand heeft haar gezien, maar ze heeft stiekem naar de geheime taart zitten kijken. De taart was helemaal paars en had glitters erop! De poes heeft er een heel klein likje van gepakt. 

De dag erna ging de koning de taart eten en hij zei: ‘Kijk eens! Hij smaakt naar vis!’ Meneer Jansen was helemaal in paniek. Vis in een paarse glittertaart? Dat kon toch niet! 

Toen zagen ze de poes buiten liggen, heel tevreden, en met paarse snorharen! Iedereen moest lachen, zelfs de koning. En nu mag de poes, Luna, elke dag een klein stukje van de koningstaart, maar dan wel zonder glitters en wel een beetje vissmaak. Echt waar!"
241,google/gemma-3-27b-it-fast,9_10,"Oké, luister!

Mijn buurvrouw, mevrouw Jansen, die heeft een kat. Niet zomaar een kat, hoor. Een heel dikke, grijze kat die Noortje heet. Noortje is echt super lui. Die lag altijd de hele dag te slapen in de vensterbank. Echt, urenlang!

Maar gisteren was het anders. Mevrouw Jansen was boodschappen doen en toen… toen kwam er een héle grote hond in de tuin! Een bruine, met zo’n pluizige staart. Die rende achter een bal aan en Noortje, die schrok zich kapot. Ze is toen, echt heel snel, het huis ingesprint en ze is recht de gordijnen in geklommen!

Jeetje, mevrouw Jansen kon er niet om lachen toen ze thuiskwam. Ze moest Noortje voorzichtig uit de gordijnen halen. Noortje zat helemaal te trillen. Ik heb mevrouw Jansen geholpen om de gordijnen weer goed te maken. De hond was al weg, gelukkig. Noortje heeft daarna de hele avond onder de bank gezeten. Ik denk dat ze nog steeds een beetje bang is voor grote honden. Het was echt een gekke dag!"
242,google/gemma-3-27b-it-fast,9_10,"Oké, luister! 

Meneer Jansen, de bakker, die had een kat. Niet zomaar een kat, hoor. Die kat, Pluis, was superslim. Echt waar! Meneer Jansen zei altijd dat Pluis net zo slim was als een mens. Nou ja, misschien niet *net* zo, maar wel heel slim.

Elke ochtend, als de winkel open ging, stond Pluis al te wachten bij de deuren. En dan gebeurde er iets geks. Er kwam een oude man, meneer Willems, die altijd vergeten was of hij al brood had gekocht. En Pluis, die liep dan gewoon naar meneer Willems toe en miauwde, net zo lang tot meneer Willems zei: ""O, je hebt gelijk, Pluis! Ik ben het helemaal vergeten!""

Iedereen in de straat wist het al. Als je iets vergeten was, moest je even langs Pluis. Soms liet Pluis mensen zelfs hun sleutels zoeken, hij wees er dan met zijn pootje naar. Het was echt grappig. 

Mijn moeder zegt dat Pluis gewoon heel goed was in het observeren. Maar ik denk dat Pluis gewoon een beetje toverkrachten had. Stiekem dan."
243,google/gemma-3-27b-it-fast,9_10,"Meneer de uil zat echt in de problemen. Echt waar! Hij had beloofd, aan alle dieren in het bos, dat hij de zon terug zou halen. Want de zon was weggegaan. Niet verdwenen, maar echt boos en weggevlogen. Niemand wist waarom, maar het was superkoud geworden.

Meneer de uil had gezegd: ""Geen zorgen, ik ken de weg! Ik heb de zon al vaak zien opkomen en ondergaan!"" Maar hij was dus helemaal verdwaald. Hij vloog maar rond, boven de kale bomen, en hij had echt geen idee waar hij was. 

Plotseling zag hij een klein lichtje. Het was mevrouw de vuurvlieg! Ze zat op een bloem, die nog niet eens bevroren was. ""Wat doe jij hier?"" vroeg meneer de uil. ""Ik zoek de warme wind,"" zei mevrouw de vuurvlieg. ""Die weet waar de zon is gebleven."" 

Dus vloog meneer de uil achter de warme wind aan. En raad eens? De warme wind leidde hem naar een hele grote, donkere grot. En in die grot zat de zon! Hij was gewoon een beetje moe en had een dutje gedaan. Meneer de uil heeft hem wakker gemaakt en toen scheen de zon weer! En het bos was niet meer koud."
244,google/gemma-3-27b-it-fast,9_10,"Oké, luister!

Mevrouw Jansen, de buurvrouw van opa, had een kat. Niet zomaar een kat, hoor. Een hele dikke, grijze kat, die Noortje heette. Noortje was super lui. Die lag bijna altijd in de zon, te slapen.

Maar gisteren… gisteren was het anders. Noortje zat helemaal bovenin de kersenboom! Niemand snapte hoe ze daar kwam. Ze was gewoon ineens daar. Mevrouw Jansen werd helemaal gek. ""Noortje! Kom naar beneden!"" riep ze, maar Noortje bleef zitten.

Toen kwam mijn opa. Hij had een blikje tonijn meegenomen. Hij schudde een beetje met het blikje en Noortje keek meteen op. Ze begon te miauwen en waggelde heel voorzichtig naar beneden. Ze gleed bijna, maar opa ving haar op. 

Mevrouw Jansen was super blij. Ze gaf Noortje een hele grote kom melk en een dikke knuffel. En Noortje? Die zat daarna weer lekker in de zon, te slapen. Ik denk dat ze droomde over tonijn. Het was echt heel grappig om te zien."
245,google/gemma-3-27b-it-fast,9_10,"Oké, luister…

Mijn opa had een hele oude kat, Noortje. Noortje was echt superoud, ze had al heel veel winters gezien. Ze sliep bijna de hele dag, maar als je haar kriebelde achter haar oren, dan spinde ze heel hard. Echt zo’n brommende spin!

Eén keer, toen ik bij opa was, was Noortje helemaal weg. We hebben overal gezocht! Onder de bank, achter de stoelen, zelfs in de keuken. Nergens Noortje. We waren echt superbezorgd.

Toen hoorden we een soort gekraak geluid. We liepen ernaartoe en toen zagen we het! Noortje zat in de oude kast, bovenop alle oude spullen. Hoe ze daar kwam, geen idee! Ze zat helemaal vast, tussen de oude hoeden en een oude jas. 

Mijn opa moest haar er voorzichtig uithalen. Noortje was niet boos, ze miauwde gewoon een beetje en gaf mijn opa een kopje. We hebben haar daarna lekker veel melk gegeven. Het was echt een hele spannende dag, maar gelukkig was Noortje weer terug. En daarna sliep ze weer, gewoon op haar favoriete plek in de zon."
246,google/gemma-3-27b-it-fast,9_10,"Oké, luister!

Mijn opa had een hele oude radio. Zo’n ding van hout, met knoppen en een antenne die je kon uitschuiven. Die radio stond altijd in de schuur, maar opa zei dat er geheimen in zaten. Echt geheimen! 

Een keer, toen mijn ouders op vakantie waren en ik bij opa sliep, mocht ik de radio aanzetten. Ik draaide aan de knop en er kwam gekraak. Heel veel gekraak. En toen, ineens, een stem! Maar het was geen gewone stem. Het klonk... wazig. Alsof iemand heel ver weg was. 

De stem zei iets over een verborgen schat, in het bos achter de schuur. Ik werd super opgewonden! Ik ben meteen naar het bos gerend, en ik zocht overal. Onder de boomwortels, tussen de struiken, zelfs in een oude boomholte.

En raad eens? Ik vond een kleine, houten kist! Daar zat geen goud in, of juwelen. Maar er lagen oude knikkers in, en een briefje van opa. “De echte schat is het avontuur,” stond erop. Ik vond het wel jammer dat er geen geld in zat, maar opa had wel gelijk. Het zoeken was echt superleuk!"
247,google/gemma-3-27b-it-fast,9_10,"Oké, luister dan. Mijn buurmeisje, Roos, die heeft een hele rare kat. Echt waar! De kat heet Pluis, maar die is helemaal niet pluizig. Die is superglad en zwart, met gele ogen. Roos zei dat Pluis wel eens hele gekke dingen doet.

Laatst was Roos aan het spelen in de tuin en Pluis zat in de boom. Niks raars, toch? Maar toen begon Pluis te praten! Niet zoals mensen praten, maar wel echt woorden. Roos zei dat hij zei: “Geef me een vis!” Roos schrok zich dood. Ze heeft meteen haar vader geroepen, maar toen ze terug waren, zat Pluis gewoon rustig op een tak te slapen.

Haar vader geloofde haar natuurlijk niet. Hij zei dat Roos het zich verbeeld had. Maar Roos zegt dat Pluis het echt zei. En weet je wat het allergekste is? Elke keer als Roos in de buurt komt, kijkt Pluis haar heel slim aan. Alsof hij weet dat hij Roos een beetje heeft laten schrikken. Ik denk dat die kat echt wel een beetje magisch is, eerlijk waar!"
248,google/gemma-3-27b-it-fast,9_10,"Oké, luister dan!

Mijn opa had een kat, Poes. Niet zomaar een kat, echt een heel rare kat. Poes had namelijk altijd zin in avontuur. Elke dag liep ze weg. Echt, elke dag! En dan kwam opa helemaal in paniek. ""Poes! Waar ben je nou weer?"" riep hij dan. 

Eén keer was Poes helemaal naar de bakker gegaan. Ze zat gewoon in de winkel, tussen de broodjes! De bakker vond het wel grappig en gaf haar een stukje krentenbrood. Opa was heel boos, want Poes moest niet in andermans winkels zitten. Maar Poes vond krentenbrood dus superlekker.

Een andere keer had Poes zich verstopt in de trommel van de wasmachine. Toen mijn tante kwam buurten, zette ze de was aan! En Poes zat erin! Gelukkig merkte mijn tante het op en zette ze de machine gelijk uit. Poes was helemaal nat en niet blij, maar ze heeft er geen pijn aan gehad.

Opa zei altijd: “Poes is een avonturier in hart en nieren.” Ik denk dat hij er stiekem wel om kon lachen, hoor. Want als Poes weer eens weg was, begon hij altijd te glimlachen."
249,google/gemma-3-27b-it-fast,9_10,"Oké, luister!

Mevrouw Jansen, de buurvrouw, die heeft dus een kat. Niet zomaar een kat, maar een superdikke, oranje kater, genaamd Winston. Winston is echt heel lui. Hij heeft de hele dag al op de vensterbank gelegen en naar de vogels gekeken. 

Gisteren, toen ik met Tim aan het voetballen was, is Winston van de vensterbank gevallen! Echt, keihard plof, midden op de rozenstruik van mevrouw Jansen. We hebben zo hard gelachen! Winston was helemaal boos en heeft eerst naar ons gemauwd. Toen heeft hij zich onder een struik verstopt.

Mevrouw Jansen kwam buiten en zei: ‘Winston! Wat heb je nou gedaan?’ Ze heeft hem voorzichtig uit de struik gehaald. Hij had helemaal geen pijn, maar was wel een beetje verdrietig omdat hij in de rozen was gevallen. Hij had allemaal blaadjes in zijn vacht.

Tim heeft Winston toen een stukje worst gegeven, die hij stiekem had meegenomen van thuis. Winston vond dat helemaal lekker en hij is meteen weer vrolijk geworden. Nu ligt hij weer op de vensterbank, te kijken naar de vogels. Maar hij kijkt wel heel voorzichtig. We denken dat hij niet meer gaat springen!"
250,google/gemma-3-27b-it-fast,10_11,"Oké, luister!

Mijn opa, die had dus een kat. Niet zomaar een kat hoor, echt een super rare kat. Hij heette Plons, en hij was helemaal zwart, behalve eentje witte poot. Plons was echt de baas in huis, iedereen moest doen wat hij wilde.

Eén keer, toen mijn opa op vakantie was, moesten mijn ouders op Plons passen. Mijn moeder zei dat Plons heel lief was, maar dat was gelogen! Die kat was echt gemeen. Hij krabde aan de bank, en hij sloop 's nachts op het aanrecht en at de worst op!

Mijn vader probeerde hem te vangen, maar Plons was veel te snel. Hij rende door het hele huis, onder de stoelen door, en hij sprong zelfs op de gordijnen! Uiteindelijk zat Plons bovenop de kast, te spugen naar mijn vader. 

Mijn moeder moest lachen, maar mijn vader was echt boos. Toen mijn opa terugkwam, zat Plons gewoon weer op de bank, alsof er niks was gebeurd. Mijn vader zei: ""Nooit meer Plons oppassen!"" En weet je wat? Mijn opa moest ook lachen. Die kat was echt een pest, maar ze hielden wel heel veel van hem."
251,google/gemma-3-27b-it-fast,10_11,"Oké, luister!

Mijn opa, die had een heel oude kat. Die kat, Poes, was superlangzaam. Echt, je moest dacht ik wel een half uur wachten als je wilde dat ze naar je toe kwam. En ze was heel dik, Poes. Niet dik-dik, maar gewoon… rond. 

Eén keer, zat Poes buiten in de tuin en daar kwam een eekhoorn. Die eekhoorn rende heen en weer, en toen rende hij de boom in. Nou, normaal gesproken zou Poes hem niet eens zien, maar deze keer… keek ze gewoon naar de boom. Echt, supergeconcentreerd. 

En toen, en nu komt het, sprong ze! Ze sprong zo hoog! Ik dacht echt, wauw! Maar ze kwam niet bij de eekhoorn. Ze kwam niet eens halverwege de boom. Ze viel gewoon… plof! In een bloembed. 

De eekhoorn zat bovenin de boom te kijken en te gniffelen, denk ik. En Poes… die zat gewoon in de bloemen, alsof er niks was gebeurd. Ze likte haar pootje en deed alsof ze daar helemaal hoorde te zijn. Mijn opa moest heel hard lachen. En ik ook! Poes was echt te grappig."
252,google/gemma-3-27b-it-fast,10_11,"Oké, luister…

Meneer Pastoor had een kat, Kees. Niet zo’n heel lieve kat, hoor. Kees was een beetje… ondeugend. Hij heeft laatst de hele rol wc-papier uit de gang getrokken en dat door het hele huis verspreid! Echt, overal! Meneer Pastoor was daar niet blij mee, duh.

Maar Kees kon ook heel grappig zijn. Hij zat altijd op het dak van de kerk te kijken. Echt waar! En hij sprong dan naar beneden, precies op het moment dat de mensen naar buiten kwamen na de mis. Dan gilde mevrouw Jansen altijd, omdat ze doodsbang was voor katten. 

Eén keer heeft Kees een worst gestolen uit de hand van de bakker. De bakker rende hem achterna, door de hele kerk! Dat was echt hilarisch. Kees rende onder de banken door en de bakker viel bijna over de bisschop! 

Nu is Kees nergens meer te vinden. Meneer Pastoor denkt dat hij is weggelopen. Hij is heel verdrietig, maar ik denk dat Kees gewoon ergens een lekker plekje heeft gevonden met heel veel worst. Misschien op een dak, ergens ver weg."
253,google/gemma-3-27b-it-fast,10_11,"Oké, luister… Mijn buurvrouw, oma Riet, is echt superoud. Ze heeft een tuin, maar ze kan er bijna niet meer in. Ze zat dus laatst in haar schommelstoel, helemaal verdrietig, want alle vlinders waren weg. Ze zei dat de vlinders haar beste vrienden waren. 

Toen kwam Jasper langs, die is al veertien en stoer. Hij lachte een beetje om oma Riet en zei dat vlinders toch gewoon beestjes zijn. Maar oma Riet werd echt boos! Ze zei dat Jasper maar moest kijken hoe hij zelf een vlindertuin maakt, dan zou hij het wel begrijpen.

Dus Jasper, die deed het echt! Hij is naar de winkel gegaan en heeft allemaal bloemen gekocht, zo’n soort dat aantrekkelijk is voor vlinders. Hij heeft ze in de tuin van oma Riet geplant. Eerst gebeurde er niks, maar toen… toen kwamen er opeens vlinders! Heel veel! 

Oma Riet was zo blij, ze heeft Jasper een heleboel koekjes gegeven. En Jasper lachte, maar niet meer zo nare. Hij zei dat vlinders eigenlijk best wel cool zijn. Nu zitten ze vaak samen in de tuin, Jasper en oma Riet, en kijken ze naar de vlinders. Het is echt een leuk gezicht."
254,google/gemma-3-27b-it-fast,10_11,"Oké, luister. Mijn buurvrouw, mevrouw Jansen, die heeft een kat. Niet zomaar een kat hoor! Een hele dikke, grijze kat, die Noortje heet. Noortje is heel lui en die slaapt bijna de hele dag. 

Maar gisteren gebeurde er iets super raars. Thijs, dat is de jongen van hierboven, die had een vlieger gekocht. Een hele grote, rode vlieger met een lange staart. Hij ging op het veldje achter de huizen vliegeren. En Noortje, die zat lekker in de zon. 

Ineens gaf de wind een super harde ruk! De vlieger schoot omhoog, heel hoog, maar de lijn knapte! En raad eens waar de vlieger landde? Recht op mevrouw Jansen's dak! En Noortje… Noortje sprong gewoon achter de vlieger aan, klom helemaal op het dak en ging op de vlieger liggen! 

Thijs en ik moesten echt lachen. En mevrouw Jansen, die stond helemaal verbijsterd te kijken. Ze heeft Noortje uiteindelijk met een ladder van het dak gehaald. Die kat vond het helemaal niet erg, die sliep gewoon verder op de vlieger! Echt waar! Het was echt te gek."
255,google/gemma-3-27b-it-fast,10_11,"Oké, luister…

Mijn opa had een kat, Snorremans. Snorremans was niet zomaar een kat, hoor. Die kon echt alles! Nou ja, bijna alles. Hij kon bijvoorbeeld heel hoog springen, echt supersnel. En hij kon altijd precies weten wanneer er koekjes waren. Echt raar!

Eén keer, toen mijn opa op vakantie was, moest mijn tante op Snorremans passen. Ze had hem eten gegeven en een bak water neergezet, maar Snorremans was ineens weg! Mijn tante werd helemaal gek. Ze had overal gezocht, onder de bank, achter de kast, zelfs in de tuin. Nergens was hij te vinden. 

Toen… toen hoorde ze een geluid! Het kwam van de schoorsteen! Ze ging kijken en ja hoor, daar zat Snorremans, helemaal bovenin. Hij had geprobeerd de schoorsteen uit te lopen, omdat hij dacht dat er een vogel bovenop zat met een koekje! 

Ze heeft hem er voorzichtig uit gehaald. Snorremans was helemaal zwart van de roet, maar hij was heel blij toen hij een koekje kreeg. Hij is daarna nooit meer de schoorsteen ingeklommen, haha. Mijn opa vond het supergrappig toen hij terugkwam."
256,google/gemma-3-27b-it-fast,10_11,"Meh, jullie geloven nooit wat er gebeurd is met opa’s postduif, Pluis. Pluis was echt de beste postduif van het hele dorp, iedereen zei dat. Hij had een blauwe bandje om z’n pootje, zodat iedereen wist dat hij van opa was.

Nou, Pluis was dus weer op weg naar oma met een briefje. Oma was al een week in het ziekenhuis, dus opa miste haar super erg. Pluis vloog altijd heel snel, maar deze keer… deze keer zag een vogelspin hem. Ja, echt waar! Een hele grote, harige vogelspin die op een web zat tussen twee bomen.

Pluis schrok zich dood en probeerde weg te fladderen, maar hij vloog er recht in het web! Hij zat helemaal vast. Een meneer die in de buurt aan het wandelen was, heeft Pluis eruit gehaald. De vogelspin was weg, maar Pluis had een paar veertjes verloren en hij was helemaal trillerig. 

Gelukkig heeft die meneer Pluis naar opa gebracht. Opa was eerst heel boos dat Pluis zo lang weg was, maar toen hij zag hoe bang Pluis was, gaf hij hem een hele grote kus en een zakje zonnebloempitten. Pluis heeft die brief zelfs nog uit kunnen bezorgen, en oma zei dat ze heel blij was hem te horen. Dus dat was goed gekomen."
257,google/gemma-3-27b-it-fast,10_11,"Oké, luister! Het ging over opa. Opa had een hele oude radio. Zo'n ding met knoppen en een antenne die je uit kon trekken. Die radio was echt superoud, die heeft opa gekregen van z’n opa! 

En nou, die radio deed het dus vaak niet. Maar opa zei altijd: 'Je moet geduld hebben, jongeheer. Die radio heeft verhalen te vertellen.' Ik snapte er niks van. Een radio die verhalen vertelt?

Maar laatst, toen het buiten heel hard stormde en de stroom uitviel, zette opa toch de radio aan. Hij moest er heel hard aan draaien en dingen tikken, maar toen… toen kwam er iemand door de radio! Het was geen muziek, het was iemand die een verhaal vertelde. Over een kapitein en een schat. 

Het was superspannend. Opa zei dat de radio soms signalen oppikte van heel ver weg, van andere radiostations, of misschien zelfs van… van spoken! Ik werd een beetje bang, maar ik vond het ook heel cool. We hebben naar het hele verhaal geluisterd, tot de batterijen leeg waren. En daarna zei opa: “Zie je wel? Die radio heeft z'n verhaal verteld.”"
258,google/gemma-3-27b-it-fast,10_11,"Oké, luister!

Mijn buurvrouw, oma Riet, die had een kat. Niet zomaar een kat hoor. Een super oude kat, Noortje. Noortje was al zeventien, dat is heel oud voor een kat! Ze sliep bijna de hele dag, maar soms… soms gebeurde er iets geks. 

Eergisteren zat ik bij oma Riet, en Noortje lag te slapen op een stoel. Plotseling sprong ze op! Niet omdat er iets was, gewoon… bam! Ze rende naar de tuin en begon te graven bij de rozenstruik. Echt heftig graven. 

Oma Riet en ik keken toe. Wat zocht ze nou? Uiteindelijk haalde ze iets uit de grond. Het was een oude… een oude schoen! Een rode, leren schoen. 

Oma Riet moest lachen. “Die heeft mijn man jaren geleden begraven,” zei ze. “Hij vond het een gek grapje.”

Noortje keek ons aan alsof ze zei: “Zie je wel, ik wist het!” En toen ging ze weer slapen. Ik vond het echt te gek. Een kat die een geheim uit de tuin graaft! Echt waar."
259,google/gemma-3-27b-it-fast,10_11,"Oké, luister…

Mijn opa had een superoude kat, Noortje. Ze was al helemaal grijs, echt heel oud. Noortje woonde al bij opa toen mijn mama nog klein was. Ze was echt de baas in huis, deed wat ze wilde. 

Eén keer, toen ik ging logeren, zat Noortje in de schuur. Papa had daar allemaal gereedschap liggen, een heleboel rommel eigenlijk. Noortje zat in een oude emmer, helemaal bovenop een stapel hout. En ze keek me gewoon aan, alsof ze daar hoorde te zitten!

Ik vroeg aan opa hoe ze daar kwam. Opa ging lachen. “Oh, Noortje vindt dat een hele goede plek,” zei hij. “Ze klimt er zelf in, dat doet ze al jaren! Ze vindt het leuk om alles in de gaten te houden.”

En weet je wat het gekste was? Ik probeerde haar te lokken met een snoepje, maar ze kwam helemaal niet naar beneden. Ze bleef daar gewoon zitten, in die emmer. Echt supergrappig! Daarna heeft opa haar er wel afgehaald, want hij was bang dat ze er niet meer uit kwam. Noortje was echt een aparte kat, maar opa hield heel veel van haar."
260,google/gemma-3-27b-it-fast,10_11,"Oké, luister!

Meneer Jansen, die is echt de allerouderste man van het hele dorp, die had een kat. Niet zomaar een kat, hoor. Een zwarte kat, en die heette Pepper. Pepper was superslim. Iedereen zei dat Pepper een heks was, of dat hij een magische kat was. Meneer Jansen lachte dan altijd en zei: “Ach, onzin!”

Maar Pepper kon dingen die andere katten niet konden. Bijvoorbeeld, hij had altijd wel een worm of een lekker stukje vis als je hem vroeg. Echt superhandig. En één keer… één keer was er brand in de bakkerij. Echt een grote brand! Niemand wist waar de bakker was, maar Pepper rende naar binnen en kwam er even later uit met de bakker bij zijn arm! Die meneer bakker was in slaap gevallen bij het oven.

Daarna geloofden echt iedereen wel dat Pepper iets bijzonders had. Meneer Jansen heeft Pepper nu niet meer, hij is heel oud geworden. Maar iedereen zegt nog steeds dat als je 's nachts naar de ramen van meneer Jansen kijkt, je soms nog een zwarte schaduw ziet. En dat is Pepper, die over het dorp waakt."
261,google/gemma-3-27b-it-fast,10_11,"Oké, luister!

Mijn opa had een hele oude kat, Snorremans. Echt superoud, die kat. Snorremans woonde al zeventien jaar bij opa, dat is langer dan ik heb geleefd! Hij sliep dus echt bijna de hele dag. Maar toen opa een nieuwe tuin kreeg, gebeurde er iets raars.

Opa had een heel mooi grasveld gelegd, en Snorremans die ging daar ineens helemaal wild doen! Hij rende, sprong en rolde. Alsof hij weer een kitten was! Mijn opa zei dat hij hem nog nooit zo had gezien. 

We vonden het best grappig, maar de volgende dag was Snorremans helemaal moe. Hij heeft de hele dag geslapen. En de dag daarna ook. Opa was een beetje bang dat Snorremans het te gek had gedaan.

Maar toen, een paar dagen later, ging Snorremans weer! Hij deed precies hetzelfde, rennen en springen in de tuin. Hij deed dat elke keer als opa buiten was. We ontdekten dat Snorremans gewoon heel blij was dat opa eindelijk een plek had waar hij kon spelen met hem. Het was gewoon een hele lieve kat, die Snorremans. En opa vond het ook superleuk!"
262,google/gemma-3-27b-it-fast,10_11,"Oké, luister…

Mijn buurman, Joris, die is echt gek op beesten. Niet van die lieverdige dingen zoals konijntjes, nee, echt van alles. Hij had al een hamster, een schildpad en een mega grote spin in een terrarium. Maar laatst… laatst is het echt bizar gebeurd.

Zijn opa, die is een zeeman, kwam terug van een reis en had een kist bij zich. Een hele oude, houten kist. Joris mocht hem openmaken en wat denk je? Er zat een kikker in! Maar niet zomaar een kikker. Hij was paars! Echt knalpaars.

Joris was super blij en heeft hem in een groot glazen pot gedaan met allemaal planten enzo. Hij noemde hem Prins. En Prins… die begon te groeien! Echt heel snel. Binnen een paar dagen zat hij al helemaal vol de pot. Joris’ moeder werd er een beetje zenuwachtig van. 

Toen, gisteren, ging Joris buiten spelen en toen hij terugkwam, was Prins weg! De pot was leeg. Joris was echt helemaal van slag. En weet je wat het gekste is? In de tuin, bij de vijver, zat een hele grote, paarse… eh… iets. Ze dachten eerst dat het een hond was, maar hij had echt geen poten. Het was een soort paarse blob. Joris zegt dat het Prins is! Ik geloof het ook wel een beetje."
263,google/gemma-3-27b-it-fast,10_11,"Oké, luister dan.

Mijn buurvrouw, oma Jans, die heeft een kat. Niet zo’n gewone kat, nee. Die kat, Pluis, is echt superoud. Echt, hij is al zeventien jaar! En hij doet altijd heel raar.

Gisteren zag ik Pluis in de tuin. Hij zat te staren naar een slak. Echt heel lang. En toen… toen probeerde hij de slak te vangen met z’n poot. Maar hij was te sloom. De slak glibberde gewoon weg in het gras. Pluis keek er heel boos naar.

Maar het grappigste kwam nog. Een hele tijd later, toen ik buiten speelde, zag ik Pluis weer. Hij zat in de bloemen, en hij at… een bloem! Echt waar! Een gele! Ik dacht eerst dat hij eraan snuffelde, maar hij zat eraan te knabbelen alsof het een snoepje was. 

Mijn moeder zei dat oude katten soms rare dingen doen. Maar ik denk dat Pluis gewoon een beetje gek is. Een hele lieve gek, wel, maar toch. Hij is de leukste kat van de hele buurt, al is hij wel een beetje een slome eter van bloemen."
264,google/gemma-3-27b-it-fast,10_11,"Oké, luister. Mijn buurmeisje, Roos, die heeft dus een kat. Niet zomaar een kat hoor. Een supergeheime agent kat! Nou ja, dat denkt Roos dan. De kat heet Pluis, maar dat weet niemand behalve Roos en haar moeder. 

Pluis is helemaal zwart en heeft hele felle groene ogen. Roos zei dat die ogen speciaal zijn, omdat hij zo goed in het donker kan kijken en geheimen kan ontdekken. Gisteren zag Roos hoe Pluis de tuin in sloop en onder de heg ging kijken. Ze zei dat hij een belangrijke missie had. 

Later kwamen Roos en Pluis naar buiten met een heel vies gezicht. Roos lachte en zei: ""Pluis heeft de dader gevonden! Het was meneer Jansen, die heeft onze bal over de heg geschoten!"" Meneer Jansen had echt een bal in zijn hand! Dat was super grappig.

Roos heeft altijd wel een verhaaltje over wat Pluis gedaan heeft. Soms is Pluis een dokter, soms een brandweerman, en soms een superheld. Hij is echt de stoerste kat van de hele buurt, vindt Roos. En ik denk ook wel een beetje."
265,google/gemma-3-27b-it-fast,10_11,"Oké, luister dan. 

Mijn buurvrouw, oma Jansen, die heeft een kat. Niet zomaar een kat, hoor. Nooit. Die kat, Pluis, die is echt supergek. Hij is heel zwart en heeft gele ogen. 

Gistermiddag zag ik Pluis in de boom zitten. Een hele hoge boom! Ik dacht eerst dat hij daar geklommen was om een vogel te vangen, maar hij zat gewoon te kijken naar meneer De Vries die zijn auto aan het wassen was. Meneer De Vries heeft een rode auto en Pluis vindt rode dingen heel interessant. 

Hij heeft de hele tijd naar de auto zitten staren. Echt heel gefixeerd. Toen meneer De Vries klaar was met wassen, sprong Pluis ineens naar beneden! Recht voor de wielen van de auto! Meneer De Vries schrok zich een bult en remde heel snel. Pluis rende heel hard weg en zat onder het roestige tuingereedschap van de buren. 

En weet je wat het grappigste is? Pluis heeft daarna de hele middag de auto met rode verf zitten likken die meneer De Vries had laten liggen. Hij had een rode snuit! Echt waar! Ik heb het gezien!"
266,google/gemma-3-27b-it-fast,10_11,"Oké, luister dan. Mijn buurvrouw, oma Riet, die heeft een kat. Niet zomaar een kat hoor. Een superrare kat. Hij heet Pluis, maar hij is helemaal niet pluizig. Hij heeft kort, zwart haar en één oog is blauw en één groen. Best eng eigenlijk, als je hem voor het eerst ziet.

Nou, Pluis die was dus weg. Oma Riet was helemaal verdrietig. Ze had overal gezocht, onder de auto, in de schuur, achter de bloemen. Nergens Pluis! Toen hoorde Tim, die naast oma Riet woont, een geluid. Een soort gekreun kwam uit de boom in de tuin. Tim is supergoed in bomen klimmen, dus hij is naar boven geklommen.

En raad eens? Daar zat Pluis! Vastgebonden aan een tak met een stuk touw. Niemand weet wie dat gedaan heeft, maar Tim heeft hem losgemaakt. Pluis was helemaal in paniek, maar oma Riet was zo blij dat ze Tim een hele doos koekjes gaf. Nu let oma Riet extra goed op Pluis en Tim mag hem vaak mee naar binnen. Het is nu allemaal goed gekomen, gelukkig maar!"
267,google/gemma-3-27b-it-fast,10_11,"Oké, luister even. 

Mijn opa heeft een hele oude kat, Fluffy. Ze is echt superoud, denk ik. Ze lag altijd te slapen, maar ze was wel heel lief. Papa zei dat ze bijna niet meer kon zien, maar dat maakte Fluffy niks uit. Ze wist precies waar haar bakje eten stond.

Een keer, toen ik bij opa was, wilde ik met Fluffy spelen. Ik gooide een rood touwtje en Fluffy keek… ze keek gewoon naar de grond. Ze probeerde te jagen, maar ze botste tegen een stoel. Het was een beetje zielig, eigenlijk. 

Toen kwam opa kijken. Hij pakte Fluffy op en aaide haar heel voorzichtig. “Ze is een beetje moe,” zei hij. “Ze heeft al een lang leven gehad.” Ik begreep het wel, maar ik wilde zo graag met haar spelen.

Opa gaf me toen een oude knuffelbeer. “Misschien wil jij liever met hem spelen?” zei hij.  De knuffelbeer was best lelijk, maar ik knuffelde hem toch.  Fluffy lag te slapen in opa’s schoot en ik had de beer. Het was wel gezellig, ook al ging het niet zoals ik wilde."
268,google/gemma-3-27b-it-fast,10_11,"Oké, luister...

Mijn buurvrouw, mevrouw Jansen, die is echt super oud. Echt, ze is al bijna honderd! Ze heeft een kat, Pluis, die is net zo oud, denk ik. Pluis is heel raar. Hij heeft altijd zo’n norse blik en hij zat gister ineens op het dak! Niemand had hem daar gezet, hij klom er zelf op. Heel sneaky. 

Mevrouw Jansen werd helemaal gek. Ze riep: ""Pluis! Kom nou naar beneden, je ondeugend beest!"" Maar Pluis zat daar gewoon te kijken, heel chill. Hij zat te staren naar de eendjes in de sloot. 

Toen kwam mijn broertje Tim. Tim is negen en super slim. Hij pakte een blikje tonijn en hij deed het open. Toen zwaaide hij met het blikje en riep: ""Pluis! Tonijn!"" En je raadt het nooit... Pluis sprong! Zo van het dak. Hij landde net niet op mevrouw Jansen haar bloemen. Hij rende meteen naar Tim en at de tonijn op. 

Mevrouw Jansen lachte toen. Ze zei: ""Die kat, hè? Die is echt niet normaal."" Tim vond het heel grappig. En Pluis, die lag lekker te soezen na al die avontuur, met een volle buik."
269,google/gemma-3-27b-it-fast,10_11,"Meneer Jansen, die is echt anders dan alle andere juffen en meesters. Hij heeft een hele lange baard en een hoed, zelfs in de klas! En hij verzamelt verloren dingen. Niet zomaar verloren knopen ofzo, maar echt bijzondere dingen. 

Laatst had hij een oude kompas. Echt een van heel lang geleden, met allemaal rare tekentjes erop. Hij zei dat hij hem had gevonden bij de oude molen, samen met een briefje. Het briefje was geschreven door een meisje, Anna, die dat kompas kwijt was geraakt toen ze samen met haar opa op avontuur was. Ze zocht een geheime plek in het bos.

Meneer Jansen heeft toen een heel plan bedacht. We moesten allemaal helpen om die plek te vinden! We kregen allemaal een kaart met een stukje van de route erop. Echt spannend! Uiteindelijk vonden we het, een klein verborgen poel met allemaal leliebladen. En ja hoor, daar lagen nog meer oude spullen! Een klein houten paardje en een doosje met knikkers. We hebben het allemaal aan Anna’s familie gegeven, en ze waren super blij. Meneer Jansen zei dat verloren dingen soms weer gevonden moeten worden, en dat het heel leuk is om te helpen."
270,google/gemma-3-27b-it-fast,10_11,"Oké, luister dan…

Mevrouw Jansen, die van de dierenwinkel, had een parkiet. Niet zomaar een parkiet, hoor. Deze parkiet, Pepijn, kon praten! Echt praten, niet alleen nazeggen. Pepijn had een lichtblauwe kop en een gele buik. Hij zat altijd in een héle grote kooi, maar hij was nooit verdrietig.

Eén keer was er een jongen in de winkel, Lucas, die probeerde om Pepijn te pakken te krijgen. Lucas stak zijn hand door de kooi, maar Pepijn was te snel. Hij vloog naar boven en schreeuwde: “Nee! Niet pakken! Kriebels zijn fijn, grijpen niet!” 

Lucas schrok zich dood en trok snel zijn hand terug. Mevrouw Jansen moest lachen. Ze zei dat Pepijn dat altijd zei als iemand hem wilde pakken. Daarna gaf ze Lucas een paar zaadjes om aan Pepijn te voeren. Pepijn pikte ze heel voorzichtig uit Lucas’ hand. 

Vanaf die dag ging Lucas elke week naar de dierenwinkel, niet om Pepijn te pakken, maar om hem zaadjes te geven en te kletsen. Pepijn had Lucas helemaal om zijn vinger gewonden, snap je? Hij vertelde Lucas over alles wat hij in de winkel zag en Lucas vertelde over school. Het waren de beste vrienden geworden."
271,google/gemma-3-27b-it-fast,10_11,"Oké, luister!

Mevrouw Jansen, de oude mevrouw van nummer 12, die had een kat. Niet zomaar een kat hoor. Die Tobi, zo heette-ie, was super slim. Echt waar! Mijn broertje, Sam, denkt altijd dat hij alles weet van katten, maar hij heeft Tobi nooit gezien. 

Tobi kon deuren openmaken. Echt! Als mevrouw Jansen boodschappen had gedaan, dan sloop Tobi stiekem naar de schuur en duwde de deur open met z’n kop. En dan ging hij in de zakken snuffelen. Hij heeft al een keer een pak koekjes gestolen! Sam zei dat hij dat niet kon geloven, maar ik zag het zelf.

Gisteren gebeurde het weer. Ik was aan het voetballen met Tim, en we raakten per ongeluk de bal tegen het raam van mevrouw Jansen. We werden best bang, want we dachten dat ze boos zou worden. Maar toen kwam Tobi naar buiten. Hij liep naar de bal, gaf er een duwtje mee en keek ons er heel slim bij. Alsof hij zei: ‘Zien jullie wel, dat jullie niet goed kunnen voetballen!’ Mevrouw Jansen lachte, en ze gaf ons limonade. Tobi is echt de coolste kat van de hele buurt!"
272,google/gemma-3-27b-it-fast,10_11,"Oké, luister…

Mevrouw Jansen, die van de dierenwinkel, die had dus echt een raar huisdier gekregen. Het was geen hond of kat, of een cavia, nee. Het was een… kikker. Maar niet zomaar een kikker. Deze was super groot! Zo groot als een klein konijn, echt waar!

De kikker heette Kwakkel, en hij was helemaal groen met gele stippen. En hij at niet van die vliegjes, nee. Hij at ijs! Mevrouw Jansen zei dat hij het lekkerst van chocolade-ijs vond. Dus daar zaten dan zo’n hele potten leeg naast zijn bak.

Op een dag was Kwakkel weg. Echt weg! Mevrouw Jansen werd helemaal gek. Ze zocht overal. En toen… zat Kwakkel in de snoepwinkel! Hij zat tussen de zakken chips en snoep en probeerde een reep te pakken. Die meneer van de snoepwinkel schrok zich een hoedje. 

Hij had Kwakkel natuurlijk teruggebracht naar mevrouw Jansen. En nu staat hij weer in de dierenwinkel, maar mevrouw Jansen past extra goed op hem. Want wie weet wat Kwakkel allemaal nog uitspookt als hij weer ontsnapt! Hij is echt een gekke kikker."
273,google/gemma-3-27b-it-fast,10_11,"Nou, het is dus zo… Mijn buurvrouw, oma Jansen, die heeft een kat. Niet zomaar een kat, hoor. Een superdikke, oranje kater, genaamd Bello. Bello is echt een luilak, die ligt altijd te slapen op de vensterbank. 

Maar gisteren… gisteren was Bello helemaal niet aan het slapen. Hij zat te kijken naar de postbode, meneer Pieters. Meneer Pieters kwam net met een brief aanlopen en Bello, die sprong! Echt, hij vloog bijna van de vensterbank af! 

Hij rende naar de brievenbus en begon eraan te krabben. Meneer Pieters schrok zich kapot. Hij gooide de brief op de grond en keek heel boos. “Wat een rare kat!” riep hij. 

Toen zag ik het. In de brief zat een foto. Een foto van een hond! En Bello… Bello haatte honden. Echt, hij kon er niet tegen. Hij werd altijd zo boos als hij er eentje zag. En meneer Pieters heeft zelf een hele grote labrador, dat wist iedereen. Dus Bello wist zeker dat die brief van meneer Pieters was en dat er een hond op de foto stond. Echt heel slim, die Bello."
274,google/gemma-3-27b-it-fast,10_11,"Het was Meneer Janssen zijn kat, Poes. Een heel gewone kat, grijs met groene ogen. Maar Poes was stiekem super slim. Echt waar! Meneer Janssen dacht dat hij de baas was, maar Poes bedroog hem de hele tijd.

Bijvoorbeeld, Meneer Janssen had een snoeppot op de keukenkast staan. Hij zei altijd: “Poes, niet aan de snoep!” En Poes keek hem heel lief aan, alsof hij luisterde. Maar zodra Meneer Janssen weg was, sprong Poes op de aanrecht, op de stoel, en toen op de kast! Hij pakte er zo’n zure mat. Echt heel sneaky.

En gisteren… gisteren was het helemaal gek. Meneer Janssen had een nieuwe vis gekocht. Een goudvis in een kom. Hij zei: “Poes, absoluut niet aan de vis!” Poes zat heel braaf te kijken, maar toen Meneer Janssen aan het werk was in de tuin, heeft Poes met zijn poot de kom van de tafel getikt. Alles lag over de vloer! De vis, het water… Meneer Janssen werd suuuuper boos. Maar Poes? Die zat erbij te likken alsof er niets was gebeurd. Echt een schurk, die Poes. Maar toch wel een beetje lief, hoor."
275,google/gemma-3-27b-it-fast,10_11,"Oké, luister...

Mijn opa heeft een oude schuur. Echt oud, met allemaal spinnenwebben enzo. En er lag altijd van die oude rommel in, van mijn overopa enzo. Laatst ging mijn neefje Tim erin zoeken, hij vindt alles interessant. Hij had al een oude fiets gevonden en een heleboel kapotte gereedschap. 

Maar toen, toen vond hij een kist! Zo’n houten kist, met een slotje erop. We probeerden het slot open te krijgen, maar lukte niet. Dus opa moest komen. Hij had meteen een sleutel, hij zei dat hij het slot al jaren niet meer had gezien.

Toen we de kist open maakten, zaten er allemaal oude foto’s in. En brieven! Van een meisje dat Anna heette. Mijn opa zei dat Anna zijn eerste vriendinnetje was, heel lang geleden. Er zaten hele rare foto’s bij, van paard en wagens en mensen met hoeden. En in de brieven schreef ze over een geheim plekje in het bos. Tim en ik gingen meteen naar het bos, om te kijken of we die plek konden vinden. We hebben hem gevonden! Het was een heel mooi plekje bij een beek, met allemaal bloemen. 

Het was echt supercool. We hebben de foto's en de brieven teruggegeven aan opa, hij was er heel blij mee."
276,google/gemma-3-27b-it-fast,10_11,"Oké, luister dan. Mijn buurvrouw, mevrouw Jansen, die heeft een kat. Niet zo’n gewone kat, hoor. Die heet Bello en Bello is echt superoud. Echt, hij is al zó lang bij mevrouw Jansen. 

Nou, Bello die lag dus in de zon, lekker te dutten op de stenen van de oprit. En toen, opeens, kwam er een héle grote wesp aanvliegen. Zo’n dikke, geel-zwarte. Bello schrok zich helemaal rot en sprong recht omhoog! Hij is toen keihard tegen de brievenbus geknald. 

Mevrouw Jansen die was net haar boodschappen aan het uitpakken en ze lachte zich kapot. Bello keek echt heel boos en ging toen weer in de zon liggen, alsof er niks was gebeurd. Maar je zag wel dat hij een beetje wankelde, haha!

Later die dag zag ik Bello nog in de tuin, onder de rozenstruik. Hij zat daar te piepen. Ik denk dat hij stiekem wel een beetje pijn had aan zijn kop. Mevrouw Jansen heeft hem toen extra veel snoepjes gegeven. Bello is echt de stoerste, maar ook de pechste kat van de hele buurt, hoor."
277,google/gemma-3-27b-it-fast,10_11,"Oké, luister…

Mijn buurvrouw, oma Riet, die heeft een kat. Niet zo’n gewone kat, hoor. Die heet Plons en die is helemaal zwart, behalve een witte poot. Echt heel grappig. Plons was altijd buiten te zien. Die liep dan over de schuttingen en zat in de bomen. 

Eén keer, toen ik aan het voetballen was, zag ik Plons in de boom zitten, heel hoog! En er zat een vogel naast hem. Ze keken elkaar aan, en toen sprong Plons! Niet naar beneden, maar naar de vogel! De vogel vloog weg, natuurlijk. Maar Plons zat ineens vast. Hij durfde niet meer naar beneden en miauwde zo hard als hij kon.

Mijn vader heeft toen de ladder gepakt en Plons uit de boom gehaald. Oma Riet was heel blij en heeft Plons een hele grote kom melk gegeven. Plons heeft daarna wel een tijdje niet in bomen geklommen, dat was wel grappig. En nu jaagt hij gewoon muizen in de tuin. Maar soms kijk ik toch nog even naar de bomen, om te zien of hij het niet weer probeert."
278,google/gemma-3-27b-it-fast,10_11,"Oké, luister!

Meneer Jansen, die is echt een gekke oude man. Niet echt gemeen, maar wel raar. Hij woonde in een huis dat helemaal overgroeid was met klimop, echt superdik. Niemand ging daar ooit naartoe, want iedereen zei dat hij een heks was. Echt waar!

Maar Daan en ik, we dachten dat het wel mee zou vallen. We hadden gehoord dat hij heel veel oude spullen had. Daan is mijn beste vriend, en hij durft eigenlijk niks, maar ik wel. Dus we zijn toch naar zijn huis gegaan.

We klopten aan, en toen deed ie open. Meneer Jansen had een hele lange baard en een bril met plakband erop. Hij keek ons heel raar aan. We hebben gevraagd of we zijn spullen mochten zien, en hij zei: “Ach, kom maar binnen.”

Het was echt alsof je in een andere wereld kwam! Overal stonden kisten en dozen, met allemaal rare dingen erin. Er lagen oude munten en kapotte horloges, en er was een masker dat leek op een draak! Meneer Jansen vertelde dat hij al die spullen had verzameld tijdens zijn reizen. Hij *had* heel veel gezien, zei hij. Het was echt supercool. We *zijn* wel eens bang geweest, maar uiteindelijk was hij gewoon een eenzame oude man."
279,google/gemma-3-27b-it-fast,10_11,"Nou, ik ga jullie iets vertellen over Meester Jasper zijn kat, Snuffel. Snuffel is echt een aparte kat, hoor. Hij is heel dik en heel lui. Meester Jasper zei dat Snuffel eigenlijk een koning was, maar dan een koning die alleen maar slaapt en eten. 

Eergisteren, toen ik bij Meester Jasper thuis was voor de toneelstukrepetitie, gebeurde er iets heel raars. Snuffel zat op de bank, lekker te soezen, en plotseling sprong hij op! Niet omdat er een muis was, nee. Hij rende naar de spiegel en… hij probeerde met zijn poot de kat in de spiegel te pakken te krijgen! 

Hij tikte en tikte en werd helemaal boos. Meester Jasper moest heel hard lachen. Hij zei dat Snuffel dacht dat er een andere Snuffel was die zijn plek wilde innemen. 

Later lag Snuffel weer op de bank, net alsof er niks was gebeurd. Maar ik zag hem nog wel even naar de spiegel kijken. Ik denk dat hij zich nog steeds afvraagt wie die andere Snuffel was. Het is echt een gek beest, die Snuffel."
280,google/gemma-3-27b-it-fast,10_11,"Oké, luister…

Mevrouw Jansen, de buurvrouw van Sam, had een kat. Niet zomaar een kat, maar een super rare kat. Hij heette Pluis, maar hij was helemaal niet pluizig. Hij had korte, zwarte haren en één oog was blauw en de andere groen. En het allergekste: Pluis kon praten! 

Sam had het zelf ook niet geloofd, maar hij had het gehoord. Pluis zat op de schutting en zei: “Hé Sam, heb jij nog koekjes?” Sam was bijna van zijn fiets afgevallen. 

Sindsdien gingen Sam en Pluis stiekem bij elkaar op bezoek. Ze hadden een geheime plek achter de schuur, waar mevrouw Jansen nooit kwam. Pluis vertelde allemaal verhalen over wat hij had meegemaakt. Dat hij een keer met een hond had geruzied over een vis, of dat hij had gevochten met een eekhoorn om een noot. Soms was hij heel stoer, maar soms ook een beetje bang voor de stofzuiger. 

Gisteren zei Pluis dat hij een schatkaart had gevonden. Sam heeft hem geholpen om de schat te zoeken en we hebben een oude blikken doos met knikkers gevonden! Het was echt superleuk. Niemand mocht het weten, want anders werd Pluis vast heel beroemd en dat wilde hij niet."
281,google/gemma-3-27b-it-fast,10_11,"Oké, luister dan…

Mijn opa had een heel oude kat, Snurk. Echt superoud. Hij was al veertien, dat is heel veel jaren voor een kat. Snurk was altijd een beetje raar, hij deed altijd nét niet wat je verwachtte. Bijvoorbeeld, hij sliep het liefst IN de bloempot, tussen de planten. Best gek, toch?

En hij had een beste vriend, een eend. Ja, echt waar! Die eend heette Piet. Piet kwam iedere dag bij opa over de vloer, gewoon de tuin in wankelen. Snurk en Piet zaten dan altijd samen te kijken naar de vogels. Piet kletste honderd uit, natuurlijk, eenden doen altijd maar. En Snurk keek hem aan, alsof hij alles begreep.

Laatst is Piet, nou ja, hij is weggevlogen. Gewoon, hij was er ineens niet meer. Opa was verdrietig, maar Snurk… Snurk heeft drie dagen in de bloempot gezeten. Hij heeft helemaal niks gegeten. Toen heeft opa een heel klein eendje gekocht. Die heette Piep. Snurk heeft Piep even aangekeken en toen is hij gaan spelen! Ze zijn nu beste vrienden, al is het wel heel anders dan met Piet. Snurk is echt de gekste kat die er is."
282,google/gemma-3-27b-it-fast,10_11,"Oké, luister! 

Mijn buurvrouw, mevrouw De Vries, die is echt superoud. Ze heeft een kat, Snorpoes, en die kat is net zo oud als zij wel niet. Snorpoes lag altijd in de vensterbank te slapen, echt de hele dag. Niemand had hem ooit buiten gezien.

Maar gisteren… gisteren was het raar. Ik zat buiten te voetballen met Thijs en Luna en toen zagen we Snorpoes! Hij rende echt door de tuin, achter een vlinder aan! We hebben echt hard gelachen om zo’n oude kat die zo snel rende. Hij botste tegen de tuinkabouter van meneer Jansen en die viel om! 

Mevrouw De Vries kwam toen naar buiten, ze was heel boos. “Snorpoes! Wat heb je gedaan!” riep ze. Ze was best streng, maar toen zag ze de omgevallen kabouter en moest ze ook lachen. Ze zei dat Snorpoes al jaren niet meer zo’n energie had gehad. Ze denkt dat de vlinder een soort tovervlinder was. Ofzo. Het was wel het leukste wat ik in lange tijd heb gezien. We hebben Snorpoes daarna geholpen de kabouter weer overeind te zetten."
283,google/gemma-3-27b-it-fast,10_11,"Oké, luister!

Mijn buurvrouw, oma Riet, die heeft dus een kat. Nee, niet zo’n gewone kat. Hij heet Pluis, maar hij is helemaal niet pluizig. Hij is superdik en zwart en hij doet altijd heel raar.

Gisteren zag ik Pluis in de tuin zitten. Hij staarde naar de schutting. Echt heel intens. Ik dacht: wat kijkt hij nou? Toen, opeens, sprong hij! Niet omhoog, maar *door* de schutting heen. Hoe dan?! Dat kon toch niet! 

Ik ben meteen gaan kijken. Aan de andere kant zat meneer Jansen, ook een buurman. Hij had een enorme stapel vis in zijn tuin! Zó’n stapel! Pluis zat er middenin, te eten alsof hij dagen niet had gegeten. Meneer Jansen schreeuwde: “Hé, Pluis! Wegwezen met die vis!” Maar Pluis gaf geen krimp. 

Mama heeft meneer Jansen geholpen de vis op te ruimen, en we moesten van oma Riet heel erg sorry zeggen. Maar ik denk dat Pluis het wel leuk vond. Die kat is echt een held! Eén die door schuttingen kan! En die van vis houdt. Echt supercool."
284,google/gemma-3-27b-it-fast,10_11,"Oké, luister!

Meneer de Vos was echt de slimste van het bos, iedereen wist dat. Maar hij had één probleem: hij was superhongerig. Hij had al de hele dag niks gegeten en zijn buik knorde zo hard, dat hij bang was dat de eekhoorns het konden horen. 

Hij liep langs de kippenhok van boer Jansen en hij bedacht een plan. Een heel goed plan! Hij zou de kippen stelen. Hij sloop heel voorzichtig door het gras, maar toen… stapte hij op een takje. Krak! 

Boer Jansen kwam naar buiten met zijn hond, Brutus. Brutus was echt een beest, zo groot en luidruchtig. Meneer de Vos schrok zich kapot en rende zo snel hij kon het bos in. Hij verloor zelfs één van zijn schoenen! 

Hij was zo teleurgesteld. Hij had echt zin in een kippetje. Toen zag hij iets glimmen bij een boom. Het was een hele grote mand met peren! De boer had ze daar laten staan! Meneer de Vos grinnikte. Misschien was hij dan geen kippen gegeten, maar peren waren ook best lekker, en hij hoefde Brutus niet tegen te komen. Het was dus toch een goede dag geworden."
285,google/gemma-3-27b-it-fast,10_11,"Oké, luister even…

Mijn buurvrouw, mevrouw Jansen, die heeft een kat. Niet zomaar een kat, hoor. Die Pluis, dat is echt een rare kat. Hij is superoud, heel grijs en hij slaapt dus echt de hele dag. Maar gister was het anders.

Mijn broertje, Tim, die was buiten aan het voetballen en hij trapte de bal per ongeluk in de tuin van mevrouw Jansen. Hij ging hem halen, maar toen zag hij Pluis. Pluis zat in de boom! Echt waar! Hij zat heel hoog, tussen de takken.

Tim riep mevrouw Jansen en die schrok zich dood. Ze had nog nooit zoiets gezien. Pluis kwam gewoon niet naar beneden. Hij zat te miauwen, maar niet zo’n normaal miauw. Het was meer zo’n… eh… hulp-miauw. 

Uiteindelijk heeft mijn vader een ladder gepakt en Pluis voorzichtig naar beneden gehaald. Mevrouw Jansen was heel blij en ze gaf Pluis een hele grote schaal met lekkere vis. Tim zei dat Pluis daarna weer gewoon ging slapen, alsof er niks gebeurd was. Maar ik denk dat hij stiekem best een avontuurlijke kat is, die Pluis."
286,google/gemma-3-27b-it-fast,10_11,"Oké, luister!

Mijn buurman, Tim, die heeft een hond. Een super grote, lompe Sint-Bernard, die Buster heet. Buster is echt heel lief, maar ook een beetje… gek. Laatst was Tim met z’n vader aan het fietsen en Buster rende mee. Hij liep los, want hij luistert nooit helemaal. 

Ze gingen door het bos, en Buster rook iets. Hij sprong opeens de bosjes in en kwam er weer uit met… een mega grote wortel in z’n bek! Zo’n hele grote, met allemaal aarde er nog aan. Tim en zijn vader lagen in een deuk. Buster was zo trots! Hij ging recht op ze afrennen en probeerde die wortel aan Tim z’n vader te geven.

Maar zijn vader gooide ‘m weg, want dat was natuurlijk raar. Buster keek echt verdrietig. Toen begon hij te graven. Hij groef een gat en legde de wortel erin en bedekte het weer. Alsof hij hem begroef voor later! Echt waar! Tim en zijn vader moesten weer lachen. Buster is echt de gekste hond van het hele dorp."
287,google/gemma-3-27b-it-fast,10_11,"Oké, luister dan goed. 

Mijn buurvrouw, oma Riet, die heeft een kat. Niet zomaar een kat, hoor. Een superdikke, oranje kater, Noortje noemt ze hem. Noortje is echt de grootste lafaard die je je kan voorstellen. Echt waar!

Gisteren was het heel raar. Er zat een vogel in de tuin, zo’n hele gewone merel. En Noortje, die had hem gezien. Hij is normaal gesproken echt bang voor alles, zelfs voor zijn eigen schaduw, maar nu… nou ja, hij sloop zich heel langzaam dichterbij. Heel, heel langzaam. Alsof hij een ninja was, of zo.

Ik heb het helemaal gefilmd met mijn tablet. Echt spectaculair! Je zag dat hij zich helemaal plat op de grond legde, zijn buik bijna aan het gras. En toen, hij sprong! Maar hij sprong niet *op* de vogel, nee, hij sprong een meter de lucht in, draaide zich om en rende heel hard terug naar de achterdeur. 

De vogel vloog gewoon weg, lachte hem bijna uit. En Noortje, die zat te trillen achter het raam. Oma Riet zei dat hij zich schrik kostte. En ik? Ik heb de hele video al tien keer laten zien aan mijn broertje. Hij vond het echt te gek. Een lafaard die probeert te jagen!"
288,google/gemma-3-27b-it-fast,10_11,"Oké, luister…

Mevrouw Jansen, die van de dierenwinkel, die had dus een parkiet. Niet zo’n gewone, nee. Die parkiet kon praten! Echt praten, niet alleen maar ‘goedendag’ ofzo. Hij zei hele zinnen. Meneer Van Dijk, die altijd de krant kwam kopen, die werd er echt gek van. Die zei dat hij het niet geloofde.

De parkiet, Pieter, noemde mevrouw Jansen altijd ‘Mijn allerliefste verzorgster’. En als er kinderen kwamen, dan zei hij: ‘Hé, wat zijn jullie luid!’ Pieter had een heel eigen mening, snap je?

Maar dan moest je weten, Pieter was een beetje een ondeugend ding. Hij imiteerde de telefoon! Echt serieus. Dus als mevrouw Jansen even weg was, dan zat hij in zijn kooi en dan ging hij ‘toeter toeter’ doen. Eén keer heeft hij zelfs ‘Politie, hier is de politie!’ geroepen, toen er een man in de winkel een snoepje stal.

Toen meneer Van Dijk dat hoorde, werd hij helemaal rood. Hij zei: ""Zie je wel, die vogel is gek!"" Maar mevrouw Jansen lachte gewoon. Pieter was gewoon een heel bijzondere parkiet. En iedereen vond hem stiekem wel heel grappig, ook al deed hij soms rare dingen."
289,google/gemma-3-27b-it-fast,10_11,"Oké, luister dan…

Mijn opa had een oude schuur, echt super oud. En er woonde een egel in, maar niet zomaar een egel. Die egel had een naam, Boris. Opa zei altijd dat Boris de schuur bewaakte. Echt waar!

Boris was heel bijzonder omdat hij geen normale stekels had, maar allemaal kleine belletjes. Dus als hij liep, dan rinkelde hij een beetje. Echt heel grappig. 

Eén keer, toen mijn neefje Timmy er was, is hij de schuur ingelopen om te zoeken naar een oude fiets. Timmy is er helemaal alleen in gegaan, dat mocht eigenlijk niet. En Boris… Boris heeft hem toen achtervolgd! Timmy schreeuwde het uit, want Boris rinkelde steeds dichterbij. 

Toen opa kwam, zag hij Timmy helemaal wit en Boris net voor hem staan. Boris stond rechtop en de belletjes rinkelden heel hard! Maar Boris deed Timmy niks, hij trapte alleen een beetje met zijn pootjes. 

Opa heeft toen Timmy naar buiten gebracht en Boris een bakje melk gegeven. Daarna heeft Boris weer rustig een dutje gedaan in de schuur. Timmy durfde er daarna nooit meer alleen in. En opa zei dat Boris gewoon wou laten weten dat Timmy niet in de rommel moest rommelen. Best slim, die Boris!"
290,google/gemma-3-27b-it-fast,10_11,"Oké, luister dan!

Mijn buurvrouw, oma Riet, heeft een kat. Niet zomaar een kat, hoor. Meneer Pluis, heet ‘ie. En Meneer Pluis is echt super sneaky. Hij heeft gisteren de hele dag buiten gezeten, en dan meestal achter de schuur van meneer Janssen. Mijn moeder zei dat ie daar muizen zat te besluipen.

Maar toen, toen gebeurde er iets raars. Meneer Janssen kwam naar buiten met een hele grote mand. En je raadt het nooit… die mand zat vol met ham! Echt, allemaal dikke plakken ham. Meneer Janssen had nog een heleboel over van een feestje ofzo. 

Meneer Pluis zag dat ook, en hij is gewoon… op de mand gesprongen! Hij heeft er een stuk ham gepakt en is ermee weg gerend. Meneer Janssen werd helemaal boos en schreeuwde iets, maar Meneer Pluis rende heel hard naar oma Riet haar tuin. 

Hij heeft die ham helemaal opgegeten, onder de rozenstruiken. Oma Riet moest lachen toen ze het zag. Ze zei dat Meneer Pluis gewoon een heel slimme kat is. En dat ham lekkerder is dan muizen. Ik denk dat ze gelijk heeft!"
291,google/gemma-3-27b-it-fast,10_11,"Oké, luister. Mijn buurvrouw, oma Riet, die heeft een kat. Een heel rare kat, eigenlijk. Hij heet Plaatje, maar hij is helemaal niet zwart-wit, hij is oranje met witte vlekken. En hij doet altijd super sneaky. 

Nou, gisteren zag ik Plaatje in de tuin. Hij sloop heel laag bij de grond, echt alsof hij een soort ninja-kat was. En toen, echt waar, sprong hij op de rug van de postbode! Die schrok zich helemaal kapot. De postbode liet zijn tas vallen en alle brieven lagen over de hele oprit.

Plaatje zat daar gewoon, op zijn rug, te spinnen alsof er niks aan de hand was. De postbode probeerde hem af te schudden, maar Plaatje hield zich vast. Het was echt heel grappig. Ik moest heel hard lachen. 

Uiteindelijk heeft oma Riet Plaatje eraf gehaald en de postbode heeft snel alle brieven weer opgeraapt. Hij was wel een beetje boos, maar oma Riet gaf hem een kop thee en toen ging het weer. Plaatje zat daarna heel stoer te kijken, alsof hij de held van de dag was. Hij is echt een gek beest, die Plaatje."
292,google/gemma-3-27b-it-fast,10_11,"Oké, luister…

Meneer Jansen, de bakker, die had dus echt een probleem. Niet dat zijn brood niet lekker was, want iedereen zei dat z’n croissants de allerbeste van het hele dorp waren. Nee, hij had een kat, Fikkie. En Fikkie, die was echt supergek op room.

Elke keer als meneer Jansen bezig was met vlaaien bakken, ging Fikkie stiekem op het aanrecht springen. En dan… snoepte hij room! Hij likte de schalen helemaal leeg. Meneer Jansen werd er echt knettergek van. Hij had al tig keer gezegd dat Fikkie niet op het aanrecht mocht, maar Fikkie luisterde nooit.

Gisteren was het weer raak. Meneer Jansen had net een hele grote vlaai met kersen klaar. Hij draaide zich even om en… plons! Fikkie zat in de room, helemaal toegedekt. Hij zag eruit als een witte sneeuwpop. Meneer Jansen moest lachen, echt heel erg lachen. 

Hij heeft Fikkie daarna wel gedouchd, hoor. En nu staat de keuken deur op slot als hij room maakt. Maar ik denk dat Fikkie nog steeds een plan heeft. Die kat is echt te slim!"
293,google/gemma-3-27b-it-fast,10_11,"Oké, luister dan...

Meneer Jansen, de wijkpost, die was echt een beetje raar. Niet super raar, maar wel… apart. Hij had een kat, genoemd Barry, en Barry mocht écht niet in de post. Maar die Barry, die was super slim.

Elke dag, als meneer Jansen even weg was, bijvoorbeeld om een brief te bezorgen aan mevrouw Pietersen, dan sloop Barry naar binnen. En niet gewoon even snuffelen hoor. Barry ging op de stoel van meneer Jansen zitten, en dan deed hij alsof hij brieven sorteerde! Hij schoof ze heen en weer met z’n pootjes. 

Iemand had het gezien, Tim. Tim zijn broertje zat in de vensterbank te kijken. Hij heeft het meneer Jansen verteld. Meneer Jansen werd eerst heel boos. “Barry! Dat mag helemaal niet!” Maar toen zag hij hoe hilarisch Barry wel zat te doen. 

Hij heeft een klein briefje geschreven: ‘Bezig met belangrijk post-werk, ondertekend: Barry’. En dat plakte hij op de deur. Nu lachte iedereen erom. Zelfs meneer Jansen moest lachen. En Barry? Die ging gewoon weer brieven sorteren, net alsof er niets aan de hand was."
294,google/gemma-3-27b-it-fast,10_11,"Oké, luister! Echt waar, dit is iets wat mijn opa me vertelde. Hij was vroeger zeevaarder, dus hij heeft heel veel meegemaakt.

Het ging over een kleine blauwe vis, die heette Bliep. Bliep woonde in een heel groot koraalrif en hij was de kleinste vis van de hele school. Hij kon helemaal niet zo goed meezwemmen met de anderen, hij viel altijd achteraan. 

Eén keer wilden de andere vissen een wedstrijdje doen, naar de glinsterende schelp helemaal aan de andere kant van het rif. Bliep probeerde mee te doen, maar hij kwam niet verder dan halverwege. Toen was hij echt super verdrietig.

Maar toen zag hij een oude schildpad, die heel langzaam zwom. De schildpad zei: “Hé, Bliep, waarom probeer je niet gewoon je eigen weg?” Bliep vond dat een goed idee. Hij begon langzaam te zigzaggen, tussen de koralen door. En weet je? Hij was als eerste bij de glinsterende schelp! De andere vissen waren echt stomverbaasd. Bliep had gewonnen door anders te zijn. En vanaf die dag was hij niet meer de kleinste, maar de slimste vis van het rif."
295,google/gemma-3-27b-it-fast,10_11,"Mijn buurvrouw, oma Roos, die heeft een kat. Niet zo’n gewone kat, echt niet. Die heet Pluis, maar hij is helemaal niet pluizig. Hij is superdik en zwart, en hij heeft altijd zo’n norse blik. 

Pluis kon heel goed jagen. Echt heel goed! Vroeger ving hij heel veel muizen, maar de laatste tijd... nou ja, die muizen waren hem te slim af. Pluis zat dan uren naar zo’n muizengat te kijken, helemaal geconcentreerd, en dan ging de muis gewoon door de tuin fladderen! 

Eergisteren gebeurde er iets heel geks. Pluis zat dus weer naar dat gat te staren. En toen, echt waar, kwam er een eekhoorn uit! Een hele grote met een hazelnoot. Pluis sprong op, zo snel als hij kon. Hij jaagde die eekhoorn helemaal achterna, door de tuin, over de schutting, en de boom in! 

Oma Roos en ik lagen helemaal dubbel. Pluis zat daar bovenin de boom, heel boos te kijken op de eekhoorn. Die zat tegenover hem, heel rustig zijn hazelnoot te eten. Pluis is daarna heel lang boos gebleven. Het ziet ernaar uit dat muizen niet de enige dieren zijn die hem te slim af zijn!"
296,google/gemma-3-27b-it-fast,10_11,"Oké, luister!

Mijn opa had een oude radio. Echt superoud, van hout en met knoppen waar je aan moest draaien. Die radio kon geen muziek afspelen, helemaal niks. Maar opa zei dat hij verhalen kon vangen. 

Eén keer, toen het buiten heel stormde en mijn ouders waren gaan winkelen, zat ik bij opa. Hij draaide aan alle knoppen en er kwam gekraak. En toen… een stem! Het was een heel zachte, bibberende stem die vertelde over een kapitein en een schip. De kapitein was zijn route kwijt in een dikke mist. 

Ik zat helemaal stil. Het was alsof ik zelf op dat schip was! De stem zei dat er monsters in de mist zaten, met gloeiende ogen. Echt eng! Opa zei dat de radio het verhaal oppikte van een heel oud schip, van heel lang geleden.

Toen de stem stopte, was de storm ook weg. En die kapitein? Die had de weg weer gevonden, vertelde opa. Hij zei dat de radio goed had geluisterd. Ik weet niet hoe, maar ik geloofde opa. Die radio was echt bijzonder. Ik heb hem nog steeds, maar hij vangt nu geen verhalen meer... alleen maar gekraak."
297,google/gemma-3-27b-it-fast,10_11,"Mijn opa heeft een oude radio. Echt superoud. Hij zegt dat hij ‘m al heeft sinds hij een jongetje was, maar dat geloof ik niet helemaal. Die radio staat altijd in de schuur, en hij doet het bijna nooit meer. 

Maar gisteren deed ie het! Supergrappig. Mijn neefje Tim en ik waren aan het verstoppertje spelen in de schuur, en toen hoorden we gekraak en zo. We dachten eerst dat het Tim was, die probeerde ons te pakken te krijgen, maar toen hoorden we een stem. Een heel gekke stem.

Het was een man, maar hij praatte over dingen die al lang geleden waren gebeurd. Over een schat, bijvoorbeeld, die verstopt was onder een oude eik. En over een kapitein met een baard. We zijn echt heel goed gaan luisteren. 

Toen viel de radio weer uit. Tim zei dat hij dat niet geloofde, maar ik wel. Ik denk dat die kapitein echt bestaan heeft! En we hebben besloten om die oude eik achter het huis te gaan zoeken. Misschien vinden we wel een schat!  Het is wel een beetje eng, maar ook heel cool."
298,google/gemma-3-27b-it-fast,10_11,"Oké, luister. Mijn buurman, Finn, die heeft echt een gave hond. Noemden ze Bobbie, maar die was dus echt raar. Niet ziek ofzo, gewoon… anders. 

Bobbie kon dingen voelen aankomen. Echt waar. Laatst ging Finn zijn oma bezoeken, en Bobbie zat maar te piepen en trok aan Finns broek. Finn zei: “Hé, wat is er nou?” En toen belde zijn moeder op! Zijn oma was gevallen en moest naar het ziekenhuis. Dat had Finn niet geweten als Bobbie niet was!

En dan nog, toen was er een supergroot onweer. Iedereen zei dat het wel los zou lopen, maar Bobbie dook onder de bank en blafte heel hard. En vijf minuten later… knal! Hoor je die harde donder? En toen sloeg de bliksem in de boom in de tuin. Echt eng!

Finn zegt dat Bobbie een soort superkracht heeft. Ik denk ook wel. Hij is echt een hele bijzondere hond. Soms lijkt het wel of hij weet wat je denkt. Best creepy, maar ook cool. Je moet Bobbie gewoon echt geloven."
299,google/gemma-3-27b-it-fast,10_11,"Oké, luister. Mijn buurvrouw, mevrouw Jansen, die is echt een beetje gek. Niet erg gek, maar… apart. Ze heeft een kat, Snuffel, en die kat is echt de baas in huis. Echt waar!

Snuffel mag alles. Hij zit in de bloempotten, hij krabt aan de bank en mevrouw Jansen zegt niks. Echt niks!

Maar het raarste is het volgende: mevrouw Jansen denkt dat Snuffel kan praten. Serieus. Ze heeft echt gesprekken met ‘m. Ik heb het een keer gezien, ik was aan het skaten bij haar voor de deur en ik hoorde haar vragen: “Heb je de melk wel opgedronken, Snuffel?” En Snuffel keek haar gewoon aan!

Eerst dacht ik dat ze een beetje vergeten was wat ze zei, maar dat doet ze altijd! Ze zegt altijd dingen als: “Snuffel heeft me verteld dat hij zin heeft in tonijn.” Of: “Snuffel vindt jouw nieuwe schoenen lelijk.” 

Het is best grappig, maar ook een beetje eng. Moet je voorstellen, als Snuffel echt kon praten! Dan zou hij vast zeggen dat hij genoeg tonijn heeft gehad. Of dat ik coole schoenen heb. Nou ja, ik denk dat mevrouw Jansen gewoon heel eenzaam is. En Snuffel is haar enige vriend."
300,google/gemma-3-27b-it-fast,11_12,"Okej, luister dan. Mijn opa, die had dus een kat. Niet zomaar een kat, hoor. Een zwarte, en die heette Plons. Echt waar! Het was een super oude kat, die Plons, hij was al minstens vijftien jaar oud. Mijn opa zei altijd dat hij al heel veel had meegemaakt. 

Plons zat het liefst buiten. Hij lag dan uren onder de struiken, en je zag hem bijna niet zitten. Eén keer was hij weggebleven, echt heel lang. Mijn opa was super verdrietig, die zocht overal. Toen, na drie dagen, kwam Plons opeens terug! Hij liep gewoon de tuin in, alsof hij op vakantie was geweest. 

Mijn opa vroeg toen: ‘Waar ben je nou geweest, Plons?’. Plons keek hem gewoon aan en miauwde. Alsof hij zei: 'Geen idee, maar het was vet!’ Hij had helemaal geen modder aan zijn pootjes, of iets. En hij was helemaal niet moe. Echt raar. Mijn opa heeft altijd gedacht dat Plons stiekem een geheim leven had, ofzo. Dat hij ’s nachts wegglipte om avonturen te beleven. Dat zou cool zijn, toch?"
301,google/gemma-3-27b-it-fast,11_12,"Oké, luister…

Meneer Jansen, de conciërge, is echt een rare vent. Niemand weet precies wat hij de hele dag doet, behalve dat hij altijd een beetje mompelt tegen de planten in de hal. En hij heeft een sleutelbos, echt gigantisch, met allemaal oude sleutels eraan. 

Nou, gisteren, tijdens de pauze, zag ik hem bij de gymzaal. Hij was heel sneaky bezig, alsof hij iets probeerde te verbergen. Hij had die gigantische sleutelbos in zijn hand en was aan het prutsen met de deur. Ik dacht: wat is hij nou weer van plan?

Toen zag ik het. Hij had een heleboel oude dozen naar binnen gesleept. En hij was, geloof het of niet, een heuse piratenschat aan het bouwen! Er lagen allemaal glimmende knikkers, oude speelgoedauto’s en zelfs een paar nep gouden munten in. 

Later hoorde ik van Tim dat Meneer Jansen vroeger echt een verzamelaar was. Hij spaarde álles. Alleen had hij er nooit echt een plek voor. Nu had hij de gymzaal stiekem omgetoverd tot een soort geheime schatkamer. Best cool eigenlijk, maar ook een beetje sneaky. Ik heb er nog niemand over verteld behalve jullie, he! Niet doorvertellen, oké?"
302,google/gemma-3-27b-it-fast,11_12,"Oké, luister. Mijn buurvrouw, mevrouw De Vries, die heeft een kat. Niet zo’n gewone kat, hoor. Die heet Pluis, maar Pluis is echt super eigenwijs. Ze is heel oud, denk ik, zo’n tien jaar. 

Zaterdag was het heel raar. Mevrouw De Vries was boodschappen doen en Pluis zat buiten, in de tuin. Normaal slaapt die kat de hele dag, maar zaterdag zat ze te staren naar de boom. Echt heel gefixeerd. En toen… zag ik het. Een eekhoorn zat in de boom, heel hoog, en Pluis probeerde te klimmen! Ze gleed steeds naar beneden, maar probeerde het steeds weer. Echt komisch. 

Ze is er nooit gekomen. De eekhoorn zat heel veilig, maar Pluis was echt boos. Ze heeft wel een half uur geprobeerd! Toen kwam mevrouw De Vries terug en Pluis deed alsof er niks aan de hand was. Ze ging gewoon zonnen in het gras. Heel sneaky. Maar ik heb het wel gezien, hoor. Pluis is stiekem een avonturier! En nu weet ik dat die kat echt gek is op eekhoorns."
303,google/gemma-3-27b-it-fast,11_12,"Oké, luister eens…

Mevrouw Jansen, de oude buurvrouw van Timo, die had een kat. Niet zomaar een kat, hoor. Die Minoes, die was echt *super* slim. Iedereen in de straat had wel eens iets raars met Minoes meegemaakt. 

Laatst, was Timo bij haar op bezoek, en toen gebeurde er iets geks. Mevrouw Jansen had net koekjes gebakken en die lagen af te koelen op het aanrecht. Ninoes zat er heel sneaky naar te kijken. Timo mocht van mevrouw Jansen een koekje, maar Minoes niet, want die kreeg altijd teveel. 

Toen bleef Minoes ineens heel stil zitten. En toen…schrok hij! Hij ging heel hoog springen, maar niet *omhoog*, meer *naar voren*, alsof hij iets probeerde te pakken te krijgen. En ja hoor! Hij pakte met z’n poot een koekje van het aanrecht! Mevrouw Jansen en Timo lagen in een deuk. 

Ze heeft Minoes wel een klein stukje koekje gegeven uiteindelijk, maar hij moest wel beloven dat hij het niet meer zou doen. Alleen, Timo had het idee dat Minoes al een nieuw plan bedacht had…Hij keek zo…slim."
304,google/gemma-3-27b-it-fast,11_12,"Oké, luister!

Mijn buurvrouw, oma Jansen, is echt superoud. Ze is al negentig, geloof ik. Ze heeft altijd een hele raar kat gehad, Snorpoes. Niet zo’n normale kat, echt niet. Snorpoes was helemaal zwart, met ogen die oplichtten in het donker. Echt eng!

Nou, laatst, was het heel slecht weer. Het stormde en regende superhard. Mijn moeder zei dat ik niet buiten moest spelen. Maar Tim, die woont twee huizen verderop, had een nieuwe drone. We wilden die echt uitproberen.

Dus we zijn toch stiekem naar buiten gegaan. De drone vloog best goed, maar toen… toen zag Snorpoes hem! Ze is helemaal de boom ingeklommen, zo hoog! En ze probeerde de drone te vangen! Heel gek.

De drone is toen gecrasht, in de tuin van oma Jansen. We waren superbang, we dachten dat ze boos zou worden. Maar ze lachte! Ze heeft ons limonade gegeven en gezegd dat Snorpoes gewoon een beetje ondeugend was. En ze zei dat ze al jaren een geheim agent was, maar dat is vast niet waar. Toch?"
305,google/gemma-3-27b-it-fast,11_12,"Nou, ik ga jullie iets vertellen wat mijn opa me heeft verteld. Hij heeft het weer van zijn opa gehoord, dus het is echt heel oud. Het gaat over meester Elias, die in een heel klein dorp woonde, aan de rand van het bos. Meester Elias was de schoolmeester, maar hij kon ook heel goed fluiten. Niet zomaar fluiten, maar hij kon de vogels nadoen. 

Eén keer, toen er helemaal geen wind was, en alles super stil, was er een heel klein vogeltje in de school gevlogen. Het was helemaal bang en bleef maar tegen de ramen vliegen. Meester Elias heeft toen z’n fluit gepakt en hij fluitte precies hetzelfde liedje als dat vogeltje altijd zong. Echt precies! En je gelooft het niet, het vogeltje is toen meteen op zijn schouder komen zitten.

Daarna fluitte meester Elias het vogeltje naar buiten en het vloog weg. Sindsdien zeiden alle kinderen in het dorp dat meester Elias een tovenaar was. Maar opa zei dat hij gewoon heel goed kon luisteren. En heel goed kon fluiten natuurlijk. Het is een beetje een gek verhaal, maar dat vond ik wel leuk."
306,google/gemma-3-27b-it-fast,11_12,"Oké, luister...

Mijn buurvrouw, oma Els, die heeft een kat. Niet zo’n normale kat, hoor. Mevrouw Snuiters heet ze. En mevrouw Snuiters, die kon… nou ja, ze kon dingen voelen. Echt waar!

De zoon van de bakker, Thijs, die had zijn lievelingsauto verloren. Echt zonde, want hij had die zelf gespaard. Hij had overal gezocht, onder de bank, in de tuin, zelfs bij meneer Janssen die altijd alles verzamelt. Nergens. Toen ging Thijs helemaal verdrietig bij oma Els zitten.

Mevrouw Snuiters kwam meteen naar hem toe, snuffelde aan zijn schoenen en ging toen naar de schuur. Ze bleef maar krabben aan de deur. Thijs haalde zijn vader erbij. En raad eens? Daar stond de auto! Iemand had ‘m daar stiekem neergezet.

Thijs was super blij. Hij zei dat mevrouw Snuiters hem hielp. Oma Els lachte en zei dat het allemaal toeval was, maar ik denk echt dat mevrouw Snuiters het wist. Ze kijkt altijd zo… slim. Ik heb wel eens gezien dat ze naar dingen keek die ik niet eens zag. Echt spooky, maar ook wel cool."
307,google/gemma-3-27b-it-fast,11_12,"Oké, luister. Mijn buurvrouw, mevrouw Jansen, die is echt superoud. Ze heeft een kat, Pluis, die is ook al heel oud. Pluis zat altijd in de tuin, maar de laatste dagen zag je hem niet meer. Iedereen dacht dat hij was gaan slapen ofzo, maar mevrouw Jansen werd steeds verdrietiger. 

Gisteren, ik zat te voetballen met Tim, en we kregen de bal in haar tuin. We moesten hem halen, natuurlijk. En toen zagen we het! Pluis zat vast, in de schuur! Hij was naar binnen geklommen, waarschijnlijk op zoek naar muisjes, en toen kon hij er niet meer uit. De deur was dichtgevallen.

Tim en ik hebben mevrouw Jansen geholpen de deur open te krijgen. Pluis was heel blij ons te zien, hij spinde meteen. Mevrouw Jansen was ook zo opgelucht. Ze gaf ons allebei een koekje en Pluis… die keek ons gewoon aan, net alsof hij niks had meegemaakt. Hij is echt een rare kat, hoor, maar mevrouw Jansen is superblij dat hij weer thuis is. En wij ook wel, want anders was mevrouw Jansen vast helemaal verdrietig gebleven."
308,google/gemma-3-27b-it-fast,11_12,"Meneer Jansen, de conciërge, was echt de allerbeste. Niet alleen omdat hij altijd snoepjes had in zijn jaszak – zure matten, mijn favoriet! – maar ook omdat hij de coolste verhalen wist. Echt waar.

Vorige week zat ik, met Finn en Lisa, bij hem in het lokaaltje achter de gymzaal, want het regende superhard. Meneer Jansen vertelde over de oude bibliothecaris, mevrouw De Vries. Die was er jaren geleden met pensioen gegaan. Hij zei dat mevrouw De Vries een geheim had. Ze had een boek, een heel oud boek, waarin stond hoe je… tja, hoe je kon vliegen.

We lachten hem uit, natuurlijk. Vliegen? Onzin! Maar meneer Jansen zei dat het boek was verdwenen toen ze met pensioen ging. Niemand had het ooit teruggezien. Hij had het zelf een paar keer gezocht, toen hij net begon te werken op school. Hij had zelfs in haar oude kantoor gekeken, achter de boekenplanken. Hij had niets gevonden.

Lisa zei toen dat ze misschien wel weggevlogen was met het boek. Finn en ik moesten lachen. Maar stiekem… stiekem dacht ik wel dat het misschien waar was. Want meneer Jansen liegt nooit."
309,google/gemma-3-27b-it-fast,11_12,"Oké, luister. Mijn buurvrouw, mevrouw De Vries, die had een kat. Niet zomaar een kat hoor. Een superdikke, oranje kater, die Noortje heette. En Noortje, die was echt de baas in de tuin. Echt waar.

Vorige week, toen ik buiten voetbalde, zag ik Noortje achter een vogel aanrennen. Ze was echt heel snel, maar die vogel was sneller! Hij vloog op een hele hoge boom. Noortje keek naar boven, en toen... toen begon ze te springen! Echt, superhoog springen, maar ze kwam er natuurlijk niet bij. 

Ze sprong en sprong en sprong. En ze werd steeds bozer! Ze gromde en zwaaide met haar staart. Het leek net een oranje veertje dat probeerde te vliegen. Uiteindelijk gaf ze het op en liep ze terug naar mevrouw De Vries, heel sip. 

Toen kwam er een eekhoorn naar beneden en ging op de tak zitten waar de vogel zat. Die eekhoorn keek Noortje aan en begon te lachen! Echt, hij zat te schudden van het lachen. Noortje keek hem kwaad aan, en de eekhoorn is meteen weggegaan. Noortje is echt heel stoer, hoor. Zelfs als ze een vogel niet kan pakken."
310,google/gemma-3-27b-it-fast,11_12,"Oké, luister!

Mijn buurvrouw, oma Els, die heeft een kat. Niet zomaar een kat, hoor. Die heet Pluis en die is echt superoud. Echt, hij is al twaalf! Dat is heel oud voor een kat, zegt oma Els altijd. Pluis sliep dus eigenlijk de hele dag. Echt, de hele dag!

Maar gisteren... gisteren gebeurde er iets raars. Meneer Jansen, die tegenover oma Els woont, had een nieuwe vis gekocht. Een hele grote, goudkleurige vis. Hij had ‘m in een kom op de vensterbank staan. En Pluis… Pluis was opeens helemaal niet moe! Hij sprong op de vensterbank, stond helemaal recht en keek naar die vis. 

Hij heeft er heel lang naar gekeken. Echt superlang. Toen is hij gekropen, heel langzaam, en heeft hij z’n poot in het water gestoken! Meneer Jansen schreeuwde echt heel hard en Pluis is toen heel snel weg gerend.

Meneer Jansen was best boos, maar oma Els zei dat Pluis gewoon nieuwsgierig was. En nu ligt Pluis weer te slapen. Net alsof er niks is gebeurd. Maar ik weet zeker dat die vis nog steeds in z’n hoofd zit."
311,google/gemma-3-27b-it-fast,11_12,"Oké, luister. Mijn buurvrouw, oma Els, die heeft een kat. Niet zomaar een kat, hoor. Griffioen heet ie. En die Griffioen, die is echt supergeheimzinnig. Niemand weet waar die kat overdag zit. Echt niemand.

Laatst zag ik Thijs, die probeerde om Griffioen te volgen. Hij liep stiekem achter ‘m aan toen Griffioen de tuin uitging. Thijs verdween achter de heg, en toen… niks meer. We hebben al een uur geroepen, maar Thijs was echt weg! Supervreemd. 

We hebben Jasper gebeld, die woont nog dichterbij oma Els, en Jasper heeft toen gezien dat Griffioen een soort… geheime ingang had. Onder de schutting zat een klein tunneltje. Jasper heeft er voorzichtig in gekeken en raad eens wie daar zat? Thijs! En Griffioen natuurlijk, die zat te spinnen op Thijs’ schoot.

Het bleek dat Griffioen iedereen meeneemt naar een soort geheime kamer onder de tuin. Daar heeft oma Els allemaal oude spullen staan en ze drinken daar thee met koekjes. Thijs vond het superleuk, en nu mag ik volgende week ook mee! Maar je moet wel heel stil zijn, want Griffioen wordt boos als je te veel lawaai maakt. Echt waar!"
312,google/gemma-3-27b-it-fast,11_12,"Oké, luister. Mijn buurvrouw, oma Riet, die heeft een kat. Niet zomaar een kat, hoor. Die heet Stompoot, maar hij is helemaal niet stom. Integendeel! Stompoot is echt een avonturier. 

Gisteren zag ik Stompoot ineens in de boom zitten. Niet een klein boompje, maar de allergrootste eik van de straat. Echt súper hoog! Ik dacht eerst dat hij daar per ongeluk was gekomen, maar hij zat daar gewoon te chillen, alsof hij de koning van de boom was.

Meneer Jansen, die er altijd zo boos kijkt, die schreeuwde eerst: ""Wat doet die kat daar nou weer?!"" Maar toen Stompoot heel rustig beneden sprong, en net niet op zijn hoofd landde, moest hij zelfs lachen. 

Daarna begon Stompoot de hele straat door te rennen. Hij heeft een postbode achtervolgd en hij had bijna de ijswagentje getackeld. Het was echt heel grappig. Hij is echt de gekste kat die ik ken. Zelfs oma Riet kon er niet meer om lachen, die zei dat hij nu wel heel ver had gerend. Ik hoop dat hij morgen weer iets leuks doet!"
313,google/gemma-3-27b-it-fast,11_12,"Oké, luister. Mijn buurvrouw, oma Riet, die heeft een kat. Niet zomaar een kat, hoor. Een superdikke, luie kat die Nooitgenoeg heet. Echt waar! Oma Riet zegt dat hij zo heet omdat hij altijd maar meer wil. Meer eten, meer knuffels, meer slapen… alles!

Nooitgenoeg zat gisteren dus in de tuin, lekker te zonnen. Het was superwarm. En toen, echt waar, kwam er een eekhoorn. Die rende door de tuin en liet per ongeluk een noot vallen. Gewoon, plof, naast Nooitgenoeg zijn neus.

Nooitgenoeg keek ernaar. Hij had nog nooit een noot gezien, geloof ik. Oma Riet geeft hem altijd blikvoer. Dus hij snuffelde eraan en toen… toen pakte hij ’m op! Hij probeerde hem op te eten, maar dat ging niet zo makkelijk. Hij kauwde en kauwde en bleef maar schudden met zijn kop. 

De eekhoorn kwam terug, keek en begon heel hard te lachen. Nooitgenoeg, die werd helemaal boos. Hij zette de noot weg en ging weer liggen zonnen, heel geïrriteerd. Ik moest echt heel erg lachen toen ik dat zag. Nooitgenoeg, de dikke kat, verslagen door een noot!"
314,google/gemma-3-27b-it-fast,11_12,"Oké, luister!

Meneer Jansen, die is echt een oude knar, die heeft een kat. Niet zo’n gewone kat, hoor. Die kat, Snorpoes, die kan… nou ja, die kan dingen voorspellen. Echt waar! Mijn broertje Tim heeft het gezien. Tim is soms een beetje raar, maar hij liegt nooit.

Snorpoes zat dus op de vensterbank, en staarde naar buiten. Dat deed ie altijd, maar deze keer was het anders. Hij gromde heel zachtjes en zijn staart ging helemaal strak omhoog. Toen ging de bel. En wie stond er voor de deur? Oom Karel! Die kwam altijd onverwachts langs, en hij is echt heel vervelend. Hij praat altijd over school en dat je hard moet werken, echt super saai.

Tim zei meteen: “Snorpoes wist het!” En een paar dagen later, was Snorpoes weer aan het staren. Toen zat hij te spinnen en te knuffelen tegen de benen van meneer Jansen. De volgende dag won meneer Jansen een loterij! Echt veel geld! We hebben het allemaal gehoord van mevrouw Pietersen, die woont naast meneer Jansen. 

Nu zegt Tim dat Snorpoes gaat voorspellen wie er kampioen wordt van het voetbal. Ik hoop dat het Ajax is! Dat zou echt cool zijn."
315,google/gemma-3-27b-it-fast,11_12,"Oké, luister!

Meneer Jansen, de conciërge, is echt gek op duiven. Niet dat hij ze knuffelt ofzo, maar hij geeft ze altijd broodkruimels. Elke dag! En die duiven, die kennen hem ook. Als hij de sleutel van de school pakt, komen ze direct aangevlogen. Echt supervaak.

Nou, afgelopen dinsdag was het heel raar. Meneer Jansen was ziek, dus een andere conciërge, meneer Van Dijk, moest de school openen. Meneer Van Dijk heeft een megafoon. Echt zo’n ding dat ze bij de politie hebben. En hij ging de school openmaken en hij schreeuwde... nou ja, hij had zijn megafoon aan en hij riep: “DE SCHOOL IS OPEN!”

En je raadt het nooit… alle duiven dachten dat Meneer Jansen terug was! Ze kwamen in één keer allemaal tegelijk aan. Zo veel duiven, dat ze bijna de deur dichtdrukte! Meneer Van Dijk schrok zich kapot en gooide zijn megafoon neer. Er lagen overal veren en broodkruimels.

Het was echt chaos! De juf moest iedereen naar binnen leiden terwijl ze probeerden niet in de poep te stappen. En de duiven? Die zaten te wachten op Meneer Jansen, maar die lag thuis in bed. Het was echt lachwekkend."
316,google/gemma-3-27b-it-fast,11_12,"Oké, luister. Het ging over meester Jansen, die had dus een super rare hobby. Hij verzamelde… knopen! Niet zomaar knopen hoor. Hij zocht knopen die heel oud waren, of van rare plekken kwamen.

Hij had er echt heel veel. In dozen, in potten, zelfs aan de muren van zijn schuur! Mijn broertje Tim en ik, die hadden wel eens stiekem naar binnen gekeken toen meester Jansen weg was. Echt bizar, al die knopen.

Maar het raarste was nog wel… die knoop. Een hele oude, van hout, met een soort tekening erop. Meester Jansen zei dat die knoop een geluksknoop was. Dat hij iemand heel lang geleden had geholpen. En dat hij nu weer iemand moest helpen.

Nou, Niels uit groep zeven, die had echt pech. Zijn vader was ziek en hij was best verdrietig. Meester Jansen gaf Niels die knoop. En weet je wat? Een paar dagen later hoorde iedereen dat de vader van Niels steeds beter werd! 

Niemand weet of het aan de knoop lag, maar Niels zei dat hij zich toen meteen beter voelde toen hij hem vasthield. Dus ja, meester Jansen en zijn knopen… best gek, maar misschien ook wel een beetje bijzonder."
317,google/gemma-3-27b-it-fast,11_12,"Oké, luister dan.

Mijn oudere broer, Finn, is echt gek van oude dingen zoeken. Niet van spullen, maar van verhalen. Hij zegt dat alles een verhaal heeft, zelfs een steen. Echt raar, maar goed.

Vorige week ging hij met opa naar dat bos, weet je, achter het voetbalveld? Ze waren daar om naar een oude molen te zoeken. Er is een verhaal dat die molen is gebouwd door een man die hele sterke wind kon roepen. 

Finn en opa hebben uren gezocht, maar ze vonden de molen niet. Toen werden ze allebei echt moe en wilden ze al terug gaan. Op een gegeven moment zag Finn iets glinsteren tussen de wortels van een hele oude boom. Het was een klein metalen doosje.

Toen ze het openmaakten, zat er een heel oud, verkreukeld briefje in. Opa heeft het voorgelezen. Het was van de molenaar! Hij schreef dat hij de molen had verstopt omdat er een boze heks was die de wind wilde stelen. Hij had de wind verstopt in het bos, in een holle boom. 

Finn en opa hebben die boom gezocht en… ik zweer het! Toen ze die boom aanraakten, voelde je een beetje wind, zelfs al was het helemaal stil! Finn zei dat hij nu snapte waarom alles een verhaal heeft."
318,google/gemma-3-27b-it-fast,11_12,"Oké, luister…

Mijn opa had dus een kat, Snorpoes. Niet een heel bijzondere kat, een beetje dik en helemaal zwart. Maar Snorpoes was super slim. Echt waar. Eerst zag niemand dat, want hij deed altijd alsof hij heel lui was en alleen maar sliep. Maar opa zei dat hij hem goed in de gaten hield.

Nou, er woonde ook een hond bij de buren, Rex. Een grote, lompe labrador. Rex vond Snorpoes heel vervelend en probeerde hem altijd te pakken als hij buiten zat. Maar Snorpoes was er altijd sneller vandoor. Hij sprong over de heg, rende onder de auto’s door, echt heel cool.

Op een dag had Rex een bot, een héle grote. Hij had ‘m net gekregen van z’n baasje. Rex legde hem op de veranda en ging even plassen. Toen, heel snel, sprong Snorpoes op de veranda, pakte de bot en rende weg! Rex kwam terug en was helemaal boos. Hij rende achter Snorpoes aan, maar Snorpoes was al de boom in geklommen. 

Rex bleef beneden blaffen en Snorpoes zat boven in de boom te eten. Opa heeft echt hard gelachen. Rex was echt woedend, maar uiteindelijk gaf opa hem een koekje. Snorpoes kreeg de rest van de bot. Opa zei dat hij heel slim was geweest."
319,google/gemma-3-27b-it-fast,11_12,"Oké, luister! 

Meneer Jansen, de bakker, die was echt helemaal gek op zijn kat, Minoes. Niet zomaar een kat hoor. Minoes was super slim. Ze had een zwarte vacht met een witte vlek op haar snuit, en groene ogen die altijd een beetje ondeugend keken. 

Elke ochtend, voordat de winkel open ging, kwam Minoes binnenlopen. Ze liep recht naar de toonbank, sprong erop en keek meneer Jansen heel indringend aan. En dan, nou dan gaf meneer Jansen haar altijd een klein stukje croissant. Dat was hun ritueel.

Maar er was één probleem. Er woonde ook nog een heel vervelende hond, Rex, in de straat. Rex vond Minoes heel naar en zat altijd te blaffen als hij haar zag. Laatst, toen Minoes weer een stukje croissant aan het opeten was, kwam Rex aanrennen. Meneer Jansen schreeuwde: “Nee Rex!” Maar Minoes, die was super snel. Ze sprong van de toonbank, rende achter de stapel bloemzakken langs en... verdween! Rex blafte nog even, maar Minoes was nergens meer te zien. 

Later die dag vond meneer Jansen Minoes helemaal wit, bedekt met bloem, lekker aan het slapen in een lege meelzak! Hij heeft er heel hard om gelachen. En Minoes? Die vond het helemaal niet erg. Ze had een stuk croissant én een lekker dutje gehad."
320,google/gemma-3-27b-it-fast,11_12,"Mijn buurvrouw, oma Riet, die heeft dus een kat. Niet zomaar een kat, echt een superoude kat. Nooit eerder zo’n oude kat gezien, echt. Die kat heet Pluis, maar die luistert sowieso nooit. 

Pluis die lag dus altijd in de vensterbank te slapen, en keek naar buiten. En ineens, twee dagen geleden, was Pluis weg! Oma Riet werd helemaal gek. Ze heeft de hele buurt afgezocht, met koekjes en alles. Niemand had Pluis gezien.

Toen, gisteravond, hoorde mijn vader rare geluiden uit de schoorsteen. We keken naar boven en… ja hoor! Daar zat Pluis, helemaal zwart van de roet. Hij had zich blijkbaar vastgelopen in de schoorsteen en kon er niet meer uit. 

Mijn vader heeft hem er voorzichtig uit gehaald met een touw en een oude handdoek. Pluis was best wel boos, hij mauwde heel hard. En nu ligt hij weer in de vensterbank, net alsof er niks is gebeurd. Maar oma Riet, die is nog steeds heel blij dat Pluis weer thuis is. Ze heeft hem een hele bak natvoer gegeven! Echt, dat was een gekke dag."
321,google/gemma-3-27b-it-fast,11_12,"Oké, luister. Mijn buurvrouw, oma Riet, die heeft een kat. Niet zomaar een kat, hoor. Die kat, Noor, is echt superoud. Echt, ze is al veertien! Dat is heel oud voor een kat.

Noor deed altijd haar dutjes op de vensterbank, in de zon. En ze keek de hele dag naar de vogels. Ze ving ze nooit, dat was altijd grappig. Ze zat gewoon te staren. 

Maar gisteren was ze weg. Echt helemaal weg. Niemand had haar gezien. Mijn buurvrouw was echt heel verdrietig. Ze had overal gezocht, onder de struiken, in de schuur, zelfs bij meneer Jansen, die altijd worst geeft aan honden. 

Toen, heel laat, hoorden we een miauwen. Het kwam van de boom! Echt hoog in de boom, helemaal bovenin. Noor zat daar, vast. Niemand wist hoe ze daar gekomen was. 

Mijn papa heeft de ladder gepakt en is naar boven geklommen. En weet je wat? Hij heeft Noor gered! Ze was een beetje bang, maar ze sprong meteen in oma Riet’s armen. En nu ligt ze weer te slapen op haar vaste plek, op de vensterbank. Blijkbaar wilde ze gewoon een beter uitzicht!"
322,google/gemma-3-27b-it-fast,11_12,"Oké, luister!

Meneer Jansen, die altijd zo’n rommelige das heeft, had een kat. Niet zomaar een kat, hoor. Een supergeheime agentkat! Nou ja, dat dachten mijn broertje Tim en ik, in ieder geval. De kat heette Plons en hij was helemaal zwart, met groene ogen.

Elke dag, als meneer Jansen naar zijn werk was gegaan, sloop Plons de tuin in. Tim en ik hebben hem een keer zien klimmen over de schutting van mevrouw Pieters! We dachten echt dat hij op een missie was. Hij keek zo geheimzinnig om zich heen.

Een keer zagen we Plons met een rode sok in zijn bek. Hij rende ermee naar de boom en begroef hem daar. Tim zei dat dat een gecodeerde boodschap was voor andere agenten. We hebben wekenlang geprobeerd uit te zoeken wat het betekende, maar we zijn er nooit achter gekomen.

We hebben Plons een paar keer proberen te volgen, maar hij was echt super snel. Één keer sprong hij zelfs op de motorkap van de auto van de burgemeester! Dat was echt cool. We denken dat Plons de stad beschermde tegen slechte mensen, ofzo. Meneer Jansen weet er natuurlijk helemaal niks van. Hij denkt dat Plons gewoon een normale kat is die graag buiten speelt. Maar wij weten beter!"
323,google/gemma-3-27b-it-fast,11_12,"Oké, luister! Het ging over opa Toon. Opa Toon was echt de allergekste opa, geloof ik. Hij had een oude schuur achter zijn huis, en niemand mocht daar in. Echt niemand. Mijn neefje, Tim, heeft het een keer geprobeerd, maar opa Toon zag ‘m meteen. Echt streng keek hij toen!

Maar vorige week… toen was opa Toon ineens heel verward. Hij zei steeds dat hij iets kwijt was, iets héél belangrijks. Hij zocht overal, in de keuken, in de woonkamer, zelfs onder zijn bed! En toen zei hij: “Het is in de schuur!”

Iedereen keek elkaar aan. De schuur! Maar opa Toon lukte het niet meer om de deur open te krijgen. Hij was gewoon te zwak. Mijn vader heeft ‘m toen geholpen. En raad eens wat er in die schuur zat? Niet oude gereedschappen ofzo. Nee! Een héle grote, oude koekjestrommel. En die zat vol met zelfgemaakt speelgoed! Kleine houten autootjes, poppetjes… allemaal dingen die opa als kind had gemaakt. Hij was het gewoon vergeten! Hij werd helemaal blij toen hij die vond, en hij heeft ons de hele middag verhalen verteld over hoe hij ze had gemaakt. Het was superleuk!"
324,google/gemma-3-27b-it-fast,11_12,"Meneer Jansen, die is echt de gekste meester ooit. Nou, dat dacht Timmy dus. Timmy zat in groep zeven, net als ik, en die vond alles super saai. Meneer Jansen zei altijd dat er een geheime wereld was, verstopt achter de school. Niemand geloofde ‘m, echt niet. Hij zei dat er kleine mannetjes woonden die je kon helpen als je ze een grappige steen gaf. 

Timmy heeft laatst, toen hij buiten aan het skaten was, een steen gevonden die echt perfect was. Hij was paars met witte stippels en leek net op een vlieg. Timmy dacht: maak er maar gewoon een grap van. Dus hij legde de steen bij de oude eikenboom achter de school, waar meneer Jansen altijd over had. 

De volgende dag was de steen weg! En er lag een piepklein bedje gemaakt van blaadjes en takjes. Timmy was echt geschrokken! Mensen dachten dat hij aan het liegen was, maar hij zweert dat hij z’n steen kwijt was en dat bedje daar niet lag. Sinds dien is Timmy elke dag weer een grappige steen gaan leggen en hij zegt dat de kleine mannetjes hem nu echt helpen met z’n toetsen. Geloof ik niet helemaal, maar toch… gek hé?"
325,google/gemma-3-27b-it-fast,11_12,"Oké, luister...

Mevrouw Jansen, de postbode, is echt de allerbeste. Niet omdat ze altijd lekkere stroopwafels meegaf aan mijn opa, maar omdat haar hond, Woef, supergrappig is. Woef is een hele grote, lompe labrador.

Gisteren was het heel raar. Mevrouw Jansen kwam aanfietsen, net als altijd, en Woef rende er achteraan. Maar toen… botste Woef tegen de kat van de buren! De kat, Snorrehaar, die is echt een dramaqueen, die ging gelijk heel hoog opspringen en krijsen. 

Iedereen kwam buiten kijken. Mijn buurvrouw, meneer Van Dijk, en zelfs oma Pluijm die bijna nooit haar huis uitkomt. Woef keek heel schuldig en ging gelijk zitten. En Snorrehaar, die bleef maar blazen en grommen.

Het grappigste was dat mevrouw Jansen super hard moest lachen. Ze kon zich niet meer bedwingen! Ze zei: “O Woef, kom op, je moet oppassen met die Snorrehaar!” Uiteindelijk heeft meneer Van Dijk Snorrehaar naar binnen gehaald en kreeg Woef een extra koekje van mevrouw Jansen. Het was echt een chaos, maar wel heel erg grappig. Snorrehaar is nu nog steeds een beetje boos, maar mevrouw Jansen en Woef zijn weer vriendjes."
326,google/gemma-3-27b-it-fast,11_12,"Oké, luister!

Mijn buurvrouw, mevrouw De Vries, die is echt gek op duiven. Ze heeft er echt heel veel in haar tuin. Niet zo’n paar, nee echt honderden! Ze noemde ze ook allemaal, echt belachelijk. Er was een met een rood pootje, die heette Robbie. En een met een gekke veer op z’n kop, dat was René. 

Nou, gisteren gebeurde er iets supervreemds. Ik was aan het skaten bij haar huis en zag dat alle duiven in een grote kring zaten. Echt, alsof ze een vergadering hadden! En in het midden, stond een hele kleine eend. Niemand wist waar die vandaan kwam. 

Mevrouw De Vries werd helemaal gek. Ze stond te roepen: ""Weg met die eend! Dit is mijn duiven-paradijs!"" Maar de eend bleef gewoon zitten, ganzendokterend. 

En toen… toen begon Robbie, die duif met het rode pootje, de eend te beschermen. Hij vloog op mevrouw De Vries af en gooide met z’n vleugels! Alle duiven deden mee. Het was echt zoiets van: ‘niet aan onze eend!’ Mevrouw De Vries was zo geschrokken, dat ze naar binnen is gegaan. En de eend? Die zat nog steeds daar, te chillen tussen de duiven. Het was echt supergrappig."
327,google/gemma-3-27b-it-fast,11_12,"Oké, luister…

Mevrouw Jansen, die van de dierenwinkel, zei dat Kees, de parkiet, verdrietig was. Echt verdrietig. Niemand kocht hem, en hij zat al zó lang in die kooi. Kees was niet zomaar een parkiet, hoor. Hij kon fluiten! Echt ingewikkelde liedjes, net echt. 

Tim, die zit in mijn voetbalteam, die ging met z’n moeder naar de dierenwinkel. Hij had Kees helemaal proberen te leren zingen, maar Kees deed niks voor Tim. Hij zat de hele tijd op z’n stokkie te kijken naar de deuren.

Toen kwam er een oud mannetje binnen, met een petje. Hij keek naar Kees en glimlachte. Hij vroeg aan mevrouw Jansen hoe Kees heette en of hij liedjes kon fluiten. Mevrouw Jansen vertelde het hem, en toen fluitte Kees! Echt, hij fluitte heel hard, en het was een supermooi liedje. 

De man lachte en hij kocht Kees. Hij zei dat hij heel vaak alleen was, en dat Kees hem gezelschap zou houden. Tim zei nog dat Kees echt heel bijzonder was, maar de man zei dat hij het zelf al wel gemerkt had. Toen gingen ze samen weg, en ik hoopte echt dat Kees nu heel gelukkig was."
328,google/gemma-3-27b-it-fast,11_12,"Oké, luister even…

Mijn buurman, opa Van Dijk, is echt een raar mens. Niet erg raar, maar… bijzonder. Hij heeft een hele grote tuin, en daar heeft hij altijd van die rare spullen staan. Ooit stond er een boot in z’n tuin, midden tussen de rozen! Niemand wist waar hij die vandaan had gehaald.

Nou, laatst zag ik iets supergek. Ik was op weg naar school en liep langs z’n tuin. En daar… stond een gigantische robot! Zo’n van die metalen, met lampjes en alles. Hij was al aan het knipperen en bewegen. Echt eng, maar ook cool.

Ik dacht eerst dat het een grap was, maar toen liep opa Van Dijk erbij en begon tegen de robot te praten. “Goedemorgen, Bernard!” zei hij. Bernard? Echt waar? 

Ik heb even staan kijken, en Bernard, de robot, knikte toen opa Van Dijk iets zei over de bloemen water geven! Weet je wat het gekste is? Opa Van Dijk denkt dat Bernard een levend wezen is. Hij heeft hem een trui gebreid, een hele kleine, voor om z’n hoofd. 

Ik heb het aan Niels verteld, maar die geloofde me niet. Die zei dat ik droomde. Maar ik zweer het, die robot heeft echt een trui!"
329,google/gemma-3-27b-it-fast,11_12,"Oké, luister!

Mijn buurman, Finn, die is echt gek op vogels. Niet zoals, kijken naar vogels, maar *echt* gek. Hij heeft een soort schuurtje achterin de tuin, en daar zitten allemaal kooien. Niet dat hij ze daar opsluit hoor, hij vangt ze op als ze gewond zijn.

Afgelopen week zat er een merel in een kooitje, die had z’n vleugel gebroken. Finn had ‘m gevonden bij de speeltuin. Elke dag gaf Finn ‘m kleine stukjes brood en water. En hij praatte tegen die merel, echt waar! Soms zag ik hem door het raam, en dan zat hij gewoon tegen die vogel te kletsen. Best raar, maar Finn is wel een beetje apart.

Gisteren was de merel er al een stuk beter aan toe. Finn had ‘m naar buiten gelaten, in de tuin. De merel vloog eerst een beetje wankel, maar toen vloog hij gewoon weg, naar de boom in de straat. Finn stond te juichen, echt heel hard. 

Vandaag zag ik die merel weer, en hij zat in dezelfde boom! Hij zat te fluiten, keihard. Finn zei dat hij hem herkende aan z’n liedje. Ik weet niet of dat kan, maar Finn geloofde het. En ik denk dat ik het ook wel geloofde."
330,google/gemma-3-27b-it-fast,11_12,"Oké, luister. Mijn buurvrouw, oma Els, die heeft dus een kat. Niet zomaar een kat, hoor. Een heel oude, grijze kat, die Noortje heet. Noortje is al heel oud, ze is bijna net zo oud als oma Els! 

Noortje zat dus altijd buiten, lekker in de zon te bakken. Maar laatst, toen het zo hard regende, bleef ze maar miauwen bij de achterdeur. Echt zielig. Oma Els liet haar binnen, en Noortje is eigenlijk nooit meer weggegaan. Ze liep de hele dag door het huis, en ze keek naar al die rare dingen, zoals de stofzuiger.

Maar het leukste was, Noortje had een klik met de robotstofzuiger. Echt waar! Ze rende er achteraan, en ze probeerde er zelfs op te springen. Soms ging de stofzuiger dan helemaal in de war, en draaide hij in rondjes. We hebben heel veel gelachen. Maar gisteren was de stofzuiger kapot. Noortje zat de hele dag in de vensterbank te kijken, alsof ze zich afvroeg waar hij was gebleven. Het was net alsof ze een vriendje miste! Super sneu."
331,google/gemma-3-27b-it-fast,11_12,"Oké, luister. Mijn buurvrouw, mevrouw Jansen, die is echt superoud. Ze heeft een kat, Minoes, en die Minoes is altijd buiten te vinden. Echt altijd. Die kat heeft al zóveel avonturen gehad, dat geloof je nooit.

Nou, gisteren, was ze dus weer weg. En we zochten overal, onder auto’s, in de struiken, echt overal! We hadden al bijna opgegeven toen mijn broertje, Ties, riep: “Kijk! In de schoorsteen!”

En ja hoor, daar zat Minoes. Heel bovenin. We hadden geen idee hoe ze daar gekomen was. Mevrouw Jansen werd helemaal gek. Ze was bang dat Minoes er niet meer uit zou komen. 

Toen kwam de brandweer! Ze hebben een ladder uitgerold en een man met een hele rare helm is omhoog gegaan. Hij heeft Minoes voorzichtig in een zak gedaan en naar beneden gebracht. Minoes was helemaal zwart van de roet, echt hilarisch!

Mevrouw Jansen was zo blij, ze gaf ons allemaal ijs. En Minoes? Die lag gewoon te slapen, alsof er niks aan de hand was. Die kat is echt gek, maar wel een beetje cool."
332,google/gemma-3-27b-it-fast,11_12,"Oké, luister even. Mijn buurvrouw, mevrouw Jansen, die is echt superoud. Ze heeft een kat, Noortje, die is net zo koppig als mijn kleine broertje. Noortje zat dus gisterenmiddag op de schutting, echt hoog, en ze durfde niet meer naar beneden.

Mevrouw Jansen riep al: ""Noortje, kom nou!"" maar Noortje bleef gewoon zitten. Echt heel zielig. Ze miauwt dan zo’n sneue miauw. Toen hebben Thomas en ik besloten te helpen. Thomas is van de voetbal en die is best sterk. 

We zijn een ladder gaan halen uit de schuur van mijn pa. Die was best zwaar, maar we hebben ‘m naar de schutting getrokken. Thomas is er op geklommen en hij probeerde Noortje te pakken. Maar Noortje krabde hem! Echt gemeen.

Uiteindelijk is Noortje zelf naar beneden gesprongen, toen mevrouw Jansen een blikje tonijn opende. Echt waar! Ze rende meteen naar binnen. Thomas had wel een rode kras op z’n arm, maar die vond het niet erg. Ze zeggen dat katten nu eenmaal eigenwijs zijn. We hebben wel superveel gelachen!"
333,google/gemma-3-27b-it-fast,11_12,"Oké, luister dan!

Meneer Jansen, die is dus de conciërge van onze school, die had een hele rare hobby. Hij verzamelde knopen. Niet zomaar knopen, nee, allemaal superoude knopen. Hij had er echt honderden, misschien wel duizend! Ze lagen in een oude schoenendoos in zijn kamertje achter de gymzaal.

Mijn broertje, Thomas, die is echt een pestkop, die had stiekem in die doos gekeken toen meneer Jansen even weg was. Hij zei dat er één knoop heel bijzonder was. Zo’n glimmende, van zilver, en met een soort raar teken erin. 

Toen hij die knoop vasthield, werd hij helemaal stil. Hij zei dat hij opeens heel moe was en dat alles om hem heen langzaam werd. Echt raar. Hij heeft die knoop teruggelegd, natuurlijk, want hij was best wel bang.

De volgende dag was meneer Jansen helemaal niet boos dat Thomas in zijn doos had gekeken. Hij vertelde dat die zilveren knoop van zijn overgrootvader was geweest, en dat die knoop geluk zou brengen, maar ook… dat hij soms mensen heel moe maakte. Vreemd hé? Thomas durft er nu nooit meer naar te kijken."
334,google/gemma-3-27b-it-fast,11_12,"Oké, luister. Mijn buurvrouw, mevrouw Jansen, die is echt gek op duiven. Niet zo’n beetje, echt super gek. Ze heeft er dus heel veel in haar tuin, en ze geeft ze elke dag eten. Echt altijd. 

Nou, er zat één duif bij, die was anders. Die was heel klein en een beetje stuntelig. De andere duiven pesten hem altijd, en die duif heeft een gekke naam: Pluis. Pluis kon niet zo goed vliegen, hij viel steeds. En als hij een keer laag over de grond vloog, dan pakten de andere duiven hem soms met hun vleugels. Echt gemeen.

Maar mevrouw Jansen, die vond Pluis juist heel bijzonder. Ze zei altijd dat hij dapper was, gewoon omdat hij het bleef proberen. Ze gaf hem extra broodkruimels, en ze had zelfs een klein huisje voor hem gemaakt, zodat hij kon schuilen als het regende.

Gisteren zag ik Pluis oefenen. Hij sprong en flapte met zijn vleugels, en hij viel… val, val, val. Maar toen, opeens, vloog hij! Niet heel hoog, maar hij vloog! Mevrouw Jansen was helemaal blij. Ze klapte in haar handen. En weet je wat het gekke is? De andere duiven keken heel raar. Ze hadden hem nooit verwacht! Ik denk dat ze nu een beetje jaloers zijn."
335,google/gemma-3-27b-it-fast,11_12,"Oké, luister! Het ging over oude meneer Jansen, die woonde in het huis aan het einde van de straat. Dat was echt een raar huis, een beetje scheef en de tuin was helemaal overwoekerd. Niemand ging er ooit naartoe, behalve misschien de postbode, maar die rende dan wel heel snel weg.

Mijn broertje Timmy, die is echt een durfal, zei dat meneer Jansen een draak had. Een échte draak! Ik dacht eerst dat hij grapte, maar hij zei dat hij ’m ’s avonds had gezien, een schaduw achter het raam en rook! Zo’n zwavelgeur, zei hij. 

Dus gingen we stiekem kijken. We hadden een zaklamp meegenomen en alles. We klommen over de kapotte heg en liepen heel voorzichtig naar het raam. En ja hoor! Daar zagen we iets bewegen. Het was… een hele grote kat! Een Maine Coon, zo’n fluffy ding. 

Meneer Jansen kwam naar buiten en lachte. “O, dus jullie hebben Minoes gezien,” zei hij. “Hij is nogal groot, en soms ruikt hij een beetje naar de vis die ik hem geef.” Timmy was helemaal rood aan z’n gezicht. Een kat! Geen draak! We zijn snel weer weggegaan, en Timmy praat er nog steeds niet meer over."
336,google/gemma-3-27b-it-fast,11_12,"Oké, luister even. Het gaat over Max, die had dus een hele oude fiets, echt superlelijk. Zijn opa had ‘m hem gegeven, en die zei dat ‘ie speciaal was. Max dacht er het zijne van. Hij wilde echt een nieuwe, zo’n stoere mountainbike.

Toen ging Max naar het bos met die fiets, en hij fietste een beetje over een bospad. Hij kon er niet heel hard mee, want de banden waren een beetje slap en het was best hobbelig.  En toen, ineens, kwam er een kat over het pad. Een zwarte! Max schrok en wilde remmen, maar de remmen werkten niet echt meer. 

Hij tuimelde van zijn fiets, recht in een modderpoel! Echt, helemaal onder de modder. De kat rende weg, en Max was superboos. Hij stond op en keek naar zijn fiets.  Maar toen zag hij een ding. Onder de modder, helemaal verborgen, glinsterde iets. Hij haalde de modder weg en… er zat een oud zilveren muntje vast aan het frame. 

Het was best wel een dure munt, vertelde zijn opa later. Omdat Max die munt gevonden had, mocht hij van zijn ouders eindelijk een nieuwe fiets kopen. Maar gek genoeg, vond Max die oude fiets eigenlijk best wel cool."
337,google/gemma-3-27b-it-fast,11_12,"Oké, luister. Mijn buurvrouw, mevrouw De Vries, die heeft een kat. Niet zo’n gewone kat, hoor. Die heet Boris en die is echt superoud. Echt, hij is al twintig jaar! Mevrouw De Vries zei dat hij al heel veel dingen heeft meegemaakt.

Boris zat altijd in de tuin, maar hij deed nooit zoveel. Hij lag vooral te slapen in de zon. En soms, als er een vogel voorbijvloog, dan keek hij er heel lang naar. Echt, heel intens. 

Maar laatst, toen was het heel raar. We waren aan het voetballen, Tim, Joris en ik, en Boris zat weer te kijken. En toen… toen sprong hij! Echt, hij sprong zo hoog! Hij ving de bal! We lagen helemaal in een deuk. We hebben nog nooit zoiets gezien.

Mevrouw De Vries kwam naar buiten en ze vond het ook heel grappig. Ze zei dat Boris vroeger een supergoede jager was, maar dat hij nu toch een beetje oud was. Maar blijkbaar had hij het nog wel in zich! Nu proberen we hem elke keer te laten springen als we voetballen, maar het lukt niet altijd. Soms kijkt hij ons gewoon aan alsof we gek zijn. Maar die ene keer, dat was echt te gek."
338,google/gemma-3-27b-it-fast,11_12,"Oké, luister…

Mijn buurvrouw, oma Els, die heeft een kat. Niet zo’n normale kat, echt niet. Die heet Plaatje, en die is superoud. Echt, je zou denken dat ie elk moment in slaap valt, maar nee hoor. Plaatje kan… dingen.

Vrijdag, toen was het zó, toen was het heel raar. Thomas, dat is de kleine broer van Sanne, die was zijn blauwe bal kwijt. Hij zocht overal, echt overal! Onder de bank, achter de conifeer, zelfs in de zandbak. Nergens. Hij was echt helemaal overstuur, zo’n snotneus had ie.

Toen kwam Plaatje aanlopen, zo heel langzaam, en ging ie bovenop de schoorsteen zitten! Iedereen stond te kijken. En toen… miauwt Plaatje, en ploft de bal zomaar naast ‘m op de grond! Niemand had ‘m daar gelegd! Echt niet!

Thomas was zó blij, hij gaf Plaatje een knuffel, maar Plaatje liet zich niet echt knuffelen. Hij keek Thomas gewoon aan, zo’n beetje alsof hij zei: “Tja, moest ik even doen.” Sindsdien zegt iedereen dat Plaatje een heksenkater is. En ik begin dat ook wel te denken. Hij is echt heel sneaky."
339,google/gemma-3-27b-it-fast,11_12,"Oké, luister. Mijn buurvrouw, mevrouw Jansen, die heeft een kat. Niet zomaar een kat, hoor. Een superdikke, grijze kat, die Noortje heet. Noortje dat is echt de baas in de tuin. 

Eerst was er niks aan de hand, maar toen heeft mijn kleine broertje, Ties, een nieuwe bal gekocht. Zo’n piepbal, weet je wel? Noortje vond die bal echt te gek. Ze heeft hem gepikt! Ties was echt boos. Hij heeft mevrouw Jansen gevraagd of ze Noortje kon terugfluiten, maar Noortje liet zich niet terugfluiten. Ze rende ermee de heg in.

Toen is Ties achter Noortje aangegaan. Hij is de heg ingeklommen, super stoer. Maar de heg, die zat vol met netels! Ties heeft echt zitten huilen. Noortje zat daar gewoon, met de bal, heel erg te genieten. 

Uiteindelijk is mevrouw Jansen gekomen en ze heeft Noortje een snoepje gegeven. Toen gaf Noortje de bal terug. Ties was helemaal blij en mevrouw Jansen lachte. Noortje heeft daarna nog even naar Ties gekeken alsof ze zei: “Jij bent echt een watje!” En dan ging ze weer lekker slapen in de zon."
340,google/gemma-3-27b-it-fast,11_12,"Oké, luister, dit is echt waar gebeurd, oké? Mijn buurvrouw, mevrouw Janssen, die heeft een kat. Niet zomaar een kat, hoor. Een superdikke, oranje kater. Hij heet Roel. 

Roel is altijd al een beetje… raar. Hij zat bijvoorbeeld altijd in de brievenbus te kijken, alsof hij post verwachtte. Maar gisteren was het echt gek. Mijn vriend Sam en ik, we zaten buiten te voetballen en toen zagen we Roel. Hij had een hele lange, groene veter in zijn bek! Echt een hele lange! En hij rende ermee door de tuin, als een soort kampioen. 

We hebben hem achterna gezeten, maar Roel is supersnel als hij wil. Hij is toen de heg ingeklommen en we hebben hem even niet meer gezien. Later zagen we mevrouw Janssen helemaal boos in de tuin staan. Ze schreeuwde iets over ‘mijn goede sjaal!’ En toen begrepen we het. Roel had de veter van haar sjaal gestolen! 

Sam en ik hebben superhard gelachen. We durfden het mevrouw Janssen niet te vertellen dat wij het zagen gebeuren, anders waren we voor straf niet meer buiten mogen voetballen. Dus we hielden het maar voor ons. Roel is echt een gek beest, hoor."
341,google/gemma-3-27b-it-fast,11_12,"Oké, luister! Het gaat over opa Willem. Nou, opa Willem is echt een beetje gek, maar op een leuke manier. Hij heeft een oude schuur achter zijn huis, en daar heeft hij altijd geklooi. Echt álles staat daar. Oude fietsen, kapotte radio’s, een stapel kranten zo hoog als ik…

Maar vorig jaar was hij echt super geheimzinnig. Hij zei steeds: “Nee, niet kijken! Nog niet!” En we mochten er echt niet in. Echt niet! Mijn broertje, Thomas, en ik hebben dan natuurlijk wel geprobeerd erin te kijken, door een kier in de deur. We zagen alleen maar een doek eroverheen.

Toen, op opa’s verjaardag, onthulde hij het. Tromgeroffel, weet je wel. Onder die doek stond een… een robot! Niet zo’n supermodern ding, maar een statige, metalen robot. Hij had hem helemaal zelf gemaakt van al dat oude spul uit de schuur!

De robot kon niet praten of lopen, maar hij had lampjes in zijn ogen en die gingen aan en uit. Opa Willem zei dat hij ‘Robbie’ heette. Dat was echt het coolste cadeau ooit, niet alleen voor opa, maar ook voor ons. We hebben de hele dag met opa en Robbie in de tuin staan spelen. Echt superleuk! En nu staat Robbie in de schuur te blinken, wachtend op een nieuw avontuur."
342,google/gemma-3-27b-it-fast,11_12,"Oké, luister...

Mijn buurvrouw, oma Riet, die had dus een kat. Niet zomaar een kat, hoor. Een heel oude, pluizige kat, die Minoes heette. Minoes ging eigenlijk nooit buiten. Echt nooit. Ze was gewoon te oud en te lui, denk ik. 

Maar gister... gister is er iets superraars gebeurd. 

Mijn broertje, Thijs, die zag Minoes ineens op het dak zitten! Echt heel hoog. Niemand snapte hoe ze daar was gekomen. Oma Riet was helemaal in paniek, ze riep: ""Minoes, kom nou naar beneden!"" Maar Minoes, die bleef gewoon zitten. 

Toen kwam de brandweer! Ja, serieus. Ze hadden zo'n lange ladder uitgerold en alles. Het was echt heel cool om te zien. De brandweerman is naar Minoes toe gegaan en die heeft haar voorzichtig in een deken gewikkeld en weer naar beneden gebracht. 

Oma Riet was zo blij! Ze heeft Minoes heel veel lekkere vis gegeven. Thijs zei dat Minoes gewoon even wilde vliegen. Maar ik denk dat ze gewoon de zon wilde voelen, ofzo. Het was in ieder geval een super gekke dag. En Minoes, die sliep daarna gewoon door, alsof er niks was gebeurd."
343,google/gemma-3-27b-it-fast,11_12,"Oké, luister! Mijn buurvrouw, oma Riet, die heeft dus een kat. Niet zomaar een kat hoor. Die heet Pluis, en die is superslim. Echt waar!

Nou, Pluis zat laatst in de schuur, en de deur was dichtgevallen. Niemand wist dat ie daar zat. Oma Riet heeft overal gezocht, maar Pluis was nergens te vinden. Ze werd echt paniek. 

Maar Pluis, die zat niet te huilen ofzo. Die had gezien dat er een klein raampje was, helemaal hoog. En toen… toen is ie gaan klimmen! Echt! Op stapels oude bloempotten en tuinslangen. Hij is helemaal naar boven geklommen en toen… *poef*… zat ie buiten.

Oma Riet was helemaal blij toen ze hem zag. Ze had hem al helemaal gemist. Pluis liep wel heel stoer, alsof het niks was. En later, toen hij eten kreeg, keek ie naar oma Riet en toen likte ie z’n snorharen af. Alsof ie zei: ""Zie je wel, ik kan alles zelf!"" Het was echt heel grappig. Echt waar, die kat is echt de slimste ter wereld!"
344,google/gemma-3-27b-it-fast,11_12,"Oké, luister!

Mijn buurvrouw, oma Riet, is echt de allergekste. Ze heeft een kat, Plof, en Plof is niet zomaar een kat. Plof denkt dat hij een hond is. Echt waar! Hij gaat apporteren met een dennenappel en blaft naar de postbode.

Gister was het heel raar. Plof was buiten aan het spelen en hij heeft een heel oude, stoffige sleutel gevonden. Oma Riet zei dat die sleutel al jaren kwijt was! Ze had hem van haar opa gekregen, maar ze wist niet meer waar hij van was. 

Toen heeft oma Riet de sleutel uitgetest op alle kasten en deuren in huis. Niks! Totdat ze naar de schuur ging. Daar zat een klein, houten kistje verstopt achter de tuingereedschap. En raad eens? De sleutel paste!

In het kistje zaten allemaal oude foto’s en een medaille. Oma Riet werd helemaal blij. Ze vertelde dat haar opa vroeger een heel goede fietser was en die medaille had gewonnen. Plof keek er ook heel geïnteresseerd naar, alsof hij snapte dat hij iets heel bijzonders gevonden had. Hij ging erbij liggen en moest gewoon heel hard spinnen. Zo lief, die Plof."
345,google/gemma-3-27b-it-fast,11_12,"Oké, luister dan. Mijn buurman, Tim, die heeft echt een gekke kat. Noemden ze Meneer Pluis, maar die was helemaal niet pluizig, hoor. Echt een straatkat-uitziende kat, met een gescheurde oor en alles.

Tim zei dat Meneer Pluis super slim was. En dat geloofde ik dus niet, totdat… nou ja, totdat die eekhoorn kwam. Er zat een eekhoorn in de boom in de tuin en die begon echt te pesten. Die gooide eikels naar Tim en naar z’n moeder, echt gemeen! Tim probeerde ‘m weg te jagen, maar die eekhoorn ging steeds hoger.

Toen kwam Meneer Pluis aanlopen. Die keek even omhoog en liep toen alsof hij niks bijzonders deed, gewoon naar de boom toe. En toen… sprong hij! Echt hoog, hoger dan ik ooit had gezien. Hij landde niet IN de boom, maar precies op een tak naast die eekhoorn. Die eekhoorn schrok zich dood en rende weg.

Tim was helemaal verbaasd. En Meneer Pluis? Die landde weer heel cool en ging gewoon zonnebaden. Dus ja, misschien was die kat toch wel super slim. Tim’s moeder zei dat hij gewoon honger had, maar ik denk echt van niet."
346,google/gemma-3-27b-it-fast,11_12,"Oké, luister! Het gaat over meneer Pietersen, die woonde aan het einde van de straat. Echt een oude man, met zo’n lange baard en altijd een bruine jas aan. Niemand wist precies wat hij de hele dag deed, behalve dat hij heel veel vogels had in z’n tuin. Zo veel! Echt honderden. 

Eén keer, toen ik met Kevin aan het voetballen was, is de bal per ongeluk in z’n tuin gevallen. We waren echt bang, want iedereen zei dat hij niet zo blij werd als je in z’n tuin kwam. Maar we moesten ‘m wel halen. Kevin durfde niet, dus ik moest.

Ik liep naar de tuin en meneer Pietersen zat op een bankje, en hij keek naar de vogels. Ik zei: ""Excuseer meneer, mag ik mijn bal even?"" Hij keek me aan en glimlachte. Hij zei dat hij blij was dat ik kwam, want hij had net een nieuw vogeltje gevonden, een soort klein blauw beestje. Hij liet het me zien! Het zat in een klein doosje. 

Hij gaf me de bal terug en een zaadje om de vogels te voeren. Sindsdien heb ik meneer Pietersen vaak gedag gezegd en heb ik het zaadje gebruikt. Hij was helemaal niet zo eng, hij was gewoon een beetje eenzaam. En hij hield echt van vogels."
347,google/gemma-3-27b-it-fast,11_12,"Oké, luister dan.

Mijn buurvrouw, mevrouw Jansen – zij is echt oud, ik denk wel tachtig ofzo – die had een kat. Niet zomaar een kat, hoor. Een heel dikke, grijze kat, die Noortje heette. En Noortje, die was altijd buiten. Echt altijd! Ze zat de hele dag in de tuin van mevrouw Jansen, of ze liep over de schutting naar de tuin van meneer Van Dijk. 

Maar gisteren… gisteren was Noortje weg. Mevrouw Jansen was helemaal verdrietig. Ze heeft de hele middag geroepen: ‘Noortje! Noortje!’ Maar Noortje kwam niet. 

Later, toen ik met mijn fiets thuiskwam, zag ik Noortje! Ze zat bovenin de boom bij het schoolplein. Hoe ze daar gekomen is, geen idee. Ze zat helemaal vast en ze miepte heel hard. Echt zielig.

We hebben de juffrouw erbij gehaald en die heeft de brandweer gebeld. Dat was best spannend. Uiteindelijk heeft een meneer van de brandweer met een lange ladder Noortje uit de boom gehaald. Mevrouw Jansen was zo opgelucht! Ze knuffelde Noortje heel stevig. En Noortje, die spinde heel hard. Ze heeft vast geleerd dat ze niet meer in bomen moet klimmen."
348,google/gemma-3-27b-it-fast,11_12,"Oké, luister even. Het gaat over opa Pieter en zijn duif. Niet zomaar een duif, hoor. Deze duif, die heette Flappie, was echt super slim. Opa Pieter had Flappie zelf uitgebroed, toen Pieter nog een klein jongetje was, net zoals wij.

Flappie kon post bezorgen! Echt waar. Opa Pieter woonde een beetje afgelegen, en soms had hij iets naar de winkel nodig, maar hij kon niet altijd weg. Dus schreef ie een briefje aan de winkelier, deed het in een piepklein buisje aan Flappie’s pootje en dan… weg was Flappie. 

En echt, binnen een half uur kwam hij terug met een antwoord. De winkelier had het briefje gelezen en geschreven dat ie het wel even voor opa zou halen. Soms bracht Flappie ook snoep terug! 

Maar één keer… één keer ging Flappie echt weg. Hij kwam niet terug. Pieter was helemaal verdrietig. Hij heeft Flappie overal gezocht en geroepen. En toen, dagen later, zat Flappie opeens weer op Pieter’s schouder. Met een veer van een heel andere duif in zijn bek. Pieter zei dat Flappie een vriend had gemaakt, ver weg, en die veer meegenomen had als bewijs. Cool, toch?"
349,google/gemma-3-27b-it-fast,11_12,"Oké, luister!

Mijn buurman, Thijs, die heeft dus een kat. Niet zomaar een kat, echt een superrare kat. Hij heet Pluis, maar hij is helemaal niet pluizig. Hij heeft kort haar en hij is zwart. En hij kan… hij kan deuren openmaken! 

Echt waar! Thijs zijn moeder heeft het al een keer gezien. Ze was boven en ze hoorde beneden een geluid. Ze ging kijken en Pluis zat gewoon bij de koelkast! En de deur was open! Thijs zegt dat hij zijn pootjes gebruikt, dat hij er onderdoor wipt en dan de klink naar beneden duwt. 

Gisteren was het echt gek. Thijs was buiten aan het voetballen en Pluis zat binnen. Plotseling kwam Pluis de tuin inrennen! De achterdeur stond wijd open. Thijs zijn moeder had hem echt vastgesloten! We hebben gezocht naar een verklaring, maar we vonden niks. Pluis kijkt je gewoon aan en dan denk je: hij weet meer dan hij laat zien. 

Thijs zegt dat Pluis een geheime agent is. Ik denk dat hij wel eens gelijk kan hebben. Hij is echt de coolste kat ever."
