model,system,user,completion
meta-llama/llama-3.1-8b-instruct,"
Je bent een verteller van een kort verhaal (rond de 200 woorden).
Gebruik alleen hele simpele woorden die een 3-jarig kind kan begrijpen.
Geef het verhaal geen titel of introductie.
",Vertel een verhaal.,"Een kleine vosje was erg hongerig. Hij zocht naar eten in de bos. Hij zag een lekkere appel op de grond liggen. Maar hij was niet de enige! Een grote beer was ook op zoek naar de appel.

De vosje was bang. Hij ging weg en zocht een andere plek. Hij vond een beekje met visjes. Hij pakte een visje en at het op. Hij was niet meer hongerig.

De beer zocht nog steeds naar de appel. Hij vond de appel en at hem op. Maar hij was niet tevreden, want hij had wel een honger. Hij zocht nog steeds naar eten.

De vosje was tevreden met zijn visje. Hij ging naar huis en sliep lekker."
meta-llama/llama-3.1-8b-instruct,"
Je bent een verteller van een kort verhaal (rond de 200 woorden).
Gebruik alleen hele simpele woorden die een 3-jarig kind kan begrijpen.
Geef het verhaal geen titel of introductie.
",Vertel een verhaal.,"Er woonde een klein konijn genaamd Flop. Flop had een mooi groen bos waar hij kon spelen. Hij hield van luisteren naar de vogels die zongen.

Een keer kwam een storm naar het bos. De wind was sterk en de regen viel zwaar. Flop was bang. Hij vluchtte naar zijn huisje en sloot de deur.

Maar zijn vriend, een vos genaamd Vosje, kwam naar hem toe. 'Flop, ik heb hulp nodig!' zei Vosje. 'De rivier is vol water en mijn moeder kan niet naar school.'

Flop ging mee met Vosje naar de rivier. Samen probeerden ze de rivier leeg te maken. Flop pompte met zijn poten en Vosje duwde met zijn staart. Uiteindelijk was de rivier leeg en kon Vosje's moeder naar school.

Flop en Vosje werden helden in het bos. Vanaf dan waren ze de beste vrienden. Ze gingen samen op ontdekkingstocht en speelden in de zon."
meta-llama/llama-3.1-8b-instruct,"
Je bent een verteller van een kort verhaal (rond de 200 woorden).
Gebruik alleen hele simpele woorden die een 3-jarig kind kan begrijpen.
Geef het verhaal geen titel of introductie.
",Vertel een verhaal.,"Er woonde een klein hondje genaamd Max. Max was rood en had een lange staart. Hij hield van spelen.

Max had een beste vriend genaamd Leo. Leo was een zwarte kat. Hij was snel.

Een keer ging Max en Leo naar de tuin. Ze zagen een bal liggen. Max en Leo wilden de bal. Max rende snel naar de bal en Leo rende achter hem aan.

Ze pakten allebei de bal. Max en Leo begonnen te spelen. Ze renden en sprongen. Ze lachten en huilde van plezier.

Toen waren ze moe. Ze gingen liggen en keken naar de zon. Max en Leo waren gelukkig. Ze waren goede vrienden.

Max en Leo gingen naar huis. Ze sliepen samen. Ze sliepen tot ze weer wakker werden. Max en Leo wilden weer spelen. Ze gingen naar de tuin en speelden weer."
meta-llama/llama-3.1-8b-instruct,"
Je bent een verteller van een kort verhaal (rond de 200 woorden).
Gebruik alleen hele simpele woorden die een 3-jarig kind kan begrijpen.
Geef het verhaal geen titel of introductie.
",Vertel een verhaal.,"Er was eens een kleine vos. Hij was heel snel. Hij kon overal heen rennen.

De vos vond een huisje in de bos. Daar woonden een hond en een kater. De hond was erg vriendelijk. De kater was erg gevaarlijk.

De vos ging naar het huisje en zei: ""Hallo!"" De hond zei: ""Hallo! Kom binnen!""

De vos ging binnen en zag dat de kater sliep. Hij dacht: ""Dit kan ik gebruiken."" De vos probeerde de kater wakker te maken, maar de kater sliep te diep.

De hond zei: ""Laat de kater slapen. Hij heeft slaap nodig."" De vos dacht: ""Dat is goed."" Hij ging zitten en at met de hond.

Na een tijdje stond de kater op en zei: ""Hallo! Wie zijn jullie?"" De vos en de hond zeiden: ""We zijn vrienden."" De kater zei: ""Ik ben ook een vriend."" En de drie werden goede vrienden."
meta-llama/llama-3.1-8b-instruct,"
Je bent een verteller van een kort verhaal (rond de 200 woorden).
Gebruik alleen hele simpele woorden die een 3-jarig kind kan begrijpen.
Geef het verhaal geen titel of introductie.
",Vertel een verhaal.,"Er woonde een kleine konijn. Hij heette Flop. Flop woonde in een mooie tuin. De tuin was vol met kleurige bloemen.

Flop hield van eten. Hij hield vooral van appels. Hij ging naar de boom om te eten. Maar toen hij naar de boom liep, viel hij in een grote put.

Flop was bang. Hij wist niet hoe hij uit de put moest klimmen. Maar hij was niet alleen. Er kwam een vriendelijke eend naar de put. Ze heette Elex.

Elex zei: ""Gooi een steen in de put. Dan zie ik hoe diep hij is!"" Flop gooide een steen. Elex zag hoe diep hij was.

Toen gooide Elex een lange tak in de put. Flop greep de tak vast. Hij klimde eruit. Flop was blij. Hij dankte Elex. Elex glimlachte."
meta-llama/llama-3.1-8b-instruct,"
Je bent een verteller van een kort verhaal (rond de 200 woorden).
Gebruik alleen hele simpele woorden die een 3-jarig kind kan begrijpen.
Geef het verhaal geen titel of introductie.
",Vertel een verhaal.,"Er leefde een kleine beer. Hij was zwart en klein. Hij was heel lief. De kleine beer had een blauwe jas en een rode muts. Hij was heel trots op zijn kleren.

Een heldere dag ging de kleine beer naar de berg. Hij wilde bloemen zien. Toen hij de berg beklom, zag hij een prachtige bloem. Hij was groen en had gele bloemen. De kleine beer was heel blij.

Hij pakte de bloem en bracht hem naar zijn vriendin. Ze was een witte wolf. Ze was heel lief ook. De kleine beer gaf de wolf de bloem. Ze was heel blij.

De kleine beer en de witte wolf gingen samen op pad. Ze zochten naar meer bloemen. Ze vonden een roze bloem en een gele bloem. Ze waren heel blij.

Toen de zon onder ging, gingen ze naar huis. Ze waren heel moe. Ze gingen slapen. De kleine beer en de witte wolf waren heel gelukkig."
meta-llama/llama-3.1-8b-instruct,"
Je bent een verteller van een kort verhaal (rond de 200 woorden).
Gebruik alleen hele simpele woorden die een 3-jarig kind kan begrijpen.
Geef het verhaal geen titel of introductie.
",Vertel een verhaal.,"Er woonde een klein meisje. Zij had een kat. De kat heette Koning.

Koning was heel lief. Hij sliep veel. Het meisje legde hem een deken over.

De volgende dag was het zonnig. Het meisje begon te dansen. Koning zag haar dansen.

Dan ging Koning ook dansen. Hij sprong en hij wipte. Het meisje lachte hard.

Ze dansten samen. Ze waren heel blij.

Nu gaan ze altijd dansen. Koning springt en wipt. Het meisje lacht hard. Ze zijn heel gelukkig."
meta-llama/llama-3.1-8b-instruct,"
Je bent een verteller van een kort verhaal (rond de 200 woorden).
Gebruik alleen hele simpele woorden die een 3-jarig kind kan begrijpen.
Geef het verhaal geen titel of introductie.
",Vertel een verhaal.,"Er was eens een klein hondje. Het hondje heette Max. Max was een lief hondje. Hij had een warme huyf en een vrolijke tong.

Max woonde bij een meisje dat lief voor hem was. Het meisje gaf Max voedsel en speelde met hem. Max was super blij als hij met het meisje speelde.

Maar Max had ook een geheim. Hij kon zwemmen. Max ging naar het strand en zwom in het water. Hij was zo snel dat hij heel ver kon zwemmen.

Een dag ging het meisje met Max naar het strand. Ze zagen een kind dat verdwaald was in het water. Max ging het water in en zwom naar het kind. Hij pakte het kind vast en zwom terug naar de kust.

Het kind was zo blij dat Max hem had gered. Het meisje was ook super blij met Max. Vanaf toen was Max de held van het strand. Hij werd geliefd door iedereen. Max was zo blij dat hij met het meisje en de anderen kon spelen. En hij bleef een superzoeker zijn."
meta-llama/llama-3.1-8b-instruct,"
Je bent een verteller van een kort verhaal (rond de 200 woorden).
Gebruik alleen hele simpele woorden die een 3-jarig kind kan begrijpen.
Geef het verhaal geen titel of introductie.
",Vertel een verhaal.,"Er was eens een prinses die heerlijk kon dansen. Ze had een prachtige roze jurk aan en een grote kroon op haar hoofd.

De prinses hield van paardrijden. Ze had een mooi paard dat wit was en een lange staart had. Elke dag ging ze paardrijden in de grote tuin.

Een dag viel de prinses op een knappe ruitervriend. Hij had een mooi haar en blauwe ogen. Hij heette Jack en hij was heel aardig.

De prinses en Jack werden dikke vrienden. Ze gingen samen paardrijden en dansten samen in de tuin. Ze werden allebei heel gelukkig.

Een dag vroeg Jack de prinses of hij met haar kon trouwen. De prinses was heel verliefd op Jack en zei ja tegen zijn vraag.

En zo trouwden de prinses en Jack. Het was een prachtig huwelijk en iedereen was heel blij voor hen."
meta-llama/llama-3.1-8b-instruct,"
Je bent een verteller van een kort verhaal (rond de 200 woorden).
Gebruik alleen hele simpele woorden die een 3-jarig kind kan begrijpen.
Geef het verhaal geen titel of introductie.
",Vertel een verhaal.,"Er was eens een klein koninkje. Het koninkje wilde een nieuwe fiets. Hij ging naar de winkel en kocht een prachtige rode fiets. De fiets had een grote bel en een leuke voorvork.

Het koninkje was zo blij met zijn nieuwe fiets. Hij reed overal op. Hij reed door het park, langs het meer en door de stad. Hij hoorde mensen zeggen: ""Kijk, daar rijdt het koninkje!""

De koningin was ook blij met de nieuwe fiets van haar zoon. Ze vroeg hem om haar te brengen naar de kasteeltuin. Het koninkje reed snel en veilig met zijn moeder naar de tuin.

In de tuin waren bloemen en vogels. Het koninkje en de koningin genoten van de prachtige omgeving. Ze aten een lekkere lunch en gingen daarna weer naar het kasteel.

Het koninkje was zo gelukkig met zijn nieuwe fiets. Hij reed elke dag overal op. Hij was het gelukkigste koninkje in heel het land."
meta-llama/llama-3.1-8b-instruct,"
Je bent een verteller van een kort verhaal (rond de 200 woorden).
Gebruik alleen hele simpele woorden die een 3-jarig kind kan begrijpen.
Geef het verhaal geen titel of introductie.
",Vertel een verhaal.,"Een klein hondje heette Max. Hij was wit en had een lange staart. Max woonde bij een meisje genaamd Anna. Anna was lief en speelde veel met Max.

Een dag ging Anna op stap met Max. Ze liepen naar de park. In het park was een groene weide. Max kon rennen en spelen. Anna gooide een bal voor hem. Max ving de bal op en kwam snel terug.

Anna was zo blij. Ze gaf Max een knuffel. Max blafte gelukkig. Anna en Max liepen terug naar huis. Anna gaf Max een koekje. Max at het koekje snel op.

Anna en Max waren een heel goed duo. Ze speelden altijd samen. Max hield van Anna en Anna hield van Max. Ze waren dikke vrienden. En ze gingen nooit zonder elkaar op stap."
meta-llama/llama-3.1-8b-instruct,"
Je bent een verteller van een kort verhaal (rond de 200 woorden).
Gebruik alleen hele simpele woorden die een 3-jarig kind kan begrijpen.
Geef het verhaal geen titel of introductie.
",Vertel een verhaal.,"Er was eens een meisje dat heette Luna. Ze had een prachtige hond die hij Fido noemde. Luna hield heel veel van Fido.

Een dag ging Luna naar de winkel met haar moeder. Daar kocht ze een lekkere appel voor Fido. Toen ze weer thuis was, gaf ze de appel aan Fido.

Fido was zo blij! Hij begon te springen en te blaffen. Luna lachte en gaf hem een knuffel. Fido was heel dankbaar voor de appel.

Maar het lekkerste was nog niet. Luna had ook een bakje hondenkoekjes gekocht. Fido leek er heel veel van te houden.

Hij nam een koekje en begon te eten. Luna lachte weer en zei: ""Fido is zo gelukkig!"" Fido was helemaal gelukkig met zijn appel en zijn koekjes. Hij had een fantastisch dagje gehad met Luna."
meta-llama/llama-3.1-8b-instruct,"
Je bent een verteller van een kort verhaal (rond de 200 woorden).
Gebruik alleen hele simpele woorden die een 3-jarig kind kan begrijpen.
Geef het verhaal geen titel of introductie.
",Vertel een verhaal.,"Hij was een kleine beer. Hij was zo klein dat hij in een mand past. Hij woonde in een bos met zijn ouders. Het bos was mooi, er waren bomen, bloemen en een beekje.

Een dag ging de kleine beer naar de beekje. Hij wilde water drinken. Toen hij naar beneden keek, zag hij een visje. Het visje kwam naar hem toe en vroeg: ""Waar ga je naartoe?"" 

""Het beekje,"" zei de kleine beer. 

""Hoe kan dat?"" vroeg het visje. ""Je bent te klein om boven te komen!"" 

De kleine beer dacht even na en toen zei hij: ""Ik ga door de beek,"" zei hij. 

Het visje lachte en zei: ""Je kan niet door de beek, maar ik kan wel met je mee!"" 

Samen zwommen ze door de beek. Ze waren blij en gelukkig. De kleine beer ging terug naar zijn ouders en vertelde hun over zijn nieuwe vriendje, het visje."
meta-llama/llama-3.1-8b-instruct,"
Je bent een verteller van een kort verhaal (rond de 200 woorden).
Gebruik alleen hele simpele woorden die een 3-jarig kind kan begrijpen.
Geef het verhaal geen titel of introductie.
",Vertel een verhaal.,"Er waren eens twee vrienden, een hond en een kat. Ze hadden allebei een mooie wagen. De hond had een rode wagen en de kat had een blauwe wagen.

Een dag besloten ze om een tocht te maken door de stad. De hond stapte in zijn rode wagen en de kat stapte in zijn blauwe wagen. Ze vertrokken samen en reden door de stad.

De hond zag een ijskraam en riep naar de kat: ""Kat! Kijk! Een ijskraam!"" De kat stapte uit zijn wagen en kocht een ijsje. De hond kocht ook een ijsje.

Daarna reden ze naar een park. Ze speelden samen in het park en hadden veel lol. De hond en de kat waren vrienden en hadden het goed naar hun zin.

Later ging de hond terug naar zijn huis en de kat naar zijn huis. Maar ze beloofden elkaar dat ze de volgende dag weer samen zouden uitgaan."
meta-llama/llama-3.1-8b-instruct,"
Je bent een verteller van een kort verhaal (rond de 200 woorden).
Gebruik alleen hele simpele woorden die een 3-jarig kind kan begrijpen.
Geef het verhaal geen titel of introductie.
",Vertel een verhaal.,"Er woonde een kleine hond. Hij was rood en had een witte bek. Hij hield van spelen. Elke dag liep hij naar de park.

In het park was een grote bal. De kleine hond wilde hem graag hebben. Hij liep er naar toe en probeerde hem te pakken. Maar de bal bleef zweven. Hij kwam niet omlaag.

Een kind uit de buurt kwam naar hem toe. Ze zei: ""Hé hond, wil je een wedstrijd? Als je de bal kan pakken, krijg je een koekje!"" De kleine hond was blij. Hij wilde die koekje heel graag.

Hij ging op de bal zitten. Toen ging hij langzaam omlaag. Hij pakte de bal met zijn bek! De kinderen klapten in hun handen. ""Hé hond, je hebt het gedaan!"" zeiden ze. De kleine hond kreeg zijn koekje en hij was heel blij. Hij had de bal gepakt en hij had een koekje gekregen!"
meta-llama/llama-3.1-8b-instruct,"
Je bent een verteller van een kort verhaal (rond de 200 woorden).
Gebruik alleen hele simpele woorden die een 3-jarig kind kan begrijpen.
Geef het verhaal geen titel of introductie.
",Vertel een verhaal.,"Er was eens een klein konijntje. Het konijntje was heel snel en kon heel ver rennen. Het konijntje had een vriend, een klein vogeltje. Het vogeltje kon vliegen en kon heel hoog gaan.

Een dag ging het vogeltje op avontuur. Het vogeltje vloog hoog in de lucht en keek om zich heen. Op de grond zag het vogeltje een mooie bloem. Het vogeltje vloog naar de bloem en pikte er een bloemblaadje af.

Het vogeltje kwam terug naar het konijntje. Het konijntje vroeg: ""Hoe was je avontuur?"" Het vogeltje antwoordde: ""Ik vloog heel hoog en pikte een bloemblaadje af."" Het konijntje was trots op het vogeltje en zei: ""Je bent een geweldig vogeltje!""

Het vogeltje en het konijntje waren vrienden en gingen altijd op avontuur samen. Ze renden en vlogen door het bos en keken om zich heen. Ze hadden het zo leuk samen."
meta-llama/llama-3.1-8b-instruct,"
Je bent een verteller van een kort verhaal (rond de 200 woorden).
Gebruik alleen hele simpele woorden die een 3-jarig kind kan begrijpen.
Geef het verhaal geen titel of introductie.
",Vertel een verhaal.,"Er was eens een kleine haan. De haan had een mooi geel verenkleed. Hij liep op straat en ontmoette een vriendelijke kat. De kat zei: ""Hallo, kleine haan. Waar ga je heen?""

De kleine haan zei: ""Ik ga naar de kerk om te zingen. Ik ben een van de beste zangers van het dorp.""

De kat lachte en zei: ""Ik wil ook naar de kerk gaan. Ik wil zingen.""

De kleine haan zei: ""Dat is goed! We gaan samen naar de kerk.""

Toen ze bij de kerk waren, ging de kleine haan omhoog op de preekstoel en begon hij te zingen. Hij zong zo mooi dat de mensen allemaal stil werden en luisterden. De kat begon ook te zingen. Hij zong nog mooier dan de kleine haan.

De mensen applaudiseerden en zei: ""Dat was fantastisch! Jullie zijn de beste zangers ooit!"" De kleine haan en de kat waren heel blij en gingen samen naar huis."
meta-llama/llama-3.1-8b-instruct,"
Je bent een verteller van een kort verhaal (rond de 200 woorden).
Gebruik alleen hele simpele woorden die een 3-jarig kind kan begrijpen.
Geef het verhaal geen titel of introductie.
",Vertel een verhaal.,"Er was eens een kleinebeer. Hij heette Tim. Tim woonde in een klein huisje. Het huisje stond in een prachtig groen bos.

Tim hield van spelen. Hij speelde elke dag. Hij rende, hij sprong en hij klom in de boom.

Een keer zag Tim een prachtige vlinder. Ze had mooie kleuren. Tim hield van vlinders. Hij wilde de vlinder helpen.

De vlinder was ziek. Ze kon niet vliegen. Tim zorgde voor de vlinder. Hij gaf haar water en hij maakte haar een nest.

Na een tijdje was de vlinder weer gezond. Ze kon vliegen. Ze vloog weg. Tim was blij.

De vlinder kwam later terug. Ze bracht een vriendje mee. Ze was blij met Tim. Ze zei: ""Dank je wel, Tim!""

Tim was blij. Hij had een nieuwe vriend. Ze speelden samen. Ze hadden veel plezier. Ze waren gelukkig."
meta-llama/llama-3.1-8b-instruct,"
Je bent een verteller van een kort verhaal (rond de 200 woorden).
Gebruik alleen hele simpele woorden die een 3-jarig kind kan begrijpen.
Geef het verhaal geen titel of introductie.
",Vertel een verhaal.,"Er was eens een kleine hond. De hond heette Max. Max was een leuke hond. Hij had een rood rooster op zijn rug.

Max was heel snel. Hij kon hard rennen. Max ging naar de park. Hij zocht naar zijn vrienden.

Op het park was een meisje. Ze heette Lily. Lily had een prachtig paard. Het paard heette Star.

Max en Lily werden vrienden. Ze speelden samen op het park. Ze renden en zeiden 'Hallo!'

Max en Star speelden samen. Ze renden en springen. Max was heel blij.

Lily gaf Max een koekje. Max was heel dankbaar. Hij kuste Lily op haar hand.

Max en Lily waren heel gelukkig. Ze waren vrienden. Ze speelden samen op het park."
meta-llama/llama-3.1-8b-instruct,"
Je bent een verteller van een kort verhaal (rond de 200 woorden).
Gebruik alleen hele simpele woorden die een 3-jarig kind kan begrijpen.
Geef het verhaal geen titel of introductie.
",Vertel een verhaal.,"Er was eens een klein konijn. Het konijn had een blauwe jas. Hij woonde in een holen onder de grond. In de holen was het donker.

Een dag ging de zon schijnen. Het konijn ging naar buiten. Hij zag een mooi veld vol bloemen. De bloemen waren rood, geel en blauw.

Het konijn was blij. Hij danste in het veld. Zijn blauwe jas wapperde heen en weer. Hij hoorde een vogel zingen. De vogel zong heel mooi.

Het konijn wilde ook zingen. Hij deed zijn mond open en begon te zingen. Hij zong zo hard mogelijk. De vogel begon te dansen.

Samen dansten het konijn en de vogel. Ze hadden een mooi tijd. Toen de zon onderging, ging het konijn terug naar zijn holen. Hij was blij met zijn leuke dag. Hij sliep met een glimlach op zijn gezicht."
meta-llama/llama-3.1-8b-instruct,"
Je bent een verteller van een kort verhaal (rond de 200 woorden).
Gebruik alleen hele simpele woorden die een 3-jarig kind kan begrijpen.
Geef het verhaal geen titel of introductie.
",Vertel een verhaal.,"Er was een klein konijn. Het konijn had een rode jas aan. Hij ging naar de bos. Hij wilde bloemen plukken. 

In het bos zag hij een mooie bloem. Hij pakte de bloem en legde hem in zijn mand. 

Toen hij verder liep, zag hij een stroom water. Hij wilde erin spelen. Hij gooide een steen in het water en keek hoe het water bewoog.

Een vogel vloog boven hem. Het konijn keek omhoog en zei: ""Hallo, vogel!"" De vogel zei: ""Hallo, konijn! Wat doe je hier?""

Het konijn zei: ""Ik ga bloemen plukken."" De vogel vloog weg. Het konijn ging weer verder.

Hij vond nog meer bloemen. Hij pakte ze en legde ze in zijn mand. Toen was zijn mand vol bloemen. Hij ging naar huis en liet zijn moeder zien. Zijn moeder was blij en zei: ""Wat een mooie bloemen!"""
meta-llama/llama-3.1-8b-instruct,"
Je bent een verteller van een kort verhaal (rond de 200 woorden).
Gebruik alleen hele simpele woorden die een 3-jarig kind kan begrijpen.
Geef het verhaal geen titel of introductie.
",Vertel een verhaal.,"Er woonde een lichtzinnig meisje. Ze was heel lief. Ze had een klein hondje. Het hondje heette Max.

Max was een kleine hond. Hij was bruin. Hij had een lange staart. Max hield van spelen. Max hield van rennen.

Een dag ging het meisje en Max naar de park. Ze liepen over het gras. Ze zagen vogels. Ze zagen bloemen.

Max rende naar een boom. Hij sprong over een stam. Hij viel op het gras. Hij stond weer op. Hij rende naar het meisje.

Het meisje lachte. Ze zei: ""Max, je bent zo snel!"" Max blafte. Hij was blij.

Toen ging het meisje en Max naar huis. Ze waren moe. Ze sliepen een beetje. Max sliep bij het meisje. Hij was haar beste vriend.

En toen sliep de hele familie. Ze sliepen heel lang. Max droomde van rennen."
meta-llama/llama-3.1-8b-instruct,"
Je bent een verteller van een kort verhaal (rond de 200 woorden).
Gebruik alleen hele simpele woorden die een 3-jarig kind kan begrijpen.
Geef het verhaal geen titel of introductie.
",Vertel een verhaal.,"Er was eens een knappe kikker. Hij woonde in een klein vliegend wagentje, samen met zijn beste vriendin, een liefde vogel.

De kikker was erg belangrijk. Hij kon vliegen en hij kon zwemmen. Hij was ook erg sterk.

Een dag ging de vogel een eit zoeken. Ze vonden een groot eit. De vogel ging erop zitten. Maar de kikker was te zwaar. Hij viel op het eit en... KABOOM!

Het eit explodeerde en er kwamen veel kleine vogeltjes uit. Ze waren zo klein dat ze in een handpalm pasten. De kikker en de vogel moesten lachen. ""We hebben een grote familie!"" zeiden ze gelijktijdig.

Samen gingen ze naar huis en deden een grote feest. Ze aten veel lekkere hapjes en dronken veel koel water. De kleine vogeltjes vlogen om hen heen en ze vielen in slaap met een glimlach op hun gezicht."
meta-llama/llama-3.1-8b-instruct,"
Je bent een verteller van een kort verhaal (rond de 200 woorden).
Gebruik alleen hele simpele woorden die een 3-jarig kind kan begrijpen.
Geef het verhaal geen titel of introductie.
",Vertel een verhaal.,"Er was eens een klein konijn. Het konijn was heel snel. Het konijn kon erg hard rennen.

Een dag liep het konijn in de tuin. Het konijn zag een stuk appel liggen. Het konijn was heel hongerig. Het konijn at de appel op.

Toen het konijn de appel opat, hoorde het een geluid. Het geluid was heel hard. Het konijn keek omhoog. Het zag een grote vogel. De vogel wilde het konijn vangen.

Het konijn was bang. Het konijn rende weg. Het konijn rende heel snel. De vogel kon het konijn niet inhalen.

Het konijn kwam aan bij een rivier. Het konijn sprong over de rivier. De vogel kon niet over de rivier.

Het konijn was veilig. Het konijn was blij. Het konijn ging slapen. Het konijn sliep goed."
meta-llama/llama-3.1-8b-instruct,"
Je bent een verteller van een kort verhaal (rond de 200 woorden).
Gebruik alleen hele simpele woorden die een 3-jarig kind kan begrijpen.
Geef het verhaal geen titel of introductie.
",Vertel een verhaal.,"Er woonde een kleine vogel. Hij heette Pieter. Pieter had een klein huisje. Het huisje zat in een boom.

Pieter had een vriend. Zijn naam was Pauw. Pauw was groot en rood. Hij kon hard vliegen.

Pieter en Pauw speelden samen. Ze vlogen boven de boom. Ze lazen samen in het zonnetje.

Een dag ging Pieter op weg. Hij wilde een bloem voor Pauw vinden. Pieter vond een prachtige roze bloem. Hij nam hem mee naar Pauw.

Pauw was blij. ""Dank je wel, Pieter!"" zei hij. Pieter en Pauw gingen samen zitten en keken naar de bloem.

Toen het donker werd, ging Pieter naar zijn huisje. Pauw ging naar zijn eigen nest. Ze sliepen allebei met een glimlach op hun gezicht.

Morgen zouden Pieter en Pauw weer spelen."
meta-llama/llama-3.1-8b-instruct,"
Je bent een verteller van een kort verhaal (rond de 200 woorden).
Gebruik alleen hele simpele woorden die een 3-jarig kind kan begrijpen.
Geef het verhaal geen titel of introductie.
",Vertel een verhaal.,"Er was eens een hondje genaamd Max. Max was een goed hondje. Hij was rood en had een lange staart.

Max woonde bij een meisje genaamd Sophie. Sophie had een leuk huis en een grote tuin. In de tuin waren appelbomen en een klein meer.

Een dag ging Sophie naar het meer. Max ging met haar mee. Toen ze bij het meer kwamen, zagen ze een klein bootje. Het bootje was rood en blauw.

Sophie en Max klommen in het bootje. Ze gingen op de meer en zagen veel vogels. Ze zagen een eend, een zwaan en een ganzen.

Max was zo blij dat hij zo snel mogelijk in het water ging. Hij stapte in het water en zwom naar de eend. De eend kwam naar hem toe en Max ging met de eend zwemmen.

Sophie lachte en riep: ""Max, je bent zo leuk!"" Max was gelukkig en hij bleef met de eend zwemmen."
meta-llama/llama-3.1-8b-instruct,"
Je bent een verteller van een kort verhaal (rond de 200 woorden).
Gebruik alleen hele simpele woorden die een 3-jarig kind kan begrijpen.
Geef het verhaal geen titel of introductie.
",Vertel een verhaal.,"Er was eens een klein beertje. Het beertje woonde in een bos. In het bos groeiden veel mooie bloemen. Het beertje hield van bloemen.

Een dag ging het beertje de bos in om bloemen te zoeken. Het zong een liedje: ""Ik ben een klein beertje, ik zoek bloemen.""

Het beertje vond een prachtige roos. Hij pakte de roos en bracht hem naar zijn vriend, een vogeltje. Het vogeltje was erg blij en dankte het beertje.

Daarna ging het beertje naar een andere plek in het bos. Het vond een aantal mooie lelies. Hij pakte de lelies en bracht ze naar zijn andere vriend, een hondje. Het hondje was ook erg blij en dankte het beertje.

Het beertje was trots op zichzelf. Het beertje had zijn vrienden plezier gemaakt. Hij ging naar huis en sliep lekker."
meta-llama/llama-3.1-8b-instruct,"
Je bent een verteller van een kort verhaal (rond de 200 woorden).
Gebruik alleen hele simpele woorden die een 3-jarig kind kan begrijpen.
Geef het verhaal geen titel of introductie.
",Vertel een verhaal.,"Er was eens een kleine eend. Ze heette Els. Els had een mooie witte veer op haar hoofd. Ze woonde bij een grote vijver.

Els wilde graag vliegen. Ze keek naar de ganzen en zeiden: ""Hoe kun je vliegen met je kleine pootjes?""

Els ging naar de vogelmeester. Hij gaf haar een kleine duikelaarstok. Ze pakte hem vast en liep naar de vijver.

Toen ze naar de rand van de vijver keek, voelde ze haar pootjes in de lucht. Els vloog naar boven! Ze was zo blij.

Els vloog de hele dag. Ze zag veel dingen: grote bomen, kleine vliegen en zelfs een mooie zon.

Toen de zon onder was, ging Els terug naar de vijver. Ze viel in het water. Maar dat vond Els niet erg. Ze was blij dat ze had gevlogen. En ze wist dat ze nog wel eens zou vliegen."
meta-llama/llama-3.1-8b-instruct,"
Je bent een verteller van een kort verhaal (rond de 200 woorden).
Gebruik alleen hele simpele woorden die een 3-jarig kind kan begrijpen.
Geef het verhaal geen titel of introductie.
",Vertel een verhaal.,"Een kleine hond heette Max. Hij was zwart en had een lange staart. Max woonde bij een jong meisje genaamd Lily. Ze woonde in een huis met een grote tuin.

Lily en Max gingen vaak naar buiten spelen. Ze renden door de tuin, lachten en speelden met de ballen. Max was heel snel en kon snel rennen.

Een dag was het heel warm. Lily en Max gingen zwemmen in de tuin. Ze hadden een kleine vijver met water. Max genoot van het water en slenterde rond in de vijver.

Lily zei: ""Max, kom hier!"" Ze gooide een bal in het water. Max sprong snel in het water en pakte de bal. Hij kwam snel uit het water en droeg de bal naar Lily.

Lily gaf Max een knuffel. ""Je bent de beste hond ter wereld, Max!"" zei ze. Max blafte blij en sprong tegen Lily op. Ze speelden nog een tijdje en gingen toen binnenshuis. Max was moe maar gelukkig."
meta-llama/llama-3.1-8b-instruct,"
Je bent een verteller van een kort verhaal (rond de 200 woorden).
Gebruik alleen hele simpele woorden die een 3-jarig kind kan begrijpen.
Geef het verhaal geen titel of introductie.
",Vertel een verhaal.,"Er was eens een hond genaamd Max. Max was een leuke hond die graag speelde. Hij had een vriendje, een jongen genaamd Tim. Tim en Max speelden altijd samen.

Een dag ging Tim en Max naar de speeltuin. Zij zagen een grote vuurwerk. Tim en Max deden hun ogen dicht en wachtten. Toen het vuurwerk begon, deed Max een sprong voor vreugde. Het vuurwerk was zo mooi dat Tim en Max niet genoeg konden kijken.

Na de vuurwerk, gingen Tim en Max naar huis. Ze werden heel moe. Toen ze thuiskwamen, gingen ze slapen. Max en Tim sliepen heel goede nachten.

De volgende dag, ging Tim en Max opnieuw naar de speeltuin. Zij speelden op de trampoline en deden kruimels. Max en Tim waren heel gelukkig in de speeltuin. Toen het donker werd, gingen Tim en Max naar huis. Ze waren heel moe en gingen slapen.

Max en Tim waren heel goede vrienden. Zij speelden altijd samen en waren heel gelukkig."
meta-llama/llama-3.1-8b-instruct,"
Je bent een verteller van een kort verhaal (rond de 200 woorden).
Gebruik alleen hele simpele woorden die een 3-jarig kind kan begrijpen.
Geef het verhaal geen titel of introductie.
",Vertel een verhaal.,"Er was eens een klein meisje. Ze heette Sophia. Sophia woonde bij haar mama en papa in een klein huisje.

Sophia had een hondje, een klein witte hond die ze Lola noemde. Lola was heel lief en speelde veel met Sophia.

Een dag ging Sophia en Lola naar de speeltuin. Ze speelden op de klompen en gingen op de draaimolen. Sophia lachte heel hard toen ze omhoog ging.

Toen was het tijd om naar huis te gaan. Sophia en Lola liepen naast elkaar. Lola liep heel snel, maar Sophia liep nog sneller.

Toen ze thuiskwamen, at Sophia een leuk ontbijtje. Haar mama had haar een lekkere appel gegeven. Sophia at de appel en zei: ""Dank je, mama!"""
meta-llama/llama-3.1-8b-instruct,"
Je bent een verteller van een kort verhaal (rond de 200 woorden).
Gebruik alleen hele simpele woorden die een 3-jarig kind kan begrijpen.
Geef het verhaal geen titel of introductie.
",Vertel een verhaal.,"Een klein vogeltje woonde in een boom. Het vogeltje had een mooi rood verenkleed. Het vogeltje zong een mooi lied. 

Het vogeltje vloog naar een andere boom. Daar ontmoette het vogeltje een vriendelijke vogel. De vogel zei: ""Hallo, ik heet Pien. Wat ben jij?""

Het vogeltje zei: ""Ik heet Piep. Ik woon in een boom bij jou.""

Pien en Piep speelden samen. Ze vlogen door de lucht en zongen een mooi lied.

Een sterke wind kwam en blies de bladeren van de boom omhoog. Piep vloog naar Pien toe. Pien en Piep vlogen samen weg van de boom. Ze vonden een nieuwe boom waar ze konden wonen.

Pien en Piep waren blij. Ze hadden een nieuwe vriend geworden. Ze zongen opnieuw hun mooi lied."
meta-llama/llama-3.1-8b-instruct,"
Je bent een verteller van een kort verhaal (rond de 200 woorden).
Gebruik alleen hele simpele woorden die een 3-jarig kind kan begrijpen.
Geef het verhaal geen titel of introductie.
",Vertel een verhaal.,"Er was eens een meisje dat heet Anna. Anna had een hondje dat heet Max. Max was een leuk hondje dat graag speelde.

Een keer ging Anna en Max naar de speeltuin. Anna zag een trampoline en ze wilde erop springen. Max zag ook de trampoline en hij wilde er ook op springen.

Anna en Max sprongen samen op de trampoline. Ze sprongen zo hoog dat ze het gras raakten. Max hapte in het gras en Anna lachte.

Daarna ging Anna en Max naar het zwembad. Anna ging zwemmen en Max ging ook zwemmen. Max was een goed zwemmer en hij kon zelfs duiken.

Anna en Max hadden een leuke dag. Ze speelden, zwommen en lieten zich zelfs nat maken. Toen de zon onder ging, gingen Anna en Max naar huis."
meta-llama/llama-3.1-8b-instruct,"
Je bent een verteller van een kort verhaal (rond de 200 woorden).
Gebruik alleen hele simpele woorden die een 3-jarig kind kan begrijpen.
Geef het verhaal geen titel of introductie.
",Vertel een verhaal.,"Er was een klein konijn. Hij heette Benny. Benny was heel snel. Hij kon heel hard rennen. 

Benny wilde een bloem plukken. Hij zag een prachtige roze bloem. De bloem groeide bij een grote boom. 

Benny rende naar de boom. Hij klom de boom in. Hij pakte de bloem. Toen hij omlaag keek, zag hij zijn vriend, een vogel. De vogel heette Pip. 

Pip vroeg aan Benny: ""Hoe haalde je die bloem?"" Benny antwoordde: ""Ik klom in de boom."" Pip zei: ""Dat is heel slim van je, Benny!"" 

Benny en Pip gingen met de bloem naar hun huis. Ze gaven de bloem aan hun moeder. Hun moeder was heel blij. ""Dank je wel, Benny en Pip!"""
meta-llama/llama-3.1-8b-instruct,"
Je bent een verteller van een kort verhaal (rond de 200 woorden).
Gebruik alleen hele simpele woorden die een 3-jarig kind kan begrijpen.
Geef het verhaal geen titel of introductie.
",Vertel een verhaal.,"Er was eens een kleine vogel. De vogel heette Pip. Pip was heel erg klein. Hij kon nauwelijks vliegen. Pip wilde enorm graag vliegen, maar hij kon het niet.

Pip ging naar zijn vriendelijke ooievaar. De ooievaar heette Ollie. Ollie vroeg aan Pip: ""Wat is er aan de hand, kleine Pip?""

Pip vertelde Ollie dat hij niet kon vliegen. Ollie zei: ""Ik kan je leren vliegen, Pip."" Ollie droeg Pip op zijn rug. Ze vlogen weg.

Toen ze boven in de lucht waren, liet Ollie Pip los. Pip vloog met zijn vleugels omhoog. Pip vloog hoger en hoger. Pip had het gelukkig gevoel van vliegen.

Pip vloog en vloog, tot hij terug bij Ollie was. Ollie zei: ""Ik ben trots op je, Pip."" Pip was heel erg gelukkig. Hij vloog weer en weer. Pip hield ervan om hoog in de lucht te vliegen."
meta-llama/llama-3.1-8b-instruct,"
Je bent een verteller van een kort verhaal (rond de 200 woorden).
Gebruik alleen hele simpele woorden die een 3-jarig kind kan begrijpen.
Geef het verhaal geen titel of introductie.
",Vertel een verhaal.,"Een jonge haan had een mooie zangstem. Hij zong elke dag voor de kippen in de stal.

De kippen kwamen naar hem luisteren. Ze vonden zijn zang zo mooi. De kippen dankten de haan voor zijn mooie zang.

De haan was blij dat de kippen hem leuk vonden. Hij zong nog harder en mooier.

Een varken kwam naar de stal. Hij vond de haan en de kippen leuk. Hij wilde ook zingen.

Maar het varken kon niet zingen. Hij maakte veel lawaai. De kippen waren bang.

De haan keek naar het varken en zei: ""Ik kan je helpen. Ik zal je lesgeven.""

Het varken leerde van de haan. Hij kon niet zingen, maar hij kon wel dansen. Hij danste voor de kippen en de haan.

De kippen vonden het leuk. Ze lachten en klapperden met hun vleugels. Het varken was blij dat hij nu een vriend had."
meta-llama/llama-3.1-8b-instruct,"
Je bent een verteller van een kort verhaal (rond de 200 woorden).
Gebruik alleen hele simpele woorden die een 3-jarig kind kan begrijpen.
Geef het verhaal geen titel of introductie.
",Vertel een verhaal.,"Er was eens een klein konijn. Het konijn had witte vachten en grote oren. Het konijn ging naar het bos om appel te eten.

In het bos kwam het konijn een vriend tegen. Die vriend was een vogel. De vogel had blauwe vleugels en rood veren. De vogel vloog boven het bos.

Het konijn zei: ""Hallo vogel!"" De vogel zei: ""Hallo konijn!"" Ze gingen samen appel zoeken.

Na een tijdje vonden ze een grote appelboom. De appelboom had rode appels. Het konijn en de vogel aten de appels.

Toen ze klaar waren, zong de vogel een leuk liedje. Het konijn lachte en danste. Ze werden goede vrienden en gingen elke dag appel eten in het bos."
meta-llama/llama-3.1-8b-instruct,"
Je bent een verteller van een kort verhaal (rond de 200 woorden).
Gebruik alleen hele simpele woorden die een 3-jarig kind kan begrijpen.
Geef het verhaal geen titel of introductie.
",Vertel een verhaal.,"Een kleine kabouter woonde in een klein bos. Hij was erg lief en had een vriendelijke glimlach. Hij hield van bloemen en zong vaak liedjes.

Een dag besloot hij om een bloem te vinden die nog nooit iemand gezien had. Hij liep door het bos en keek naar de bloemen die hij kende. Maar hij wilde een speciale bloem vinden.

Hij liep nog verder en kwam aan een plek waar de zon schijnt. Daar zag hij een prachtige bloem. Hij was rood, oranje en geel. Hij was nog nooit zo mooi gezien.

De kleine kabouter was zo blij dat hij begon te dansen. Hij zong een liedje: ""Ik heb een prachtige bloem gevonden. Ik ben zo blij en gelukkig.""

Hij nam de bloem mee naar zijn huis en legde hem in een vaas. Hij keek ernaar en glimlachte. Hij was heel gelukkig met zijn nieuwe bloem."
meta-llama/llama-3.1-8b-instruct,"
Je bent een verteller van een kort verhaal (rond de 200 woorden).
Gebruik alleen hele simpele woorden die een 3-jarig kind kan begrijpen.
Geef het verhaal geen titel of introductie.
",Vertel een verhaal.,"Er was eens een klein konijn. Het konijn was zacht en rood. Het woonde in een hol bij een rivier.

De konijn hield van zwemmen. Het zwom elke dag over de rivier. Het voelde zich gelukkig.

Een dag zag het konijn een mooie bloem. De bloem was groot en geel. Het konijn wilde de bloem hebben. Het liep naar de bloem en pakte hem vast.

Maar toen het konijn de bloem pakte, voelde het zich verdwaald. Het konijn wist niet waar het was. Het konijn liep rond en probeerde de weg naar zijn hol te vinden.

Toen zag het konijn de rivier. Het wist dat het naar de rivier moest om naar huis te gaan. Het konijn liep naar de rivier en zwom terug naar zijn hol.

Het konijn was gelukkig dat het terug was thuis. Het konijn sliep en droomde van de rivier."
meta-llama/llama-3.1-8b-instruct,"
Je bent een verteller van een kort verhaal (rond de 200 woorden).
Gebruik alleen hele simpele woorden die een 3-jarig kind kan begrijpen.
Geef het verhaal geen titel of introductie.
",Vertel een verhaal.,"Er was eens een klein konijn. Hij was heel snel. Hij kon heel hard rennen.

Een dag ging hij op avontuur. Hij rende door het bos. Hij zag een mooie bloem. De bloem was rood en geel. Hij wilde graag een stukje van de bloem snijden.

Hij pakte zijn schaar. Hij snoot een stukje van de bloem. Hij was heel trots. Hij had een mooi stukje bloem.

Maar toen hij verder rende, viel het stukje bloem uit zijn hand. Hij rende heel hard om het stukje bloem te pakken. Hij kon het stukje bloem niet pakken.

Hij vloog over een beek. Hij viel in het water. Hij kwam uit het water. Hij was heel nat.

Hij rende naar huis. Hij was heel moe. Hij ging slapen. Hij sliep heel snel."
meta-llama/llama-3.1-8b-instruct,"
Je bent een verteller van een kort verhaal (rond de 200 woorden).
Gebruik alleen hele simpele woorden die een 3-jarig kind kan begrijpen.
Geef het verhaal geen titel of introductie.
",Vertel een verhaal.,"Er was eens een jonge hond. Hij heette Max. Max was een mooie hond. Hij had een warme vacht. Hij was rood.

Max woonde bij een meisje. Het meisje heette Lisa. Lisa zorgde voor Max. Ze gaf hem te eten en te drinken.

Een dag ging Max naar het park. Hij speelde met andere honden. Ze renden en blieften. Max was gelukkig.

Toen ging Max naar huis. Hij zag Lisa. Ze gaf hem een knuffel. Max was blij om naar huis te zijn.

Later ging Max naar bed. Hij sliep met een glimlach. Hij had een fijne dag gehad. Max was een gelukkige hond. Hij hield van Lisa. Hij hield van het park. Hij was een lief hondje."
meta-llama/llama-3.1-8b-instruct,"
Je bent een verteller van een kort verhaal (rond de 200 woorden).
Gebruik alleen hele simpele woorden die een 3-jarig kind kan begrijpen.
Geef het verhaal geen titel of introductie.
",Vertel een verhaal.,"Er was eens een hond. Hij heette Max. Max was een gele hond. Hij had een lange staart.

Max had een vriend. Hij was een konijn. Hij heette Benny. Benny was een witte konijn. Hij had lange oren.

Max en Benny waren dikke vrienden. Ze speelden samen in de tuin. Ze renden en sprongen.

Een dag ging Max op onderzoek uit. Hij vond een schat. Het was een gouden ring. Max was zo blij. Hij dacht: ""Dit is een geweldige schat!""

Toen Max terugkwam, vertelde hij het aan Benny. Benny was ook blij. Samen gingen ze naar de dierenarts.

De dierenarts zei: ""Dit is een prachtige schat!"" Hij nam de ring van Max over.

Max en Benny waren trots op hun schat. Ze gingen weer spelen. Ze waren blij dat ze samen waren."
meta-llama/llama-3.1-8b-instruct,"
Je bent een verteller van een kort verhaal (rond de 200 woorden).
Gebruik alleen hele simpele woorden die een 3-jarig kind kan begrijpen.
Geef het verhaal geen titel of introductie.
",Vertel een verhaal.,"Er was eens een hondje genaamd Max. Max was een leuke hond met een rood vachtje. Hij had een lange staart en een spitse neus.

Max woonde bij een meisje genaamd Sophie. Sophie gaf Max voedsel en speelde met hem in de tuin. Max liep altijd achter Sophie aan, want hij vond haar leuk.

Een dag nam Sophie Max mee naar het strand. Max had nog nooit van zijn leven het strand gezien. Hij was erg nieuwsgierig en rende naar het water toe.

Het water was koud en voelde aan als ijs. Max huilde en rende weg. Sophie lachte en zei: ""Max, het is goed, hondje. Je kunt terugkomen.""

Max kwam terug en speelde in het zand. Hij vond het strand leuker dan hij had gedacht. Sophie nam hem mee naar huis en gaf hem een koekje.

Max was tevreden en sliep die nacht met een glimlach op zijn gezicht. Hij was blij dat hij het strand had kunnen bezoeken met Sophie."
meta-llama/llama-3.1-8b-instruct,"
Je bent een verteller van een kort verhaal (rond de 200 woorden).
Gebruik alleen hele simpele woorden die een 3-jarig kind kan begrijpen.
Geef het verhaal geen titel of introductie.
",Vertel een verhaal.,"Er was eens een kleine koning. Hij had een prachtig paard en een mooie kroon. Maar hij had één probleem: hij kon niet zwemmen.

Een dag besloot de kleine koning om naar het meer te gaan. Hij wilde een boot nemen en een tocht maken. Maar als hij in het water viel, zou hij verdrinken.

De kleine koning vroeg aan zijn vrienden of iemand hem kon leren zwemmen. En toen kwam er een vriend die kon zwemmen. Hij zei: ""Ik help je, kleine koning!""

De kleine koning ging met zijn vriend naar het meer. De vriend leerde hem hoe hij moest zwemmen. De kleine koning probeerde het en... hij zwom!

Nu kon de kleine koning naar het meer gaan wanneer hij wilde. Hij nam zijn vriend mee en ze maakten een leuke dag van het zwemmen. De kleine koning was heel dankbaar voor zijn vriend. En hij noemde hem zijn beste vriend ooit."
meta-llama/llama-3.1-8b-instruct,"
Je bent een verteller van een kort verhaal (rond de 200 woorden).
Gebruik alleen hele simpele woorden die een 3-jarig kind kan begrijpen.
Geef het verhaal geen titel of introductie.
",Vertel een verhaal.,"Er was een jonge beer. Hij was heel stout. Hij hield van eten. Hij at veel chocolade en ijs.

De jonge beer ging naar een ijssalon. Hij zag veel lekkere ijsjes. Hij wilde ze allemaal hebben. Hij at zo veel, dat hij vol was.

Op een dag ging de jonge beer op een wintersporttocht. Hij ging hardlopen en viel in een groot gat. Hij kon niet meer opstaan. Hij was te zwaar van al het eten.

Toen kwam er een vriendelijke beer. Hij hielp de jonge beer uit het gat. Hij zei: ""Je moet minder eten, dan kun je beter lopen.""

De jonge beer hoorde hem. Hij at minder chocolade en ijs. Hij was nu lichter en kon beter lopen. Hij was heel dankbaar voor zijn vriend. Ze gingen samen op een nieuwe tocht. Ze hadden veel plezier."
meta-llama/llama-3.1-8b-instruct,"
Je bent een verteller van een kort verhaal (rond de 200 woorden).
Gebruik alleen hele simpele woorden die een 3-jarig kind kan begrijpen.
Geef het verhaal geen titel of introductie.
",Vertel een verhaal.,"Er was eens een klein konijn. Hij woonde in een prachtige tuin met veel leuke dingen. Hij had een vriend, een vogel. De vogel kon vliegen en zong mooi.

Het konijn hield van eten en wilde een appel plukken van een appelboom. Maar de appelboom zat op een hoge plek. Het konijn kon niet zo hoog springen.

Zijn vogel vriend zei: ""Ik kan je helpen!"" De vogel vloog naar de appelboom en pakte de appel. Hij legde de appel op een plek waar het konijn hem kon pakken.

Het konijn was heel dankbaar voor zijn vriend. Hij nam een hap van de appel en at hem op. Het konijn en de vogel waren vrienden en speelden altijd samen. Ze hadden veel plezier en gingen nooit meer uit elkaar."
meta-llama/llama-3.1-8b-instruct,"
Je bent een verteller van een kort verhaal (rond de 200 woorden).
Gebruik alleen hele simpele woorden die een 3-jarig kind kan begrijpen.
Geef het verhaal geen titel of introductie.
",Vertel een verhaal.,"Er was eens een klein koninkje. Hij woonde in een prachtig kasteel met zijn moeder, de koningin. Ze hadden veel mooie paarden en een grote tuin vol bloemen.

Een dag besloot het koninkje om naar de tuin te gaan. Hij liep door de bloemen en zag een kleine vogel. De vogel kon niet vliegen omdat zijn vleugels kapot waren.

Het koninkje voelde medelijden met de vogel en besloot om hem te helpen. Hij ging naar de koningin en vroeg of hij de vogel kon helpen. De koningin gaf hem een potje medicijn om de vleugels te maken.

Het koninkje nam de medicijn en gaf het aan de vogel. Na een tijdje waren de vleugels van de vogel weer helemaal goed. De vogel kon nu weer vliegen.

Het koninkje was heel gelukkig met de vogel en gaf hem een naam: Vlug. Vlug vloog nu rond de tuin en maakte het koninkje blij."
meta-llama/llama-3.1-8b-instruct,"
Je bent een verteller van een kort verhaal (rond de 200 woorden).
Gebruik alleen hele simpele woorden die een 3-jarig kind kan begrijpen.
Geef het verhaal geen titel of introductie.
",Vertel een verhaal.,"Er was eens een meisje genaamd Lieve. Zij had een prachtige hond genaamd Max. Max was heel snel en hij kon heel ver rennen.

Een dag ging Lieve met Max op pad. Zij liepen door het veld en zagen een kip die vast zat in de modder. De kip was bang en kon niet uit de modder komen.

Lieve en Max liepen naar de kip en Lieve zei: ""Maak je geen zorgen, ik help je!"" Max ging naar de kip en begon te happen. Hij hielp de kip uit de modder.

De kip was zo blij dat hij uit de modder was gekomen. Hij zei: ""Dank je wel, Lieve! Dank je wel, Max!""

Lieve en Max liepen verder en vonden een mooie bloem. Lieve zette de bloem in haar kapsel en zei: ""Ik ga nu naar huis. Ik heb een leuke dag gehad met Max!""

Max ging aan Lieve's voeten zitten en Lieve streelde hem over zijn kop. Ze waren allebei heel gelukkig."
meta-llama/llama-3.1-8b-instruct,"
Je bent een verteller van een kort verhaal (rond de 200 woorden).
Gebruik alleen hele simpele woorden die een 3-jarig kind kan begrijpen.
Geef het verhaal geen titel of introductie.
",Vertel een verhaal.,"Er woonde een kleine vogel. Hij heette Pip. Pip had eens een klein broertje. Dit broertje heette Pipje.

Pip en Pipje vlogen over het bos. Ze zochten naar eten. Pip vond een appeltje. Pipje vond een kersenboom. Ze aten beiden.

Na het eten vlogen ze verder. Zij zagen een vliegtuig. De vogels vlogen omhoog. Ze volgden het vliegtuig.

Het vliegtuig ging naar de zon. De vogels vlogen ook naar de zon. Ze waren blij.

Pip en Pipje vlogen terug naar huis. Zij waren moe. Zij gingen slapen.

De volgende dag vlogen ze weer. Ze vonden een beek. Zij dronken water. Ze waren blij.

Pip en Pipje vlogen nog verder. Zij vonden een bos vol bloemen. Zij vlogen door de bloemen. Ze vlogen langzaam. Ze genoten van de bloemen."
meta-llama/llama-3.1-8b-instruct,"
Je bent een verteller van een kort verhaal (rond de 200 woorden).
Gebruik alleen hele simpele woorden die een 3-jarig kind kan begrijpen.
Geef het verhaal geen titel of introductie.
",Vertel een verhaal.,"Er woonde een klein hondje bij een meisje. Het hondje heette Max. Max was een leuke hond. Hij had een rood pakje met een rode stropdas.

Maar Max had geen sokken aan zijn poten. Zijn poten waren koud. 's Winters kan het koud zijn.

Het meisje wilde dat Max warme sokken zou hebben. Ze ging naar de winkel. Ze kocht twee warme sokken.

Het meisje legde de sokken bij Max' bed. 's Avonds ging ze slapen. 's Ochtends was Max blij! Hij had eindelijk warme sokken aan!

Max rende rond zijn bed. Zijn poten waren warm. Het meisje lachte. Ze gaf Max een knuffel. Max was gelukkig! Hij had warme sokken en een meisje dat van hem hield."
meta-llama/llama-3.1-8b-instruct,"
Je bent een verteller van een kort verhaal (rond de 200 woorden).
Gebruik alleen hele simpele woorden die een 3-jarig kind kan begrijpen.
Geef het verhaal geen titel of introductie.
",Vertel een verhaal.,"Een klein baasje had een hondje. Het hondje was wit en rood. Het baasje noemde het hondje Roos.
Roos was heel lief. Hij speelde altijd met de bal. Hij was een goede baltrapper.

Een dag ging het baasje naar de speeltuin. Het baasje bracht Roos mee. Roos keek om zich heen. Er stonden bomen, een klos en een autoscooter.

Roos ging naar de autoscooter. Hij ging erop zitten en begon te rijden. Het baasje lachte. ""Roos, je bent een goede bestuurder!"" zei het baasje.

Roos reed rondjes. Hij voelde zich gelukkig. Het baasje was trots op hem. Toen ging het baasje en Roos naar huis. Ze waren beiden moe.

Zodra ze thuiskwamen, ging Roos naar bed. Het baasje gaf hem een knuffel. ""Ik hou van je, Roos,"" zei het baasje. Roos sliep snel in. Hij had een fijne dag gehad."
meta-llama/llama-3.1-8b-instruct,"
Je bent een verteller van een kort verhaal (rond de 200 woorden).
Gebruik alleen hele simpele woorden die een 3-jarig kind kan begrijpen.
Geef het verhaal geen titel of introductie.
",Vertel een verhaal.,"Een klein konijntje woonde in een grote wei. Het konijntje heette Benny. Benny had vrolijke oren en een warme bek.

Benny liep door de wei en zong een liedje. Hij zong: ""Ik ben Benny, ik ben zo vrolijk, ik loop door de wei en dans op muziek.""

Een vriend van Benny, een vogeltje, vroeg: ""Ben je benieuwd wat er in de wei is?""

Benny zei: ""Ja, ik ben benieuwd!""

Ze gingen samen op avontuur. Ze zagen een mooie bloem. De vogeltje zei: ""Kijk, Benny, een bloem!""

Benny zei: ""O ja, ik hou van bloemen!""

Ze zagen nog een vogeltje. Het vogeltje zei: ""Hallo, ik ben Pipo!""

Benny zei: ""Hallo, ik ben Benny!""

De drie vrienden bleven samen spelen tot de zon onder ging. Benny was heel gelukkig met zijn vrienden."
meta-llama/llama-3.1-8b-instruct,"
Je bent een verteller van een kort verhaal (rond de 200 woorden).
Gebruik alleen hele simpele woorden die een 3-jarig kind kan begrijpen.
Geef het verhaal geen titel of introductie.
",Vertel een verhaal.,"Er woonde een kleine vogeltje. Het woonde in een klein nest. Het nest zat in een boom. De boom stond in een park.

Het vogeltje heette Pipo. Pipo was rood en wit. Het had een lange staart. Pipo kwam vaak naar beneden. Het vloog van de tak naar de grond.

Pipo zocht naar eten. Het vond appelbloesem. Het vond ook een kleine worm. Pipo at de appelbloesem. Het at de worm ook.

Pipo had een vriend. Zijn vriend heette Katrien. Katrien was een konijn. Ze waren goede vrienden. Ze speelden samen.

Pipo en Katrien speelden in het park. Ze renden en vlogen. Ze waren blij. Ze hadden veel plezier.

Pipo en Katrien gingen naar hun nest. Ze sliepen. Ze waren moe. Ze hadden een fijne dag gehad."
meta-llama/llama-3.1-8b-instruct,"
Je bent een verteller van een kort verhaal (rond de 200 woorden).
Gebruik alleen hele simpele woorden die een 3-jarig kind kan begrijpen.
Geef het verhaal geen titel of introductie.
",Vertel een verhaal.,"Er was één keer een kleine hondje. Hij heette Max. Max was eenmaal heel boos. Hij had niets te eten. Hij had honger. Hij ging naar zijn vriendin, de kat. Hij zei: ""Mijn maag is heel hongerig!""

De kat zei: ""Ik heb honger ook."" Ze gingen samen op pad. Ze zochten naar eten. Ze liepen door de stad. Ze zagen een winkel. In de winkel stond een grote bak met poezenbrood.

De kat zei: ""Wat ziet dat lekker uit!"" Max zei: ""Ja, ik wil ook een stuk!"" Ze aten beiden een stuk poezenbrood. Max was niet meer boos. Hij was heel tevreden.

Ze gingen terug naar huis. Ze praatten over het lekkere brood. Ze waren beiden heel blij. Max sliep die nacht goed. Hij had geen honger meer."
meta-llama/llama-3.1-8b-instruct,"
Je bent een verteller van een kort verhaal (rond de 200 woorden).
Gebruik alleen hele simpele woorden die een 3-jarig kind kan begrijpen.
Geef het verhaal geen titel of introductie.
",Vertel een verhaal.,"Er was eens een klein konijn. Hij woonde in een prachtig bos. Het bos was vol met bloemen, bomen en beesten.

Het kleine konijn was heel snel. Hij kon hard rennen en springen. Hij hield van rennen en springen in het bos.

Op een dag ontdekte het kleine konijn een schat. Het was een grote, glinsterende steen. De steen was mooi en blinkte in het zonlicht.

Het kleine konijn was heel trots op zijn vondst. Hij nam de steen mee naar zijn hol en liet hem op een veilige plek liggen.

's Avonds ging het kleine konijn naar bed. Hij droomde van zijn mooie steen en het leuke bos waar hij woonde.

De volgende dag ging het kleine konijn terug naar het bos. Hij vond het bos nog mooier dan de vorige dag. Hij was heel gelukkig met zijn leven in het bos. En hij hield van zijn schat, de glinsterende steen."
meta-llama/llama-3.1-8b-instruct,"
Je bent een verteller van een kort verhaal (rond de 200 woorden).
Gebruik alleen hele simpele woorden die een 3-jarig kind kan begrijpen.
Geef het verhaal geen titel of introductie.
",Vertel een verhaal.,"Er was eens een kleine meid. Ze heette Lily. Lily woonde in een klein huisje met haar moeder. Ze hadden een hele liefde voor dieren.

Een dag zocht Lily naar een nieuwe speelgoed. Ze liep door het bos en vond de verloren kat van tante Emma. De kat heette Whiskers.

Lily nam Whiskers mee naar huis. Ze voedde hem en aaide hem. De kat was erg lief. Hij speelde met Lily's speelgoed en sliep bij haar in bed.

Maar tante Emma kwam naar Lily's huis. Ze was heel blij om Whiskers terug te zien. Ze zei: ""Dank je wel, Lily. Jij bent een lief meisje.""

Lily was blij dat ze Whiskers terug kon geven. Ze zei: ""Ik hou van Whiskers."" Tante Emma zei: ""Ik hou ook van Whiskers. En van jou, Lily."""
meta-llama/llama-3.1-8b-instruct,"
Je bent een verteller van een kort verhaal (rond de 200 woorden).
Gebruik alleen hele simpele woorden die een 3-jarig kind kan begrijpen.
Geef het verhaal geen titel of introductie.
",Vertel een verhaal.,"Er was eens een meisje genaamd Anna. Anna hield van katten. Ze had een kat genaamd Muis. Muis was een zwarte kat met witte vlekken.

Anna en Muis gingen naar de tuin. In de tuin groeiden bloemen. De bloemen waren rood, geel en blauw. Anna en Muis liepen door de tuin. Ze zagen een konijn.

Het konijn droeg een mand. De mand was vol met appels. Anna en Muis liepen naar het konijn. Het konijn zei: ""Hallo, Anna! Hallo, Muis! Wil je een appel?""

Anna zei: ""Ja, graag!"" Anna nam een appel uit de mand. Muis kwam ook een appel halen. Het konijn lachte en zei: ""Gelukkig zijn jullie hier!""

Anna, Muis en het konijn aten de appels op. Ze hadden veel plezier in de tuin. Toen ging Anna en Muis naar huis. Ze waren heel blij."
meta-llama/llama-3.1-8b-instruct,"
Je bent een verteller van een kort verhaal (rond de 200 woorden).
Gebruik alleen hele simpele woorden die een 3-jarig kind kan begrijpen.
Geef het verhaal geen titel of introductie.
",Vertel een verhaal.,"Er was eens een klein konijntje. Het konijntje heette Benny. Benny was heel blij en vrolijk. Hij woonde in een grote tuin met veel bloemen en gras. Benny hield van spelen en rennen.

Een dag kwam Benny een vrouwtje konijntje tegen. Ze heette Flo. Flo was even blij als Benny. Ze speelden samen in de tuin. Ze renden door het gras en klommen over heuvels.

Maar toen kwam er een regenbui! Benny en Flo moesten snel naar hun schuilplaats. Daar zaten ze veilig en droog. Toen de zon weer scheen, gingen Benny en Flo weer spelen.

Benny en Flo waren heel gelukkig. Ze hielden van de tuin en van elkaars gezelschap. Ze speelden elke dag en werden steeds vriendelijker. Benny en Flo waren de beste vrienden!"
meta-llama/llama-3.1-8b-instruct,"
Je bent een verteller van een kort verhaal (rond de 200 woorden).
Gebruik alleen hele simpele woorden die een 3-jarig kind kan begrijpen.
Geef het verhaal geen titel of introductie.
",Vertel een verhaal.,"Er woonde een jongetje dat heet Max. Hij had een hond genaamd Rufus. Max en Rufus speelden samen in de tuin. Ze liepen door de bloemen en zagen een konijn. Max zei ""Hé, Rufus, kijk! Een konijn!"" Rufus begon te blaffen.

Het konijn kwam naar hen toe. Max zei ""Hallo, konijn! Waar kom je vandaan?"" Het konijn zei ""Ik kom uit de bos. Ik zoek naar appels."" Max zei ""Ik heb appels in mijn zak!"" Hij gaf het konijn een appel.

Het konijn at de appel. Max en Rufus gingen verder. Ze zagen een rivier. Max zei ""Rufus, laten we een bootje maken!"" Ze bouwden een bootje met takken en bladeren. Ze gingen in het bootje en zeiden ""Wheeee!""

Het bootje vloog over de rivier. Max en Rufus lachten en zeiden ""Dat was leuk!"" Toen kwamen ze aan de overkant. Ze gingen weer naar huis. Max en Rufus waren heel blij."
meta-llama/llama-3.1-8b-instruct,"
Je bent een verteller van een kort verhaal (rond de 200 woorden).
Gebruik alleen hele simpele woorden die een 3-jarig kind kan begrijpen.
Geef het verhaal geen titel of introductie.
",Vertel een verhaal.,"Er was eens een klein konijntje. Het konijntje had een mooi witte vacht en grote oren. Het leefde in een prachtig groen bos.

Het konijntje hield van spelen. Het rende door het bos en sprong over rotsen. Het vond een mooie bloem en at die op.

Toen het konijntje door het bos rende, ontmoette het een vriendelijk hert. Het hert zei: ""Hallo, kleine konijntje! Waar ga je heen?""

Het konijntje zei: ""Ik ga spelen! Wil je met me meegaan?""

Het hert zei: ""Ja, ik ga met je mee!"" En samen renden ze door het bos.

Ze speelden samen tot de zon onderging. Toen ging het konijntje terug naar zijn hol. Het hert zei: ""Tot morgen, kleine konijntje! Ik zie je morgen weer!""

Het konijntje ging slapen en droomde van het bos en de vriendelijke herten."
meta-llama/llama-3.1-8b-instruct,"
Je bent een verteller van een kort verhaal (rond de 200 woorden).
Gebruik alleen hele simpele woorden die een 3-jarig kind kan begrijpen.
Geef het verhaal geen titel of introductie.
",Vertel een verhaal.,"Er was eens een kleine haan. De haan heette Hennie. Hennie had een mooie kuikentjes. Hennie was heel trots op zijn kuikentjes.

De kuikentjes konden al lopen. Ze hadden mooie vleugels. Ze konden vliegen. Hennie was blij dat zijn kuikentjes konden vliegen.

Een dag ging Hennie naar het water. Hij wilde zwemmen. De kuikentjes wilden ook zwemmen. Hennie lachte en zei: ""Ga maar, kuikentjes! Zwem maar!""

De kuikentjes sprongen in het water. Ze zwommen lekker rond. Hennie wachtte op de oever. Hij keek naar zijn kuikentjes.

Na een tijdje kwamen de kuikentjes naar de oever. Ze waren heel moe. Hennie zei: ""Kom maar, lieve kuikentjes! Ga maar liggen en rust maar uit!""

De kuikentjes gingen liggen. Hennie ging naast hen zitten. Hij keek naar zijn kuikentjes. Hij was heel lief voor zijn kuikentjes."
meta-llama/llama-3.1-8b-instruct,"
Je bent een verteller van een kort verhaal (rond de 200 woorden).
Gebruik alleen hele simpele woorden die een 3-jarig kind kan begrijpen.
Geef het verhaal geen titel of introductie.
",Vertel een verhaal.,"Een klein vogeltje zat in een boom. Het vogeltje heette Pietje. Pietje had een mooi groen verenpak. Hij had een donkerbruine kraag en een witte buik.

Een klein meisje zat op een bank beneden in de tuin. Het meisje heette Sofie. Sofie had rood haar en blauwe ogen. Ze keek naar Pietje en glimlachte.

Pietje vloog naar beneden. Hij landde op Sofies hand. Sofie streelde Pietje's veren. Pietje vloog weer omhoog naar zijn boom. Het meisje riep: ""Wij zien elkaar later, Pietje!""

Pietje kwam elke dag naar Sofie's tuin. Ze praatten en speelden samen. Ze waren beste vrienden."
meta-llama/llama-3.1-8b-instruct,"
Je bent een verteller van een kort verhaal (rond de 200 woorden).
Gebruik alleen hele simpele woorden die een 3-jarig kind kan begrijpen.
Geef het verhaal geen titel of introductie.
",Vertel een verhaal.,"Er was eens een klein konijntje. Het konijntje was heel snel en kon overal rennen. Het liep door het bos, door het veld en over een brug.

Toen kwam het konijntje aan een rivier. De rivier was heel breed en heel diep. Het konijntje wilde de overkant bereiken, maar het wist niet hoe.

Een vriendelijke eend kwam aan het water. ""Hoe kan ik de andere kant bereiken?"" vroeg het konijntje aan de eend.

""Ik kan je naar de andere kant brengen,"" zei de eend. Het konijntje klom op de rug van de eend en de eend zwom naar de andere kant.

Toen waren ze aan de overkant. Het konijntje was heel blij en bedankte de eend met een knuffel. De eend was ook blij en vroeg het konijntje om een andere keer te komen spelen. Het konijntje beloofde dat te doen en ging vervolgens op een eitje zitten."
meta-llama/llama-3.1-8b-instruct,"
Je bent een verteller van een kort verhaal (rond de 200 woorden).
Gebruik alleen hele simpele woorden die een 3-jarig kind kan begrijpen.
Geef het verhaal geen titel of introductie.
",Vertel een verhaal.,"Er was eens een klein konijn. Hij had een prachtig witte staart. Het konijn heette Koen.

Koen woonde in een klein hok. Hij had veel speelgoed. Hij had een bal. Hij had een kasteel. Hij had een autootje.

Maar Koen wilde iets leuks doen. Hij wilde naar buiten gaan. Hij wilde in de zon spelen. Hij wilde in het groen rennen.

Koen rende door het gras. Hij sprong over een steen. Hij vond een bloem. De bloem was rood. De bloem was mooi.

Koen was blij. Hij had een leuke dag. Hij keek naar de wolken. Hij voelde de zon op zijn rug. Koen was heel gelukkig.

Koen ging terug naar zijn hok. Hij sliep een beetje. Hij droomde van zijn leuke dag. Koen was een gelukkig konijn. Hij sloot zijn ogen en sliep rustig."
meta-llama/llama-3.1-8b-instruct,"
Je bent een verteller van een kort verhaal (rond de 200 woorden).
Gebruik alleen hele simpele woorden die een 3-jarig kind kan begrijpen.
Geef het verhaal geen titel of introductie.
",Vertel een verhaal.,"Er was eens een klein konijn. Het konijn heette Kip. Kip woonde in een klein hokje in de tuin. In de tuin groeiden veel bloemen en groenten.

Een dag besloot Kip om een avontuur te maken. Hij sloot zijn ogen en sprong over een kleine beek. Daarna liep hij door het veld naar een grote boom.

Boven in de boom zat een kat. De kat was groen omdat hij een groene deken om had. Kip vroeg aan de kat: ""Kun je me helpen?""

De kat antwoordde: ""Ja, ik kan je helpen!"" Hij wees naar boven. Kip keek omhoog en zag een appel op een tak. De kat zei: ""Ga maar op het appeltak zitten.""

Kip ging op de appel zitten en viel in de beek. Hij zwom naar de kant en zei: ""Dank je wel!"" De kat lachte en zei: ""Ga maar weer naar huis, Kip!"" Kip liep terug naar zijn hokje en sliep met een glimlach op zijn gezicht."
meta-llama/llama-3.1-8b-instruct,"
Je bent een verteller van een kort verhaal (rond de 200 woorden).
Gebruik alleen hele simpele woorden die een 3-jarig kind kan begrijpen.
Geef het verhaal geen titel of introductie.
",Vertel een verhaal.,"Er woonde een hond genaamd Max. Max was een leuk hondje. Hij was grijs en had een lange staart.

Max woonde bij een meisje genaamd Sophie. Sophie gaf Max veel aandacht. Max hield van Sophie.

Een dag wilde Sophie gaan wandelen met Max. Ze namen hun schoenen aan en gingen de deur uit. Ze liepen door de straat, langs de bushalte en naar het park.

In het park speelde Sophie met Max. Ze gooide een bal en Max moest hem ophalen. Max was supersnel en ophaalde de bal snel.

Sophie lachte en gaf Max een knuffel. Max was blij en kwam dichter naar Sophie toe. Ze liepen door het park en genoten van de dag.

Na een tijdje gingen ze weer naar huis. Sophie gaf Max een koekje en hij at het op. Max was tevreden en lag naast Sophie op de bank."
meta-llama/llama-3.1-8b-instruct,"
Je bent een verteller van een kort verhaal (rond de 200 woorden).
Gebruik alleen hele simpele woorden die een 3-jarig kind kan begrijpen.
Geef het verhaal geen titel of introductie.
",Vertel een verhaal.,"Er woonde een klein konijn in een zonnig veld. Hij heette Koen. Koen was erg lief en had een wollige staart. Hij hield van zonnebloemen.

Elke dag ging Koen naar het veld om zonnebloemen te eten. Hij likte de zachte bloemen en voelde zich gelukkig.

Een dag ontmoette Koen een vriendelijke vogel. De vogel heette Piet. Piet had mooie vleugels en kon vliegen.

Piet en Koen werden goede vrienden. Piet vloog boven het veld en Koen liep eronder. Zij speelden samen en hadden een fantastische tijd.

Op een dag vond Piet een prachtige, grote zonnebloem. Hij vloog terug naar Koen en zei: ""Koen, kom en zie dit!"" Koen liep naar de bloem en voelde zich gelukkig. Ze aten samen de zonnebloem en waren heel blij.

Piet en Koen waren altijd samen en hadden een mooi leven in het zonnige veld."
meta-llama/llama-3.1-8b-instruct,"
Je bent een verteller van een kort verhaal (rond de 200 woorden).
Gebruik alleen hele simpele woorden die een 3-jarig kind kan begrijpen.
Geef het verhaal geen titel of introductie.
",Vertel een verhaal.,"Er was eens een klein konijntje. Het konijntje had een mooie bos haar. Het konijntje ging naar de boom. De boom was heel groot. Het konijntje wilde niets met de boom te maken hebben. Het konijntje ging naar de koe.

De koe was heel vrolijk. De koe kwam naar het konijntje toe. Het konijntje en de koe werden vrienden. Ze gingen samen naar de beek. In de beek zwom een vis.

De vis was heel snel. De vis kwam naar het konijntje en de koe toe. Het konijntje en de koe waren blij. Ze gingen met de vis naar de zon. De zon was heel warm.

De zon maakte het konijntje, de koe en de vis heel vrolijk. Ze speelden samen in de zon. Het was een heerlijke dag voor het konijntje, de koe en de vis. Toen werd het donker en ging de zon onder."
meta-llama/llama-3.1-8b-instruct,"
Je bent een verteller van een kort verhaal (rond de 200 woorden).
Gebruik alleen hele simpele woorden die een 3-jarig kind kan begrijpen.
Geef het verhaal geen titel of introductie.
",Vertel een verhaal.,"Er was een klein jongetje. Het heette Max. Max woonde bij zijn moeder en vader in een klein huis. Zij hadden een hond. De hond heette Bella.

Max en Bella waren beste vrienden. Ze speelden samen in de tuin. Max gooide een bal voor Bella. Bella holde naar hem toe en ving de bal.

Toen was het tijd voor het eten. Max ging naar binnen. Zijn moeder had een heerlijke maaltijd gemaakt. Er warenkippen, aardappelen en groenten.

Max ging zitten en at met zijn vader en Bella. Max was heel blij. Na het eten stapte Max met Bella de tuin in. Ze speelden nog even en dan ging Max naar bed.

Toen hij in bed lag, dacht Max aan Bella. Hij vond haar heel lief. Bella lag naast zijn bed en sliep. Max glimlachte en viel in slaap met Bella naast hem."
meta-llama/llama-3.1-8b-instruct,"
Je bent een verteller van een kort verhaal (rond de 200 woorden).
Gebruik alleen hele simpele woorden die een 3-jarig kind kan begrijpen.
Geef het verhaal geen titel of introductie.
",Vertel een verhaal.,"Er was eens een kleine vogel. Die vogel heette Pietje. Pietje woonde in een klein nest op een boom.

Pietje vloog naar buiten en zag een schitterend glanzend meer. Hij zag veel mooie vissen in het water. Pietje wilde ook een vis vangen.

Hij vloog laag over het water en zocht naar visjes. Toen hij een lekkere vis zag, dook hij neer en probeerde hem te vangen.

Maar de vis was te snel. Hij zwom weg. Pietje vloog omhoog en dacht: ""Wat doe ik hier? Ik ben een vogel en ik moet eten!""

Pietje vloog naar een boom waar veel zaden lagen. Hij at zijn lunch. Daarna vloog hij weer weg om te kijken of hij nog een vis kon vangen.

Toen hij terugkwam, ving hij een kleine vis! Hij was zo blij! Pietje wist dat hij een goede vogel was en dat hij zijn avondeten had gevonden."
meta-llama/llama-3.1-8b-instruct,"
Je bent een verteller van een kort verhaal (rond de 200 woorden).
Gebruik alleen hele simpele woorden die een 3-jarig kind kan begrijpen.
Geef het verhaal geen titel of introductie.
",Vertel een verhaal.,"Er was eens een kleine mandarijnboom. De mandarijnboom groeide op een kleine plek in een tuin. De mandarijnboom moest vaak water drinken om groen te blijven.

Een dag kwam er een sterk wind. De mandarijnboom maakte zich zorgen. De wind werd steeds sterker en de mandarijnboom begon te wankelen.

Net op tijd hield de wind op. De mandarijnboom was heel blij dat hij nog steeds rechtop stond. Hij stelde zich tevreden over zijn plek in de tuin.

Een kleine vogel vloog in de tuin. De vogel vond een mandarijn op de grond. De vogel at de mandarijn op. De mandarijnboom was blij dat de vogel zijn appel at. De vogel was blij met de smaak van de mandarijn."
meta-llama/llama-3.1-8b-instruct,"
Je bent een verteller van een kort verhaal (rond de 200 woorden).
Gebruik alleen hele simpele woorden die een 3-jarig kind kan begrijpen.
Geef het verhaal geen titel of introductie.
",Vertel een verhaal.,"Een kleine jongen heette Tim. Hij had een hond genaamd Max. Max was een vriendelijke hond. Tim en Max gingen vaak wandelen in de bos. 

Een keer zagen ze een vogel. De vogel had een prachtig groen verenpak. Hij vloog met open vleugels. Tim en Max vielen de vogel in de armen. Ze hielden hem aan voor een poosje. 

De vogel was niet bang. Hij kwetterde vriendelijk. Tim en Max lachten. Ze waren blij met de vogel. Toen de vogel wilde vliegen, lieten Tim en Max hem gaan. 

De vogel vloog weg. Hij keek nog even terug naar Tim en Max. Ze wensten hem goede vlucht. Dan ging hij verder vliegen."
meta-llama/llama-3.1-8b-instruct,"
Je bent een verteller van een kort verhaal (rond de 200 woorden).
Gebruik alleen hele simpele woorden die een 3-jarig kind kan begrijpen.
Geef het verhaal geen titel of introductie.
",Vertel een verhaal.,"Er was eens een kleintje met een hondje. Het hondje heette Buddy. Buddy was een leuk hondje. Hij was bruin en had grote oren.

Het kleintje en Buddy gingen spelen in de tuin. Het kleintje gooide een bal in de lucht. Buddy keek omhoog en zag de bal. Hij rende ernaartoe en ving de bal op.

Het kleintje was heel blij. ""Buddy, je bent zo snel!"" zei het kleintje. Buddy blafte blij en sprong om het kleintje heen.

Er waren ook vogeltjes in de tuin. Ze zongen een leuk liedje. Het kleintje en Buddy zongen mee. Ze waren heel blij.

Toen ging het kleintje en Buddy naar binnen. Het kleintje gaf Buddy een knuffel. ""Dank je wel, Buddy"", zei het kleintje. Buddy blafte lief en ging slapen."
meta-llama/llama-3.1-8b-instruct,"
Je bent een verteller van een kort verhaal (rond de 200 woorden).
Gebruik alleen hele simpele woorden die een 3-jarig kind kan begrijpen.
Geef het verhaal geen titel of introductie.
",Vertel een verhaal.,"Er woonde een klein konijn. Hij heette Benny. Benny woonde in een prachtig groen bos.
Benny hield van knuffelen. Hij had een vriendinnetje. Ze heette Lily.
Lily was een lief beertje. Ze was blond en rood. Ze hield van dansen.
Benny en Lily waren ergens anders. Ze waren in een mooie tuin. Er stonden bloemen. Benny en Lily wilden een plekje vinden.
Ze vonden een kluisje. Daar mochten ze niet in. Maar er stond een bordje. ""Vrienden toegestaan.""
Benny en Lily waren gelukkig. Ze durfden naar binnen. En ja hoor! Daar zat een kastje vol snoepjes. Benny en Lily konden niet geloven hun ogen. Ze namen een snoepje.
Ze vonden een mooie schommelstang. Ze schommelden heel hoog. Benny en Lily waren zo gelukkig. Ze waren heerlijk vrienden."
meta-llama/llama-3.1-8b-instruct,"
Je bent een verteller van een kort verhaal (rond de 200 woorden).
Gebruik alleen hele simpele woorden die een 3-jarig kind kan begrijpen.
Geef het verhaal geen titel of introductie.
",Vertel een verhaal.,"Er was eens een klein konijn. Het konijn was vriendelijk en wilde graag spelen. Het konijn zocht een vriend om mee te spelen.

Op een dag zag het konijn een mooie roze bloem. Het konijn was nieuwsgierig en wilde er graag bij. Toen het konijn dichterbij kwam, zag het een schattig meeuwje zitten op de bloem.

Het meeuwje was bang en vloog weg. Maar toen het meeuwje terugkwam, was het konijn stil en keek het naar het meeuwje. Het meeuwje was niet bang meer en begon te spelen met het konijn.

Samen speelden het konijn en het meeuwje. Ze renden en vlogen samen door het veld. Ze waren vriendschapsgenoten en speelden samen tot het donker werd. Toen gingen ze naar huis om te slapen en kwamen de volgende dag weer terug om te spelen."
meta-llama/llama-3.1-8b-instruct,"
Je bent een verteller van een kort verhaal (rond de 200 woorden).
Gebruik alleen hele simpele woorden die een 3-jarig kind kan begrijpen.
Geef het verhaal geen titel of introductie.
",Vertel een verhaal.,"Een vos had een klein vriendje, een hondje. Ze speelden samen in het bos. Ze renden en sprongen door de bladeren.

Het hondje vond een leuke steen. Het hondje gooide de steen naar de vos. De vos ving de steen en gaf hem terug.

Ze speelden zo lang dat ze moe werden. Ze gingen zitten op een grote boomstam. Het hondje zei: ""Ik ben moe.""

De vos zei: ""Ik ben ook moe."" Ze vielen in slaap.

Wanneer ze wakker werden, was het donker geworden. De maan scheen in de lucht. Ze gingen naar huis.

Ze liepen hand in poot. Het hondje en de vos waren blij om samen te zijn. Ze zouden nog veel leuke dingen doen samen."
meta-llama/llama-3.1-8b-instruct,"
Je bent een verteller van een kort verhaal (rond de 200 woorden).
Gebruik alleen hele simpele woorden die een 3-jarig kind kan begrijpen.
Geef het verhaal geen titel of introductie.
",Vertel een verhaal.,"Er was eens een leuke hond genaamd Max. Hij was bruin en had een lange staart. Max woonde bij een meisje genaamd Sophie.

Sophie en Max gingen vaak naar het park. Daar speelden ze met de andere kinderen. Max kon hard rennen en Sophie kon hem goed volgen.

Eén dag vond Sophie een bal in het park. Ze gaf de bal aan Max en zei: ""Ga maar op! Sla de bal!"" Max pakte de bal in zijn bek en begon te rennen.

Hij rende zo snel dat hij bijna niet meer bij te houden was. Sophie glimlachte en zei: ""Wauw, Max! Je bent zo snel!""

Toen Max terugkwam, gaf Sophie hem een knuffel. ""Dank je wel, Max!"" zei ze. Max blafte gelukkig en kreeg een koekje van Sophie.

Max was een goed hond en Sophie was zijn beste vriend. Zij hadden veel leuke dagen samen en Max was altijd blij om bij Sophie te kunnen zijn."
meta-llama/llama-3.1-8b-instruct,"
Je bent een verteller van een kort verhaal (rond de 200 woorden).
Gebruik alleen hele simpele woorden die een 3-jarig kind kan begrijpen.
Geef het verhaal geen titel of introductie.
",Vertel een verhaal.,"Er woonde een jongetje genaamd Max. Hij had een hondje genaamd Bella. Max en Bella waren beste vrienden.

Een dag ging Max naar de winkel met zijn vader. Ze kochten een grote bak ijs. Max was zo blij!

Toen hij thuiskwam, gaf hij Bella een hap ijs. Bella likte het ijs snel op. Maar Bella begon plotseling te klagen. Ze had een koude buik!

Max zei: ""Oh nee! Bella heeft een koude buik!"" Max nam Bella naar de dokter. De dokter zei: ""Ik ga Bella een warme maaltijd geven.""

De dokter gaf Bella een warme maaltijd. Bella voelde zich weer beter. Max was zo blij dat Bella weer gezond was.

Vanaf die dag gaf Max Bella geen ijs meer. Hij gaf haar voedsel dat goed voor haar was. Max en Bella waren nog steeds beste vrienden."
meta-llama/llama-3.1-8b-instruct,"
Je bent een verteller van een kort verhaal (rond de 200 woorden).
Gebruik alleen hele simpele woorden die een 3-jarig kind kan begrijpen.
Geef het verhaal geen titel of introductie.
",Vertel een verhaal.,"Er was een klein konijntje. Het konijntje heette Kiki. Kiki had een mooie roze vacht en grote oren.

Kiki woonde in een leuk holletje in een groen veld. Daar was veel ruimte om te rennen en te spelen.

Een dag ging Kiki op avontuur. Ze liep over het veld en kwam een riviertje tegen. Ze wilde graag over de rivier.

Kiki zocht naar een manier om over de rivier te gaan. Ze vond een tak die breed genoeg was om over te stappen.

Kiki sprong op de tak en liep naar de andere kant. Daar vond ze een prachtig bloemenveld. Ze at de bloemen en danste in het zonnetje.

Kiki had veel lol en was blij dat ze over de rivier was gestapt. Ze ging terug naar haar holletje en sliep veel.

De volgende dag ging Kiki weer op avontuur. Ze vond een nieuwe plek om te spelen en maakte nieuwe vrienden.

Kiki was een leuk konijntje dat veel leuke dingen deed."
meta-llama/llama-3.1-8b-instruct,"
Je bent een verteller van een kort verhaal (rond de 200 woorden).
Gebruik alleen hele simpele woorden die een 3-jarig kind kan begrijpen.
Geef het verhaal geen titel of introductie.
",Vertel een verhaal.,"Er was een klein paardje. Het paardje heette Timmy. Timmy was rood met een witte vlek op zijn snuit.

Timmy woonde bij een vriendje. Zijn vriendje was een jonge man genaamd Sjaak. Sjaak gaf Timmy veel melk en brood.

Een dag ging Sjaak met Timmy naar het bos. In het bos was een mooi meer. Timmy zag een schone waterdanseres in het meer. Ze heette Lisette.

Lisette leek heel erg te genieten van haar dansen. Timmy vond het ook leuk om te kijken. Hij liet Sjaak hem losmaken en ging naar Lisette toe.

Lisette danste met Timmy. Ze sprongen en renden langs het meer. Sjaak lachte hard van plezier.

Na een tijdje ging Sjaak en Timmy terug naar huis. Lisette bleef dansen in het meer. Timmy vertrok met Sjaak. Hij was moe maar heel tevreden. Sjaak gaf hem een dikke knuffel."
meta-llama/llama-3.1-8b-instruct,"
Je bent een verteller van een kort verhaal (rond de 200 woorden).
Gebruik alleen hele simpele woorden die een 3-jarig kind kan begrijpen.
Geef het verhaal geen titel of introductie.
",Vertel een verhaal.,"Een kleine hond heette Max. Max was een rood teken. Hij had een rood baasje. Het rood baasje heette Lieve. Lieve had een rode jas aan.

Max en Lieve gingen naar het park. Het was een prachtig zonnig dag. Max hield van het park. Er waren veel ballen in het park. Max hield van ballen. Max ging naar een bal.

Max pakte de bal. Lieve riep: ""Max, goede hond!"" Max rende naar Lieve. Lieve gaf Max een knuffel. Max viel neer. Max sliep. Lieve ging zitten. Lieve keek naar Max.

Max werd wakker. Max stond op. Max ging naar Lieve. Lieve gaf Max een snoepje. Max was blij. Max en Lieve gingen naar huis. Max sliep weer. Lieve lachte."
meta-llama/llama-3.1-8b-instruct,"
Je bent een verteller van een kort verhaal (rond de 200 woorden).
Gebruik alleen hele simpele woorden die een 3-jarig kind kan begrijpen.
Geef het verhaal geen titel of introductie.
",Vertel een verhaal.,"Er woonde een schattige haas. Hij heette Benny. Benny had een huisje in een prachtig veld, vol bloemen.

Benny hield van eten. Hij eten bladeren, wortels en knollen. Op een dag vond hij een lekker schoteltje groente. Hij at zo snel mogelijk.

Na het eten ging Benny naar de beek. Hij viel in het water. Benny kon niet zwemmen. Hij begon te trappelen.

Een vriendelijke eend kwam naar hem toe. ""Hulp, hulp!"" riep Benny. De eend zei: ""Ik kan je redden!""

De eend tilde Benny op en zwom terug naar de oever. Benny zei: ""Dank je wel! Ik zal nooit meer in de beek springen.""

Benny ging terug naar zijn huisje. Hij was heel blij dat hij een vriend had. Vanaf toen ging hij nooit meer alleen in het veld. De eend bleef altijd bij hem."
meta-llama/llama-3.1-8b-instruct,"
Je bent een verteller van een kort verhaal (rond de 200 woorden).
Gebruik alleen hele simpele woorden die een 3-jarig kind kan begrijpen.
Geef het verhaal geen titel of introductie.
",Vertel een verhaal.,"Er was eens een klein konijn. Hij was heel bang. Hij was bang voor de honden en hij was bang voor de katten. Hij was bang voor alles.

Een dag besloot hij om naar de berg te gaan. Hij wilde eromheen lopen. Hij liep heel langzaam en hij keek overal om zich heen.

Toen hij boven kwam, zag hij een prachtig uitzicht. Hij zag een groot meer en hij zag bergen die heel hoog waren. Hij voelde zich niet bang meer.

Een vogel kwam naar hem toe en zei: ""Hallo, klein konijn. Waar kom je vandaan?"" Hij vertelde de vogel dat hij bang was. De vogel zei: ""Je bent niet bang meer. Je bent nu op de berg.""

De konijn voelde zich gelukkig. Hij bleef op de berg en hij keek naar het uitzicht. Hij voelde zich niet bang meer. Hij was nu een sterk konijn."
meta-llama/llama-3.1-8b-instruct,"
Je bent een verteller van een kort verhaal (rond de 200 woorden).
Gebruik alleen hele simpele woorden die een 3-jarig kind kan begrijpen.
Geef het verhaal geen titel of introductie.
",Vertel een verhaal.,"Er was eens een klein konijntje. Het konijntje woonde in een grote tuin. De tuin was vol met zoete bloemen.

Een dag zei het konijntje: ""Ik wil een bloem plukken!"" Het konijntje liep naar de bloemen. Het zag een grote, zoete roos. ""Ah, die is mooi!"" zei het konijntje.

Maar toen het konijntje de roos wilde plukken, kwam een grote beer. De beer zei: ""Waar ga je naartoe, klein konijntje?""

Het konijntje zei: ""Ik wil een bloem plukken."" De beer zei: ""Mag ik ook een bloem plukken?""

Het konijntje zei: ""Ja, mag je dat."" De beer en het konijntje plukten samen een bloem. Ze gaven de bloem aan de koningin.

De koningin was heel blij. Ze zei: ""Dank je wel, klein konijntje en grote beer! U hebt een mooi cadeau gebracht.""

Het konijntje en de beer werden vrienden. Ze gingen vaak naar de tuin om bloemen te plukken."
meta-llama/llama-3.1-8b-instruct,"
Je bent een verteller van een kort verhaal (rond de 200 woorden).
Gebruik alleen hele simpele woorden die een 3-jarig kind kan begrijpen.
Geef het verhaal geen titel of introductie.
",Vertel een verhaal.,"Er was eens een klein konijn. Het konijn heette Benny. Benny had een rode neus en een witte staart. Hij was heel snel. Benny ging naar de bos. Hij zocht naar appels.

Benny vond een appelboom. De appelboom was vol met rode appels. Benny kauwde op een appel. De appel was zoet. Benny vond nog een appel. Hij kauwde er op.

Vervolgens kwam een grote beer. De beer was heel sterk. Benny was bang. De beer wilde Benny kussen. Benny vond dat niet leuk. Hij rende weg.

Benny vond een hol. Hij ging erin. De beer kwam niet in het hol. Benny was veilig. Hij sliep in het hol. Benny vond het hol leuk. Hij ging ermee naar huis. Benny was gelukkig. Hij at een appel. En hij sliep in zijn hol."
meta-llama/llama-3.1-8b-instruct,"
Je bent een verteller van een kort verhaal (rond de 200 woorden).
Gebruik alleen hele simpele woorden die een 3-jarig kind kan begrijpen.
Geef het verhaal geen titel of introductie.
",Vertel een verhaal.,"Er was eens een lieve konijn. Hij woonde in een prachtig bos met veel bloemen. De konijn hield van bloemen.

Een dag vond de konijn een klein vogeltje. Het vogeltje was gewond en kon niet vliegen. De konijn hielp het vogeltje en zorgde ervoor dat het beter werd.

Wanneer het vogeltje weer beter was, vroeg het de konijn om een gunst. ""Kun je me naar de andere kant van het bos brengen?"" vroeg het vogeltje.

De konijn zei ja en nam het vogeltje op zijn rug. Samen gingen ze naar de andere kant van het bos.

Toen ze aankwamen, zei het vogeltje dankjewel aan de konijn. Het vogeltje vloog vervolgens weg en liet de konijn alleen. De konijn ging terug naar zijn huis en sloeg zichzelf op de rug. Hij had een goed deed gedaan."
meta-llama/llama-3.1-8b-instruct,"
Je bent een verteller van een kort verhaal (rond de 200 woorden).
Gebruik alleen hele simpele woorden die een 3-jarig kind kan begrijpen.
Geef het verhaal geen titel of introductie.
",Vertel een verhaal.,"Er was eens een kleine leeuw. Hij heette Leo. Leo was nieuwsgierig. Hij wilde veel dingen ontdekken.

Een dag ging Leo naar het bos. Hij zocht naar een vriend. Hij vond een knaapje. Het knaapje heette Max.

Leo en Max speelden samen. Ze renden door het bos. Ze zochten naar bloemen en vruchten. Leo at een appel. Max at een banaan.

Toen werden ze moe. Ze gingen zitten. Leo zei: ""Max, ik ben blij dat ik je heb ontmoet."" Max zei: ""Ja, ik ben blij dat ik Leo heb ontmoet.""

Ze werden goede vrienden. Ze speelden samen elke dag. Leo en Max waren blij.

De zon begon te zakken. Leo en Max gingen naar huis. Ze gingen slapen. Zij waren blij dat ze elkaar hadden ontmoet."
meta-llama/llama-3.1-8b-instruct,"
Je bent een verteller van een kort verhaal (rond de 200 woorden).
Gebruik alleen hele simpele woorden die een 3-jarig kind kan begrijpen.
Geef het verhaal geen titel of introductie.
",Vertel een verhaal.,"Er was eens een kleine zwanenmeisje. Het zwanenmeisje woonde bij een prachtig meer. Op het meer woonden zwanen die heel snel konden zwemmen. Het zwanenmeisje wilde ook heel snel kunnen zwemmen.

Een oude zwaan gaf het zwanenmeisje advies. 'Ren zo snel mogelijk richting het meer', zei de oude zwaan. 'En als je in het water springt, kun je heel snel zwemmen worden.'

Het zwanenmeisje deed wat de oude zwaan zei. Het zwanenmeisje rende heel snel richting het meer. Toen het zwanenmeisje in het water sprong, voelde het een sterke wind in zijn veren.

Het zwanenmeisje begon meteen te zwemmen. Het zwanenmeisje zwom zo snel dat alle andere zwanen verbaasd waren. Nu kon het zwanenmeisje een van de snelste zwanen van het meer zijn.

Het zwanenmeisje was heel blij en dankte de oude zwaan voor zijn goede raad. Vanaf die dag was het zwanenmeisje een sterke en snelle zwaan."
meta-llama/llama-3.1-8b-instruct,"
Je bent een verteller van een kort verhaal (rond de 200 woorden).
Gebruik alleen hele simpele woorden die een 3-jarig kind kan begrijpen.
Geef het verhaal geen titel of introductie.
",Vertel een verhaal.,"Er was eens een kleintje. Het kleintje heette Timmy. Timmy had een hondje. Het hondje heette Max. Max was een witte hond. Hij was heel snel.

Een dag ging Timmy met Max naar de speeltuin. Ze speelden op de trampoline. Max sprong hoog. Hij viel niet. Timmy lachte.

Nadat ze op de trampoline waren geweest, gingen ze op de bank zitten. Op de bank was een basketbal. Max wou een balletje gooien. Timmy liet hem. Max gooide het balletje in de basket. Timmy was trots op Max.

Toen ging Timmy met Max naar huis. Timmy was blij met Max. Max was zijn beste vriend. Max bleef bij Timmy slapen. In de nacht sliep Max naast Timmy.

De volgende dag ging Timmy met Max opnieuw op avontuur. Ze gingen naar de park. In het park was een grote poel. Max ging drinken. Timmy lachte. Hij was blij met Max."
meta-llama/llama-3.1-8b-instruct,"
Je bent een verteller van een kort verhaal (rond de 200 woorden).
Gebruik alleen hele simpele woorden die een 3-jarig kind kan begrijpen.
Geef het verhaal geen titel of introductie.
",Vertel een verhaal.,"Er was eens een klein hondje. Hij heette Max. Max was een leuk hondje met een zwart en witte vacht. Hij had een lange staart die hij graag waggelde.

Max woonde bij een meisje genaamd Emma. Emma was een lief meisje met rood haar. Ze gaf Max veel liefde en aandacht.

Een dag ging Max op stap met Emma. Ze liepen door het park en zagen veel leuke dingen. Ze zagen vogels die vlogen en kinderen die speelden.

Toen ze thuiskwamen, gaf Emma Max een knuffel. Max ademde diep in en uit en liet zijn staart waggelen van vreugde. Hij hield van Emma en Emma hield van Max.

Max en Emma waren een leuk duo. Ze deden veel leuke dingen samen en Max was altijd blij als hij bij Emma was. En Emma was blij als Max bij haar was."
meta-llama/llama-3.1-8b-instruct,"
Je bent een verteller van een kort verhaal (rond de 200 woorden).
Gebruik alleen hele simpele woorden die een 3-jarig kind kan begrijpen.
Geef het verhaal geen titel of introductie.
",Vertel een verhaal.,"Er was eens een hondje. Hij heette Max. Max was een leuk hondje. Hij had een rood vestje aan.

Max ging naar de park. Hij speelde met zijn vrienden. Ze renden en sprongen. Max was heel snel.

In het park was ook een meer. Max ging naar het meer. Hij zag een bootje. De bootje was wit en rood.

Een meisje stapte in het bootje. Ze zei: ""Kom mee, Max!"" Max sprong in het bootje. Ze gingen op de boot. De zon scheen.

Ze varen op het meer. Ze zagen vogels. Ze zagen vissen. Max was gelukkig.

Toen kwamen ze aan de overkant. Ze stapten uit het bootje. Max ging terug naar huis. Hij was moe maar gelukkig. Hij sliep snel. Max had een leuke dag gehad."
meta-llama/llama-3.1-8b-instruct,"
Je bent een verteller van een kort verhaal (rond de 200 woorden).
Gebruik alleen hele simpele woorden die een 3-jarig kind kan begrijpen.
Geef het verhaal geen titel of introductie.
",Vertel een verhaal.,"Er was eens een kleine koning. Hij woonde in een mooi paleis met zijn vrouw en zijn kinderen. Hij had een mooie hond en een mooie kat. Hij had ook een mooi paard.

De koning hield van de zon en ging vaak naar buiten om te spelen. Hij speelde met zijn hond en kat en reed op zijn paard.

Een dag kwam er een grote storm. De wind was sterk en de regen viel hard. De koning wilde naar binnen gaan, maar zijn hond en kat wilden buiten blijven.

De koning zei: ""Kom binnen, jullie! Het is te koud en te donker buiten."" Maar zijn hond en kat bleven buiten. De koning was bang dat ze zouden verdwalen, dus hij ging naar buiten om ze te zoeken.

Toen hij hen vond, voelde hij de regen en de wind. Hij zei: ""Ik ben blij dat ik jullie heb gevonden! Kom met me mee naar binnen."" Zijn hond en kat kwamen snel naar binnen. Ze waren blij om droog te zijn en warm te worden. De koning was blij dat zijn hond en kat veilig waren."
meta-llama/llama-3.1-8b-instruct,"
Je bent een verteller van een kort verhaal (rond de 200 woorden).
Gebruik alleen hele simpele woorden die een 3-jarig kind kan begrijpen.
Geef het verhaal geen titel of introductie.
",Vertel een verhaal.,"In een klein dorpje woonde een meisje genaamd Rosa. Rosa had een hondje genaamd Max. Max was een leuk hondje dat veel liep.

Een keer liep Rosa naar de stad. Max ging mee. In de stad kwamen ze een klein kindje tegen. Dat kindje heette Leo. Leo had een bal.

Rosa vroeg Leo: ""Wil je met mij spelen?"" Leo zei: ""Ja!"" Rosa en Leo speelden samen. Max liep om hen heen.

Toen speelden ze een beetje te hard. De bal ging in een put. Rosa zei: ""Oh no! Daar zit de bal!"" Leo zei: ""Maar ik heb geen sleutel!"" Rosa zei: ""Ik heb een idee!""

Rosa ging naar huis en haalde een touw. Ze gooide het touw in de put. Max kon het touw pakken en Leo kon er gemakkelijk mee omhoog. De bal kwam eruit! Leo was super blij. Rosa en Max waren blij dat ze hem hadden geholpen.

Nu spelen Rosa, Leo en Max samen heel vaak. Ze hebben veel plezier samen."
meta-llama/llama-3.1-8b-instruct,"
Je bent een verteller van een kort verhaal (rond de 200 woorden).
Gebruik alleen hele simpele woorden die een 3-jarig kind kan begrijpen.
Geef het verhaal geen titel of introductie.
",Vertel een verhaal.,"Er was eens een klein konijn. Het konijn heette Kiki. Kiki woonde in een holletje in de grond. Het holletje was klein en donker.

Kiki was bang in het holletje. Hij wilde naar buiten gaan. Hij wilde de zon zien en de bloemen ruiken.

Kiki liep naar buiten. Hij zag een grote open vlakte. Er waren bloemen van alle kleuren. Kiki liep naar de bloemen toe. Hij rook de geur van de bloemen.

Kiki ontmoette een vriend. Zijn naam was Benny. Benny was een vogel. Hij had een mooi zangstemmetje.

Kiki en Benny speelden samen. Ze liepen over de vlakte. Ze zochten naar insecten om te eten. Kiki en Benny waren gelukkig.

Kiki ging terug naar zijn holletje. Hij was moe. Hij sliep met een glimlach op zijn gezicht. Hij wist dat hij een nieuwe vriend had gevonden."
meta-llama/llama-3.1-8b-instruct,"
Je bent een verteller van een kort verhaal (rond de 200 woorden).
Gebruik alleen hele simpele woorden die een 3-jarig kind kan begrijpen.
Geef het verhaal geen titel of introductie.
",Vertel een verhaal.,"Er woonde een klein hondje. Het hondje was wit en had een rood stropdas. Het hondje heette Max.

Max was een leuk hondje. Hij speelde graag met zijn vriendjes op straat. Max kon hard rennen en springen.

Een dag ging Max naar de park. Hij speelde met een bal en een houten schommel. Max was zo blij dat hij lachte.

Toen zag Max een kleine kat. De kat was bruin en had groene ogen. Max wilde niet vechten met de kat. Max wilde juist spelen.

Max en de kat speelden samen op de schommel. Ze schommelden zo hoog op en neer. Max en de kat lachten en keken naar de wolken.

Na een tijdje ging Max naar huis. Max was moe maar hij was blij. Hij had zijn nieuwe vriendje ontmoet en had veel plezier. Max ging slapen met een glimlach op zijn gezicht."
meta-llama/llama-3.1-8b-instruct,"
Je bent een verteller van een kort verhaal (rond de 200 woorden).
Gebruik alleen hele simpele woorden die een 3-jarig kind kan begrijpen.
Geef het verhaal geen titel of introductie.
",Vertel een verhaal.,"Er was eens een klein konijntje. Het konijntje had een mooie rode staart. Het konijntje woonde in een groene weide. 

In de weide groeiden veel bloemen. De bloemen waren rood, geel en blauw. Het konijntje vond de bloemen zo leuk. Het konijntje wilde ze graag zien. 

Het konijntje liep door de weide. Het konijntje zag veel dieren. Er waren vogels, honden en katten. Het konijntje vroeg ze: ""Hallo, wie ben jij?"" 

De vogels zeiden: ""Ik ben een vogel. Ik vlieg."" De honden zeiden: ""Ik ben een hond. Ik loop."" De katten zeiden: ""Ik ben een kat. Ik kruipt."" 

Het konijntje vond het leuk. Het konijntje ging terug naar zijn hol. Het konijntje sliep. Het konijntje had een fijne dag gehad. 

De volgende dag ging het konijntje weer naar de weide. Het konijntje speelde met de vogels, honden en katten. Het konijntje was gelukkig."
meta-llama/llama-3.1-8b-instruct,"
Je bent een verteller van een kort verhaal (rond de 200 woorden).
Gebruik alleen hele simpele woorden die een 3-jarig kind kan begrijpen.
Geef het verhaal geen titel of introductie.
",Vertel een verhaal.,"Er was eens een klein konijn. Het konijn heette Benny. Benny woonde in een prachtig veld met bloemen.

Benny hield van eten. Hij at bladeren, bloemen en soms zelfs aardappels. Hij was heel slim en kon altijd vinden wat hij wilde eten.

Een dag besloot Benny om een feestje te geven in het veld. Hij nodigde alle dieren uit. Er kwamen vogels, honden, katten en zelfs een vis.

Benny had veel lekkers gemaakt. Er waren taartjes, koekjes en zelfs een grote salade. Alle dieren kwamen naar het feestje en aten veel.

Benny was heel blij dat hij zijn vrienden had uitgenodigd. Hij hield van feestjes en van zijn vrienden. Benny sliep die nacht met een grote glimlach op zijn gezicht. Hij wist dat hij heel gelukkig was.

De volgende dag ging Benny weer naar zijn werk. Hij zocht naar nieuwe bladeren en bloemen om te eten. Hij was weer heel blij om zijn vrienden te zien."
meta-llama/llama-3.1-8b-instruct,"
Je bent een verteller van een kort verhaal (rond de 200 woorden).
Gebruik alleen hele simpele woorden die een 3-jarig kind kan begrijpen.
Geef het verhaal geen titel of introductie.
",Vertel een verhaal.,"Een kleine vosje. Hij had een rood jacketje. Hij wou naar de rivier. Hij liep over de brug. Onder de brug was een klein poeltje water. Er zwom een visje in.

De vosje pakte een grote steen. Hij gooide de steen naar de visje. De visje schoot uit het water. Hij viel op het zand. De vosje pakte de visje. Hij nam de visje naar huis.

Zijn moeder was boos. ""Waar kom je vandaan?"" vroeg ze. De vosje zei: ""Ik ving een visje."" Zijn moeder zei: ""Dat mag niet. We eet geen visje."" De vosje had spijt. Hij gaf de visje aan zijn moeder. Hij ging naar zijn bed. Hij sliep."
meta-llama/llama-3.1-8b-instruct,"
Je bent een verteller van een kort verhaal (rond de 200 woorden).
Gebruik alleen hele simpele woorden die een 3-jarig kind kan begrijpen.
Geef het verhaal geen titel of introductie.
",Vertel een verhaal.,"Een kleine hond heette Max. Max was een kleine, blauwe hond met een rood borstje. Hij had een lange staart die hij altijd ophaalde wanneer hij enthousiast was.

Max had een beste vriend, een grote kat genaamd Koen. Koen was grijs en had fel groene ogen. Koen was rustig, maar hij hield van Max.

Een dag ging Max en Koen naar het park. Ze zagen een bal liggen. Max wou die bal hebben en keek naar Koen. Koen knikte met zijn hoofd. Max ging naar de bal en pakte hem op in zijn bek.

Max draaide rond en rond en rende naar Koen. Koen lachte en sloeg Max op zijn rug. Max was zo blij en hij gaf Koen een zoen op zijn neus.

Koen was blij en hij gaf Max een zoen terug. Toen waren Max en Koen zo blij dat ze samen de hele dag speelden."
meta-llama/llama-3.1-8b-instruct,"
Je bent een verteller van een kort verhaal (rond de 200 woorden).
Gebruik alleen hele simpele woorden die een 3-jarig kind kan begrijpen.
Geef het verhaal geen titel of introductie.
",Vertel een verhaal.,"Er was eens een hondje genaamd Max. Max was een leuk hondje met een witte vacht en een rood staart. Hij woonde bij een man genaamd Peter.

Peter had een kleine tuin waar Max kon spelen. Max hield van spelen en liep overal rond. Hij rende door de tuin, sprong over een hek en zocht naar zijn bal.

Maar toen zag Max een kleine vogeltje. Het vogeltje zat op een tak en zong een liedje. Max hoorde het liedje en werd nieuwsgierig. Hij liep dichterbij en zei ""Hallo, vogeltje!""

Het vogeltje keek Max aan en zei ""Hallo, hondje!"" Max en het vogeltje werden vrienden. Max ging naar het vogeltje toe en zei ""Wil je met me spelen?""

Het vogeltje lachte en zei ""Ja, ik wil met je spelen!"" En zo speelden Max en het vogeltje samen in de tuin."
meta-llama/llama-3.1-8b-instruct,"
Je bent een verteller van een kort verhaal (rond de 200 woorden).
Gebruik alleen hele simpele woorden die een 3-jarig kind kan begrijpen.
Geef het verhaal geen titel of introductie.
",Vertel een verhaal.,"Er was eens een hond. Zijn naam was Max. Max was heel lief. Hij had een vriend, een jongetje. Het jongetje heette Lucas.

Lucas en Max waren heel vaak samen. Ze gingen naar de park. Ze speelden met bal en speelden buiten.

Op een dag vond Lucas een ei. Hij gaf het aan Max. Max was heel blij. Hij droeg het ei in zijn bek.

Maar toen Max ging rennen, viel het ei op de grond. Het ei kwam in stukjes.

Lucas was verdrietig. Hij wilde niet dat het ei in stukjes was. Maar Max zei: ""Maak je niet druk, Lucas. We kunnen een nieuw ei vinden.""

Lucas glimlachte. Hij was blij dat Max zijn vriend was. Samen gingen ze op zoek naar een nieuw ei. En ze vonden er twee!"
meta-llama/llama-3.1-8b-instruct,"
Je bent een verteller van een kort verhaal (rond de 200 woorden).
Gebruik alleen hele simpele woorden die een 3-jarig kind kan begrijpen.
Geef het verhaal geen titel of introductie.
",Vertel een verhaal.,"Er woonde een kleine koningin. Ze had een hondje dat ze heel veel liefhad. Ze gaf het hondje een naam: Bella.

De kleinere koningin ging naar het bos. Ze nam Bella mee. In het bos was het heel mooi weer. De zon scheen en er waren bloemen.

Toen ze verder liep, kwam een klein vogeltje terecht in Bella's poot. Het vogeltje was heel bang.

De kleinere koningin deed haar schoenen uit. Ze haalde het vogeltje uit Bella's poot. Het vogeltje kon weer vliegen.

Het vogeltje vloog weg en kwam terug. Het vogeltje bracht een kleine bloem mee. De kleinere koningin legde de bloem in haar haar.

Ze ging naar huis. Ze nam Bella en het vogeltje mee. Ze aten een lekkere maaltijd samen.

De kleinere koningin was heel blij. Ze hield van Bella en het vogeltje. Ze gaf ze beiden een knuffel."
meta-llama/llama-3.1-8b-instruct,"
Je bent een verteller van een kort verhaal (rond de 200 woorden).
Gebruik alleen hele simpele woorden die een 3-jarig kind kan begrijpen.
Geef het verhaal geen titel of introductie.
",Vertel een verhaal.,"Er was een klein konijn. Hij was wit en had grote oren. Hij woonde in een prachtige tuin met bloemen en groene bladeren.

Eenmaal liep hij door de tuin en zag een mooie bloem. Hij pakte de bloem en wilde hem meenemen. Maar toen hij de bloem zag, bleek het een klein vogeltje te zijn.

Het vogeltje zei ""weet je wel, ik kan vliegen!"" En toen vloog het vogeltje weg.

Het konijn was verbaasd. Hij kon niet vliegen. Hij liep naar de vogel en zei ""weet je wat? Ik kan rennen!""

Toen liep hij zo snel mogelijk langs de vogel, die nog steeds boven hem vloog. Het konijn lachte en het vogeltje lachte ook.

Ze werden vrienden en speelden samen in de tuin. Ze liepen, renden en vlogen door de tuin. En het konijn en het vogeltje waren heel gelukkig."
meta-llama/llama-3.1-8b-instruct,"
Je bent een verteller van een kort verhaal (rond de 200 woorden).
Gebruik alleen hele simpele woorden die een 3-jarig kind kan begrijpen.
Geef het verhaal geen titel of introductie.
",Vertel een verhaal.,"Er woonde een klein konijn. Hij woonde in een mooi hok met gras en bloemen. Het konijn heette Benny.

Benny was heel blij en speelde elke dag buiten. Hij rende heel snel en kwam nooit te laat.

Op een dag zag Benny een lekkere appel liggen. Hij liep erheen en pakte hem snel op. Maar dan hoorde hij een stem zeggen: ""Hallo, wie is dat?""

Benny keek om en zag een vriendelijk kip. De kip zei: ""Ik ben Klara. Ik ben hier om te helpen.""

Benny en Klara werden goede vrienden. Ze speelden samen en aten samen. Klara had veel lekkere dingen die Benny nog niet had.

Nu zijn Benny en Klara elke dag samen. Ze hebben veel plezier en zijn heel gelukkig."
meta-llama/llama-3.1-8b-instruct,"
Je bent een verteller van een kort verhaal (rond de 200 woorden).
Gebruik alleen hele simpele woorden die een 3-jarig kind kan begrijpen.
Geef het verhaal geen titel of introductie.
",Vertel een verhaal.,"Er was eens een klein hondje. Het hondje heette Max. Max was heel lief en hij had een dikke vacht.

Een dag ging Max met zijn vrienden spelen. Ze speelden bij een meer. Max zag een stok in het water liggen. Hij wilde de stok zien.

Max liep naar het water en ging erin. Hij zwom naar de stok. Toen hij hem had, zwom hij terug naar de kant.

Hij kwam aan de kant en bleef liggen. Hij was moe. Zijn vrienden kwamen naar hem toe.

""Max, hoe ging het?"" vroegen ze.

""Goed,"" zei Max. ""Ik heb de stok gevonden.""

Zijn vrienden waren trots op Max. Ze zeiden: ""Je bent een goed zwemmer!""

Max glimlachte. Hij was trots op zichzelf. Hij had de stok gevonden en hij had het water niet gevreesd.

Van dat moment af aan was Max de beste zwemmer in de buurt. En hij had een mooie stok om aan te zwaaien."
meta-llama/llama-3.1-8b-instruct,"
Je bent een verteller van een kort verhaal (rond de 200 woorden).
Gebruik alleen hele simpele woorden die een 3-jarig kind kan begrijpen.
Geef het verhaal geen titel of introductie.
",Vertel een verhaal.,"Er leefde een kleine haan. Hij had een grote kop en een lichtblauwe snavel. De haan woonde in een klein huisje met zijn vriendin, een liefdevolle haan.

De haan hield van dansen. Hij danste graag rond in het weiland. Zijn vriendin danste met hem mee. Samen zongen ze een mooi liedje.

Een dag kwam een sterkere haan. Hij was groter dan de kleine haan en had een donkere snavel. De sterkere haan wilde niet dat de kleine haan danste. Hij zei dat de kleine haan te klein was.

Maar de kleine haan wilde niet opgeven. Hij dansde nog steeds met zijn vriendin. De sterkere haan was heel boos. Maar de kleine haan was niet bang. Hij danste nog steeds en zong een mooi liedje. De kleine haan was de sterkste haan van allemaal. Hij had een sterk hart en een mooi liedje."
meta-llama/llama-3.1-8b-instruct,"
Je bent een verteller van een kort verhaal (rond de 200 woorden).
Gebruik alleen hele simpele woorden die een 3-jarig kind kan begrijpen.
Geef het verhaal geen titel of introductie.
",Vertel een verhaal.,"Er was eens een klein konijntje. Het konijntje had lange oren en een witte staart. Het woonde in een groene weide.

Het konijntje was heel lief en spelde graag. Het wilde altijd nieuwe dingen zien. Een dag besloot het konijntje om naar het bos te gaan.

Toen het konijntje in het bos was, zag het een mooie bloem. De bloem was rood en mooi. Het konijntje wilde de bloem plukken. Maar toen het de bloem pakte, kwam er een wespe uit.

De wespe was boos en vloog naar het konijntje. Het konijntje was bang en rende snel weg. Het rende lang en kwam uiteindelijk terug naar de weide.

Hetzelfde konijntje was mooi en veilig. Het had niet meer met de wespe te maken. Vanaf nu bleef het konijntje in de weide en speelde niet meer in het bos."
meta-llama/llama-3.1-8b-instruct,"
Je bent een verteller van een kort verhaal (rond de 200 woorden).
Gebruik alleen hele simpele woorden die een 3-jarig kind kan begrijpen.
Geef het verhaal geen titel of introductie.
",Vertel een verhaal.,"Er was eens een kleine eend. Hij was heel lief en had een rode neus. De eend woonde in een mooi meer. Hij had veel vrienden, zoals een vis en een zwanenjong.

De eend hield van zwemmen. Hij kon heel snel zwemmen. De vis was bang voor de eend, want hij was zo snel. De zwanenjong vond het wel leuk om met de eend te spelen.

Een dag ging de eend naar de vis en zei: ""Kom, laten we spelen!"" De vis was bang, maar de zwanenjong kwam mee. Samen zwommen ze rond het meer. De vis leerde de eend kennen en werd niet meer bang voor hem.

De eend, de vis en het zwanenjong werden beste vrienden. Ze speelden samen elke dag. Ze liepen over het water en lachten hard. Ze waren heel gelukkig samen.

Eenmaal per week ging de eend naar de vis om te eten. De vis kookte hem een lekkere maaltijd. De eend dankte de vis en zei: ""Dit is het lekkerste eten dat ik ooit heb gehad!"""
meta-llama/llama-3.1-8b-instruct,"
Je bent een verteller van een kort verhaal (rond de 200 woorden).
Gebruik alleen hele simpele woorden die een 3-jarig kind kan begrijpen.
Geef het verhaal geen titel of introductie.
",Vertel een verhaal.,"Er was eens een kleine vogel. Hij heette Pietje. Pietje was heel klein en kon niet vliegen. Hij wilde heel graag vliegen, maar hij kon het niet.

Een dag kwam een vriend van Pietje langs. Zijn naam was Sjonnie. Sjonnie was een meertjeshond. Hij kon zwemmen.

Sjonnie zei tegen Pietje: ""Wacht even, ik heb een idee!"" Sjonnie nam Pietje op zijn rug en liep naar een meer. Hij gooide Pietje in het water.

Pietje begon te zwemmen! Hij was heel blij. Hij had nooit eerder in het water gezeten. Maar toen hij begon te zwemmen, voelde hij dat het water hem naar boven duwde.

Pietje begon te vliegen! Hij voelde zich vliegen, maar hij zat onder water. Hij had nooit eerder gevoeld dat hij vloog. Pietje was heel blij. Hij had nooit eerder zo gelukkig gevoeld."
meta-llama/llama-3.1-8b-instruct,"
Je bent een verteller van een kort verhaal (rond de 200 woorden).
Gebruik alleen hele simpele woorden die een 3-jarig kind kan begrijpen.
Geef het verhaal geen titel of introductie.
",Vertel een verhaal.,"Er was eens een klein konijnje. Het konijnje heette Benny. Benny woonde in een prachtig hol met een groene deur.

Benny hield van dansen. Elke dag danste hij door het hol heen en weer. Hij danste op zijn achterpoten en maakte een geluid met zijn tanden.

Een dag kwam een vriend van Benny langs. Hij heette Max. Max was een leuke kat. Max was dol op dansen.

Benny en Max besloten om samen te dansen. Ze dansten door het hol heen en weer. Ze maakten een geluid met hun tanden.

De anderen in het hol zagen Benny en Max dansen. Ze begonnen ook te dansen. Nu dansden alle dieren in het hol.

Het hol was vol van dansende dieren. Benny en Max waren de leiders. Ze dansten tot de zon onderging.

Toen de zon onderging, gingen alle dieren naar bed. Benny en Max sliepen gauw. Zij waren moe van dansen."
meta-llama/llama-3.1-8b-instruct,"
Je bent een verteller van een kort verhaal (rond de 200 woorden).
Gebruik alleen hele simpele woorden die een 3-jarig kind kan begrijpen.
Geef het verhaal geen titel of introductie.
",Vertel een verhaal.,"Er was eens een hondje dat heette Bob. Bob was een lief hondje. Hij had een mooi rood haar en een lange staart.

Bob woonde bij een meisje dat op een boerderij woonde. Op de boerderij waren veel dieren. Er waren koeien, varkens en kippen.

Bob liefde om buiten te spelen. Hij speelde met de kippen en de varkens. Maar hij hield het allerliefst van de koeien.

De koeien gaven Bob melk. Bob dronk de melk en hij voelde zich gelukkig. Dan ging Bob terug naar zijn meisje en hij sliep met zijn ogen dicht.

Maar 's avonds kwam er een grote regen. De hond Bob ging naar binnen en hij sliep bij zijn meisje. Hij was blij om droog te zijn.

's Morgens was het weer zonnig. Bob ging weer buiten spelen en hij was een gelukkige hond."
meta-llama/llama-3.1-8b-instruct,"
Je bent een verteller van een kort verhaal (rond de 200 woorden).
Gebruik alleen hele simpele woorden die een 3-jarig kind kan begrijpen.
Geef het verhaal geen titel of introductie.
",Vertel een verhaal.,"Er was eens een hond met een vriendelijke hondennaam: Rusty. Rusty was blond en donkerbruin. Hij had een mooi, groot hart. Rusty woonde bij een gezin met twee kinderen.

De kinderen speelden elke dag buiten. Rusty keek naar hen en wilde ook spelen. Hij rende naar ze toe en begon te blaffen. De kinderen waren zo blij om Rusty te zien. Ze gaven hem een bal en hij ving hem op. Hij was zo trots.

's Avonds ging Rusty naar zijn bed. De kinderen gaven hem een knuffel en zei ""goed nacht, Rusty"". Rusty sliep meteen in en droomde van balvliegen. De volgende ochtend werd hij wakker en ging weer naar buiten om te spelen. Hij was zo gelukkig om bij de kinderen te zijn.

De kinderen waren ook gelukkig met Rusty. Hij was een goede vriend voor hen. En Rusty was gelukkig met de kinderen. Dat was een mooi einde van de dag voor Rusty."
meta-llama/llama-3.1-8b-instruct,"
Je bent een verteller van een kort verhaal (rond de 200 woorden).
Gebruik alleen hele simpele woorden die een 3-jarig kind kan begrijpen.
Geef het verhaal geen titel of introductie.
",Vertel een verhaal.,"Er was eens een jonge vogel. Hij heette Pip. Pip wilde heel graag kunnen vliegen. Zijn moeder vloog al goed. Hij vroeg haar: ""Moeder, hoe moet ik vliegen?""

Zijn moeder zei: ""Pip, je moet eerst leren rennen. Dan leer je springen. En als je springt, word je sterker en kun je vliegen.""

Pip deed wat zijn moeder zei. Hij rende en hij sprong. Na een tijdje kon hij heel hoog springen. En toen kon hij vliegen!

Pip vloog door het veld. Hij vloog over de boom. Hij vloog naar de zon. Hij was zo blij dat hij kon vliegen.

Zijn moeder keek naar hem en zei: ""Pip, je vliegt heel goed! Je bent een prachtige vogel."" Pip voelde zich heel trots. Hij vloog nog hoger en nog verder. Hij was de mooiste vogel in de wereld."
meta-llama/llama-3.1-8b-instruct,"
Je bent een verteller van een kort verhaal (rond de 200 woorden).
Gebruik alleen hele simpele woorden die een 3-jarig kind kan begrijpen.
Geef het verhaal geen titel of introductie.
",Vertel een verhaal.,"Er was eens een klein konijn. Het konijn was heel snel. Het konijn kon over het gras rennen.

Een dag kwam het konijn een prachtige bloem tegen. De bloem was rood en geel. Het konijn vond de bloem prachtig.

Het konijn wilde de bloem hebben. Het konijn rende snel naar de bloem en pakte hem vast.

Maar, oeps! Er kwam een luipaard aan. Het luipaard was groot en sterk. Het luipaard wilde de bloem ook hebben.

Het konijn rende weg. Het konijn ging zo snel mogelijk. Het luipaard kwam ook aan. Maar het konijn was te snel.

Het konijn kwam bij een berg. Het konijn klom de berg op. Het luipaard kon het berg niet op.

Toen was het konijn veilig. Het konijn hield de prachtige bloem vast. Het konijn was heel blij."
meta-llama/llama-3.1-8b-instruct,"
Je bent een verteller van een kort verhaal (rond de 200 woorden).
Gebruik alleen hele simpele woorden die een 3-jarig kind kan begrijpen.
Geef het verhaal geen titel of introductie.
",Vertel een verhaal.,"Er woonde een kleine meid genaamd Sophia. Zij had een hond genaamd Max. Max was een witte hond met een lange staart.

Sophia en Max gingen naar het park. Ze zagen een grote boom. Sophia wilde in de boom klimmen. Max vroeg: ""Sophia, ben je zeker?""

Sophia antwoordde: ""Ja, ik ben zeker."" Sophia begon te klimmen. Haar handen en voeten hadden moeite om steun te vinden aan de boom. Max riep: ""Sophia, wees voorzichtig!""

Sophia was moe. Ze bleef even stil. Toen begon ze weer te klimmen. Eindelijk stond Sophia hoog boven op de boom. Ze wuifde naar Max. Max kwam aangerend en begon onder de boom te springen. Sophia lachte en zei: ""Dank je wel, Max!""

Sophia klom uit de boom en liep naar Max. Samen gingen ze naar huis. Zij waren beiden heel blij."
meta-llama/llama-3.1-8b-instruct,"
Je bent een verteller van een kort verhaal (rond de 200 woorden).
Gebruik alleen hele simpele woorden die een 3-jarig kind kan begrijpen.
Geef het verhaal geen titel of introductie.
",Vertel een verhaal.,"Er woonde een kleine konijn genaamd Benny. Hij woonde in een kleurrijk hol in een grote tuin. Benny hield van spelen en ontdekken.

Een dag zocht Benny naar een nieuwe plek om te spelen. Hij liep door de tuin en kwam bij een grote boom. De boom had dikke takken en bladeren. Benny besloot om de boom te beklimmen.

Hij sprong op de takken en begon te klimmen. De takken waren stevig en Benny voelde zich veilig. Hij klom hoger en hoger tot hij een prachtig uitzicht had.

Benny zag een mooie beekje, bloemen en vogels. Hij voelde zich gelukkig en vrij. Hij bleef een tijdje op de boom zitten en genoot van de mooie zon.

Toen het tijd werd om terug te keren naar zijn hol, sprong Benny van de boom af en rende terug naar huis. Hij was moe maar gelukkig en vertelde zijn vrienden over zijn avontuur."
meta-llama/llama-3.1-8b-instruct,"
Je bent een verteller van een kort verhaal (rond de 200 woorden).
Gebruik alleen hele simpele woorden die een 3-jarig kind kan begrijpen.
Geef het verhaal geen titel of introductie.
",Vertel een verhaal.,"Er was een klein konijn met een rood mutsje. Het konijn heette Rosie. Rosie woonde in een klein hok met gras eromheen. Rosie hield van gras.

Een dag liep Rosie naar buiten. Ze vond een klein stukje appels. Rosie was heel blij en at de appels.

Terwijl Rosie at, hoorde ze een klein vogeltje zingen. Het vogeltje zong: ""Sjonge, zonge, wat een dag is dit!""

Rosie was ook blij en zei: ""Ja, wat een leuk vogeltje ben jij!""

Het vogeltje vloog naar Rosie toe en begon te dansen. Rosie deed ook zo. Ze dansten en zongen samen.

Toen de zon onderging, ging Rosie terug naar haar hok. Ze ging slapen en droomde van het vogeltje en de zang."
meta-llama/llama-3.1-8b-instruct,"
Je bent een verteller van een kort verhaal (rond de 200 woorden).
Gebruik alleen hele simpele woorden die een 3-jarig kind kan begrijpen.
Geef het verhaal geen titel of introductie.
",Vertel een verhaal.,"Er was eens een jonge vos. Hij heette Vosje. Vosje was klein en snel. Hij had een mooi witte vacht en grote heldere ogen.

Vosje woonde in een bos met zijn moeder en zijn broertjes en zusjes. Ze leefden van kleine dieren zoals muizen en vogeltjes.

Een dag kwam een grote regen. Het water stroomde door het bos. De boswandelaars liepen weg. Maar Vosje wilde niet vluchten. Hij keek omhoog naar de boomtoppen.

Hij zag een vogeltje dat met zijn klauwen aan een tak vasthing. Vosje besloot om te helpen. Hij klom langzaam omhoog en nam het vogeltje mee naar beneden.

Het vogeltje dankte Vosje en vloog weg. De vogels in het bos kwamen naar Vosje toe en zeiden: ""Vosje, je bent een held!"" En sindsdien was Vosje de held van het bos."
meta-llama/llama-3.1-8b-instruct,"
Je bent een verteller van een kort verhaal (rond de 200 woorden).
Gebruik alleen hele simpele woorden die een 3-jarig kind kan begrijpen.
Geef het verhaal geen titel of introductie.
",Vertel een verhaal.,"Een hond heette Max. Hij was heel leuk. Max had een vriend, een kat genaamd Whiskers. Ze waren vrienden, omdat ze heel vaak samen speelden.

Max en Whiskers gingen naar het park. Daar speelden ze met een bal. Max was erg snel en Whiskers was erg slim. Samen wisten ze de bal te vangen.

Na de bal, gingen ze naar het weiland. Daar zagen ze een mooi vlinder. Whiskers wilde hem vangen, maar Max zei ""Nee, laat hem rusten."" Whiskers luisterde en liet de vlinder vliegen.

De zon begon te zakken en Max en Whiskers gingen naar huis. Ze waren heel moe. Ze kropen in hun bed en sliepen snel in.

Max en Whiskers waren heel gelukkig. Ze hadden een leuk dag gehad. Ze zouden morgen weer samen spelen."
meta-llama/llama-3.1-8b-instruct,"
Je bent een verteller van een kort verhaal (rond de 200 woorden).
Gebruik alleen hele simpele woorden die een 3-jarig kind kan begrijpen.
Geef het verhaal geen titel of introductie.
",Vertel een verhaal.,"Er was eens een kleine vogel. Hij heette Pietje. Pietje kon goed zingen. Hij zong heel de dag. Zijn liedjes waren zo mooi dat de bloemen opbloeiden.

Pietje had een beste vriend. Hij heette Kikker. Kikker kon goed springen. Hij sprong over stenen en door water. Hij was heel snel.

Eén dag besloten Pietje en Kikker om een avontuur te hebben. Ze gingen naar een prachtige plek. Daar stond een grote boom. Hij had zonnebloemen in zijn takken. Pietje en Kikker wilden die zonnebloemen zien.

Ze sprongen en vlogen naar de boom. Toen ze boven waren, zong Pietje een liedje. Kikker begon te springen. De wind blies door de takken, en de zonnebloemen wapperden heen en weer.

Pietje en Kikker waren heel blij. Ze vlogen en sprongen naar beneden. Ze liepen naar huis, en ze zongen en sprongen nog een beetje. Ze waren heel gelukkig."
meta-llama/llama-3.1-8b-instruct,"
Je bent een verteller van een kort verhaal (rond de 200 woorden).
Gebruik alleen hele simpele woorden die een 3-jarig kind kan begrijpen.
Geef het verhaal geen titel of introductie.
",Vertel een verhaal.,"Er was eens een meisje dat heette Lily. Ze woonde bij de zee. De zee was blauw en mooi. Lily hield van de zee.

Lily ging naar het strand. Ze zag een klein vogeltje op de grond. Het vogeltje was bang. Lily zei: ""Rustig, ik ga je helpen."" Ze nam het vogeltje op en gaf het een stuk brood.

Het vogeltje at het brood en werd niet bang meer. Lily zei: ""Ik ga je naar huis brengen."" Ze nam het vogeltje op en liep naar de boom waar het vogeltje gewoond had.

Toen ze bij de boom was, liet Lily het vogeltje los. Het vogeltje vloog weg en ging bij zijn vrienden zitten. Lily glimlachte en zei: ""Ik ben blij dat ik je kon helpen."" En toen ging Lily naar huis."
meta-llama/llama-3.1-8b-instruct,"
Je bent een verteller van een kort verhaal (rond de 200 woorden).
Gebruik alleen hele simpele woorden die een 3-jarig kind kan begrijpen.
Geef het verhaal geen titel of introductie.
",Vertel een verhaal.,"Er woonde een klein meisje genaamd Sophie. Sophie had een hondje genaamd Max. Max was een lieve hond.

Een dag ging Sophie met Max naar het park. In het park was een grote speeltuin. Sophie en Max speelden daar samen.

Sophie klom op een klompenstapel en ging naar boven. Max bleef onderaan zitten en keek naar haar op.

Sophie kwam naar beneden en zei: ""Max, kom naar boven!"" Max klom op de klompenstapel en ging naar boven. Sophie en Max waren nu samen op de klompenstapel.

Ze keken uit over het park. Ze zagen vogels vliegen en bladeren wapperen in de wind. Sophie en Max waren heel gelukkig.

Na een tijdje gingen Sophie en Max naar huis. Ze waren moe, maar ze waren ook heel gelukkig. Ze sliepen met een glimlach op hun gezichten."
meta-llama/llama-3.1-8b-instruct,"
Je bent een verteller van een kort verhaal (rond de 200 woorden).
Gebruik alleen hele simpele woorden die een 3-jarig kind kan begrijpen.
Geef het verhaal geen titel of introductie.
",Vertel een verhaal.,"Er waren eens twee vrienden, Tim en Tom. Ze waren erg veelzinnig en wilden een lange reis maken. Ze namen hun fietsen en gingen naar het bos.

In het bos gingen ze door een prachtig dal. Ze zagen bloemen en vliegen. Tim en Tom lachten en zeiden ""Wat een leuk bos!""

Toen kwamen ze aan bij een grote rivier. Ze waren bang dat ze niet over de rivier konden gaan. Maar Tom zei ""We gaan gewoon een bootje maken!""

Ze zochten materiaal en bouwden een bootje. Ze stapten erin en ploegen de rivier over.

Aan de overkant zagen ze een leuke playgrond. Tim en Tom waren erg blij en zeiden ""We gaan spelen!""

Ze speelden op de playgrond, deden allerlei acrobatische oefeningen en aten een lekkere lunch. Toen gingen ze terug naar huis, want het was tijd om te slapen.

Tim en Tom waren erg blij met hun reis en zeiden ""We gaan nog veel meer reizen!"""
meta-llama/llama-3.1-8b-instruct,"
Je bent een verteller van een kort verhaal (rond de 200 woorden).
Gebruik alleen hele simpele woorden die een 3-jarig kind kan begrijpen.
Geef het verhaal geen titel of introductie.
",Vertel een verhaal.,"Er was eens een hond. Hij heette Max. Max was een leuke hond. Hij was bruin en had een lange staart.

Max woonde bij een meisje. Het meisje heette Lente. Lente was lief en speelde graag met Max.

Een dag ging Lente en Max naar de speeltuin. Ze speelden op de speeltoestellen. Max rende rond met een bal in zijn bek.

Toen kwam een regenwolk over de zon. Het begon te regenen! Lente en Max gingen snel naar huis.

Toen ze thuiskwamen, droogden ze zichzelf af. Lente gaf Max een warme whiskey. Max vond het heerlijk.

Lente en Max sliepen nu lekker. Ze hadden een leuke dag gehad. Morgen zou het zeker weer zonnig zijn."
meta-llama/llama-3.1-8b-instruct,"
Je bent een verteller van een kort verhaal (rond de 200 woorden).
Gebruik alleen hele simpele woorden die een 3-jarig kind kan begrijpen.
Geef het verhaal geen titel of introductie.
",Vertel een verhaal.,"Er was eens een kleine vos. Hij heette Vosje. Vosje was snel en slim. Hij had een prachtig rood pakje om aan te trekken.

Een keer vond Vosje een grote bak appelmoes. Hij was zo trots! ""Ik eet alle appelmoes op!"" riep hij.

Maar toen hij bij de bak was, hoorde hij een stem. ""Hallo, Vosje! Ben je hier om appelmoes te eten?"" vroeg het stemmetje.

Vosje keek omhoog. Daar zat een vriendelijke oude eekhoorn. ""Ja, ik eet appelmoes!"" zei Vosje.

De oude eekhoorn glimlachte. ""Dat is goed! Maar ik wil ook appelmoes. Mag ik ook een beetje hebben?""

Vosje glimlachte terug. ""Ja, natuurlijk! We eten samen appelmoes!"""
meta-llama/llama-3.1-8b-instruct,"
Je bent een verteller van een kort verhaal (rond de 200 woorden).
Gebruik alleen hele simpele woorden die een 3-jarig kind kan begrijpen.
Geef het verhaal geen titel of introductie.
",Vertel een verhaal.,"Er woonde een klein meisje dat het liefst in de tuin speelde. Ze had een mooie hond die zijn naam was Max. Max was een vriendelijke hond die altijd bij het meisje wilde zijn. 

Een dag ging het meisje met Max naar de tuin. Ze zochten naar bloemen om in een vaas te stoppen. Ze vonden prachtige rozen en lelies. Max wilde ook wat bloemen, maar hij nam de fijne bloemen van de tuin om ze aan het meisje te geven. 

Toen ze terug gingen, vroeg het meisje haar moeder of ze de bloemen mooi vond. De moeder was heel blij met de bloemen en gaf het meisje een knuffel. Max kreeg ook een knuffel. 

Het meisje en Max waren heel blij dat ze de fijne bloemen hadden gevonden. Ze speelden nog wat in de tuin en gingen toen naar binnen om te eten."
meta-llama/llama-3.1-8b-instruct,"
Je bent een verteller van een kort verhaal (rond de 200 woorden).
Gebruik alleen hele simpele woorden die een 3-jarig kind kan begrijpen.
Geef het verhaal geen titel of introductie.
",Vertel een verhaal.,"Een klein konijnje woonde in een zonnige veld. Hij had lange oren en een zachte staart. Het konijnje hield van eten. Hij at graan en groenten.

Een dag kwam het konijnje een leuke vriendin tegen. Haar naam was Kip. Kip kon vliegen. Het konijnje was heel blij. Ze speelden samen in het veld.

Maar toen kwam een groot hond. Hij was bang. Hij wilde het konijnje en Kip verschrikken. Maar het konijnje en Kip waren niet bang. Ze wisten dat ze snel konden rennen.

Het konijnje rennend ging richting zijn hol. Kip vloog om hem te helpen. De hond kon hen niet volgen. Toen waren ze veilig. Ze lachten en drukten elkaar op de schouder.

Vanaf toen ging het konijnje en Kip elke dag spelen in het veld. Ze waren twee goede vrienden."
meta-llama/llama-3.1-8b-instruct,"
Je bent een verteller van een kort verhaal (rond de 200 woorden).
Gebruik alleen hele simpele woorden die een 3-jarig kind kan begrijpen.
Geef het verhaal geen titel of introductie.
",Vertel een verhaal.,"Een klein konijnje kwam uit zijn hol. Hij had honger. Hij liep naar buiten en zag een mooie groene tuin. Er stonden appelbomen en hoge bloemen.

Hij vond een appel op de grond. Hij pakte hem op en nam een hap. Mmm, zo lekker!

Toen zag hij een mooie vlieg. Die vlieg vloog om zijn appel. Het konijnje wilde de vlieg niet wegjagen.

Hij dacht: ""Die vlieg kan wel meekomen."" Dus nam hij de vlieg ook op zijn appel. Ze aten samen.

Toen waren de appel en de vlieg op. Ze waren heel blij en vriendelijk. Het konijnje ging terug naar zijn hol. Hij dacht: ""Vrienden zijn altijd welkom!""

De vlieg ging terug naar zijn vrienden. Hij vertelde over het lekkere appel en het vriendelijke konijnje. Nu eten ze vaak samen."
meta-llama/llama-3.1-8b-instruct,"
Je bent een verteller van een kort verhaal (rond de 200 woorden).
Gebruik alleen hele simpele woorden die een 3-jarig kind kan begrijpen.
Geef het verhaal geen titel of introductie.
",Vertel een verhaal.,"Er was eens een kleine varkenet. Hij woonde op een boerderij bij een vriendelijke boerster. 's Ochtends ging de varkenet naar buiten om te spelen. Hij zag een mooi blauwe hemel. Hij ging naar buiten en begon te rennen. Hij rende zo snel dat hij een hoge heuvel opging.

Bij de top van de heuvel zag hij een mooie vijver met water. Hij was zo moe dat hij ging zitten en zijn tanden wasserde. Toen hij klaar was, ging hij zwemmen. Hij was zo blij dat hij kon zwemmen.

De boerster zag hem zwemmen en lachte. ""Dat kleine varkenet kan zwemmen!"" riep ze uit. Ze wilde ook zwemmen, dus ging ze ook in het water. Ze zwom samen met het kleine varkenet. Ze hadden zo veel lol dat ze beiden uitgilden van plezier.

Toen de zon laag begon te hangen, ging de boerster en het kleine varkenet naar huis. Ze waren beiden heel moe, maar heel gelukkig."
meta-llama/llama-3.1-8b-instruct,"
Je bent een verteller van een kort verhaal (rond de 200 woorden).
Gebruik alleen hele simpele woorden die een 3-jarig kind kan begrijpen.
Geef het verhaal geen titel of introductie.
",Vertel een verhaal.,"Er was een kleine zwanenjong. Hij woonde bij zijn moeder in een groot meer. De moeder zwanen lieten hun jongen zwemmen en vliegen. Maar het kleine zwanenjong kon nog niet goed vliegen.

Een dag ging de moeder zwanen vissen zoeken. Ze liet het kleine zwanenjong alleen achter. Het kleine zwanenjong was bang. Hij zag een grote boot op het meer. De boot kwam dichterbij. Het kleine zwanenjong begon te schreeuwen.

De moeder zwanen kwamen snel terug. Ze zagen de boot en het kleine zwanenjong. Ze hielden hun kind veilig en waren blij dat het goed was. De moeder zwanen namen het kleine zwanenjong bij de hand en liepen ze terug naar hun nest.

Ze zaten samen op hun nest en zeiden: ""We zijn gelukkig dat we samen zijn. We zullen nooit meer uit elkaar gaan."" En zo bleef het kleine zwanenjong veilig bij zijn moeder."
meta-llama/llama-3.1-8b-instruct,"
Je bent een verteller van een kort verhaal (rond de 200 woorden).
Gebruik alleen hele simpele woorden die een 3-jarig kind kan begrijpen.
Geef het verhaal geen titel of introductie.
",Vertel een verhaal.,"Er was een klein konijn. Hij was heel snel. Hij woonde in een mooie tuin vol appelbomen. De appelbomen waren zo hoog dat de konijn moest springen om op de appels te komen.

Een dag ging de konijn naar een appelboom. Hij sprong zo hoog mogelijk en pakte een appel. Maar toen hij naar beneden wilde springen, merkte hij dat zijn poot vast was gezeten aan een tak.

De konijn riep om hulp. Een vriendelijke vogel kwam naar hem toe. De vogel hield zijn klauw vast in de klauw van de konijn en hielp hem los te komen.

De konijn was heel dankbaar. Hij pakte een appel voor de vogel en gaf hem aan hem. De vogel was blij en zei ""Dank je wel, kleine konijn!"" En ze gingen samen op een andere appelboom springen."
meta-llama/llama-3.1-8b-instruct,"
Je bent een verteller van een kort verhaal (rond de 200 woorden).
Gebruik alleen hele simpele woorden die een 3-jarig kind kan begrijpen.
Geef het verhaal geen titel of introductie.
",Vertel een verhaal.,"Er was eens een kleine konijn. Hij heette Klaasje. Klaasje woonde in een klein holletje. Hij had een vriend, een vogeltje. Het vogeltje heette Piet.

Een dag ging Klaasje op ontdekking. Hij zag een prachtig groen bos. Klaasje liep naar het bos. Hij wilde er een stukje van eten.

Toen hij in het bos was, hoorde hij een geluid. Het geluid kwam van een kleine riviertje. De riviertje stroomde door het bos. Klaasje liep naar het riviertje. Hij zag een grote vis. De vis draaide rondjes in het water.

Piet vloog naar Klaasje. 'Hallo Klaasje!' zei Piet. 'Wat doe je?' vroeg Klaasje. 'Ik wou je zien,' antwoordde Piet.

Klaasje en Piet liepen langs het riviertje. Ze zagen veel rare dingen. Ze zagen een grote boom en een kleine bloem. Toen waren ze moe. Ze gingen terug naar hun holletje.

In het holletje lag Klaasjes moeder. 'Hallo kinderen,' zei ze. Klaasje en Piet gingen slapen."
meta-llama/llama-3.1-8b-instruct,"
Je bent een verteller van een kort verhaal (rond de 200 woorden).
Gebruik alleen hele simpele woorden die een 3-jarig kind kan begrijpen.
Geef het verhaal geen titel of introductie.
",Vertel een verhaal.,"Er was eens een kleine vogel. Hij heette Piet. Piet was een eend. Piet woonde bij een vijver. De vijver was vol water. Piet hield van zwemmen.

Een dag ging Piet naar de vijver. Hij zwom en sprong. Piet zag een visje in het water. Piet wilde visje hebben. Hij ging op het water zitten en gooide een steentje in het water.

Toen Piet naar de vijver keek, was het visje verdwenen. Maar er was iets anders in het water. Er waren bloemen. Piet had nooit bloemen in de vijver gezien. Hij was blij.

Piet dacht: ""Ik ga in de bloemen liggen."" Piet ging liggen in de bloemen. Het voelde fijn aan. Piet was een gelukkige eend. Hij sliep lang. Toen hij wakker werd, was de zon ondergegaan. Piet ging naar zijn nest en ging slapen. Morgen zou Piet weer naar de vijver gaan."
meta-llama/llama-3.1-8b-instruct,"
Je bent een verteller van een kort verhaal (rond de 200 woorden).
Gebruik alleen hele simpele woorden die een 3-jarig kind kan begrijpen.
Geef het verhaal geen titel of introductie.
",Vertel een verhaal.,"Er was eens een klein konijntje. Het konijntje had een klein huisje. Het huisje was groen en had een wit dak.

Het konijntje ging naar buiten. Hij zag een mooie bloem. De bloem was rood en geurig. Het konijntje likte de bloem.

Toen zag hij een vriend. De vriend was een vogel. De vogel had een mooie zang. Het konijntje en de vogel speelden samen.

Ze gingen naar de rivier. Ze zagen vissen in het water. Het konijntje en de vogel wilden ook vissen. Maar ze konden het niet.

Ze gingen terug naar het huisje. Het konijntje was moe. Hij ging slapen. De vogel ging ook slapen.

's Ochtends ging het konijntje naar buiten. Hij zag de zon schijnen. Het konijntje was gelukkig. Hij had een leuk vriend en een mooi huisje."
meta-llama/llama-3.1-8b-instruct,"
Je bent een verteller van een kort verhaal (rond de 200 woorden).
Gebruik alleen hele simpele woorden die een 3-jarig kind kan begrijpen.
Geef het verhaal geen titel of introductie.
",Vertel een verhaal.,"Er was eens een klein konijntje. Het konijntje was heel snel. Het konijntje liep over de velden. Het vond een grote bloem.

De bloem was rood en geel. Hij rook aan de bloem. De bloem rook heerlijk. Het konijntje wilde een snoepje maken.

Het konijntje vond een hooibalen. Hij klom erop. Hij klom zo hoog als hij kon. En toen viel hij af. Hij viel op een dennenappel.

De dennenappel was zacht. Het konijntje viel niet pijn. Hij stond op en ging verder. Hij liep naar een rivier.

Hij dronk water uit de rivier. Hij was heel drinkig. Hij dronk zo veel water dat hij moest liggen.

Hij lag op de grond. Hij sliep heel snel. Toen hij wakker werd was de zon onder."
meta-llama/llama-3.1-8b-instruct,"
Je bent een verteller van een kort verhaal (rond de 200 woorden).
Gebruik alleen hele simpele woorden die een 3-jarig kind kan begrijpen.
Geef het verhaal geen titel of introductie.
",Vertel een verhaal.,"Er was eens een klein hondje. Hij heette Fluffy. Fluffy was wit en had een lange staart. Hij had grote oren en een snoetje.

Fluffy woonde bij een meisje en een jongen. Ze waren erg lief voor Fluffy. Ze gaven hem te eten en speelden met hem.

Een dag ging Fluffy buiten spelen. Hij liep langs een rivier. Hij zag een bootje. Het bootje was leeg. Fluffy sprong in het bootje.

Toen hij in het bootje zat, ging hij op de rivier. Hij vroeg zich af waar hij heen ging. De rivier leidde hem naar een meer. Hij was zo blij dat hij in het meer was.

Fluffy zwom in het meer. Hij vond een eiland. Hij ging op het eiland zitten. Hij zag een vogel. De vogel kwam naar Fluffy toe.

De vogel zei: ""Hallo Fluffy! Ik ben blij dat je op het eiland bent."" Fluffy zei: ""Ik ben blij dat ik op het eiland ben. Ik vind je leuk!""

De vogel vroeg: ""Wil je met me vliegen?"" Fluffy zei: ""Ja, ik wil met je vliegen!"""
meta-llama/llama-3.1-8b-instruct,"
Je bent een verteller van een kort verhaal (rond de 200 woorden).
Gebruik alleen hele simpele woorden die een 3-jarig kind kan begrijpen.
Geef het verhaal geen titel of introductie.
",Vertel een verhaal.,"Er was eens een klein hondje. Het hondje was heel snel. Het kon heel hard rennen. De hondje ging met zijn vriend, een kat. De kat was heel slim. Het hondje en de kat gingen naar de bos. Ze wilden jagen.

In het bos was een konijn. Het konijn was heel bang. Het konijn zag het hondje en de kat. Het konijn wilde wegrennen. Maar het konijn was te langzaam. Het hondje en de kat vingen het konijn.

Maar het hondje en de kat waren niet gemeen. Ze brachten het konijn terug naar zijn huishuis. Het konijn was heel dankbaar. Het hondje en de kat waren vrienden met het konijn.

Nu gaan het hondje, de kat en het konijn regelmatig samen naar de bos. Ze jagen niet meer. Ze spelen samen. Ze zijn heel gelukkig."
meta-llama/llama-3.1-8b-instruct,"
Je bent een verteller van een kort verhaal (rond de 200 woorden).
Gebruik alleen hele simpele woorden die een 3-jarig kind kan begrijpen.
Geef het verhaal geen titel of introductie.
",Vertel een verhaal.,"Er was eens een klein konijn. Hij was heel snel en had lange benen. Hij kon heel snel rennen.

Het konijn had een vriend, een vogel. De vogel kon vliegen. Hij kon over alle bosjes vliegen.

Een dag ging het konijn op een wandeling door het bos. Hij zag een mooie appel op een boom. Hij ging naar de boom en klom erop.

Maar de vogel zag dat het konijn op de boom stond. Hij vloog naar de boom en zei: ""Nee, nee! Laat de appel liggen!""

Het konijn vroeg: ""Waarom moet ik de appel laten liggen?""

De vogel antwoordde: ""Omdat er een roofdier in de buurt is. Het roofdier zal jou in de boom zien en naar boven klimmen.""

Het konijn luisterde naar de vogel en liet de appel liggen. Hij ging terug naar huis.

Het konijn was dankbaar voor zijn vriend die hem had geholpen. Hij gaf de vogel een knuffel en zei: ""Dank je wel, vriend!"""
meta-llama/llama-3.1-8b-instruct,"
Je bent een verteller van een kort verhaal (rond de 200 woorden).
Gebruik alleen hele simpele woorden die een 3-jarig kind kan begrijpen.
Geef het verhaal geen titel of introductie.
",Vertel een verhaal.,"Er was een kleine eend. De eend heette Piet. Piet woonde in een prachtig groen park.

Piet hield van zwemmen. Hij zwom in het water en hij speelde met de vissen. De vissen waren zijn vrienden.

Een mooie dag kwam. De zon scheen en het water was warm. Piet dacht: ""Ik ga vandaag op een avontuur!""

Hij zwom naar de andere kant van het meer. Daar vond hij een mooi stuk gras. Hij kwam uit het water en liep naar het gras.

Toen hoorde hij een geluid. Het was een klein meisje. Het meisje was verdwaald en ze wist niet hoe ze terug moest gaan.

Piet zei: ""Hulp, hulp! Ik kan je helpen!"" Het meisje was erg blij en dankte Piet. Piet en het meisje gingen samen terug naar het park."
meta-llama/llama-3.1-8b-instruct,"
Je bent een verteller van een kort verhaal (rond de 200 woorden).
Gebruik alleen hele simpele woorden die een 3-jarig kind kan begrijpen.
Geef het verhaal geen titel of introductie.
",Vertel een verhaal.,"Er was eens een klein konijntje. Het was zo klein dat het in een handpalm paste. Het konijntje had zachte, witte vacht en grote, goudkleurige ogen.

Het konijntje woonde in een warm nest onder een boom. 's Avonds ging het naar bed en 's ochtends stond het op om te eten. Het at bladeren en groene stengels.

Een dag kwam er een harde regen neer. Het konijntje was bang. Het wilde niet nat worden. Toen zag het een klein hokje bij de boom. Daar kon het droog blijven.

Het konijntje ging naar binnen. Er was een klein matje en een keurig nest. Het konijntje was zo blij! Het sliep die nacht veilig en droog.

's Ochtends ging de zon schijnen. De regen was weg. Het konijntje kwam naar buiten en sprong op en neer. Het was zo blij om weer droog te zijn."
meta-llama/llama-3.1-8b-instruct,"
Je bent een verteller van een kort verhaal (rond de 200 woorden).
Gebruik alleen hele simpele woorden die een 3-jarig kind kan begrijpen.
Geef het verhaal geen titel of introductie.
",Vertel een verhaal.,"Er was eens een kleine beer. Hij was heel lief. De kleine beer woonde in een bos. Hij wilde een vriend hebben. Hij zocht naar een vriend.

Hij kwam een konijn tegen. De konijn was snel. De kleine beer wilde met de konijn spelen. Maar de konijn zei: ""Nee, ik wil alleen met mijn familie spelen.""

De kleine beer ging verder. Hij kwam een vogel tegen. De vogel zat in een boom. De kleine beer wilde met de vogel spelen. Maar de vogel zei: ""Nee, ik wil alleen vliegen.""

De kleine beer ging nog verder. Hij kwam een hond tegen. De hond was speels. De kleine beer wilde met de hond spelen. De hond zei: ""Ja, laten we spelen!""

De kleine beer en de hond speelden samen. Ze renden, wegdoken en speelden. Ze werden goede vrienden. De kleine beer was gelukkig dat hij een vriend had gevonden. Hij en de hond speelden nog steeds samen."
meta-llama/llama-3.1-8b-instruct,"
Je bent een verteller van een kort verhaal (rond de 200 woorden).
Gebruik alleen hele simpele woorden die een 3-jarig kind kan begrijpen.
Geef het verhaal geen titel of introductie.
",Vertel een verhaal.,"Er was eens een kleine beer. Hij heette Bert. Bert woonde in een bos bij zijn moeder. Ze gingen elke dag op zoek naar eten. Ze vonden appelbloesems, noten en bessen.

Een dag vond Bert een mooie appelboom. Hij kon er niet in klimmen, maar zijn moeder kon wel. Ze klom omhoog en kwam met een grote appel naar beneden. Ze gaven hem aan Bert en hij at hem op.

Bert was heel blij. ""Dank je, mama!"" riep hij. Zijn moeder glimlachte en zei: ""Graag gedaan, Bert. Je bent mijn lieve kleine beer.""

Bert ging naar bed met een volle maag. Hij sliep goed en droomde van appelbloesems. De volgende dag ging hij weer op pad met zijn moeder om te zien wat ze vandaag konden vinden. Ze vonden nog meer lekkere dingen om te eten. En Bert was blij dat hij zo'n lieve moeder had."
meta-llama/llama-3.1-8b-instruct,"
Je bent een verteller van een kort verhaal (rond de 200 woorden).
Gebruik alleen hele simpele woorden die een 3-jarig kind kan begrijpen.
Geef het verhaal geen titel of introductie.
",Vertel een verhaal.,"Er was eens een klein konijntje. Het woonde in een groot veld met veel bloemen. Het konijntje hield van eten en slapen.

Een dag ging het konijntje naar de bloemen. Het zag een mooie roze bloem. Het konijntje at de bloem. Maar toen at hij te veel van de bloem.

Nu voelde het konijntje zich niet goed. Het was heel bang. Het konijntje rende naar de appelboom. Daar vond het konijntje een lekker appeltje.

Het konijntje at het appeltje. Nu voelde het konijntje zich beter. Het konijntje was blij en ging slapen onder de appelboom.

De volgende dag ging het konijntje weer naar de bloemen. Maar nu at het konijntje niet van de bloemen. Het konijntje at van de mierensticks. Het konijntje was blij en ging slapen. En zo leefde het konijntje happy en gezond in het veld."
meta-llama/llama-3.1-8b-instruct,"
Je bent een verteller van een kort verhaal (rond de 200 woorden).
Gebruik alleen hele simpele woorden die een 3-jarig kind kan begrijpen.
Geef het verhaal geen titel of introductie.
",Vertel een verhaal.,"Een kleine hond heette Max. Hij was heel lief en had een lange vacht. Max hield van spelen met zijn vrienden. Ze gingen samen naar het park.

In het park zaten er veel kinderen. Ze lachten en speelden met de vogels. Max keek naar de kinderen, hij wilde ook spelen. Hij liep naar hen toe en begon te blaffen.

De kinderen lachten en gaven Max een aai over zijn rug. Max vond het leuk. Hij speelde met de kinderen en rende rond.

Een kind gooide een bal naar Max. Max ving de bal en bracht hem dan terug. De kinderen klapten en gaven Max een patje op de rug.

Max was blij. Hij had veel plezier met zijn vrienden. Hij ging naar huis met een grote glimlach op zijn gezicht. Max lag in zijn bed en droomde van de tijd die hij in het park had doorgebracht. Hij kon niet wachten om morgen weer naar het park te gaan."
meta-llama/llama-3.1-8b-instruct,"
Je bent een verteller van een kort verhaal (rond de 200 woorden).
Gebruik alleen hele simpele woorden die een 3-jarig kind kan begrijpen.
Geef het verhaal geen titel of introductie.
",Vertel een verhaal.,"Er was een klein konijntje. Het konijntje was wit en had lange oren. Het woonde in een groen weiland. Het weiland was vol met bloemen en gras.

Het konijntje was heel lief. Het hield van spelen. Het liet zich door de wind blazen en dan ging het heel snel. Het rende over het weiland en maakte een geluid: ""Schip, schip!""

Een vriend van het konijntje was een haas. De haas was snel en sterk. Hij kon over het weiland springen en landen op zijn poten. De haas zei: ""Hup, hup, ik ben heel snel!""

Het konijntje en de haas speelden samen. Ze renden en sprongen door het weiland. Ze waren heel blij en maakten veel geluiden. ""Schip, schip!"" en ""Hup, hup!""

Toen de zon onderging, gingen het konijntje en de haas naar hun hutten. Ze gingen slapen en droomden van de volgende dag."
meta-llama/llama-3.1-8b-instruct,"
Je bent een verteller van een kort verhaal (rond de 200 woorden).
Gebruik alleen hele simpele woorden die een 3-jarig kind kan begrijpen.
Geef het verhaal geen titel of introductie.
",Vertel een verhaal.,"Er was een klein konijn met grote oren. Het konijn heette Benny. Benny woonde in een klein holen in de grond. Hij had veel speelgoed in zijn holen: ballen, blokken en een teddybeer.

Benny ging naar buiten en zag een mooie dag. Hij ging naar buiten spelen. Hij liep over het groene gras en zag een bloem. De bloem was rood en geel. Benny wist dat hij een lekker stuk appeltaart kon plukken als hij de bloem opat.

Maar toen ging hij naar zijn vriendinnetje, een vogeltje genaamd Lola. Lola zei: ""Benny, doe dat niet! Die bloem is giftig."" Benny was blij dat Lola hem had gewaarschuwd. Hij ging naar zijn holen en at een banaan in plaats van de bloem.

Benny was blij dat hij de bloem niet had opgegeten. Hij en Lola speelden nog tot donker werd. Toen ging Benny naar zijn holen en sliep hij. Morgen zou hij weer naar buiten gaan spelen, maar hij zou niet naar die giftige bloem kijken."
meta-llama/llama-3.1-8b-instruct,"
Je bent een verteller van een kort verhaal (rond de 200 woorden).
Gebruik alleen hele simpele woorden die een 3-jarig kind kan begrijpen.
Geef het verhaal geen titel of introductie.
",Vertel een verhaal.,"Er woonde een meisje dat genoemd werd Lieve. Lieve had een hondje genoemd Pien. Pien was heel lief en speelde veel met Lieve.

Lieve en Pien gingen naar de speeltuin. Daar speelden ze met de andere kinderen. Pien rende rond en sprong over een kluis. Lieve lachte heel hard.

Toen was het tijd om naar huis te gaan. Lieve en Pien liepen terug naar huis. Lieve gaf Pien een koekje. Pien kauwde het koekje snel op.

Lieve en Pien zaten op de bank. Lieve streelde Pien over zijn vacht. Pien sloot zijn ogen en sliep snel in.

Lieve glimlachte en zei: ""Pien, je bent zo lief."" Lieve ging slapen en Pien sliep naast haar."
meta-llama/llama-3.1-8b-instruct,"
Je bent een verteller van een kort verhaal (rond de 200 woorden).
Gebruik alleen hele simpele woorden die een 3-jarig kind kan begrijpen.
Geef het verhaal geen titel of introductie.
",Vertel een verhaal.,"Er woonde een kleine boskabouter. Hij heette Groen. Groen woonde in een klein holletje onder een boom.

Groen had een vriend, een vogeltje. Het vogeltje heette Zwart. Zwart wou altijd vliegen. Maar hij kon niet vliegen.

Groen zei: ""Ik kan je laten vliegen."" Zwart zei: ""Hoe?"" Groen zei: ""Ik ken een trucje.""

Groen nam een blad en plakte het aan Zwarts achterhoofd. Toen deed Groen alsof hij een vliegtuigje was. Hij maakte ""vlieg"" geluiden en bewoog zijn armen.

Zwart vloog met het blad. Hij ging hoog in de lucht. De vogels in de boom keken naar hem. Zwart vloog rondom de boom. Hij was zo blij.

Groen lachte en zei: ""Jij kunt vliegen!"" Zwart vloog naar Groen toe. ""Dank je, Groen,"" zei Zwart."
meta-llama/llama-3.1-8b-instruct,"
Je bent een verteller van een kort verhaal (rond de 200 woorden).
Gebruik alleen hele simpele woorden die een 3-jarig kind kan begrijpen.
Geef het verhaal geen titel of introductie.
",Vertel een verhaal.,"Er was eens een klein meertje. Het meertje was heel erg stil. Er waren geen vogels die zeiden ""tsjil, tsjil"". Er waren geen vissen die zwommen.

Een dag kwam een klein vogeltje. Het vogeltje zei ""tsjil, tsjil"". Het vogeltje vloog boven het meertje. Het vogeltje dacht: ""Dit meertje is heel erg stil.""

Een dag kwam een klein visje. Het visje zwom boven het meertje. Het visje dacht: ""Dit meertje is heel erg stil."" Maar toen zag het visje het vogeltje. Het visje zei: ""Hallo, vogeltje! Waarom ben jij hier?""

Het vogeltje zei: ""Ik ben hier omdat ik dit meertje heel erg stil vind."" Het visje zei: ""Ik vind het meertje ook heel erg stil."" Maar toen begonnen ze te praten. Het vogeltje en het visje praatten heel erg veel.

Nu is het meertje niet stil meer. Het vogeltje en het visje praten heel erg veel. Nu is het meertje heel erg leuk."
meta-llama/llama-3.1-8b-instruct,"
Je bent een verteller van een kort verhaal (rond de 200 woorden).
Gebruik alleen hele simpele woorden die een 3-jarig kind kan begrijpen.
Geef het verhaal geen titel of introductie.
",Vertel een verhaal.,"Er was eens een klein konijntje. Het konijntje woonde in een grote tuin met veel bloemen en groen gras.

Het konijntje was heel snel. Hij kon hard rennen en overal heen springen.

Een dag besloot het konijntje om een avontuur te gaan zoeken. Hij rende door de tuin en kwam aan bij een grote beek.

De beek was breed en diep. Maar het konijntje wilde eroverheen springen. Hij nam een diepe adem, stak zijn pootjes uit en sprong.

Hij vloog door de lucht en landde met zijn voeten in het water. Het konijntje was heel blij dat hij eroverheen was gesprongen.

Maar toen hij in het water stapte, werd hij nat. Hij had koude voeten en rilde.

Het konijntje ging terug naar zijn warme huis om droog te worden en warm te worden. Hij sliep heel goed en had een leuk avontuur gehad."
meta-llama/llama-3.1-8b-instruct,"
Je bent een verteller van een kort verhaal (rond de 200 woorden).
Gebruik alleen hele simpele woorden die een 3-jarig kind kan begrijpen.
Geef het verhaal geen titel of introductie.
",Vertel een verhaal.,"Er was eens een prinses met een mooi rood haar. Ze woonde in een mooi paleis. Elke dag ging ze naar het park om bloemen te plukken.

Een dag zag ze een leuke hondje in het park. Het was een witte hond met een rood bandje om zijn poot. De prinses was dol op honden en zei: ""Hoe heet je?"" De hondje zei: ""Mijn naam is Max.""

De prinses en Max vonden elkaar snel. Ze gingen samen op een bootje in het meer. Max sprong in het water en zwom naar een vis. De prinses lachte en zei: ""Max, je bent een goede jager!""

Toen de zon onderging, ging de prinses en Max naar het paleis. De prinses gaf Max een koekje en zei: ""Je bent mijn beste vriendje, Max."" Max bleef bij de prinses en ze waren heel gelukkig samen."
meta-llama/llama-3.1-8b-instruct,"
Je bent een verteller van een kort verhaal (rond de 200 woorden).
Gebruik alleen hele simpele woorden die een 3-jarig kind kan begrijpen.
Geef het verhaal geen titel of introductie.
",Vertel een verhaal.,"Er was een klein meisje. Ze heette Lily. Ze had een hondje dat Snoopy heette. Snoopy was een lieve hond.

Lily en Snoopy gingen naar de zee. Ze wilden spelen in het zand. Lily droeg een badpak en Snoopy had een kleine halsband aan.

Toen ze bij de zee aankwamen, zagen ze een klein bootje. Het bootje was erg klein en had een rood zeil.

Snoopy zag het bootje en begon te blaffen. Lily lachte en zei: ""Kom, Snoopy, laten we het bootje zien!""

Lily en Snoopy liepen naar het bootje. Toen ze dichterbij kwamen, zagen ze een klein meisje in het bootje. Ze was aan het varen.

Lily en Snoopy keken naar het meisje. Ze glimlachten naar elkaar. Lily zei: ""Hallo, meisje! Hoe gaat het met je?""

Het meisje in het bootje glimlachte terug en zei: ""Hallo, Lily! Ik ga varen!""

Lily en Snoopy keken naar het bootje terwijl het meisje vervaagde in de verte. Ze gingen terug naar huis, arm in arm."
meta-llama/llama-3.1-8b-instruct,"
Je bent een verteller van een kort verhaal (rond de 200 woorden).
Gebruik alleen hele simpele woorden die een 3-jarig kind kan begrijpen.
Geef het verhaal geen titel of introductie.
",Vertel een verhaal.,"Er woonde een kleine tijdje geleden een leuke jongen. Hij heette Piet. Piet had een hondje genaamd Rex. Rex was een witte hond met een rood bandje.

Piet en Rex waren heel goede vrienden. Ze gingen elke dag naar school en dan langs het park. Daar speelden ze samen met de andere kinderen.

Een dag vond Piet een mooie blauwe bal. Hij nam de bal van Piet mee naar zijn huis. Piet kwam hem halen en zei: ""Rex, ik wil die bal terug!""

Rex ging met de bal terug naar Piet. Piet was zo blij met Rex. Hij gaf Rex een snoepje als beloning.

Piet en Rex waren heel blij samen. Ze speelden verder en hadden een leuke dag. Ze sliepen heel vroeg die avond, want ze waren moe van alle plezier.

Piet en Rex waren de beste vrienden van het park."
meta-llama/llama-3.1-8b-instruct,"
Je bent een verteller van een kort verhaal (rond de 200 woorden).
Gebruik alleen hele simpele woorden die een 3-jarig kind kan begrijpen.
Geef het verhaal geen titel of introductie.
",Vertel een verhaal.,"Er was eens een klein konijn. Hij had een mooi rood jasje aan en hij ging naar de markt. Hij wilde appelkoekjes kopen.

Hij liep langs de kramen en rook aan de lekkere koekjes. Hij vond een kraam met appeltaart en die rook geweldig. De man op de kraam zei: ""Kom maar even kijken, kleine konijn!""

Het konijn keek naar de taart en zei: ""Ooh, dat ziet er echt lekkers uit!"" De man zei: ""Ja, het is superlekker! Wil je er een stukje hebben?""

Het konijn zei: ""Ja, graag!"" De man gaf hem een grote hap appeltaart. Het konijn at de hele hap op en zei: ""Mmm, dat is echt de beste taart die ik ooit heb gegeten!""

Het konijn ging naar huis en sliep met een volle maag. Hij droomde van appeltaarten en had heel veel plezier."
meta-llama/llama-3.1-8b-instruct,"
Je bent een verteller van een kort verhaal (rond de 200 woorden).
Gebruik alleen hele simpele woorden die een 3-jarig kind kan begrijpen.
Geef het verhaal geen titel of introductie.
",Vertel een verhaal.,"Er was eens een kleine vogeltje. Hij heette Piet. Piet woonde in een klein bos. Hij had een mooi rood borstje.

Piet hield van zingen. Hij zong heel mooi. Maar Piet kon ook heel slecht vliegen. Hij viel constant op de grond.

Een dag ging Piet naar de vogelmeester. ""Hoe kan ik beter vliegen?"" vroeg hij.

De vogelmeester zei: ""Piet, je moet niet bang zijn. Je moet je armen uitstrekken en je vleugels spreiden. En je moet je vleugels snel bewegen.""

Piet deed precies wat de vogelmeester zei. En hij vloog! Hij vloog hoog in de lucht. Hij zong heel hard en vrolijk.

Nu kan Piet goed vliegen. Hij vliegt elke dag. En hij zingt heel mooi. Piet is een gelukkig vogeltje."
meta-llama/llama-3.1-8b-instruct,"
Je bent een verteller van een kort verhaal (rond de 200 woorden).
Gebruik alleen hele simpele woorden die een 3-jarig kind kan begrijpen.
Geef het verhaal geen titel of introductie.
",Vertel een verhaal.,"Er was eens een klein konijn. Het konijn had een mooie groene tuin. In de tuin groeiden appels en peren.

Een dag kwam een stokoude kat naar de tuin. De kat wilde graag een appel eten. Maar het konijn hield de appels vast.

Het konijn zei: ""Je mag geen appel hebben. Die is voor mij."" De kat wilde niet luisteren. De kat probeerde de appel te pakken.

Maar het konijn was te snel. Het konijn sprong weg en de kat viel in een put. De kat was verdrietig.

Maar toen kwam een vriendelijk hond naar de plek. De hond vroeg: ""Wat is er gebeurd?"" De kat vertelde wat er was gebeurd.

De hond lachte en zei: ""Ik heb ook een appel voor je."" En de kat ging met de hond een appel eten. Nu waren de kat en de hond goede vrienden."
meta-llama/llama-3.1-8b-instruct,"
Je bent een verteller van een kort verhaal (rond de 200 woorden).
Gebruik alleen hele simpele woorden die een 3-jarig kind kan begrijpen.
Geef het verhaal geen titel of introductie.
",Vertel een verhaal.,"Er was eens een kleine vos. De vos heette Vosje. Vosje was erg slim. Hij had een rode muts op zijn hoofd. De muts was van zijn moeder.

Vosje ging naar de bos. Hij zag een mooie appelboom. De appelboom had heel veel appels. Vosje wilde een appel eten. Hij klom in de boom. Hij vond een grote appel.

Toen Vosje de appel wilde eten, hoorde hij een stem. ""Houd op, Vosje!"" zei de stem. Vosje keek omhoog en zag een vogel. De vogel had een nest in de boom.

Vosje zei sorry. Hij gaf de appel aan de vogel. De vogel was blij. Vosje ging naar beneden. Hij ging naar zijn moeder. Zijn moeder was trots op hem.

Vosje leerde dat het belangrijk is om te zorgen voor anderen. Hij hield zijn rode muts op zijn hoofd en ging naar bed. Vosje sliep met een glimlach op zijn gezicht."
meta-llama/llama-3.1-8b-instruct,"
Je bent een verteller van een kort verhaal (rond de 200 woorden).
Gebruik alleen hele simpele woorden die een 3-jarig kind kan begrijpen.
Geef het verhaal geen titel of introductie.
",Vertel een verhaal.,"Er was eens een kleine maansteen. De maansteen woonde op een prachtig strand bij de zee. Hij had een vriend, een kleine vogel genaamd Pipo.

Pipo vloog elke dag naar het strand om met de maansteen te praten. De maansteen leerde Pipo alles over de zon, de maan en de sterren.

Een dag ging de zon onder en de maan kwam omhoog. De maansteen begon te glimmen. Pipo vloog boven de zee en keek naar de maansteen. Hij zag dat de maansteen een prachtige boodschap voor hem had.

De maansteen zei: ""Pipo, wil je met me mee naar de maan?"" Pipo was heel blij en vloog met de maansteen naar de maan. Daar zagen ze een prachtig landschap met rode rotsen en blauwe meren.

Pipo en de maansteen speelden daar samen tot de zon weer opkwam. Toen moesten Pipo en de maansteen terug naar hun eigen strand."
meta-llama/llama-3.1-8b-instruct,"
Je bent een verteller van een kort verhaal (rond de 200 woorden).
Gebruik alleen hele simpele woorden die een 3-jarig kind kan begrijpen.
Geef het verhaal geen titel of introductie.
",Vertel een verhaal.,"Er woonde een leeuw in een groot bos. Hij heette Leo. Leo was een grote, rode leeuw met een lange staart. Hij had een mooi, gouden nekken.

Leo hield van spelen. Hij speelde met zijn vrienden, de olifant, de giraf en de zebra. Ze speelden een spel met bal, waarbij ze allemaal op hun beurt moesten trappen.

Een dag kwam een klein vogeltje in het bos. Het vogeltje was verdwaald en kon niet terug naar huis. Leo hoorde het vogeltje piepen en vroeg hem: ""Hoe kom je hier?""

Het vogeltje vertelde dat het was verdwaald. Leo zei: ""Maar ik ken deze weg niet."" Het vogeltje was heel dankbaar. Leo beloofde dat hij het zou helpen.

Samen met zijn vrienden ging Leo op zoek naar het vogeltje's huis. Ze liepen en liepen totdat ze eindelijk een klein nest zagen. Het vogeltje was zo blij dat het terug was thuis."
meta-llama/llama-3.1-8b-instruct,"
Je bent een verteller van een kort verhaal (rond de 200 woorden).
Gebruik alleen hele simpele woorden die een 3-jarig kind kan begrijpen.
Geef het verhaal geen titel of introductie.
",Vertel een verhaal.,"Een kleine vos ging op avontuur. Hij liep door het bos, hij zag een rivier. De vos wilde over de rivier lopen, maar hij kon niet zwemmen. Hij ging naar de oever zoeken naar een boot. Hij vond een houten bootje.

De vos klom in het bootje. Hij pookte met een stok in de rivier. Het bootje ging langzaam over de rivier. De vos was blij. Hij was aan de overkant.

Op de overkant was een prachtig grasveld. De vos ging liggen in het gras. Hij was moe, hij had hard gewerkt. Hij sliep even. Toen hij wakker werd, zag hij een mooie appelboom. De vos klom in de boom. Hij at een lekkere appel. Hij was blij en gelukkig. Hij ging terug naar zijn bos."
meta-llama/llama-3.1-8b-instruct,"
Je bent een verteller van een kort verhaal (rond de 200 woorden).
Gebruik alleen hele simpele woorden die een 3-jarig kind kan begrijpen.
Geef het verhaal geen titel of introductie.
",Vertel een verhaal.,"Er woonde een leuke hond. Hij heette Max. Max had een vriend. Zijn naam was Bob. Bob was een vogel.

Max en Bob gingen uit. Ze gingen naar de park. Het was een mooie dag. Max en Bob liepen over het gras.

Ze zagen een kind. Het kind kon niet lopen. Het kind zat op een bank. Max en Bob gingen naar het kind.

Het kind was blij. Het kind had Max en Bob graag. Max en Bob kwamen dichterbij. Ze spraken met het kind.

Max zei: ""Hallo!"" Het kind antwoordde: ""Hallo!"" Bob zei: ""Waarom zit je op de bank?"" Het kind zei: ""Ik kan niet lopen.""

Max en Bob hielpen het kind. Ze namen het kind op. Ze liepen naar huis. Het kind was blij.

Max en Bob waren blij ook. Ze hadden een nieuwe vriend. Ze gingen nog een keer naar het park. Ze speelden met het kind. Ze waren heel gelukkig."
meta-llama/llama-3.1-8b-instruct,"
Je bent een verteller van een kort verhaal (rond de 200 woorden).
Gebruik alleen hele simpele woorden die een 3-jarig kind kan begrijpen.
Geef het verhaal geen titel of introductie.
",Vertel een verhaal.,"Er woonde een kleine kikker met een rode huid. Hij heette Kiki. Kiki woonde in een helder groen vijvertje. Hij had veel vrienden in het vijvertje.

Een dag besloot Kiki om op avontuur te gaan. Hij zwom naar buiten, door de waterplanten en door de riet. Hij zag een grote zon die scheen op het water.

Kiki vond een prachtige bloem. De bloem heette Lily. Lily was heel mooi en had geurige geur. Kiki was dol op Lily.

Kiki en Lily werden vrienden. Ze speelden samen in het vijvertje. Ze zwommen samen in het water. Kiki was gelukkig dat hij een nieuwe vriend had gevonden.

Kiki en Lily bleven vrienden tot het einde van de dag. Toen was Kiki moe en ging hij terug naar zijn huis. Hij sliep snel in bed, met een glimlach op zijn gezicht. Kiki was gelukkig met zijn nieuwe vriend Lily."
meta-llama/llama-3.1-8b-instruct,"
Je bent een verteller van een kort verhaal (rond de 200 woorden).
Gebruik alleen hele simpele woorden die een 3-jarig kind kan begrijpen.
Geef het verhaal geen titel of introductie.
",Vertel een verhaal.,"Er was eens een klein koninkje. Het koninkje woonde in een groot kasteel. Het kasteel had een prachtige tuin. In de tuin groeiden bloemen en bomen.

Het koninkje hield van een appelboom. De appelboom gaf het beste appels van het hele koninkrijk.

Een dag ging het koninkje naar de appelboom. Het koninkje pakte een appel en at hem op. De appel was zoets en lekker.

Toen het koninkje terug naar het kasteel ging, zag hij een klein beertje. Het beertje zat op de grond en speelde met een bal.

Het koninkje lachte en zei: 'Hallo beertje! Speel je graag met de bal?' Het beertje zei: 'Ja, ik speel graag met de bal.'

Het koninkje en het beertje speelden samen tot de zon onder ging. Toen ging het koninkje terug naar het kasteel en het beertje ging slapen in zijn hol."
meta-llama/llama-3.1-8b-instruct,"
Je bent een verteller van een kort verhaal (rond de 200 woorden).
Gebruik alleen hele simpele woorden die een 3-jarig kind kan begrijpen.
Geef het verhaal geen titel of introductie.
",Vertel een verhaal.,"Er was eens een klein konijntje. Het konijntje had witte oren en een rode neus. Het konijntje hield van groene bladeren.

Het konijntje ging naar de tuin. In de tuin groeiden veel groene bladeren. Het konijntje at de bladeren.

Een vriendje van het konijntje kwam naar de tuin. Het vriendje was een vogeltje. Het vogeltje had een mooie zangstem.

Het vogeltje zong een liedje: ""Piep, piep, ik ben hier! Piep, piep, ik zie je!""

Het konijntje hoorde het liedje van het vogeltje. Het konijntje was blij.

Het konijntje en het vogeltje speelden samen in de tuin. Ze aten bladeren en zongen liedjes.

De zon ging onder. Het konijntje en het vogeltje gingen slapen. Ze waren heel gelukkig."
meta-llama/llama-3.1-8b-instruct,"
Je bent een verteller van een kort verhaal (rond de 200 woorden).
Gebruik alleen hele simpele woorden die een 3-jarig kind kan begrijpen.
Geef het verhaal geen titel of introductie.
",Vertel een verhaal.,"Er was eens een klein hondje. De hond heette Max. Max was rood en had een lange staart. Hij hield van spelen.

Max had een beste vriend. De vriend heette Tim. Tim had een fiets. Max hield van Tim's fiets.

Een dag ging Tim op zijn fiets. Max ging mee. Ze reden over de weg. De wind waaide door Max' haar.

Toen ze langzaam reden, zag Max een bal in het gras. De bal was rood. Max hield van rood.

Max sprong van de fiets af. Hij liep naar de bal. Max pakte de bal in zijn tanden. Hij bracht de bal terug naar Tim.

Tim was blij met Max. ""Dank je wel, Max!"" zei Tim. Max kwam terug naar Tim. Ze reden weer verder.

Max was trots op zichzelf. Hij had de bal gevonden. Hij hield van spelen en van Tim."
meta-llama/llama-3.1-8b-instruct,"
Je bent een verteller van een kort verhaal (rond de 200 woorden).
Gebruik alleen hele simpele woorden die een 3-jarig kind kan begrijpen.
Geef het verhaal geen titel of introductie.
",Vertel een verhaal.,"Een kleine vogel zat in een boom. De vogel heette Piet. Piet vloog over een veld met bloemen. Hij vond een mooie bloem. De bloem was rood.

Piet wilde de bloem hebben. Hij vloog naar de bloem. Maar hij raakte zijn vleugels in een doorn. De vogel schreeuwde. Hij vloog niet meer.

Een vriendelijke vos kwam langsgaan. ""Piep, wat doe je?"" vroeg de vos. ""Ik zit vast in een doorn"", zei Piet. De vos zei: ""Ik kan je helpen.""

De vos haalde de doorn weg. Piet vloog weer. Hij vloog naar de vos. ""Dank je wel!"" zei Piet. De vos glimlachte."
meta-llama/llama-3.1-8b-instruct,"
Je bent een verteller van een kort verhaal (rond de 200 woorden).
Gebruik alleen hele simpele woorden die een 3-jarig kind kan begrijpen.
Geef het verhaal geen titel of introductie.
",Vertel een verhaal.,"Er was eens een klein hondje. Hij heette Max. Max was heel lief. Hij had een rood baasje.

Max hield van spelen. Hij liep rondjes om de boom. Hij blafte van plezier.

Een dag kwam een regenbui. Max was bang. Hij wilde naar binnen. Hij ging bij zijn rood baasje zitten.

Maar Max' baasje had een idee. ""Max, kom mee"", zei hij. ""We gaan zwemmen!""

Max was verbaasd. Hij had nog nooit in het water gezeten. Maar hij was ook nieuwsgierig. Hij ging het water in.

Max vond het leuk. Hij blafte en sprong in het water. Hij was een echte zwemmer!

Toen de regenbui voorbij was, ging Max terug naar binnen. Hij was heel trots op zichzelf. Hij had ontdekt dat hij kon zwemmen.

Max' baasje was ook trots op hem. Hij gaf Max een knuffel. ""Je bent een geweldige hond, Max!"""
meta-llama/llama-3.1-8b-instruct,"
Je bent een verteller van een kort verhaal (rond de 200 woorden).
Gebruik alleen hele simpele woorden die een 3-jarig kind kan begrijpen.
Geef het verhaal geen titel of introductie.
",Vertel een verhaal.,"Er woonde een klein konijn. Het konijn heette Benny. Benny woonde in een klein holen in de grond.

Benny hield van appel. Eén dag vond hij een prachtige appel in een boom. Hij klom in de boom om de appel te plukken.

Maar het konijn dat in de boom woonde, was boos. Hij zei: ""Doe dat niet! De appel is van mij!""

Benny zei: ""Sorry! Mag ik de appel dan hebben?""

Het andere konijn dacht even na. ""Ja, maar jij moet me dan helpen met het oogsten van de bieten in mijn tuin.""

Benny was blij. Hij hielp het andere konijn met het oogsten van de bieten. Toen waren ze goede vrienden.

Benny at de appel en hij was heel blij. Hij wist dat hij een goed vriend had. Vanaf dan werkten Benny en het andere konijn samen om de tuin te laten bloeien."
meta-llama/llama-3.1-8b-instruct,"
Je bent een verteller van een kort verhaal (rond de 200 woorden).
Gebruik alleen hele simpele woorden die een 3-jarig kind kan begrijpen.
Geef het verhaal geen titel of introductie.
",Vertel een verhaal.,"Er was een klein konijntje. Het konijntje heette Koen. Koen was erg snel. Hij kon overal hardheidsloos doorheen rennen.

Een dag ging Koen in de tuin spelen. Hij ontdekte een bloem. De bloem was rood en mooi. Koen vond de bloem zo leuk.

Maar toen Koen de bloem wilde aanraken, kwam er een bij. De bij was boos. 'Wie zijn jij?' vroeg de bij.

'Ik ben Koen', zei het konijntje.

'Hoe kom je in mijn tuin?' vroeg de bij.

'Ik kom om te spelen', zei Koen.

De bij was nog steeds boos. Maar toen zag hij hoe snel Koen kon rennen. 'Wacht even', zei de bij. 'Ik wil met je meerenen.'

Koen en de bij deden samen heel veel afstanden. Ze werden vrienden. En vanaf dan, speelde Koen nooit meer met de bloem, want de bij was nu zijn vriend."
meta-llama/llama-3.1-8b-instruct,"
Je bent een verteller van een kort verhaal (rond de 200 woorden).
Gebruik alleen hele simpele woorden die een 3-jarig kind kan begrijpen.
Geef het verhaal geen titel of introductie.
",Vertel een verhaal.,"Er was eens een kleine vos. Hij heette Vosje. Vosje was heel snel. Hij kon in een tel van de ene boom naar de andere boom rennen.

Een dag zei Vosje: ""Ik wil een appel hebben!"" Er was een appelboom met prachtige rode appels. Maar de appelboom stond heel hoog.

Vosje dacht: ""Ik ga naar de boom klimmen!"" Vosje klom omhoog. Hij klom zo snel dat hij bij de appels was. Vosje pakte een appel en at hem op.

De appel was erg zoet. Vosje vond hem heerlijk. Vosje ging naar beneden en zei: ""Dat was leuk! Ik ga nog een appel halen!""

Vosje klom weer omhoog en pakte nog een appel. Vosje at de appel op en zei: ""Dat was nog lekkerder!"" Vosje ging naar huis en sliep lekker."
meta-llama/llama-3.1-8b-instruct,"
Je bent een verteller van een kort verhaal (rond de 200 woorden).
Gebruik alleen hele simpele woorden die een 3-jarig kind kan begrijpen.
Geef het verhaal geen titel of introductie.
",Vertel een verhaal.,"Er was een klein konijn. Het konijn heette Benny. Benny woonde in een groene tuin vol bloemen en bomen. Benny hield van spelen met zijn vrienden. 

Een dag ging Benny op avontuur. Hij zag een prachtige roze bloem en wilde die plukken. Maar toen hij erachter kwam, zat er een vlinder op zitten. De vlinder heette Lily. 

Benny en Lily werden vrienden. Ze speelden samen in de tuin. Ze renden, sprongen en dansten door de bloemen. 

Toen begon het te regenen. Benny en Lily liepen naar een klein schuilplaats. Daar zongen ze een liedje. Ze vertelden elkaar over hun leuke dingen. 

Na het regenwed, ging de zon weer schijnen. Benny en Lily gingen weer spelen. Ze waren zo gelukkig om vrienden te zijn. En ze konden altijd samen spelen in de mooie tuin."
meta-llama/llama-3.1-8b-instruct,"
Je bent een verteller van een kort verhaal (rond de 200 woorden).
Gebruik alleen hele simpele woorden die een 3-jarig kind kan begrijpen.
Geef het verhaal geen titel of introductie.
",Vertel een verhaal.,"Er was eens een klein konijn. Het konijn had een zilveren halsketting.

Het konijn was erg bang. Er was een grote hond die op hem jaagde.

Het konijn rende weg en vond een grote boom. Het konijn klom de boom in.

De hond kwam langs en bleef staan. Hij kon niet in de boom klimmen.

Het konijn was veilig in de boom. Het konijn viel in slaap.

De volgende ochtend kwam de zon op. Het konijn klom uit de boom.

Het konijn ging naar huis. Het konijn was blij om thuis te zijn.

Het konijn nam een bad. Het konijn droeg zijn zilveren halsketting.

Nu is het konijn gelukkig. Het konijn is veilig thuis."
meta-llama/llama-3.1-8b-instruct,"
Je bent een verteller van een kort verhaal (rond de 200 woorden).
Gebruik alleen hele simpele woorden die een 3-jarig kind kan begrijpen.
Geef het verhaal geen titel of introductie.
",Vertel een verhaal.,"Er was een kleintje met een rode fiets. Het kleintje heette Jan. Jan woonde bij zijn moeder en vader in een huisje. Hij hield van zijn fiets.

Een dag besloot Jan zijn fiets te schilderen. Hij woonde vlak bij een prachtig park. Jan ging naar het park en pakte een potje verf. Hij koos een mooie groene kleur.

Jan begon te schilderen. De fiets werd groen. Jan was heel blij. Hij dacht: ""Mijn fiets ziet er leuk uit!""

Tijdens het schilderen kwam een vriend van Jan naar hem toe. Hij zei: ""Jan, je fiets is nu groen!"" Jan antwoordde: ""Ja, ik heb hem net geschilderd!""

Jan en zijn vriend gingen op pad. Ze reden langzaam door het park. Het was een mooie dag. De zon scheen en de vogels zongen. Jan en zijn vriend genoten van het mooie weer. Ze hadden een leuke tijd samen."
meta-llama/llama-3.1-8b-instruct,"
Je bent een verteller van een kort verhaal (rond de 200 woorden).
Gebruik alleen hele simpele woorden die een 3-jarig kind kan begrijpen.
Geef het verhaal geen titel of introductie.
",Vertel een verhaal.,"Een kleine haan woonde in een klein dorp. Hij had een mooie rode snavel en een witte staart. De haan hield van dansen en zingen.

Een dag kwam een sterk wind. Het regende en het was koud. De haan wilde naar binnen gaan, maar hij was bang. Hij dacht: ""Wat als het water mijn huis in komt?""

De haan dacht even na. Toen had hij een goed idee. Hij ging naar de benedenkamer en pakte een rubberen zeep. Hij deed de rubberen zeep in het gat onder de deur. Nu liep het water om de zeep heen en kwam niet binnen.

De haan was heel blij en ging naar bed. Hij dacht: ""Ik ben een slimme haan!"""
meta-llama/llama-3.1-8b-instruct,"
Je bent een verteller van een kort verhaal (rond de 200 woorden).
Gebruik alleen hele simpele woorden die een 3-jarig kind kan begrijpen.
Geef het verhaal geen titel of introductie.
",Vertel een verhaal.,"Er was eens een klein konijn. Het konijn heette Fluffy. Fluffy woonde in een prachtig bos.

Fluffy hield van eten. Hij at veel groente en fruit. Maar hij had een grote honger. Hij wilde veel eten.

Fluffy ging op onderzoek uit. Hij liep door het bos en vond een mooi weiland. Daar stond een grote schuur.

De schuur stond open. Fluffy ging naar binnen. Binnen was het donker. Maar hij zag een klein lichtje.

Fluffy liep naar het lichtje. Daar zat een oude vos. De vos zei: ""Hallo, kleine konijn. Wil je een stuk appel?""

Fluffy was blij. Hij nam een appel. Hij at hem op. ""Dank je wel, oude vos,"" zei hij.

De vos lachte. ""Kom maar terug, kleine konijn. Ik heb nog meer lekkers voor je."" Fluffy glimlachte en ging naar huis. Hij was tevreden."
meta-llama/llama-3.1-8b-instruct,"
Je bent een verteller van een kort verhaal (rond de 200 woorden).
Gebruik alleen hele simpele woorden die een 3-jarig kind kan begrijpen.
Geef het verhaal geen titel of introductie.
",Vertel een verhaal.,"Er was eens een kleinen vos. Hij heette Vosje. Vosje wou graag honing proeven uit de beek. Hij wou er veel van hebben.

Vosje zocht naar de honing. Hij liep door het bos. Hij vond een grote beek. Er zat honing in de beek. Vosje was blij.

Maar toen hij erbij ging, hoorde hij een stem. ""Hallo, wie daar?"" vroeg de stem. Vosje zag een grote vogel. De vogel had een glimmende stenen ring om zijn poot.

""Dat ben ik,"" zei Vosje. ""Ik wil de honing proeven."" De vogel zei: ""Je mag de honing niet hebben. De honing is van mij.""

Vosje was verdrietig. Maar toen dacht hij na. ""Waarom kun jij niet samen met me de honing delen?"" vroeg hij. De vogel was blij met Vosje. Ze aten de honing samen.

Vosje en de vogel werden goede vrienden. Ze aten honing en speelden samen in het bos."
meta-llama/llama-3.1-8b-instruct,"
Je bent een verteller van een kort verhaal (rond de 200 woorden).
Gebruik alleen hele simpele woorden die een 3-jarig kind kan begrijpen.
Geef het verhaal geen titel of introductie.
",Vertel een verhaal.,"Er woonde een klein meisje met een hond. Ze noemde hem Max. Max was rood en had een lange staart. Hij was heel lief.

Een dag ging het meisje op stap met Max. Ze liepen door de weilanden. Het gras was groen en zacht. Max sprong over bloemen heen.

Toen kwamen ze bij een rivier. Het meisje wilde over het water lopen. Maar het water was diep en koud. Max durfde niet alleen over het water te lopen.

Het meisje pakte Max vast en samen liepen ze over het water. Max had een grote lach op zijn gezicht. Hij was heel blij.

Toen ze aan de andere kant waren, liepen ze naar een boom. Daar zochten ze eieren. Max snuffelde en vond een ei. Het meisje was blij met Max. Hij was een goede hond. Samen gingen ze naar huis."
meta-llama/llama-3.1-8b-instruct,"
Je bent een verteller van een kort verhaal (rond de 200 woorden).
Gebruik alleen hele simpele woorden die een 3-jarig kind kan begrijpen.
Geef het verhaal geen titel of introductie.
",Vertel een verhaal.,"Er was eens een kleine vos. Hij heette Jip. Jip was heel slim. Hij wist altijd wat hij moest doen.

Jip ging elke dag op avontuur in het bos. Hij zag een klein konijntje. Het konijntje was bang. Jip zei: ""Rustig maar, ik doe geen kwaad.""

Het konijntje wilde met Jip spelen. Ze speelden samen in het bos. Jip en het konijntje vonden een schat. Het was een klein doosje vol met noten.

Jip en het konijntje gingen terug naar hun huis. Ze aten alle noten op. Jip en het konijntje waren heel tevreden.

Jip ging naar bed. Hij droomde van het bos en zijn vriendje het konijntje. Jip was heel gelukkig. Hij wist dat hij een goede vriend was. En hij wist dat hij de volgende dag weer op avontuur zou gaan."
meta-llama/llama-3.1-8b-instruct,"
Je bent een verteller van een kort verhaal (rond de 200 woorden).
Gebruik alleen hele simpele woorden die een 3-jarig kind kan begrijpen.
Geef het verhaal geen titel of introductie.
",Vertel een verhaal.,"Er was eens een kleine duiker. Hij heette Piet. Piet ging naar de zee om te duiken. Hij had een roze duikpak aan.

Piet zag een prachtige vis. De vis was rood en blauw. De vis zei: ""Hallo Piet, wil je met me mee zwemmen?""

Piet zei: ""Ja, dat wil ik wel!""

Samen zwommen Piet en de vis door het water. Ze zagen mooie stenen en prachtige schelpen.

Toen begon de vis te zingen. ""Wij zwemmen door de zee, wij zijn vrolijk en blij. Wij zien mooie dingen, wij zijn gelukkig.""

Piet lachte en zei: ""Dit is het leukste dat ik ooit heb meegemaakt!""

De vis zei: ""Je bent welkom in mijn onderwaterwereld. Kom terug als je wilt, dan ga ik weer met je zwemmen.""

Piet zei: ""Ik kom terug, beloofd!"" En hij zwom terug naar het strand. Piet was heel gelukkig."
meta-llama/llama-3.1-8b-instruct,"
Je bent een verteller van een kort verhaal (rond de 200 woorden).
Gebruik alleen hele simpele woorden die een 3-jarig kind kan begrijpen.
Geef het verhaal geen titel of introductie.
",Vertel een verhaal.,"Er was eens een kleine eend. Ze heette Eentje. Eentje was een lieve eend. Ze had een mooi groen nest.

Eentje ging naar het water. Ze zwom door het water. Ze zocht naar vis. Eentje vond een vis. Ze pakte de vis met haar bek.

Eentje ging naar haar nest. Ze legde de vis boven op het nest. Haar baby-eendjes kwamen eraan rennen. ""Mama, mama!"" riepen ze.

Eentje gaf de baby-eendjes te eten. Ze aten de vis op. Eentje was blij. Ze had haar baby-eendjes gevoerd.

Toen aten Eentje en haar baby-eendjes samen. Ze waren heel gelukkig. Eentje was een goede mama. Ze nam goed zorg voor haar baby-eendjes.

De zon begon onder te gaan. Eentje en haar baby-eendjes gingen slapen. Ze sliepen in hun nest. Ze hadden een fijn avondje."
meta-llama/llama-3.1-8b-instruct,"
Je bent een verteller van een kort verhaal (rond de 200 woorden).
Gebruik alleen hele simpele woorden die een 3-jarig kind kan begrijpen.
Geef het verhaal geen titel of introductie.
",Vertel een verhaal.,"Er was eens een jonge hond. Hij heette Max. Max was een mooi rood hondje. Hij had een lange staart en een witte bek.

Max woonde bij een kind. Het kind heette Tim. Tim was lief voor Max. Hij speelde altijd met Max.

Een dag ging Tim en Max naar de speeltuin. Daar was een grote speeltuin met veel speelgoed. Tim en Max speelden samen op de trampoline en de klauterende berg.

Maar toen kwam een regenbui. Tim en Max moesten naar huis. Ze liepen snel naar huis, want ze waren nat geworden.

Toen ze thuiskwamen, gaf Tim Max een droge trui aan. Max was blij om droog te zijn. Hij lag op zijn bed en sliep snel in. Tim glimlachte en gaf Max een knuffel."
meta-llama/llama-3.1-8b-instruct,"
Je bent een verteller van een kort verhaal (rond de 200 woorden).
Gebruik alleen hele simpele woorden die een 3-jarig kind kan begrijpen.
Geef het verhaal geen titel of introductie.
",Vertel een verhaal.,"Er leefde een kleine beer. Hij heette Bert. Bert woonde in een bos. Hij had een mooie klein huisje gemaakt van bladeren en takken.

Bert had een beste vriend, een vos. Zijn naam was Viktor. Viktor was snel en kon goed rennen.

Eén dag zei Viktor: ""Bert, laten we gaan padden vangen!"" Bert was blij en zei: ""Ja, laten we gaan!""

Samen gingen ze naar het meer. Ze zagen veel padden. Bert en Viktor probeerden ze te vangen. Maar de padden waren snel en vlug.

Bert en Viktor lachten en zei: ""We kunnen ze niet vangen."" Bert had een idee. ""Laten we ze vriendelijk vragen of ze met ons willen spelen!""

De padden zeiden: ""Ja, we willen graag spelen!"" Bert en Viktor speelden met de padden. Ze lachten en hadden veel plezier.

Na de dag zei Viktor: ""Dank je, Bert. Dat was een leuke dag."" Bert antwoordde: ""Ja, dank je, Viktor. Dat was een leuke dag voor mij ook."""
meta-llama/llama-3.1-8b-instruct,"
Je bent een verteller van een kort verhaal (rond de 200 woorden).
Gebruik alleen hele simpele woorden die een 3-jarig kind kan begrijpen.
Geef het verhaal geen titel of introductie.
",Vertel een verhaal.,"Er woonde een meisje genaamd Lieve. Ze had een hond genaamd Bob. Bob was een lieve hond. Hij was groen.

Lieve en Bob gingen naar het park. Ze speelden samen. Bob rende naar voren en Lieve lachte.

Toen zei Lieve: ""Bob, kom hier!"" Bob kwam naar Lieve.

Lieve zei: ""Bob, wil je een appeltje?"" Bob begon te kwispelen. Hij hield zijn staart omhoog.

Lieve gaf Bob een appeltje. Bob begon te eten. Lieve lachte.

Lieve en Bob gingen naar huis. Ze waren beiden heel gelukkig. Lieve gaf Bob een knuffel.

Bob sliep bij Lieve. Hij droomde over appeltjes. Lieve lachte in haar slaap.

Lieve en Bob waren een perfecte vrienden. Ze waren heel gelukkig samen."
meta-llama/llama-3.1-8b-instruct,"
Je bent een verteller van een kort verhaal (rond de 200 woorden).
Gebruik alleen hele simpele woorden die een 3-jarig kind kan begrijpen.
Geef het verhaal geen titel of introductie.
",Vertel een verhaal.,"Er woonde een jonge hondje. Hij heette Max. Max was een witte hond met een rood strikje om zijn nek.

Max woonde bij zijn vriendje, een klein meisje genaamd Sophie. Sophie gaf Max altijd kaas te eten en speelde met hem in de tuin.

Een dag ging Sophie uit spelen. Max bleef alleen in de tuin. Hij zag een vogel in een boom zitten. Max wilde ook een vogel worden, dus hij sprong op een luchtballon en zwierde weg.

Max vloog boven de tuin. Hij zag Sophie op de bank zitten. Hij zag haar huilen omdat ze Max niet kon vinden. Max wilde terugkomen naar Sophie, dus hij liet de luchtballon zakken.

Max landde weer op de grond en rende naar Sophie. Sophie was heel blij om hem te zien en gaf hem een grote knuffel. Max was blij om weer bij Sophie te zijn en hij kreeg een borrel kaas."
meta-llama/llama-3.1-8b-instruct,"
Je bent een verteller van een kort verhaal (rond de 200 woorden).
Gebruik alleen hele simpele woorden die een 3-jarig kind kan begrijpen.
Geef het verhaal geen titel of introductie.
",Vertel een verhaal.,"Een kleine vogeltje woonde in een boom. De boom was groen en zo hoog dat je erin moest klimmen om erin te komen.

Het vogeltje had witte vleugels en een rood snuitje. Het vogeltje hield van zingen. Elke ochtend zong het vogeltje een mooi liedje.

Een dag kwam een grote regen. De regen viel hard op de boom. Het vogeltje was bang.

Maar het vogeltje wist een goed idee. Het vogeltje ging naar beneden en vond een klein hokje. Het hokje was droog en warm.

Het vogeltje ging in het hokje zitten. Het vogeltje was blij en veilig. Toen was de regen weg en de zon scheen.

Het vogeltje kwam uit het hokje en vloog weer omhoog. Het vogeltje zong weer een mooi liedje. De boom was weer groen en het vogeltje was weer blij."
meta-llama/llama-3.1-8b-instruct,"
Je bent een verteller van een kort verhaal (rond de 200 woorden).
Gebruik alleen hele simpele woorden die een 3-jarig kind kan begrijpen.
Geef het verhaal geen titel of introductie.
",Vertel een verhaal.,"Er leefde eens een hond met een rood vacht. Hij heette Roodje. Roodje was heel lief en hij hield van spelen. Elke dag ging Roodje naar de park. Daar speelde hij met andere honden.

Een dag ging Roodje naar de rivier. Hij wilde een schommelsteen oppakken. Maar toen hij in het water stapte, begon hij te glibberen. Hij viel in het water. Roodje begon te zwemmen. Hij zwom naar de overkant van de rivier.

Toen hij aan land kwam, was hij heel nat. Hij liep naar huis om te drogen. Zijn baasje deed hem een handdoek om zijn hondenvacht. Daarna kwam Roodje weer bij zijn baasje zitten. Hij was heel blij. Hij had een fijne dag gehad. Vanaf toen ging Roodje nooit meer alleen naar de rivier. Hij ging altijd naar de park met zijn baasje."
meta-llama/llama-3.1-8b-instruct,"
Je bent een verteller van een kort verhaal (rond de 200 woorden).
Gebruik alleen hele simpele woorden die een 3-jarig kind kan begrijpen.
Geef het verhaal geen titel of introductie.
",Vertel een verhaal.,"Er was een kleine vogeltje. Het heette Pip. Pip was een leuke vogel. Hij had een rood borstje.

Pip woonde in een boom. De boom was groot en groen. Pip had een nest in de boom.

Pip vond een ei. Het ei was klein en wit. Hij nam het ei in zijn nest.

De moeder van Pip kwam terug. Ze was heel blij om het ei te zien. Ze zei: ""Dank je, Pip! Ik kan mijn ei in de boom leggen.""

De moeder van Pip legde haar ei in het nest. Pip was trots. Hij had geholpen.

De moeder van Pip kwam terug. Ze zette zich neer. Ze legde een eitje in het nest. Ze zei: ""Dank je, Pip! Je bent een goede vogel.""

Pip was blij. Hij had geholpen. Hij was trots. Hij vloog weg. Hij vond een appel. Hij at de appel. Pip was gelukkig."
meta-llama/llama-3.1-8b-instruct,"
Je bent een verteller van een kort verhaal (rond de 200 woorden).
Gebruik alleen hele simpele woorden die een 3-jarig kind kan begrijpen.
Geef het verhaal geen titel of introductie.
",Vertel een verhaal.,"Een kleine beer genaamd Bert woonde in een bos. Bert hield van wandelen en spelen. Hij had een beste vriend, een vogel genaamd Vlieg.

Een dag ging Bert op avontuur. Hij liep door het bos en kwam bij een prachtig meer. Bert had nog nooit zo'n mooi meer gezien. Hij was zo trots op de wereld.

Vlieg vloog naar het meer en vroeg Bert: ""Wat vind je hier zo leuk, Bert?""

Bert zei: ""Ik vind dit meer zo mooi! Het is zo blauw en zo rustig.""

Vlieg vloog boven het meer en vroeg: ""Wil je een bootje op het meer?""

Bert zei: ""Ja, dat wil ik wel!""

Vlieg vond een klein bootje en hield het vast. Bert stapte in en Vlieg trok aan de riem. Ze gingen op het meer toeren en zeiden: ""Wauw! Dit is leuk!""

Bert en Vlieg hadden een fijne dag op het meer. Toen de zon onderging, ging Bert terug naar huis. Hij was heel blij en zei: ""Ik kom weer terug, Vlieg!"""
meta-llama/llama-3.1-8b-instruct,"
Je bent een verteller van een kort verhaal (rond de 200 woorden).
Gebruik alleen hele simpele woorden die een 3-jarig kind kan begrijpen.
Geef het verhaal geen titel of introductie.
",Vertel een verhaal.,"Er was een klein hondje. Hij heette Max. Max had een rode vacht en een lange staart. Hij was erg leuk.

Max woonde bij een meisje genaamd Sophie. Sophie was erg lief voor Max. Ze gaf hem veel eten en speelde met hem.

Een keer ging Sophie en Max naar de park. In het park was een grote speeltuin. Max zag veel nieuwe dingen. Hij zag kinderen die op de trampoline sprongen en klimmen op de klimrek.

Max wilde ook klimmen. Hij liep naar de klimrek en begon te klimmen. Sophie lachte en zei: ""Max, je bent zo sterk!""

Max was trots. Hij klom naar boven en keek om zich heen. Het was prachtig. Sophie gaf Max een knuffel en zei: ""Ik hou van je, Max!""

Max was gelukkig. Hij had een leuke dag gehad met Sophie in het park."
meta-llama/llama-3.1-8b-instruct,"
Je bent een verteller van een kort verhaal (rond de 200 woorden).
Gebruik alleen hele simpele woorden die een 3-jarig kind kan begrijpen.
Geef het verhaal geen titel of introductie.
",Vertel een verhaal.,"Er was een klein beertje. Het beertje heette Bert. Bert was heel klein. Hij kon niet hard rennen. Hij kon maar langzaam lopen.

Een dag ging Bert naar de bos. Hij wilde bloemen zien. Maar hij kon niet door de poort. De poort was te hoog.

Bert dacht even na. Hij sloeg zijn oren als een soort trap. Nu kon hij hoger springen. Hij klom over de muur. Nu kon hij door de poort.

Bert ging door het bos. Hij zag prachtige bloemen. Hij zag blauwe bloemen, roze bloemen en gele bloemen. Bert was heel blij.

Bert nam een bloem. Hij gaf hem aan zijn vriendinnetje, Bertha. Bertha was heel blij. Ze gaf Bert een knuffel.

Bert en Bertha waren heel blij. Ze gingen samen spelen. Ze renden door het bos. Ze lachten en spelen.

Bert en Bertha waren het gelukkigst kindertje in het hele bos."
meta-llama/llama-3.1-8b-instruct,"
Je bent een verteller van een kort verhaal (rond de 200 woorden).
Gebruik alleen hele simpele woorden die een 3-jarig kind kan begrijpen.
Geef het verhaal geen titel of introductie.
",Vertel een verhaal.,"Er waren eens twee vrienden, een hond en een kat. Ze waren erg goed vrienden.

De hond heette Max en de kat heette Whiskers. Ze zouden altijd samen spelen.

Een dag vonden ze een klein vogeltje. Het vogeltje was verdwaald en kon niet terug naar zijn nest.

Max en Whiskers besloten om het vogeltje naar zijn nest te brengen. Ze gingen op pad en vonden uiteindelijk het nest.

Het vogeltje was erg dankbaar. Het vogeltje vloog weg en ging terug naar zijn nest.

Max en Whiskers keken elkaar aan en glimlachten. Ze waren trots op wat ze hadden gedaan.

Ze gingen terug naar hun huis en aten samen een hapje. Max en Whiskers waren erg gelukkig en werden goede helden."
meta-llama/llama-3.1-8b-instruct,"
Je bent een verteller van een kort verhaal (rond de 200 woorden).
Gebruik alleen hele simpele woorden die een 3-jarig kind kan begrijpen.
Geef het verhaal geen titel of introductie.
",Vertel een verhaal.,"Er was een klein konijntje. Het konijntje heette Kiki. Kiki was erg snel. Hij kon heel snel rennen.

Een dag ging Kiki naar een grote weiland. Hij zag een grote roze bloem. ""Wat een prachtige bloem!"" zei Kiki.

Kiki ging dichterbij de bloem. Maar plotseling kwam er een grote vos op Kiki af. De vos wilde Kiki eten.

Maar Kiki was erg snel. Hij rende weg van de vos. Kiki rende naar een klein hol. Hij ging snel naar binnen en sloot de deur.

De vos kwam naar het hol. Maar hij kon niet binnengaan. Kiki was veilig in zijn hol.

Kiki was erg blij dat hij veilig was. Hij ging slapen en droomde van roze bloemen. Morgen zou hij weer naar buiten gaan en kijken of er nog meer prachtige bloemen waren."
meta-llama/llama-3.1-8b-instruct,"
Je bent een verteller van een kort verhaal (rond de 200 woorden).
Gebruik alleen hele simpele woorden die een 3-jarig kind kan begrijpen.
Geef het verhaal geen titel of introductie.
",Vertel een verhaal.,"Er was eens een klein konijntje. Het konijntje had lange oren en een rood neusje. Het woonde in een groene weide vol bloemen.

Op een dag liep het konijntje naar de weide. Het zong een liedje: ""Sprookjesland, Sprookjesland, zo mooi en zo leuk!""

Toen hoorde het konijntje een geluid. Het keek omhoog en zag een mooie vlieger. De vlieger waaide boven de weide.

Hoe hoger de vlieger vloog, hoe meer het konijntje wilde wapperen. Het liep onder de vlieger en wapperde met zijn oren. De vlieger vloog hoger en hoger.

Toen de vlieger hoog in de lucht was, viel hij opeens neer. Het konijntje rende snel naar de vlieger en vond een klein cadeautje. Het cadeautje was een mooie roze bloem!

Het konijntje was zo blij en nam de bloem mee naar huis. Het konijntje sliep die nacht met de bloem in zijn bed."
meta-llama/llama-3.1-8b-instruct,"
Je bent een verteller van een kort verhaal (rond de 200 woorden).
Gebruik alleen hele simpele woorden die een 3-jarig kind kan begrijpen.
Geef het verhaal geen titel of introductie.
",Vertel een verhaal.,"Er was eens een klein konijn. Het konijn had een mooie tuin. In de tuin groeiden bloemen en bomen. Het konijn hield van de tuin.

Het konijn had vrienden. Ze waren een vogel, een eend en een vis. Ze kwamen vaak in de tuin.

Een dag kwam er een regen. De tuin werd nat. De bloemen en bomen vielen om. Het konijn was bang.

Maar zijn vrienden zeiden: 'Maak je geen zorgen. We helpen je.' De vogel vloog naar boven en pakte bladeren. De eend zwom naar de tuin en bracht modder. De vis kwam uit het water en zette de bladeren en modder op de juiste plek.

De tuin werd mooi weer. Het konijn was dankbaar voor zijn vrienden.

Daarna kwamen ze vaak in de tuin. Ze zorgden samen voor de tuin. Het konijn was gelukkig met zijn vrienden. Ze waren de beste vrienden."
meta-llama/llama-3.1-8b-instruct,"
Je bent een verteller van een kort verhaal (rond de 200 woorden).
Gebruik alleen hele simpele woorden die een 3-jarig kind kan begrijpen.
Geef het verhaal geen titel of introductie.
",Vertel een verhaal.,"Er was eens een klein konijntje. Het konijntje heette Kiki. Kiki was heel klein en heel lief. Kiki woonde in een mooie tuin vol bloemen.

Een dag ging Kiki op onderzoek uit. Kiki zag een schuilkomst in de tuin. Het was een klein hokje met een deurtje. Kiki ging naar binnen.

Daar zat een klein vogeltje. Het vogeltje heette Pip. Pip was heel bang. Pip was weggelopen van zijn nest en kon niet terug.

Kiki zei: ""Hallo Pip! Waar kom je vandaan?"" Pip vertelde Kiki dat hij bang was. Kiki zei: ""Maak je maar geen zorgen, Pip! Ik zal je helpen.""

Kiki en Pip werden vrienden. Kiki nam Pip terug naar zijn nest. Pip was heel dankbaar. Pip zei: ""Dank je wel, Kiki! Ik ben je vriend!""

Kiki en Pip speelden samen in de tuin. Ze gingen op avontuur en zochten naar leuke plekjes. Ze waren heel blij met elkaar. En ze bleven altijd vrienden."
meta-llama/llama-3.1-8b-instruct,"
Je bent een verteller van een kort verhaal (rond de 200 woorden).
Gebruik alleen hele simpele woorden die een 3-jarig kind kan begrijpen.
Geef het verhaal geen titel of introductie.
",Vertel een verhaal.,"Er was eens een kleine haas. Hij heette Harry. Harry had een mooie rode neus en lange oren. Hij woonde in een prachtige groene bos.

Harry hield van eten. Hij at elke dag bieten en aardappels. Maar hij had een grote vraag. Wat gebeurt er als het donker wordt?

Harry ging naar zijn beste vriend, een beer genaamd Boris. Boris sliep 's nachts, maar hij werd wakker als Harry kwam. Harry vroeg Boris: ""Boris, wat gebeurt er als het donker wordt?""

Boris antwoordde: ""Harry, als het donker wordt, dan moet je naar binnen gaan en slapen. Dan is alles goed.""

Harry ging naar binnen en sliep. De volgende ochtend was het weer licht. Harry wist nu wat hij moest doen als het donker werd. Hij was heel blij met zijn vriend Boris. Vanaf toen sliep Harry altijd op tijd en was hij een gezonde haas."
meta-llama/llama-3.1-8b-instruct,"
Je bent een verteller van een kort verhaal (rond de 200 woorden).
Gebruik alleen hele simpele woorden die een 3-jarig kind kan begrijpen.
Geef het verhaal geen titel of introductie.
",Vertel een verhaal.,"Er was eens een klein vogeltje. Het vogeltje heette Piet. Piet woonde in een boom. Piet had een vriend, een bij. De bij heette Bie.

Bie kon honing maken. Piet hield van honing. Piet en Bie waren goede vrienden. Ze speelden samen in de boom.

Een dag kwam er een groot storm. De boom schudde heftig. Piet vloog weg uit de boom. Bie bleef in de boom. 

Piet vond een andere boom. Hij vloog terug naar Bie. ""Hoe gaat het?"" vroeg Piet. ""Ik ben bang,"" zei Bie.

Bie was bang omdat de boom op de grond viel. Piet hielp Bie. Samen bouwden ze een nieuw nest. Nu waren Piet en Bie veilig. Ze waren blij om weer samen te zijn.

Piet en Bie waren blij dat ze elkaar hadden. Ze hielden van elkaar. Ze bleven beste vrienden."
meta-llama/llama-3.1-8b-instruct,"
Je bent een verteller van een kort verhaal (rond de 200 woorden).
Gebruik alleen hele simpele woorden die een 3-jarig kind kan begrijpen.
Geef het verhaal geen titel of introductie.
",Vertel een verhaal.,"Er was eens een klein koninkrijkje. In dat koninkrijkje woonde een klein meisje. Het meisje heette Sophia.

Sophia had een hond. De hond heette Max. Max was een vriendelijke hond. Hij was groen en had een lange staart.

Sophia en Max gingen naar het bos. In het bos was een riviertje. Sophia en Max gingen langs het riviertje.

Plotseling zag Sophia een klein vogeltje in de lucht. Het vogeltje vloog naar Sophia. Sophia nam het vogeltje in haar handen.

Het vogeltje zei: ""Dank je wel, Sophia. Ik vlieg niet meer."" Sophia kocht een klein kooitje voor het vogeltje.

Sophia, Max en het vogeltje gingen naar huis. Sophia gaf het vogeltje eten en water. Het vogeltje vloog niet meer weg.

Vanaf die dag was Sophia een gelukkig meisje. Sophia had een vriendelijke hond en een kleine vogelvriend. Sophia en haar vrienden waren heel gelukkig."
meta-llama/llama-3.1-8b-instruct,"
Je bent een verteller van een kort verhaal (rond de 200 woorden).
Gebruik alleen hele simpele woorden die een 3-jarig kind kan begrijpen.
Geef het verhaal geen titel of introductie.
",Vertel een verhaal.,"Er was een klein konijntje. Het konijnjongetje was heel snel. Het konijnjongetje liep door de tuin. De tuin was heel groen.

In de tuin groeiden bloemen. De bloemen bloeiden van rood naar wit. Het konijnjongetje vond de bloemen leuk. Het konijnjongetje wilde de bloemen snuffelen.

Toen zag het konijnjongetje een vriend. De vriend was een klein vogeltje. Het vogeltje zong een leuk lied. Het konijnjongetje vond het lied leuk. Het konijnjongetje danste met het vogeltje.

Naar het einde van de tuin ging het konijnjongetje. Daar was een grote boom. Aan de boom hing een appel. Het konijnjongetje vond de appel lekker. Het konijnjongetje at de appel.

Het konijnjongetje was heel tevreden. Het konijnjongetje was blij met de appel. Het konijnjongetje ging naar huis. Naar bed ging het konijnjongetje. Het konijnjongetje sliep goed."
meta-llama/llama-3.1-8b-instruct,"
Je bent een verteller van een kort verhaal (rond de 200 woorden).
Gebruik alleen hele simpele woorden die een 3-jarig kind kan begrijpen.
Geef het verhaal geen titel of introductie.
",Vertel een verhaal.,"Er woonde een meisje genaamd Sophie. Sophie had een hond genaamd Max. Max was een roodhond. Hij was heel lief en hij kon hard rennen.

Sophie en Max waren dikke vrienden. Ze gingen altijd samen naar het park. Daar speelden ze met de andere kinderen.

Een dag ging Sophie en Max naar het park. Het was een zonnige dag. Sophie had een bal. Ze gooide de bal voor Max. Max was snel en hij ving de bal.

Sophie was heel trots op Max. Ze gaf hem een knuffel. Max blafte gelukkig. Sophie en Max waren heel gelukkig.

Na een tijdje ging Sophie en Max terug naar huis. Ze waren moe van het spelen. Sophie gaf Max een lekkere snoep. Max kauwde tevreden.

Sophie en Max waren heel gelukkig samen. Ze waren de beste vrienden."
meta-llama/llama-3.1-8b-instruct,"
Je bent een verteller van een kort verhaal (rond de 200 woorden).
Gebruik alleen hele simpele woorden die een 3-jarig kind kan begrijpen.
Geef het verhaal geen titel of introductie.
",Vertel een verhaal.,"Er was eens een kleine haan. Hij had een mooi groen verenkleed. De kleine haan liep over een groene weide. Hij zocht naar eieren.

Langs de weg kwam een vriendelijke kat. De kat zei: ""Hallo kleine haan, wat doe je hier?""

De kleine haan zei: ""Ik zoek naar eieren."" De kat zei: ""Ik weet waar je naar zoekt. Eieren liggen in een schuur.""

De kleine haan liep naar de schuur. Hij vond er een hoop eieren. Hij was heel blij. Maar toen hoorde hij een flinke kreet. Het was de kat!

De kat had een hond als vriend. De hond was heel sterk. De kat en de hond wilden de eieren van de kleine haan stelen. Maar de kleine haan was snel. Hij rende weg en liet de eieren achter.

De kleine haan lag in een kuil. Hij was veilig. De kat en de hond konden hem niet vinden. De kleine haan sliep heel lekker. Hij was heel blij dat hij de eieren had gehouden."
meta-llama/llama-3.1-8b-instruct,"
Je bent een verteller van een kort verhaal (rond de 200 woorden).
Gebruik alleen hele simpele woorden die een 3-jarig kind kan begrijpen.
Geef het verhaal geen titel of introductie.
",Vertel een verhaal.,"Er was eens een klein vogeltje. Het heette Kip. Kip woonde in een prachtig bos. Het bos was vol met bomen en bloemen.

Kip hield van vliegen. Elke dag vloog Kip door het bos. Kip vond het heerlijk om hoog te vliegen en de zon te voelen.

Eenmaal vloog Kip ergens boven een klein meer. Daar zag Kip een waterhoen zwemmen. Kip wilde ook zwemmen, dus landde hij op het water.

Maar het water was koud! Kip begon heel hard te klapperen met zijn vleugels. Hij wilde zo snel mogelijk terug naar het bos.

Kip vloog zo hard mogelijk terug naar zijn huis. Daar was het warm en droog. Kip was heel blij om terug te zijn.

Vanaf dat moment was Kip niet meer zo snel met zwemmen. Maar hij hield wel van vliegen. En hij deed dat elke dag."
meta-llama/llama-3.1-8b-instruct,"
Je bent een verteller van een kort verhaal (rond de 200 woorden).
Gebruik alleen hele simpele woorden die een 3-jarig kind kan begrijpen.
Geef het verhaal geen titel of introductie.
",Vertel een verhaal.,"Er leefde een klein konijn in een prachtig veld. Het konijn was rood en had grote oren. Hij hield van appels.

Een keer vond het konijn een mooie appelboom. De appelboom had grote rode appels. Het konijn was heel blij en at een appel.

Maar toen begon het te regenen. Het konijn werd nat. Het konijn ging naar een holen.

In de holte lag een oude vos. De vos was groen en had een lange staart. Hij zei tegen het konijn: ""Kom bij me, dan word je droog.""

Het konijn ging bij de vos liggen. Ze werden beiden droog. Daarna aten ze samen een appel. Ze waren heel blij.

Toen stopte de regen. Het konijn ging weer naar buiten. Hij zag dat de appelboom nog steeds vol was met appels. Hij at nog een appel en was heel tevreden."
meta-llama/llama-3.1-8b-instruct,"
Je bent een verteller van een kort verhaal (rond de 200 woorden).
Gebruik alleen hele simpele woorden die een 3-jarig kind kan begrijpen.
Geef het verhaal geen titel of introductie.
",Vertel een verhaal.,"Er was eens een klein konijn. Het konijn had witte oren en een lange staart. Het konijn liep door het bos.

Het konijn zag een grote boom. De boom was heel oud en heel groot. Het konijn wilde hoog klimmen. Het konijn vond een tak.

Het konijn klom op de tak. De tak was heel smal. Het konijn zat boven in de boom. Het konijn zag de hele wereld.

Er kwam een vogel. De vogel was blauw met gele vleugels. De vogel kwam naar het konijn. Het konijn was bang.

Maar dan zei de vogel: ""Hallo klein konijn. Ik kom je niet kwaad doen."" Het konijn was blij. Het konijn en de vogel werden vrienden.

Nu gaan het konijn en de vogel samen op avontuur in het bos. Ze vinden leuke dingen en maken nieuwe vrienden. En ze hebben veel plezier."
meta-llama/llama-3.1-8b-instruct,"
Je bent een verteller van een kort verhaal (rond de 200 woorden).
Gebruik alleen hele simpele woorden die een 3-jarig kind kan begrijpen.
Geef het verhaal geen titel of introductie.
",Vertel een verhaal.,"Er was eens een klein konijn. Hij woonde in een mooie tuin. De tuin was vol bloemen en groene bladeren. Het konijn had een huisje met een kleine deur. Hij sliep in het huisje en at bladeren en fruit.

Een dag kwam een grote regen. De regen viel van de hemel naar beneden. Het konijn wilde naar binnen, maar zijn deur was dicht. Hij probeerde aan de deur te trekken, maar hij ging niet open.

Toen kwam een vriend van het konijn, een vogel, vliegen. De vogel zong een lied ""open, open, deur!"" Het konijn luisterde naar het vogels lied. Hij riep terug ""open, open, deur!"" En plotseling ging de deur open.

Het konijn was blij. Hij rende naar binnen en sloot de deur. Hij zat in zijn huisje en keek naar buiten. De regen viel nog steeds. Het konijn was veilig en droog. Hij sliep lekker en keek naar de regen."
meta-llama/llama-3.1-8b-instruct,"
Je bent een verteller van een kort verhaal (rond de 200 woorden).
Gebruik alleen hele simpele woorden die een 3-jarig kind kan begrijpen.
Geef het verhaal geen titel of introductie.
",Vertel een verhaal.,"Er was eens een kleine roos. Ze groeide in een prachtige tuin. De roos was rood en mooi. Alles om haar heen was groen.

De roos wilde graag een vriend vinden. Ze zocht naar een vogel, maar de vogel was te snel. Ze zocht naar een bij, maar de bij was te klein.

Dan zag de roos een kleine kikker. De kikker was vriendelijk en hij had een mooie glimlach. De roos vroeg aan de kikker: ""Wil je mijn vriend zijn?""

De kikker zei ja. Nu waren de roos en de kikker goede vrienden. Ze speelden samen in de tuin. Ze lachten en joegen elkaar na.

De roos was gelukkig. Ze had nu een vriend. De kikker was gelukkig. Hij had nu een vriendin. Samen waren ze de gelukkigste roos en kikker in de tuin."
meta-llama/llama-3.1-8b-instruct,"
Je bent een verteller van een kort verhaal (rond de 200 woorden).
Gebruik alleen hele simpele woorden die een 3-jarig kind kan begrijpen.
Geef het verhaal geen titel of introductie.
",Vertel een verhaal.,"Er waren eens twee vrienden, een beer en een vos. Ze waren erg dikke vrienden. Ze gingen altijd samen op avontuur.

Een dag zagen ze een mooie appelboom. De appelboom was vol met ronde, rood appels. De twee vrienden werden erg hongerig. Ze wilden een appel eten.

De vos klom in de boom. Maar de vos kon niet goed klimmen. De appel viel uit de boom. En viel op de beer.

De beer was erg blij. Hij at de appel op. De vos was verdrietig. Hij klom uit de boom en keek de beer aan. ""Ik wil ook een appel eten,"" zei de vos.

De beer gaf de vos een appel. Ze aten allebei een appel. Ze waren erg blij.

De twee vrienden gingen weer naar huis. Ze waren erg blij om elkaar te zien. Ze waren dikke vrienden."
meta-llama/llama-3.1-8b-instruct,"
Je bent een verteller van een kort verhaal (rond de 200 woorden).
Gebruik alleen hele simpele woorden die een 3-jarig kind kan begrijpen.
Geef het verhaal geen titel of introductie.
",Vertel een verhaal.,"Er was eens een klein ei. Het ei was rood en geweldig. In het ei zat een klein vogeltje. Het vogeltje heette Pip. Pip was heel klein en kon niet vliegen.

Een boerin vond het ei in haar tuin. Ze nam het ei mei naar huis. Ze zette het ei op een warme plek. Na een paar dagen kwam Pip uit het ei. Pip was heel mooi en had kleine vleugels.

Pip begon te vliegen. Hij vloog hoog en laag. Pip was heel blij. Hij vloog naar de boerin en vroeg: ""Kun je met me meevliegen?"" De boerin lachte en zei: ""Ja, natuurlijk!"" En samen vlogen Pip en de boerin door de lucht.

Ze vlogen over velden en door bossen. Ze zagen veel dieren. Pip en de boerin vlogen zo ver en zo hoog dat ze de zon zagen. Ze waren heel gelukkig. En vanaf die dag vlogen Pip en de boerin veel samen."
meta-llama/llama-3.1-8b-instruct,"
Je bent een verteller van een kort verhaal (rond de 200 woorden).
Gebruik alleen hele simpele woorden die een 3-jarig kind kan begrijpen.
Geef het verhaal geen titel of introductie.
",Vertel een verhaal.,"Er was eens een klein konijn. Het konijn had een mooi groen veld waar hij kon spelen. Er groeiden er bloemen en er liepen er vogels rond. 

Het konijn vond een prachtige bloem. Hij ging er naar toe en rook eraan. Hij vond het zo lekker! Het konijn wilde de bloem meenemen naar zijn hol.

Maar toen zag hij een vogel. De vogel had een ei. Het konijn vond het ei ook mooi. Hij wilde het ei meenemen naar zijn hol.

Maar toen kwam de vogel terug. ""Wie heeft mijn ei gepakt?"" vroeg de vogel aan het konijn. Het konijn zei: ""Ik heb je ei niet gepakt.""

Maar de vogel zag dat het konijn met het ei stond. Het konijn was bang. ""Ik zal je ei teruggeven,"" zei het konijn. Het konijn gaf het ei terug aan de vogel.

De vogel was blij. ""Bedankt, konijn,"" zei de vogel. Vanaf toen waren het konijn en de vogel vrienden."
meta-llama/llama-3.1-8b-instruct,"
Je bent een verteller van een kort verhaal (rond de 200 woorden).
Gebruik alleen hele simpele woorden die een 3-jarig kind kan begrijpen.
Geef het verhaal geen titel of introductie.
",Vertel een verhaal.,"Er was een klein konijn. Hij heette Benny. Benny woonde in een mooie tuin. De tuin was vol met bloemen en groen gras.

Benny was heel lief en had een rood manteltje. Hij hield ervan om te rennen en te spelen.

Een dag ging Benny naar het meer. Hij zag een mooie bootje liggen. Hij klom erin en begon te roeien.

Benny roeide heel hard en ging heel snel. Hij voelde de wind in zijn wang en het water in zijn haar.

Toen hij aan het andere eind van het meer kwam, zag hij een lekker groot stuk brood liggen. Benny at het brood op en voelde zich heel gelukkig.

Nu is Benny terug in de tuin. Hij is moe maar gelukkig. Hij slaapt lekker in zijn hokje. De volgende dag zal Benny weer een leuk avontuur hebben."
meta-llama/llama-3.1-8b-instruct,"
Je bent een verteller van een kort verhaal (rond de 200 woorden).
Gebruik alleen hele simpele woorden die een 3-jarig kind kan begrijpen.
Geef het verhaal geen titel of introductie.
",Vertel een verhaal.,"Er was eens een klein knuffelbeerster. Ze heette Berry. Berry woonde in een grote kamer met een grote raam. Ze keek uit het raam en zag een prachtig groen bos.

Berry wilde naar het bos. Ze liep naar de deur en riep: ""Hallo, ik ga naar het bos!"" Haar vriend, een vogeltje genaamd Pip, vloog naar binnen en vroeg: ""Wil je dat ik meega?""

Berry zei ""Ja, ga mee!"" Pip vloog op Berry's schouder en ze gingen samen naar het bos. Ze liepen door de bloemen en langs de bomen. Ze zagen een klein beertje dat op de grond zat.

Berry en Pip vroegen: ""Wie ben jij?"" Het beertje zei: ""Ik ben Bert. Ik ben honger."" Berry en Pip gaven Bert een appel en een appel. Bert was heel blij.

Berry, Pip en Bert gingen samen spelen. Ze renden en sprongen door het bos. Ze hadden veel lol. Toen het donker werd, ging Berry terug naar huis. Ze zei tegen Pip en Bert: ""Tot ziens. Kom gauw terug!"""
meta-llama/llama-3.1-8b-instruct,"
Je bent een verteller van een kort verhaal (rond de 200 woorden).
Gebruik alleen hele simpele woorden die een 3-jarig kind kan begrijpen.
Geef het verhaal geen titel of introductie.
",Vertel een verhaal.,"Een kleine Beer woont in een bos. Hij houdt van appels. Elke dag gaat hij naar de boerderij om appels te eten. De boer zegt: ""Hallo klein Beer! Eet je appels.""

Een keer ziet de Beer een kuiken. Het kuiken kan niet lopen. De Beer zegt: ""Hallo kuiken! Ik zal je helpen."" De Beer tilt het kuiken op en draagt het naar de moeder duif.

De moeder duif is heel dankbaar. Ze zegt: ""Dank je wel klein Beer! Je bent een goed vriend."" De Beer eet zijn appels en voelt zich blij.

Een andere dag ziet de Beer een klein hondje. Het hondje is verdwaald. De Beer zegt: ""Hallo hondje! Ik zal je helpen vinden."" De Beer loopt met het hondje langs de bosweg. Ze vinden de hondje's moeder en ze zijn heel blij.

De Beer is een heel goede vriend. Hij helpt iedereen in het bos."
meta-llama/llama-3.1-8b-instruct,"
Je bent een verteller van een kort verhaal (rond de 200 woorden).
Gebruik alleen hele simpele woorden die een 3-jarig kind kan begrijpen.
Geef het verhaal geen titel of introductie.
",Vertel een verhaal.,"Er woonde een klein meisje met een rode hond. Ze heette Lily en de hond heette Roos. Lily en Roos waren beste vrienden.

Een dag ging Lily naar de markt. Ze wilde wat lekkers kopen. Toen ze terug kwam, had ze een grote zak met broodjes.

Roos was zo blij dat ze broodjes had gekocht. Ze aten alle broodjes op. Maar toen waren ze nog niet klaar.

Lily had ook een zak met appels meegenomen. Ze waren zo zoet dat Roos haar tong uitstak. Lily lachte en zei: ""Roos, je bent zo leuk!""

Roos was heel blij. Ze gaf Lily een zachte lik op de hand. Lily was heel tevreden. Ze wist dat ze het beste vriendinnetje had in de hele wereld.

Roos en Lily sliepen samen in. Ze droomden van broodjes en appels. En ze wisten dat ze morgen weer samen zouden zijn."
meta-llama/llama-3.1-8b-instruct,"
Je bent een verteller van een kort verhaal (rond de 200 woorden).
Gebruik alleen hele simpele woorden die een 3-jarig kind kan begrijpen.
Geef het verhaal geen titel of introductie.
",Vertel een verhaal.,"Er was eens een klein konijntje. Het konijntje heette Benny. Benny woonde in een groot veld vol bloemen. Hij liep door het veld en keek naar de bloemen.

Eenmaal liep hij tegen een vriendschap aan. Een vogeltje heette Sammie. Sammie zat op een boom en vloog naar beneden. Benny en Sammie werden snel vrienden.

Sammie wist waar de lekkerste bladeren waren. Benny at van de bladeren. Benny was erg blij.

Eenmaal liep Benny tegen een andere vriend aan. Zijn naam was Max. Max was een grote hond. Max was heel lief.

Benny, Sammie en Max liepen samen door het veld. Ze speelden samen. Ze lachten en hadden veel plezier.

Benny was erg blij met zijn vrienden. Hij had nooit vriendschap gehad. Nu had hij twee vrienden. Benny, Sammie en Max waren dikke vrienden."
meta-llama/llama-3.1-8b-instruct,"
Je bent een verteller van een kort verhaal (rond de 200 woorden).
Gebruik alleen hele simpele woorden die een 3-jarig kind kan begrijpen.
Geef het verhaal geen titel of introductie.
",Vertel een verhaal.,"Er was een klein konijntje. Het konijntje had een prachtig witte vacht en grote oren. Het woonde in een mooie tuin vol bloemen en groene bladeren.

Een dag besloot het konijntje om naar buiten te gaan. Het ging op ontdekkingstocht door de tuin. Het liep langs de bloemen, die rozen, tulpen en daffodillen waren. Het rook aan de bloemen en vond ze heel lekker.

Bij een grote boom vond het konijntje een vriendje. Het was een vogeltje. Het vogeltje had een rood kopje en groene vleugels. Het vogeltje vloog om de boom en het konijntje keek ernaar.

Toen de zon onder ging, ging het konijntje terug naar huis. Het was moe van de lange dag. Het ging slapen en droomde van de mooie tuin en het vriendje vogeltje. De volgende dag ging het konijntje weer op ontdekkingstocht door de tuin."
meta-llama/llama-3.1-8b-instruct,"
Je bent een verteller van een kort verhaal (rond de 200 woorden).
Gebruik alleen hele simpele woorden die een 3-jarig kind kan begrijpen.
Geef het verhaal geen titel of introductie.
",Vertel een verhaal.,"Er woonde een hond genaamd Max. Max was een vriendelijke hond. Hij had een warme baas genaamd Sander. Sander gaf Max altijd te eten en te drinken.

Een dag ging Sander naar de winkel. Hij wilde Max een speeltje kopen. Max vond het leuk om met speeltjes te spelen. Toen Sander terugkwam, had hij een nieuwe bal. Max was heel blij!

Max begon te spelen met de bal. Hij liep er heen en hij liep er weer vandaan. Sander lachte naar Max. ""Je bent een goed hondje"", zei Sander.

Maar dan, oeps! De bal ging in een greppel. Max wilde de bal terug. Hij sprong in de greppel. Sander hielp Max om de bal te halen.

Max was nog steeds heel blij. Hij kuste Sander. Sander kuste Max terug. ""Je bent mijn beste vriend"", zei Sander. Max was heel gelukkig."
meta-llama/llama-3.1-8b-instruct,"
Je bent een verteller van een kort verhaal (rond de 200 woorden).
Gebruik alleen hele simpele woorden die een 3-jarig kind kan begrijpen.
Geef het verhaal geen titel of introductie.
",Vertel een verhaal.,"Er was eens een kleine beer. Hij was heel dik en dik. Hij had een grote snuit en grote oren. Hij hield van appels.

De kleine beer ging naar de boomgaard om appels te eten. Hij vond een grote, rode appel. Hij beet er in. De appel was zo zoet!

De kleine beer at heel veel appels. Zijn buik was zo vol. Hij kon niet meer lopen. Hij viel op de grond.

Een vriendelijke vos zag de kleine beer. ""Wat doe je?"" vroeg de vos.

""Ik heb te veel appels gegeten,"" zei de kleine beer.

De vos lachte. ""Dan moet je maar rusten,"" zei hij.

De kleine beer sliep heel lang. Hij had een lekkere droom over appels. Toen hij wakker werd, voelde hij zich beter. Hij ging weer naar de boomgaard om meer appels te eten. Maar hij at niet te veel."
meta-llama/llama-3.1-8b-instruct,"
Je bent een verteller van een kort verhaal (rond de 200 woorden).
Gebruik alleen hele simpele woorden die een 3-jarig kind kan begrijpen.
Geef het verhaal geen titel of introductie.
",Vertel een verhaal.,"Er woonde een klein konijntje. Het konijntje had lange oren en een lange staart. Het konijntje woonde op een groene weide met veel bloemen.

Een dag ging het konijntje op avontuur. Het liep door de weilanden, langs de rivier en over de heuvel. Het konijntje vond een prachtig klein meertje.

Het konijntje nam een verkoelende duik in het water. Daarna liep het konijntje op het droge en begon te spelen met de kikkers op de oever.

Het konijntje nam een hapje gras en ging liggen. Het zonnetje scheen op het konijntje en het viel in slaap. Als het konijntje sliep, droomde het van alle leuke dingen die het die dag had gezien.

's Avonds ging het konijntje terug naar zijn hol. Het hol was warm en veilig. Het konijntje sliep diep. Het wist dat het morgen weer op avontuur kon gaan."
meta-llama/llama-3.1-8b-instruct,"
Je bent een verteller van een kort verhaal (rond de 200 woorden).
Gebruik alleen hele simpele woorden die een 3-jarig kind kan begrijpen.
Geef het verhaal geen titel of introductie.
",Vertel een verhaal.,"Er woonde een kleine meid genaamd Lente. Zij had een lief klein hondje, een witte poes en een groene vogel. Zij hield heel veel van haar hondje. Elke dag nam Lente haar hondje mee naar het park.

In het park was een grote rivier. Lente en haar hondje gingen naar de rivier om te vissen. Lente wierp een lijn in het water en haar hondje keek toe. Na een tijdje voelde Lente een grote vis aan de lijn trekken.

'Mooi!', riep Lente. 'We hebben een vis te pakken!' Ze trok de vis uit het water en ze was heel groot. Lente en haar hondje waren heel blij. Ze namen de vis naar huis en aten hem op. De poes en de vogel aten ook een stukje vis.

Lente en haar dieren waren heel blij met de vis. Ze gingen naar bed met volle maag en sliepen goed. De volgende dag gingen ze weer naar het park om te vissen. Lente en haar hondje waren dol op vissen."
meta-llama/llama-3.1-8b-instruct,"
Je bent een verteller van een kort verhaal (rond de 200 woorden).
Gebruik alleen hele simpele woorden die een 3-jarig kind kan begrijpen.
Geef het verhaal geen titel of introductie.
",Vertel een verhaal.,"Er was eens een klein dier genaamd Ko. Ko was een kleine beer. Hij woonde in een bos met zijn vrienden. Ko hield van spelen en wandelen door het bos.

Een dag ontdekte Ko een klein vogeltje. Het vogeltje had een brede rode band om zijn kop. Ko vond het vogeltje lelijk. Hij zei: ""Je bent lelijk, vogeltje!""

Het vogeltje was verdrietig. Hij vloog naar Ko toe en zei: ""Jij bent ook lelijk, Ko!"" Ko voelde zich ook verdrietig.

Een oude vos kwam naar hen toe en zei: ""Jullie zijn allebei mooi. Jullie hebben allebei iets speciaals. Jij hebt een mooie snuit, Ko, en jij hebt een mooie rode band, vogeltje.""

Ko en het vogeltje begonnen te lachen. Ze waren weer gelukkig. Ze werden vrienden en speelden samen in het bos. En Ko leerde dat elk dier mooi is op zijn eigen manier."
meta-llama/llama-3.1-8b-instruct,"
Je bent een verteller van een kort verhaal (rond de 200 woorden).
Gebruik alleen hele simpele woorden die een 3-jarig kind kan begrijpen.
Geef het verhaal geen titel of introductie.
",Vertel een verhaal.,"Er woonde een leuke hond genaamd Max. Max had een vriendje dat een konijntje heette. Het konijntje heette Benny.

Max en Benny speelden altijd samen. Ze renden door het park en speelden met de bal. De bal was rood en groot.

Een keer zag Max een klein vogeltje op de grond liggen. Het vogeltje was bang en kon niet vliegen. Max en Benny hielpen het vogeltje.

Benny gaf het vogeltje wat voer. Max hielp het vogeltje op een tak. Het vogeltje vloog weg.

Max en Benny waren blij voor het vogeltje. Ze gingen weer spelen. Ze renden en speelden totdat de zon onder ging.

Max en Benny waren goed vriendjes. Ze hadden veel leuke dingen gedaan. En ze zouden nog veel meer leuke dingen doen."
meta-llama/llama-3.1-8b-instruct,"
Je bent een verteller van een kort verhaal (rond de 200 woorden).
Gebruik alleen hele simpele woorden die een 3-jarig kind kan begrijpen.
Geef het verhaal geen titel of introductie.
",Vertel een verhaal.,"Er was eens een klein paardje. Het heette Max. Max woonde op een boerderij. Hij had een vriend, een hondje genaamd Bella.

Max en Bella gingen altijd samen spelen. Ze renden door het veld en speelden met de kippen. Eén keer zagen ze een grote, lege hooiberg. ""Wat gaan we doen?"" vroeg Max.

Bella antwoordde: ""We gaan erin!"" Max en Bella sprongen het hooi in. Maar er was niets om op te staan! Max en Bella vielen op hun kont.

Toen ze opstonden, zeiden ze: ""Dat was gek!"" Max en Bella lachten en renden weer weg. Ze speelden weer met de kippen.

Toen het donker werd, ging Max naar zijn stal en Bella naar haar hok. Ze zeiden allebei: ""Dat was een leuke dag!"" Max en Bella sliepen met een glimlach op hun gezicht."
meta-llama/llama-3.1-8b-instruct,"
Je bent een verteller van een kort verhaal (rond de 200 woorden).
Gebruik alleen hele simpele woorden die een 3-jarig kind kan begrijpen.
Geef het verhaal geen titel of introductie.
",Vertel een verhaal.,"Een kleine vosje was hongerig. Hij liep door een bos. Hij zocht naar iets om te eten. Dan zag hij een klein konijntje. Het konijntje knabbelde aan een groene blaadje.

De vosje dacht: ""Oei, een lekker konijn! Ik kan het eten!"" Maar het konijntje was snel. Het sprong weg en de vosje kon het niet vangen.

Toen liep de vosje verder. Hij vond een kleine appel. Hij at de appel en voelde zich gelukkig. Hij dacht: ""Ik heb geen konijntje nodig. Ik heb een appel!""

De vosje ging slapen met een volle maag. Hij droomde van mooie appelbomen. De volgende dag ging hij terug naar de appelboom. Hij vond nog een appel. Hij at de appel en voelde zich gelukkig.

De vosje was blij met zijn appel. Hij had geen honger meer. Hij ging opnieuw slapen en droomde van mooie appelbomen."
meta-llama/llama-3.1-8b-instruct,"
Je bent een verteller van een kort verhaal (rond de 200 woorden).
Gebruik alleen hele simpele woorden die een 3-jarig kind kan begrijpen.
Geef het verhaal geen titel of introductie.
",Vertel een verhaal.,"Er was eens een kleine duiker. Hij woonde bij een prachtig meer. Hij had een rood en een groen zwemmenpak. De duiker was erg blij wanneer hij aan het onderwaterzoeken was.

Een dag vond de duiker een schattig visje. Het visje was zwart met goudkleurige strepen. De duiker dacht: ""Wat een mooie vis!"" Hij nam het visje mee naar zijn huis.

De duiker gaf het visje voedsel. Hij zei: ""Leef maar met mij!"" Het visje was erg dankbaar. 'S Avonds sliep het visje in het huis van de duiker.

De duiker en het visje werden dikke vrienden. Ze speelden samen in het meer. Ze vonden prachtige schelpen en mooie steentjes.

Ze waren heel gelukkig. Ze wisten nooit wat ze de volgende dag zouden ontdekken. Maar één ding was zeker: ze zouden altijd bij elkaar zijn."
meta-llama/llama-3.1-8b-instruct,"
Je bent een verteller van een kort verhaal (rond de 200 woorden).
Gebruik alleen hele simpele woorden die een 3-jarig kind kan begrijpen.
Geef het verhaal geen titel of introductie.
",Vertel een verhaal.,"Er woonde een klein meisje. Ze heette Lily. Lily had een hondje. Het hondje heette Max. Max was zo snel.

Een dag liep Lily met Max in het park. Ze speelden samen. Max rende rond en sprong over een rots. Lily lachte.

Toen zagen ze een kleine vogel. De vogel was bang. Lily zei: ""Sst, Max. We doen niets aan de vogel."" Max luisterde. Hij ging naast de vogel zitten.

De vogel kwam dichterbij. Het vroeg: ""Wie bent jij?"" Lily antwoordde: ""Ik ben Lily en dit is Max."" De vogel zei: ""Ik ben Sam. Ik ben bang voor stormen.""

Lily zei: ""Wij zullen je helpen. Wij zullen met je zijn."" Max knuffelde Sam. Sam voelde zich veilig. Vanaf toen was Sam Lily's vriend."
meta-llama/llama-3.1-8b-instruct,"
Je bent een verteller van een kort verhaal (rond de 200 woorden).
Gebruik alleen hele simpele woorden die een 3-jarig kind kan begrijpen.
Geef het verhaal geen titel of introductie.
",Vertel een verhaal.,"Er was eens een klein hondje. Hij heette Max. Max was een lief hondje. Hij had een rood bandje om zijn nek.

Max woonde bij een meisje. Het meisje heette Lily. Lily was een leuk meisje. Ze gaf Max veel aandacht.

Een dag was het zonnig. Lily nam Max mee naar de park. Max speelde met andere honden. Hij rende en sprong.

Maar toen Max heel hard rende, verloor hij zijn bandje. Hij was bang en huilde.

Lily vond Max en hield hem vast. Ze gaf hem een knuffel. ""Ik ben blij dat je veilig bent, Max,"" zei ze.

Max was blij ook. Hij kroop in Lily's armen en sliep. Hij was tevreden.

De volgende dag kocht Lily een nieuw bandje voor Max. Hij droeg het met trots. Max was weer een gelukkig hondje."
meta-llama/llama-3.1-8b-instruct,"
Je bent een verteller van een kort verhaal (rond de 200 woorden).
Gebruik alleen hele simpele woorden die een 3-jarig kind kan begrijpen.
Geef het verhaal geen titel of introductie.
",Vertel een verhaal.,"Er was eens een klein konijn. Het konijn heette Benny. Benny was heel snel. Hij kon over het gras rennen en door het zand sprinten.

Een keer ging Benny op avontuur. Hij liep door het bos. Hij zag vlinders en bloemen. Hij hoorde vogels zingen.

Benny kwam aan een rivier. Hij wilde over de rivier. Maar hij kon niet zwemmen. Plotseling zag hij een boot. De boot was rood en had een groot roer.

Benny sprong in de boot. Hij ging liggen en liet de boot over de rivier varen. Hij zag de wereld gaan voorbij. Hij zag blauwe lucht en groen gras.

Benny kwam aan de overkant. Hij stapte uit de boot. Hij was heel blij. Hij had een leuk avontuur gehad. Benny ging terug naar huis. Hij sliep goed en droomde van zijn avontuur."
meta-llama/llama-3.1-8b-instruct,"
Je bent een verteller van een kort verhaal (rond de 200 woorden).
Gebruik alleen hele simpele woorden die een 3-jarig kind kan begrijpen.
Geef het verhaal geen titel of introductie.
",Vertel een verhaal.,"Er was eens een klein konijn. Het konijn heette Benny. Benny woonde in een grote tuin. In die tuin groeiden veel bloemen en fruitbomen.

Benny hield van appels. Elke dag rende hij naar de appelboom om appels te eten. Maar de appelboom was niet alleen van Benny. Hij was ook van de vogels. De vogels wilden ook appels.

Een dag zag Benny een schatbeer in de tuin. De schatbeer was een grote, donkere beer. De beer was heel sterk. Benny was bang voor de beer.

Maar de beer was niet slecht. Hij gaf Benny een appel. Benny was heel dankbaar. Hij wist dat hij een vriend had gevonden.

Vanaf die dag aten Benny en de beer samen de appels van de appelboom. Ze werden dikke vrienden en hadden veel plezier samen. Benny was blij dat hij de beer had ontmoet."
meta-llama/llama-3.1-8b-instruct,"
Je bent een verteller van een kort verhaal (rond de 200 woorden).
Gebruik alleen hele simpele woorden die een 3-jarig kind kan begrijpen.
Geef het verhaal geen titel of introductie.
",Vertel een verhaal.,"Er was eens een klein konijn. Hij had witte oren en een lange staart. Hij woont in een hol in de grond. 

De konijn hield van zonnebloemen. Hij ging elke dag naar de veldjes met zonnebloemen. Hij at de bloemen en daarna lag hij op de grond te slapen. 

Een dag kwam er een grote regen. De konijn ging snel naar zijn hol. Hij sloot de ingang met aarde. Zo bleef hij droog. 

Bij het volgende zonnebloemveld ontdekte de konijn een kleine vogel. De vogel was nat en koud. De konijn ging hem helpen. Hij haalde de vogel naar zijn hol. 

In het hol was het warm. De vogel viel aan de grond en ging slapen. De konijn ging ook slapen. De volgende dag was het weer zonnig. De vogel vloog weg. De konijn ging zijn dagelijkse wandeling maken."
meta-llama/llama-3.1-8b-instruct,"
Je bent een verteller van een kort verhaal (rond de 200 woorden).
Gebruik alleen hele simpele woorden die een 3-jarig kind kan begrijpen.
Geef het verhaal geen titel of introductie.
",Vertel een verhaal.,"Er was eens een kleine beer. De beer was heel bang. Hij was bang van de duisternis. Hij was bang van de wind. Hij was bang van alles.

Een dag ging de kleine beer naar zijn vriend, een grote walrus. De walrus was vriendelijk. Hij zei: ""Aai, kleine beer, waarom ben jij zo bang?""

De kleine beer zei: ""Ik ben bang van de duisternis. Ik ben bang van de wind. Ik ben bang van alles.""

De walrus zei: ""Kom, kleine beer. Ik zal je iets laten zien."" De walrus nam de kleine beer mee naar een prachtige plek. Er was een mooie zon en een stille lucht.

De kleine beer zag het en zei: ""Aai, walrus. Dit is heel mooi. Ik ben niet bang meer."" De walrus glimlachte en zei: ""Ik wist het wel. De wereld is een leuk plek. Je moet gewoon niet bang zijn."""
meta-llama/llama-3.1-8b-instruct,"
Je bent een verteller van een kort verhaal (rond de 200 woorden).
Gebruik alleen hele simpele woorden die een 3-jarig kind kan begrijpen.
Geef het verhaal geen titel of introductie.
",Vertel een verhaal.,"Er waren twee vrienden, een konijn en een eend. Ze waren erg goed vrienden. Ze waren dol op spelen in de tuin.

De konijn was erg snel. Hij kon overal snel zijn. De eend was erg goed in zwemmen. Hij kon in het water springen.

Een dag gingen ze naar het meer. Ze wilden zwemmen. De eend sprong in het water. De konijn ging niet zwemmen. Hij wilde een bootje maken.

Hij haalde takjes en stokjes en maakte een prachtig bootje. De eend kwam uit het water. Hij keek naar het bootje.

""Het is mooi!"" zei de eend. ""We gaan erop rijden!"" zeiden ze beiden. En ze gingen met het bootje op het meer varen. Ze waren heel blij. Ze hadden een fantastisch dagje uit."
meta-llama/llama-3.1-8b-instruct,"
Je bent een verteller van een kort verhaal (rond de 200 woorden).
Gebruik alleen hele simpele woorden die een 3-jarig kind kan begrijpen.
Geef het verhaal geen titel of introductie.
",Vertel een verhaal.,"Er was één keer een kleine beer. Hij heette Bertje. Bertje leefde in een groot bos. Hij had een rode neus en een lange snuit.

Bertje hield van berenbrood. Hij wilde echter niet alleen berenbrood eten. Hij wilde ook met zijn vrienden spelen.

In het bos woonde een vriendelijk vogeltje. Zijn naam was Piet. Piet had mooie vleugels en kon vliegen.

Bertje en Piet werden goede vrienden. Ze speelden samen in het bos. Ze renden door het gras en klommen in bomen.

Eén keer vond Bertje een schat. Het was een grote, glanzende steen. Hij was erg blij. Hij liet Piet zien.

Piet vond het ding ook mooi. Hij kon er vaak naar kijken. Bertje en Piet waren erg gelukkig. Ze hadden elkaar en ze hadden een schat."
meta-llama/llama-3.1-8b-instruct,"
Je bent een verteller van een kort verhaal (rond de 200 woorden).
Gebruik alleen hele simpele woorden die een 3-jarig kind kan begrijpen.
Geef het verhaal geen titel of introductie.
",Vertel een verhaal.,"Een klein hondje had een klein huisje. Het hondje heette Max. Max was een vriendelijk hondje.

Max had een beste vriend, een jongen genaamd Tim. Tim werkte in een tuin. Hij zorgde voor bloemen en groenten.

Een dag ging Tim naar de tuin. Hij vond een klein vogeltje. Het vogeltje was verdwaald. Tim nam het vogeltje mee naar zijn huis. Hij gaf het vogeltje water en eten.

Max was blij dat Tim het vogeltje had gevonden. Hij wilde ook helpen. Max nam het vogeltje mee naar de tuin. Hij liet het vogeltje uitvliegen.

Het vogeltje was blij dat het terug was bij zijn familie. Het vogeltje vloog naar huis. Max en Tim gingen naar huis. Ze waren blij dat ze hadden geholpen.

Vanaf die dag was Max nog vriendelijker. Hij hield van helpen."
meta-llama/llama-3.1-8b-instruct,"
Je bent een verteller van een kort verhaal (rond de 200 woorden).
Gebruik alleen hele simpele woorden die een 3-jarig kind kan begrijpen.
Geef het verhaal geen titel of introductie.
",Vertel een verhaal.,"Er was eens een kleine koningin. Ze had een klein paardje. Het paardje was bruin en had een witte vlek op zijn neus. De koningin ging met haar paardje naar het bos. Ze wilden een bosbessen gaan eten.

In het bos was een stroompje met water. Het paardje ging drinken. De koningin ging ook naar het water. Ze pakte een schelp en deed ze in haar hand. Ze gooide de schelp in het water.

Toen de schelp in het water viel, zag de koningin een vis. De vis was rood en blauw. Hij zwom weg. De koningin wilde hem achterna gaan. Maar haar paardje kon niet snel genoeg. De koningin kon de vis niet zien.

Ze gingen terug naar de koninklijke boerderij. De koningin at een bosbesje. Haar paardje kreeg een appel. Ze waren beide gelukkig. Ze gingen naar bed en sliepen goed."
meta-llama/llama-3.1-8b-instruct,"
Je bent een verteller van een kort verhaal (rond de 200 woorden).
Gebruik alleen hele simpele woorden die een 3-jarig kind kan begrijpen.
Geef het verhaal geen titel of introductie.
",Vertel een verhaal.,"Er was eens een kleine eend. Ze heette Eendje. Eendje woonde bij een groot veld met veel bloemen. 
Ze liep over het veld en voelde de zon op haar rug. 
Eendje vond een prachtige glanzende steen. 
Ze nam de steen mee naar haar huis. 
In het huis was een klein zwemvijver. 
Eendje gooide de steen in het water. 
De steen viel met een grote plons in het water. 
Eendje zwom in het water. 
Ze voelde de steen onder haar voeten. 
Eendje was blij. 
Ze had de mooiste zwemvijver ter wereld. 
Eendje ging slapen met een glimlach op haar gezicht. 
Ze droomde van het water en de steen. 
's Ochtends vroeg stond Eendje op. 
Ze zwom over de zwemvijver en voelde de steen onder haar voeten. 
Eendje was nog steeds blij. 
Ze wist dat ze de mooiste zwemvijver in de wereld had."
meta-llama/llama-3.1-8b-instruct,"
Je bent een verteller van een kort verhaal (rond de 200 woorden).
Gebruik alleen hele simpele woorden die een 3-jarig kind kan begrijpen.
Geef het verhaal geen titel of introductie.
",Vertel een verhaal.,"Er was eens een leuke eend. Ze woonde in een mooi groen moerasspel. De eend was heel snel en kon goed zwemmen. Ze at graag bladeren en bloemen.

Op een dag kwam er een klein vogeltje in het moerasspel. Het vogeltje was verdwaald en wist niet hoe hij terug moest naar zijn moeder.

De eend kwam naar het vogeltje en zei: ""Hoe kom je hier? Ik kan je terug brengen naar je moeder!""

Het vogeltje was heel dankbaar en klom op de rug van de eend. De eend zwom door het moerasspel en vond al snel de moeder van het vogeltje.

De moeder van het vogeltje was heel blij en zei: ""Dank je wel, lieve eend! Je bent heel vriendelijk!""

De eend glimlachte en zei: ""Graag gedaan! Kom maar terug als je weer verdwaald bent!""

Het vogeltje en zijn moeder zeiden gedag en gingen terug naar huis. De eend bleef in het moerasspel en sliep tevreden."
meta-llama/llama-3.1-8b-instruct,"
Je bent een verteller van een kort verhaal (rond de 200 woorden).
Gebruik alleen hele simpele woorden die een 3-jarig kind kan begrijpen.
Geef het verhaal geen titel of introductie.
",Vertel een verhaal.,"Er leefde een kleine hond. De hond heette Max. Max was een leuke hond. Hij had een rood vachtje. Hij had grote oren. Max hield van spelen.

Een dag ging Max met zijn baas naar de speeltuin. Ze droegen speelgoed. Ze speelden samen. Max rende rond. Hij lachte en blafte.

Een jonge meid kwam naar hen toe. Ze had een appel in haar hand. Ze gaf Max de appel. Max at de appel. Daarna knabbelde hij aan de appelstelen.

De meid lachte naar Max. Ze zei: 'Dag Max.' Max blafte terug. Hij was blij.

Max ging naar huis. Hij sliep met zijn baas. Hij droomde van speeltuin en appel. De volgende dag ging hij weer terug naar de speeltuin."
meta-llama/llama-3.1-8b-instruct,"
Je bent een verteller van een kort verhaal (rond de 200 woorden).
Gebruik alleen hele simpele woorden die een 3-jarig kind kan begrijpen.
Geef het verhaal geen titel of introductie.
",Vertel een verhaal.,"Er was eens een kleine vos. Hij had een prachtig rood vest met een goudkleurig sieraad. Hij hield van eten en drinken. De vos ging naar de rivier om te vissen.

Hij viste een grote vis. De vos was heel blij. Hij nam de vis mee naar huis. Maar toen hij thuiskwam, zag hij dat zijn vriendinnetje, de eekhoorn, honger had.

De vos liet de vis aan de eekhoorn geven. De eekhoorn was heel blij. Ze aten samen, en de vos was blij dat hij zijn vriendin een lekkere vis kon geven.

Toen de vos en de eekhoorn aten, kwam de maagd duif langs. Ze vroeg ook of ze een stukje kon hebben. De vos en de eekhoorn konden niet zo veel geven, dus ze gaven haar een klein stukje.

Iedereen was heel blij met de vis. De vos had een goed hart en gaf aan alle vrienden die honger hadden."
meta-llama/llama-3.1-8b-instruct,"
Je bent een verteller van een kort verhaal (rond de 200 woorden).
Gebruik alleen hele simpele woorden die een 3-jarig kind kan begrijpen.
Geef het verhaal geen titel of introductie.
",Vertel een verhaal.,"Er was eens een hond. Hij was heel lief. Zijn naam was Max. Max had een vriend, een jongen. Hij heette Tom. Ze speelden samen in het park.

Max en Tom lagen op de grond. Ze keken naar de wolken. De wolken waren wit en zacht. Max vond de wolken leuk.

Tom had een bal. Hij gooide de bal hoog in de lucht. Max keek omhoog. De bal viel langzaam naar beneden. Max sprintte naar de bal.

Max pakte de bal in zijn bek. Hij bracht de bal terug naar Tom. Tom glimlachte. ""Dank je wel, Max!"" zei Tom.

Max en Tom gingen verder spelen in het park. Ze renden en lachten. Ze hadden veel plezier samen. De zon scheen op hen. Max was gelukkig."
meta-llama/llama-3.1-8b-instruct,"
Je bent een verteller van een kort verhaal (rond de 200 woorden).
Gebruik alleen hele simpele woorden die een 3-jarig kind kan begrijpen.
Geef het verhaal geen titel of introductie.
",Vertel een verhaal.,"Er was eens een hondje. Hij was heel snel en had een rood kazen haar. Hij heette Rufus.

Rufus had een vriend, een kat. Hij heette Whiskers. Whiskers was heel slim en had lange witte haren.

Een dag ging Rufus en Whiskers op avontuur. Ze gingen naar het park. Daar zagen ze een ballen liggen. Rufus wilde de ballen pakken en rennen.

Rufus pakte de ballen en begon te rennen. Hij was zo snel dat hij over het gras ging. Whiskers rende achter hem aan.

Maar toen Rufus aan het einde van het park kwam, verloor hij de ballen. Hij rende terug naar Whiskers.

Whiskers zei: ""Don't worry, Rufus! Ik heb de ballen gevonden!"" En hij gaf ze aan Rufus.

Rufus was heel blij. Hij vond Whiskers een goed vriend. En Whiskers vond Rufus een goede vriend. Ze speelden samen in het park."
meta-llama/llama-3.1-8b-instruct,"
Je bent een verteller van een kort verhaal (rond de 200 woorden).
Gebruik alleen hele simpele woorden die een 3-jarig kind kan begrijpen.
Geef het verhaal geen titel of introductie.
",Vertel een verhaal.,"Er woonde een klein meisje genaamd Lisa. Ze had een hondje dat ze Liefje noemde. Liefje was een leuk hondje met een witte vacht.

Een dag ging Lisa met Liefje naar het park. Daar speelden ze met een bal en renden ze rond. Ze waren heel gelukkig.

Toen zagen ze een klein vogeltje op de grond liggen. Het vogeltje had een gebroken poot. Lisa en Liefje gingen naar het vogeltje toe.

Lisa probeerde het vogeltje te helpen. Maar het vogeltje wilde niet opstaan. Toen zag Lisa een bak water in de buurt. Zij dronk wat water uit de bak en gaf het aan het vogeltje.

Langzaam maar zeker stond het vogeltje op. Het vogeltje dankte Lisa en Liefje met een lief kiekend geluid.

Lisa en Liefje waren heel blij dat ze het vogeltje hadden kunnen helpen. Zij gingen weer naar huis, hand in hand met Liefje en met een gelukkig hart."
meta-llama/llama-3.1-8b-instruct,"
Je bent een verteller van een kort verhaal (rond de 200 woorden).
Gebruik alleen hele simpele woorden die een 3-jarig kind kan begrijpen.
Geef het verhaal geen titel of introductie.
",Vertel een verhaal.,"Er was eens een klein konijntje. Het konijntje had een prachtig witte staart. Het konijntje woonde in een heuvel. De heuvel was vol met bloemen.

Een dag liep het konijntje door de heuvel. Het zag een prachtig bloem. De bloem was rood. Het konijntje ging naar de bloem. Het konijntje rook aan de bloem.

De bloem rook heerlijk. Het konijntje wilde de bloem vasthouden. Maar de bloem zei: ""Nee, ik wil niet vastgehouden worden.""

Het konijntje ging terug naar zijn hol. Het konijntje dacht aan de bloem. De volgende dag liep het konijntje weer naar de bloem. Maar de bloem was weg.

Het konijntje vond een nieuwe bloem. De nieuwe bloem was blauw. Het konijntje rook aan de bloem. Het konijntje was gelukkig.

Het konijntje ging terug naar zijn hol. Het konijntje sliep met een glimlach op zijn gezicht."
meta-llama/llama-3.1-8b-instruct,"
Je bent een verteller van een kort verhaal (rond de 200 woorden).
Gebruik alleen hele simpele woorden die een 3-jarig kind kan begrijpen.
Geef het verhaal geen titel of introductie.
",Vertel een verhaal.,"Er woonde een hond genaamd Max. Max was een leuke hond met een rood borstje. Hij had een vriend, een jongen genaamd Tom. Tom was leuk en speelde graag met Max.

Een dag ging Tom en Max naar het park. Ze speelden met een bal en aten een broodje. Max was zo blij dat hij een balletje opliep en in de lucht gooide. Tom lachte en zei: ""Max, je bent een goeie balwerper!""

Toen kwam er een regenbui. Tom en Max gingen snel naar binnen. Ze gingen naar een café waar ze koffie en thee dronken. Max kreeg een lekkere koekje.

Na een tijdje ging Tom en Max naar huis. Ze waren moe, maar ze waren blij. Tom sloeg Max op zijn rug en zei: ""Dank je wel, Max! Je bent de beste hond van de wereld!"" Max sloeg zijn staart en ging naar bed. Hij sliep heel snel."
meta-llama/llama-3.1-8b-instruct,"
Je bent een verteller van een kort verhaal (rond de 200 woorden).
Gebruik alleen hele simpele woorden die een 3-jarig kind kan begrijpen.
Geef het verhaal geen titel of introductie.
",Vertel een verhaal.,"Er was eens een prinses met een mooi haar. Ze had rood haar, net als de rode appelboom in de tuin. De prinses heette Rosie.

Rosie woonde in een kasteel met een grote tuin. In die tuin groeiden mooie bloemen en een grote vijver. Maar in de vijver zwom een grote vis. Die vis heette Fin.

Fin was een vriendelijke vis, hij wilde Rosie niet kwaad doen. Maar hij hield wel van zijn vijver. En hij hield ook van Rosie. Hij vond haar mooi.

Een dag wilde Rosie in de vijver zwemmen. Maar Fin was bang dat ze zich zou bezeren. Dus zwom hij naar Rosie toe. 'Nee, Rosie, blijf uit de vijver!' riep hij.

Rosie luisterde naar Fin. Ze ging niet in de vijver zwemmen. En Fin was blij. Hij wist dat Rosie veilig was."
meta-llama/llama-3.1-8b-instruct,"
Je bent een verteller van een kort verhaal (rond de 200 woorden).
Gebruik alleen hele simpele woorden die een 3-jarig kind kan begrijpen.
Geef het verhaal geen titel of introductie.
",Vertel een verhaal.,"Er was een meisje dat de naam Lies heette. Ze woonde in een klein dorpje bij de zee. Lies had een hondje dat hij Pim heette. Ze waren dikke vrienden.

Een dag ging Lies naar de zee om te spelen. Pim kwam ook mee. Toen ze daar waren, zagen ze een klein bootje liggen. Het was verlaten. Lies keek naar Pim en zei: ""Pim, kunnen we die bootje hebben?""

Pim blafte enthousiast. Lies en Pim gingen op de bootje zitten. Ze gingen langzaam over het water. Ze zagen veel dingen, zoals vissen en vogels. Lies en Pim hadden veel lol.

Toen ze genoeg hadden gezien, stapten ze af. Ze gingen naar huis. Lies zei tegen haar moeder: ""Pim en ik zijn op de bootje geweest!"" Haar moeder lachte en zei: ""Dat klinkt als veel lol!"""
meta-llama/llama-3.1-8b-instruct,"
Je bent een verteller van een kort verhaal (rond de 200 woorden).
Gebruik alleen hele simpele woorden die een 3-jarig kind kan begrijpen.
Geef het verhaal geen titel of introductie.
",Vertel een verhaal.,"Er woonde een kleine hond met een rood baardje. Hij heette Rufus. Rufus woonde in een klein huisje bij een rivier. Hij hield van zwemmen en jagen.

De rivier had veel visjes. Rufus viste elke dag visjes. Hij kwam terug naar huis met een grote vis in zijn bek. Zijn baasje was erg trots op hem.

Een dag kwam er een storm. De rivier ging over de banken. Het water kwam naar het huisje. Rufus zat angstig in zijn bed. Het water kwam steeds hoger.

Rufus besloot om te zwemmen naar de andere kant. Hij zwom naar de andere oever. Daar kwam hij aan land. Hij was heel moe.

Rufus ging slapen en wachtte tot de storm weg was. De zon scheen de volgende dag. Het water was weg. Rufus ging naar het huisje. Hij was heel blij dat hij terug was."
meta-llama/llama-3.1-8b-instruct,"
Je bent een verteller van een kort verhaal (rond de 200 woorden).
Gebruik alleen hele simpele woorden die een 3-jarig kind kan begrijpen.
Geef het verhaal geen titel of introductie.
",Vertel een verhaal.,"Er was eens een klein konijntje. Het konijntje hield van appels. Het konijntje woonde in een klein huisje in een groen veld.

Een dag ging het konijntje naar buiten. Het konijntje zag een grote appelboom. Het konijntje ging naar de appelboom. Het konijntje pakte een grote appel van de boom.

Het konijntje nam de appel terug naar zijn huisje. Het konijntje at de appel. Het konijntje vond de appel zo zoet.

Toen het konijntje klaar was met de appel, ging het konijntje naar buiten. Het konijntje zag een grote vijver. Het konijntje ging naar de vijver.

Het konijntje zag een klein bootje. Het konijntje nam het bootje. Het konijntje ging op het bootje zitten. Het konijntje voer op de vijver.

Het konijntje vond het heel leuk om op het bootje te zitten. Het konijntje voer de hele dag op de vijver."
meta-llama/llama-3.1-8b-instruct,"
Je bent een verteller van een kort verhaal (rond de 200 woorden).
Gebruik alleen hele simpele woorden die een 3-jarig kind kan begrijpen.
Geef het verhaal geen titel of introductie.
",Vertel een verhaal.,"Er was eens een klein konijnje. Het konijnje woonde in een klein hokje. Het hokje was erg klein, dus het konijnje moest vaak uit het hokje gaan.

Een keer was het konijnje buiten. Het zag een prachtig groene weide. Het konijnje liep naar de weide. Daar zag het konijnje een mooie bloem. De bloem was rood en geel. Het konijnje vond de bloem mooi.

Het konijnje pakte de bloem in zijn bek. Hij liep terug naar zijn hokje. Toen hij binnen was, legde hij de bloem neer. Het konijnje was erg blij. Hij had een mooie bloem.

Maar het konijnje wist niet dat er een grote slang in de weide lag. De slang wilde de bloem hebben. De slang sloop naar het hokje van het konijnje. Maar wanneer de slang naar binnen ging, ging het hokje dicht. De slang kon niet naar binnen.

Het konijnje was blij dat zijn bloem veilig was. En de slang was boos. Hij ging weg uit het hokje."
meta-llama/llama-3.1-8b-instruct,"
Je bent een verteller van een kort verhaal (rond de 200 woorden).
Gebruik alleen hele simpele woorden die een 3-jarig kind kan begrijpen.
Geef het verhaal geen titel of introductie.
",Vertel een verhaal.,"Er was eens een kleine vos. Hij heette Vosje. Vosje was erg klein en had een rood achterhoofd. Hij was heel slim.

Vosje ging naar de bos. Hij zag een grote kip. De kip had een groen ei onder zijn vlees. Vosje wilde het ei hebben.

Hij ging naar de kip en zei: ""Hallo, kip! Gooi je ei naar mij toe!"" De kip gooide het ei naar Vosje. Vosje ving het ei op.

Vosje was heel blij. Hij nam het ei mee naar zijn huis. Hij legde het ei op tafel. Nu had Vosje een ei. Hij was heel verheugd.

Maar... Vosje kon niet eten. Hij moest het ei geven aan een ander dier. Hij gaf het ei aan een lekkere konijn. De konijn was heel blij.

Vosje was ook blij. Hij had een nieuwe vriend. Hij ging met de konijn spelen. Ze speelden samen in het bos. Vosje was heel gelukkig."
meta-llama/llama-3.1-8b-instruct,"
Je bent een verteller van een kort verhaal (rond de 200 woorden).
Gebruik alleen hele simpele woorden die een 3-jarig kind kan begrijpen.
Geef het verhaal geen titel of introductie.
",Vertel een verhaal.,"Er was eens een klein konijntje. Het konijnje heette Fluffy. Fluffy woonde in een warm en veilig hol.

Elke dag liep Fluffy door het veld. Hij vond zonnebloemen en eet ze op. De zonnebloemen waren zoet en lekker.

Fluffy was dol op water. Hij ging naar de beek en dronk lekker uit het water. Het water was koud en fris.

Een dag kwam er een regenstorm. De regen viel hard op het veld. Fluffy wilde naar zijn hol, maar de weg was glad. Hij gleed en viel.

Fluffy was bang. Hij wilde naar zijn moeder. Zijn moeder was heel lief en zorgde voor hem. Ze nam hem in haar armen en gaf hem een warme knuffel.

Fluffy voelde zich veilig. Hij sliep lekker in zijn hol, omringd door zijn liefdevolle moeder."
meta-llama/llama-3.1-8b-instruct,"
Je bent een verteller van een kort verhaal (rond de 200 woorden).
Gebruik alleen hele simpele woorden die een 3-jarig kind kan begrijpen.
Geef het verhaal geen titel of introductie.
",Vertel een verhaal.,"Er was eens een klein hondje. Het hondje heette Bob. Bob was een leuke hond. Hij had een rood pakje aan.

Bob ging naar de tuin. In de tuin was een klein Vogeltje. Het vogeltje heette Piet.

Piet was bang voor Bob. Bob wilde Piet niet deren. Bob ging naar Piet toe en zei: ""Hallo Piet, ik ben Bob. Ik wil je niet deren.""

Piet was niet bang meer. Bob en Piet werden vrienden. Ze speelden samen in de tuin.

Bob zag een bal. Bob wilde de bal hebben. Bob ging naar de bal toe en pakte hem op. Piet kwam naar Bob toe en zei: ""Bob, geef me de bal.""

Bob gaf Piet de bal. Piet was blij. Bob en Piet speelden nog wat meer.

Toen was het tijd om naar huis te gaan. Bob en Piet zeiden elkaar gedag. Bob ging naar huis en Piet ging naar zijn nest."
meta-llama/llama-3.1-8b-instruct,"
Je bent een verteller van een kort verhaal (rond de 200 woorden).
Gebruik alleen hele simpele woorden die een 3-jarig kind kan begrijpen.
Geef het verhaal geen titel of introductie.
",Vertel een verhaal.,"Er was eens een klein konijnje. Het konijnje had een prachtig groen bos om zijn huis heen. Het konijnje hield van het bos. Het konijnje ging elke dag op ontdekkingstocht door het bos.

Op een dag ontdekte het konijnje een klein pad. Het konijnje liep het pad op en viel in een gat. Het konijnje viel hard op de bodem.

Onder de grond was het donker en koud. Het konijnje riep: ""Hoe kom ik hier weg?"" Maar er kwam geen antwoord.

Net toen het konijnje doodziek was, hoorde het een stem. ""Hallo kleine konijnje!"" zei de stem. ""Ik ben hier om je te helpen.""

Het konijnje kwam uit het gat. Er stond een grote beer daar. De beer zei: ""Ik zal je helpen. Kom, ik zal je naar huis brengen.""

Het konijnje ging met de beer mee. Ze liepen door het bos en kwamen bij het konijnjes huis. Het konijnje was heel dankbaar voor de hulp van de beer. Vanaf dat moment werden de konijnje en de beer goede vrienden."
meta-llama/llama-3.1-8b-instruct,"
Je bent een verteller van een kort verhaal (rond de 200 woorden).
Gebruik alleen hele simpele woorden die een 3-jarig kind kan begrijpen.
Geef het verhaal geen titel of introductie.
",Vertel een verhaal.,"Er was eens een kleine zwanenmeisje. Het zwanenmeisje had witte veren en een lange nek. Het was erg bang voor het water.

Een dag besloot het zwanenmeisje om in het water te springen. Maar toen het in het water stapte, was het veel sterker dan het dacht. Het kon over de waterfladderen vliegen.

De zwanenmeisje vond het leuk om over het water te vliegen. Het deed het elke dag. En elke keer werd het sterker en sterker.

Een dag ging het zwanenmeisje naar de zon. Het voelde zich goed en was heel gelukkig. Het dacht: ""Ik ben een echte zwaan!"""
meta-llama/llama-3.1-8b-instruct,"
Je bent een verteller van een kort verhaal (rond de 200 woorden).
Gebruik alleen hele simpele woorden die een 3-jarig kind kan begrijpen.
Geef het verhaal geen titel of introductie.
",Vertel een verhaal.,"Er was eens een klein hondje. Het hondje was rood. Het hondje heette Rufus. Rufus was heel blij. Hij kon hard rennen.

Rufus had een vriendje. Het vriendje heette Max. Max was een witte kat. Max was een beetje bang. Rufus wilde hem niet bang maken.

Een dag ging Rufus en Max naar de park. Ze zagen een bal liggen. Rufus wilde de bal pakken. Hij rende erheen. Max rende achter hem aan.

Rufus pakte de bal. Hij was heel blij. Max was ook blij. Het hondje en de kat speelden samen. Ze speelden tot ze moe waren.

Toen ging Rufus en Max naar huis. Ze waren beiden heel blij. Ze hadden een leuk dag gehad."
meta-llama/llama-3.1-8b-instruct,"
Je bent een verteller van een kort verhaal (rond de 200 woorden).
Gebruik alleen hele simpele woorden die een 3-jarig kind kan begrijpen.
Geef het verhaal geen titel of introductie.
",Vertel een verhaal.,"Er was een klein konijn. Hij heette Benny. Benny was wit en blond. Hij had grote oren en een grote neus.

Benny woonde in een klein hok met gras. Hij hield van gras. Hij at het elke dag.

Een keer was Benny moe. Hij wilde slapen. Hij ging in zijn hok liggen.

Maar toen hoorde hij een schattig meisje. Het meisje noemde zich Lily. Lily wilde vrienden maken.

Benny en Lily speelden samen. Ze renden door het gras en gaven elkaar knuffels.

Benny was blij. Hij had een nieuwe vriend. Hij sliep nooit meer alleen.

Benny en Lily speelden elke dag. Ze waren de beste vrienden. Ze waren gelukkig samen."
meta-llama/llama-3.1-8b-instruct,"
Je bent een verteller van een kort verhaal (rond de 200 woorden).
Gebruik alleen hele simpele woorden die een 3-jarig kind kan begrijpen.
Geef het verhaal geen titel of introductie.
",Vertel een verhaal.,"Er was eens een kleine vogel. Hij heette Piet. Piet woonde in een klein nest op een bomenkruin. Hij had een vriend, een kleine haas. Zijn naam was Haasje.

Piet en Haasje waren beste vrienden. Ze speelden samen in de zon. Piet vloog boven de bomen, en Haasje rende ertussen door. Ze gingen op avontuur.

Op een dag zagen ze een klein stroompje water. Ze gingen erheen om te drinken. Toen Piet zijn bek in het water zette, zag hij een glanzend stenenpaard. Het stenenpaard was verdwaald.

Piet en Haasje wilden helpen. Ze gingen met het stenenpaard naar de plek waar het vandaan kwam. Ze vielen hem op, en hij was dolgelukkig. Hij dankte ze met een mooie sieraad.

Piet en Haasje werden helden. Ze gingen opnieuw op avontuur. Ze vlogen en renden door het bos. Ze waren blij met hun vriendschap. En ze hadden een mooi sieraad om eraan te herinneren."
meta-llama/llama-3.1-8b-instruct,"
Je bent een verteller van een kort verhaal (rond de 200 woorden).
Gebruik alleen hele simpele woorden die een 3-jarig kind kan begrijpen.
Geef het verhaal geen titel of introductie.
",Vertel een verhaal.,"Er was eens een klein konijntje. Het konijntje had prachtige witte oren en groene ogen. Hij woonde in een leuke holletje onder een groene boom.

Elke dag ging het konijntje naar buiten en speelde hij in de zon. Hij rende over het groene gras en sprong over kleine stenen.

Een keer kwam het konijntje een vriend tegen. Het was een kleine vogel met een rood lijf. De vogel zei: ""Hallo, ik heet Rood. Wat ben jij?""

Het konijntje zei: ""Ik ben Koning. Ik woon hier.""

Rood vroeg: ""Wil je met me spelen?""

Koning zei: ""Ja, ik wil graag met je spelen!""

Samen speelden Koning en Rood in de zon. Ze renden, sprongen en lachten.

Toen de zon onder ging, gingen Koning en Rood naar hun holletjes. Ze waren heel blij om uitgegaan te zijn geweest."
meta-llama/llama-3.1-8b-instruct,"
Je bent een verteller van een kort verhaal (rond de 200 woorden).
Gebruik alleen hele simpele woorden die een 3-jarig kind kan begrijpen.
Geef het verhaal geen titel of introductie.
",Vertel een verhaal.,"Er was eens een klein konijn. Hij woonde in een klein hok op een boerderij. Het konijn was erg nieuwsgierig en hield van avonturen. Eén dag besloot hij dat hij de wereld buiten het hok wilde zien.

Het konijn sprong uit het hok en liep naar de weilanden. Daar ontmoette hij een vriendelijke koe. De koe zei: ""Hallo kleine konijn! Wat doe je hier?""

Het konijn antwoordde: ""Ik wil de wereld zien!"" De koe lachte en zei: ""Ik ken een plek waar je prachtige bloemen kunt zien. Kom met me mee!""

Samen gingen ze naar de bloemen. Ze waren zo kleurrijk en mooi. Het konijn was erg blij. Hij wilde nog meer zien.

De koe zei: ""Kom, ik ken nog een plek!"" En zo ging het door. Het konijn zag veel nieuwe dingen en maakte nieuwe vrienden. Hij was heel gelukkig en ging nooit meer terug naar zijn klein hok."
meta-llama/llama-3.1-8b-instruct,"
Je bent een verteller van een kort verhaal (rond de 200 woorden).
Gebruik alleen hele simpele woorden die een 3-jarig kind kan begrijpen.
Geef het verhaal geen titel of introductie.
",Vertel een verhaal.,"Er was een klein hondje. Het hondje was wit en rood. Het hondje had een naam: Bella.

Bella woonde bij een meisje. Het meisje heette Sophie. Sophie hield heel veel van Bella.

Een dag ging Sophie naar het park. Ze nam Bella mee. Ze speelden samen.

Bella rende rond en blafte. Sophie lachte hard. Ze gooide een bal naar Bella. Bella ving de bal op en kwam terug.

Sophie gaf Bella een knuffel. ""Ik houd van je, Bella,"" zei ze.

Bella blafte blij. Ze was gelukkig. Sophie en Bella waren beste vrienden. Ze deden alles samen.

De zon ging onder. Sophie en Bella gingen naar huis. Ze waren moe, maar gelukkig.

Ze sliepen meteen in. Bella droomde van het park. Ze had het leuk gehad met Sophie."
meta-llama/llama-3.1-8b-instruct,"
Je bent een verteller van een kort verhaal (rond de 200 woorden).
Gebruik alleen hele simpele woorden die een 3-jarig kind kan begrijpen.
Geef het verhaal geen titel of introductie.
",Vertel een verhaal.,"Er was een klein konijn. Hij heette Koen. Koen was heel lief. Hij had een mooi bruin rug en witte oren. Hij had ook een rode staart.

Koen woonde in een prachtig bos. Hij had veel vrienden in het bos. Er waren vogels, herten en eekhoorns.

Koen hield van appelbloesems. Hij hield ook van bloemen. Hij ging vaak op pad om ze te zien.

Een dag, toen Koen in het bos was, zag hij een klein vogeltje. Het vogeltje was verdwaald. Koen hielp het vogeltje naar huis. Het vogeltje was heel dankbaar.

Koen ging terug naar zijn hol. Hij was trots op zichzelf. Hij had iemand geholpen. Hij ging slapen met een liefhartje in zijn hoofd.

's Ochtends ging Koen weer op pad. Hij vond een prachtige appelbloesem. Hij at een appel en voelde zich gelukkig. Koen was een goed konijn."
meta-llama/llama-3.1-8b-instruct,"
Je bent een verteller van een kort verhaal (rond de 200 woorden).
Gebruik alleen hele simpele woorden die een 3-jarig kind kan begrijpen.
Geef het verhaal geen titel of introductie.
",Vertel een verhaal.,"Er was eens een kleine meid. Ze heette Lotje. Lotje woonde bij haar oma. Haar oma had een leuk hondje.

Een dag zei de oma: ""Lotje, ga naar de markt met me."" Lotje was blij. Op de markt kochten ze appels, bananen en een leuk kleed.

Toen stopten ze bij een kramen met lekkers. Lotje keek naar de taartjes en de snoepjes. Ze wist niet wat ze kocht.

Haar oma zei: ""Lotje, kies maar wat."" Lotje koos een taartje en een snoepje. Ze aten en lachten.

Toen gingen ze naar huis. Lotje's oma zei: ""Lotje, dat was leuk."" Lotje zei: ""Ja, oma, dat was heel leuk.""

Lotje ging slapen met een volle maag en een glimlach op haar gezicht. De volgende ochtend was ze weer blij om naar de markt te gaan."
meta-llama/llama-3.1-8b-instruct,"
Je bent een verteller van een kort verhaal (rond de 200 woorden).
Gebruik alleen hele simpele woorden die een 3-jarig kind kan begrijpen.
Geef het verhaal geen titel of introductie.
",Vertel een verhaal.,"Er was eens een klein konijn. Hij was heel snel. Hij kon over de velden springen en door de bosjes rennen.

Het konijn vond een bos met prachtige bloemen. Hij zag een mooie roze bloem. Hij wilde die bloem plukken. Maar, als hij de bloem pakte, zou hij de hele bloem opeisen. Hij wilde niet dat de bloem doodging.

Dus, hij dacht na. Hij kwam op een idee. Hij nam een schaar en knipte de bloem af. Nu kon de bloem nog meer bloeien.

Het konijn was heel blij. Hij had de bloem gered. Hij ging terug naar zijn hol en at een appel.

's Avonds, toen hij in bed lag, dacht hij aan de bloem. Hij was blij dat hij hem gered had. Hij sliep snel in."
meta-llama/llama-3.1-8b-instruct,"
Je bent een verteller van een kort verhaal (rond de 200 woorden).
Gebruik alleen hele simpele woorden die een 3-jarig kind kan begrijpen.
Geef het verhaal geen titel of introductie.
",Vertel een verhaal.,"Er woonde een meisje genaamd Lieve. Lieve had een hondje genaamd Max. Max was een witte hond met een rood bandje om zijn hals.

Lieve en Max gingen vaak naar het park. In het park was een mooie bos met bomen en bloemen. Lieve en Max speelden bij het water. Lieve gooide steentjes in het water en Max ving ze met zijn snuit.

Lieve zei: ""Max, je bent zo slim!"" Max wufte en sprong op en neer. Lieve gaf Max een knuffel. Max was zo blij dat hij een grote hap namel.

Lieve en Max gingen terug naar huis. Lieve gaf Max een lekker ontbijt. Max at zijn ontbijt en ging liggen slapen. Lieve gaf Max een knuffel en ze gingen slapen.

Lieve en Max waren heel gelukkig. Ze hadden een fantastische dag."
meta-llama/llama-3.1-8b-instruct,"
Je bent een verteller van een kort verhaal (rond de 200 woorden).
Gebruik alleen hele simpele woorden die een 3-jarig kind kan begrijpen.
Geef het verhaal geen titel of introductie.
",Vertel een verhaal.,"Er was eens een kleine vogel. Hij had een mooi groen vleugeltje en een rood kopje. Hij woonde in een klein nestje hoog in een boom.

De kleine vogel hield van zingen. Hij zong heel vaak. Zijn liedjes waren mooi en zacht. Hij zong over de zon, de regen en de bloemen.

Een dag kwam een sterk windje. De wind joeg hard door de boom. Het nestje van de kleine vogel werd losgemaakt. Hij vloog weg om zijn nestje te zoeken.

Hij vloog over velden en over bossen. Hij vloog hoog en laag. Hij vond zijn nestje eindelijk terug. Hij kwam terug in zijn boom en zong gelukkig.

De vogel vond het fijn om thuis te zijn. Hij zong nog eens en nog eens. De windje ging weg en de vogel sliep rustig. Hij was blij dat hij zijn nestje terug had."
meta-llama/llama-3.1-8b-instruct,"
Je bent een verteller van een kort verhaal (rond de 200 woorden).
Gebruik alleen hele simpele woorden die een 3-jarig kind kan begrijpen.
Geef het verhaal geen titel of introductie.
",Vertel een verhaal.,"Er was eens een klein konijntje. Het konijntje had een mooie roze neus en een vlotte staart. Het konijntje woonde in een groene weiland met veel bloemen.

Een dag ging het konijntje op avontuur. Het liep door het weiland en kwam aan bij een grote rivier. Het konijntje wilde naar de andere kant van de rivier, maar hij kon niet zwemmen.

Toen zag het konijntje een bootje liggen. Het konijntje klom in het bootje en peddelde met zijn pootjes naar de andere kant van de rivier. Onderweg zong het konijntje een leuk liedje: ""Ik ben een konijntje, ik vaar op de rivier!""

Toen het konijntje de andere kant van de rivier bereikte, was het heel blij. Het konijntje sprong uit het bootje en rende naar een mooie moestuin. Daar at het konijntje lekker uit de tuin."
meta-llama/llama-3.1-8b-instruct,"
Je bent een verteller van een kort verhaal (rond de 200 woorden).
Gebruik alleen hele simpele woorden die een 3-jarig kind kan begrijpen.
Geef het verhaal geen titel of introductie.
",Vertel een verhaal.,"Een kleine hond had een dikke vacht. Hij was bruin en wit. Hij heette Max.

Max woonde bij een meisje. Ze was lief en speelde met Max. Ze gaven hem een bal.

Max wilde de bal. Hij rende naar de bal. Hij pakte de bal in zijn bek. Hij was zo blij.

Het meisje lachte. ""Goed gedaan, Max!"" zei ze. ""Wil je nog een bal?""

Max kwam terug. Hij had nog geen bal. Maar nu had hij een stok. Hij wilde de bal slaan.

Max sloeg de bal met de stok. De bal vloog door de lucht. Het meisje lachte.

""Je bent een goed hondje!"" zei ze. Max was blij. Hij had veel bal gespeeld. Hij was moe. Hij ging liggen. Het meisje gaf hem een knuffel. Max sliep."
meta-llama/llama-3.1-8b-instruct,"
Je bent een verteller van een kort verhaal (rond de 200 woorden).
Gebruik alleen hele simpele woorden die een 3-jarig kind kan begrijpen.
Geef het verhaal geen titel of introductie.
",Vertel een verhaal.,"Er woonde een klein konijn. Hij had een klein bosje met bloemen. De konijn hield van die bloemen.

Een dag kwam een sterk vogeltje. Het vogeltje vliegde boven het bosje. Het vogeltje liet een mandje vallen.

De mandje viel op de bloemen. De bloemen werden kapot. De konijn was verdrietig.

Hij vroeg het vogeltje: ""Sorry voor de bloemen."" Het vogeltje zei: ""Sorry voor de bloemen.""

Samen gingen ze naar de markt. Ze kochten nieuwe bloemen. Ze plantten de nieuwe bloemen in het bosje.

Nu was het bosje mooi weer. De konijn was blij. Hij hield van zijn nieuwe bloemen. Het vogeltje vloog weg."
meta-llama/llama-3.1-8b-instruct,"
Je bent een verteller van een kort verhaal (rond de 200 woorden).
Gebruik alleen hele simpele woorden die een 3-jarig kind kan begrijpen.
Geef het verhaal geen titel of introductie.
",Vertel een verhaal.,"Er was eens een klein konijntje. Het konijntje was heel snel. Het konijntje kon heel ver rennen.

Op een dag zocht het konijntje naar eieren. Het konijntje vond eieren in een kippenhok. Maar de kippen waren heel boos! Ze schreeuwden: ""Geef onze eieren terug!""

Het konijntje was bang. Het konijntje gaf de eieren terug. De kippen waren blij. Ze lieten het konijntje een ei hebben.

Het konijntje was superslim. Het konijntje nam het ei mee naar huis. Het konijntje deed een kast op slot en zei: ""Dit ei is van mij!""

De volgende dag kwam de vader van het konijntje en zei: ""Wat is dat ei?"" Het konijntje zei: ""Dit ei is van mij!""

De vader van het konijntje was heel trots. Hij zei: ""Je bent een super slim konijntje!"""
meta-llama/llama-3.1-8b-instruct,"
Je bent een verteller van een kort verhaal (rond de 200 woorden).
Gebruik alleen hele simpele woorden die een 3-jarig kind kan begrijpen.
Geef het verhaal geen titel of introductie.
",Vertel een verhaal.,"Er was eens een klein konijntje. Hij heette Kiki. Kiki was heel snel. Hij kon overal naartoe rennen.

Kiki had een vriendinnetje. Ze heette Mia. Mia was een schattig hondje. Ze had lange, rode oren.

Een dag ging Kiki en Mia naar het bos. Ze wilden spelen. Kiki rende voorop en Mia rende achter hem aan.

Toen ze in het bos waren, zagen ze een stroom water. Kiki en Mia wilden erheen gaan. Maar toen ze bij de stroom water waren, zagen ze een klein vogeltje. Het vogeltje had een breuk in zijn vleugel.

Kiki en Mia wilden helpen. Ze vroegen aan het vogeltje waar het pijn deed. Het vogeltje zei dat zijn vleugel pijn deed.

Kiki en Mia wilden het vogeltje helpen. Ze vonden wat bladeren en drukten ze op zijn vleugel. De vogeltje voelde geen pijn meer.

Het vogeltje bedankte Kiki en Mia. Ze gingen weer naar huis. Kiki en Mia waren blij dat ze het vogeltje konden helpen."
meta-llama/llama-3.1-8b-instruct,"
Je bent een verteller van een kort verhaal (rond de 200 woorden).
Gebruik alleen hele simpele woorden die een 3-jarig kind kan begrijpen.
Geef het verhaal geen titel of introductie.
",Vertel een verhaal.,"Er was eens een klein vogeltje. Het vogeltje heette Piet. Piet woonde in een groen bos. Het bos was vol met bomen, bloemen en vliegende vogels.

Piet was een leuke vogeltje. Hij had een rood borstje en een rode snavel. Piet hield van zingen. Hij zong elke dag in de ochtend.

Een keer ging Piet op avontuur. Hij vloog over een rivier en kwam in een nieuw bos. Piet zag een prachtig meer. Op het meer zwom een mooi visje.

Het visje zei: ""Hallo Piet! Kom dit meer bezoeken."" Piet wist niet dat hij kon zwemmen, maar hij wilde graag het visje helpen. Piet viel in het water, maar hij kwam op een wade. Het visje zei: ""Dankjewel Piet! Ik ben je vriend.""

Nu gaat Piet elke dag naar het meer om met zijn vriend te spelen. Piet heeft een prachtig leven in het bos. Hij zingt elke dag en hij heeft een vriend die hem helpen kan."
meta-llama/llama-3.1-8b-instruct,"
Je bent een verteller van een kort verhaal (rond de 200 woorden).
Gebruik alleen hele simpele woorden die een 3-jarig kind kan begrijpen.
Geef het verhaal geen titel of introductie.
",Vertel een verhaal.,"Er was eens een kleine eenzame hond. Hij heette Max. Max had geen vrienden. Hij speelde altijd alleen.

Eén dag kwam er een kleine kat naar de straat. De kat heette Whiskers. Whiskers was ook eenzaam. Ze wilde vrienden maken.

Max en Whiskers zagen elkaar en begonnen te spelen. Ze renden en sprongen samen door de straat. Ze waren heel gelukkig.

Een andere dag kwam er een kleine vogel naar de straat. De vogel heette Tweety. Tweety vond Max en Whiskers leuk. Ze werden dikke vrienden.

Max, Whiskers en Tweety speelden samen elke dag. Ze waren heel gelukkig. Ze waren geen eenzame beestjes meer.

De drie vrienden gingen naar het park en speelden. Ze renden, sprongen en lachten. Ze waren heel gelukkig.

Max, Whiskers en Tweety waren heel gelukkige vrienden. Ze waren niets dan geluk."
meta-llama/llama-3.1-8b-instruct,"
Je bent een verteller van een kort verhaal (rond de 200 woorden).
Gebruik alleen hele simpele woorden die een 3-jarig kind kan begrijpen.
Geef het verhaal geen titel of introductie.
",Vertel een verhaal.,"Een klein konijnje woonde in een leuke hol in een groene weiland. Het konijnje heette Fluffy. Fluffy was heel lief en had een witte staart en een rood gezichtje.

Een dag ging Fluffy naar buiten om te spelen. Hij zag een bloem die prachtig rood bloeide. Fluffy vond de bloem zo mooi dat hij er bij wilde zitten. Maar toen hij erbij ging zitten, voelde hij zich niet lekker. Zijn oren begonnen te rammelen!

Fluffy rende snel terug naar zijn hol. Zijn moeder vroeg hem wat er aan de hand was. Fluffy zei: ""Mam, mijn oren rammelen!"" Zijn moeder zei: ""Dat is omdat je bij de bloemen hebt gezeten, hè?"" Fluffy knikte met zijn hoofd.

Zijn moeder gaf hem een knuffel en zei: ""Maak je maar niet druk, Fluffy. We zullen samen naar de dokter gaan om je oren te maken."" Fluffy was blij dat zijn moeder bij hem was. Hij voelde zich al beter."
meta-llama/llama-3.1-8b-instruct,"
Je bent een verteller van een kort verhaal (rond de 200 woorden).
Gebruik alleen hele simpele woorden die een 3-jarig kind kan begrijpen.
Geef het verhaal geen titel of introductie.
",Vertel een verhaal.,"Er was een klein konijntje. Het konijntje heette Ben. Ben was heel blij. Hij woonde in een mooi veld vol bloemen.

Ben hield van bloemen. Hij hield van mooie kleuren. Hij liep door het veld en keek naar de bloemen. Hij zag roze, geel en blauw.

Ben kwam aan bij een grote roze bloem. Hij moest er zo graag aan ruiken. Hij snoof heel diep. Het rook naar zoet fruit.

Ben bleef een tijdje bij de roze bloem. Toen ging hij verder. Hij vond een kleine gele bloem. Hij kuste de bloem. Het voelde koel aan.

Ben kwam langs een vriend. Zijn naam was Puk. Puk was een eend. Hij zwom in een vijver. Ben ging naar de vijver. Hij keek naar Puk.

Ben en Puk speelden samen. Ze speelden tot de zon onderging. Ben ging terug naar zijn nest. Hij was moe. Hij sliep snel. Hij droomde van bloemen."
meta-llama/llama-3.1-8b-instruct,"
Je bent een verteller van een kort verhaal (rond de 200 woorden).
Gebruik alleen hele simpele woorden die een 3-jarig kind kan begrijpen.
Geef het verhaal geen titel of introductie.
",Vertel een verhaal.,"Er leefde een klein beertje. Het beertje heette Berend. Berend woonde in een mooie bos. Hij had een huisje van dennenappels en takjes.

Berend had een beste vriend, een vogeltje. Het vogeltje heette Pieter. Pieter kon vliegen. Hij vloog altijd rond Berend.

Een dag was het heel koud. Berend had honger. Hij ging op onderzoek. Hij vond een boom vol appels. Hij pakte een appel en at hem op.

Pieter vloog langs Berend. ""Hallo Berend!"" zei Pieter. ""Hallo Pieter!"" zei Berend. ""Ik ben zo honger!"" zei Berend. ""Er is een boom vol appels!"" zei Pieter.

Berend en Pieter gingen naar de appelboom. Ze aten allebei een appel. Toen waren ze niet meer honger. Ze waren blij en dansten samen rond de appelboom."
meta-llama/llama-3.1-8b-instruct,"
Je bent een verteller van een kort verhaal (rond de 200 woorden).
Gebruik alleen hele simpele woorden die een 3-jarig kind kan begrijpen.
Geef het verhaal geen titel of introductie.
",Vertel een verhaal.,"Er was eens een lieve haas. De haas woonde in een mooi bos. Hij had een mooie witte neus en grote oren.

Een keer ging de haas op stap. Hij liep door het bos en zag een prachtig bloem. De bloem was rood en geel en had een mooie geur.

De haas was zo nieuwsgierig. Hij wilde graag de bloem ruiken. Hij liep dichter naar de bloem en rook aan de bloem.

De haas was zo blij. Hij had nog nooit zo een mooie bloem gezien. Hij zei tegen zichzelf: ""Ik ga deze bloem voor mezelf houden!""

De haas nam de bloem mee naar zijn huis. Hij zette de bloem op zijn tafel en keek ernaar.

De volgende dag ging de haas weer naar het bos. Hij zocht naar een andere prachtige bloem. Hij vond een mooie gele bloem en nam die ook mee naar zijn huis.

Nu had de haas twee prachtige bloemen. Hij was zo gelukkig. Hij keek naar de bloemen en glimlachte."
meta-llama/llama-3.1-8b-instruct,"
Je bent een verteller van een kort verhaal (rond de 200 woorden).
Gebruik alleen hele simpele woorden die een 3-jarig kind kan begrijpen.
Geef het verhaal geen titel of introductie.
",Vertel een verhaal.,"Er leefde een kleine jongen genaamd Max. Max woonde in een klein huisje aan de rand van een grote stad. Hij had een dikke hond genaamd Rex.

Een dag ging Max en Rex naar de stad. Ze zagen vele mensen lopen en veel auto's rijden. Max wilde een ijsje hebben, dus hij ging naar een ijssalon. Hij kocht een groot ijsje met een grote bolle bal.

Rex keek naar het ijsje en hij wilde er ook van eten. Max lachte en gaf Rex een klein beetje ijs. Rex deed alsof hij pijn had, maar hij at het ijs snel op.

Max en Rex gingen naar de park. Ze zaten op een bank en keken naar een groep kinderen die aan het spelen waren. Max en Rex zagen een kind dat kon vliegen met een paraplu. Max en Rex lachten en zeiden ""Wow!"" Max en Rex waren heel blij in de stad."
meta-llama/llama-3.1-8b-instruct,"
Je bent een verteller van een kort verhaal (rond de 200 woorden).
Gebruik alleen hele simpele woorden die een 3-jarig kind kan begrijpen.
Geef het verhaal geen titel of introductie.
",Vertel een verhaal.,"Er was eens een kleine beer. De kleine beer woonde in een bos. Hij was heel graag naar buiten. Hij wilde altijd wat doen.

Een dag kwam hij een vriendinnetje tegen. Dat vriendinnetje was een vogel. De vogel kon vliegen. De kleine beer vond vliegen heel gek.

Toen zei de vogel: ""Wil je leren vliegen?"" De kleine beer vond dat leuk. Hij wilde leren vliegen.

Maar de vogel zei: ""Je moet eerst leren springen. Dan kun je vliegen."" De kleine beer sprong heel hoog. Hij sprong zo hoog dat hij bijna de wolken raakte.

Toen sprong hij nog hoger. En toen kwam hij beneden op de grond. De vogel zei: ""Nu kun je vliegen."" Maar de kleine beer vond dat nog steeds heel gek.

Hij wilde liever naar water gaan. Hij ging naar de rivier. Daar kon hij jeuken en spelen. Hij vond het water heel leuk. En hij vond het vliegen helemaal niet leuk."
meta-llama/llama-3.1-8b-instruct,"
Je bent een verteller van een kort verhaal (rond de 200 woorden).
Gebruik alleen hele simpele woorden die een 3-jarig kind kan begrijpen.
Geef het verhaal geen titel of introductie.
",Vertel een verhaal.,"Er was eens een hond. Hij heette Max. Max was een leuk hondje met een rood likhaar. Hij woonde bij een meisje genaamd Lily.

Lily was een lief meisje dat veel tijd met Max doorbracht. Ze nam hem elke dag mee naar de speeltuin. Max hield van de speeltuin. Hij kon daar rennen en spelen met de andere honden.

Een dag kwam er een stortregen. De regen kwam zo hard dat Lily en Max moesten naar binnen rennen. Maar Max wilde nog steeds buiten zijn. Hij keek door het raam en zag dat de regen al wat minder hard viel.

Lily glimlachte en zei: ""Oké, Max. We gaan even buiten kijken."" Max sprong van blijdschap en rende met Lily naar buiten. Ze gingen samen op stap in de regen. Max rende en sprong door de straten en Lily lachte van plezier. Ze hadden een leuke dag."
meta-llama/llama-3.1-8b-instruct,"
Je bent een verteller van een kort verhaal (rond de 200 woorden).
Gebruik alleen hele simpele woorden die een 3-jarig kind kan begrijpen.
Geef het verhaal geen titel of introductie.
",Vertel een verhaal.,"Er was een klein konijntje. Het was wit en had lange oren.

Het konijntje woonde in een heel leuk hol. Er waren bloemen buiten en zonlicht.

Een dag ging het konijntje buiten spelen. Het liep over de bloemen en klepte met de voeten.

Opeens zag het konijntje een schattig vogeltje. Het vogeltje had rood en groen veren.

De vogel kwam naar het konijntje toe. Ze spraken een beetje met elkaar.

Het konijntje en het vogeltje werden vrienden. Ze speelden samen in de zon.

Ze aten gras en bloemen. Het konijntje en het vogeltje waren heel gelukkig.

Een tijdje later ging het vogeltje weg. Maar het konijntje wist dat het vogeltje terug zou komen.

En zo kwam het vogeltje terug. Het konijntje en het vogeltje speelden samen weer."
meta-llama/llama-3.1-8b-instruct,"
Je bent een verteller van een kort verhaal (rond de 200 woorden).
Gebruik alleen hele simpele woorden die een 3-jarig kind kan begrijpen.
Geef het verhaal geen titel of introductie.
",Vertel een verhaal.,"Er was eens een klein konijn. Hij heette Benny. Benny was een leuk konijn. Hij had witte vacht en een lange staart.

Benny woonde in een bos. Hij had een vriend, een vogel. De vogel heette Piet. Piet kon vliegen. Benny kon rennen.

Een keer ging Benny op jacht. Hij zocht naar eieren. Hij vond een mooi ei. Hij nam het ei mee naar zijn vriend Piet.

Piet was blij. Hij dacht: ""Dit ei is voor mij!"" Benny en Piet gingen naar Benny's huis. Daar deden ze een ei om. Ze maakten een heerlijke omelet.

Benny en Piet waren tevreden. Ze aten de omelet samen. Ze lachten en speelden. Ze waren het beste van het beste.

Toen ging Benny naar bed. Piet vloog naar zijn nest. Ze sliepen gemakkelijk. Ze waren blij met hun vrienden en hun leuke dag."
meta-llama/llama-3.1-8b-instruct,"
Je bent een verteller van een kort verhaal (rond de 200 woorden).
Gebruik alleen hele simpele woorden die een 3-jarig kind kan begrijpen.
Geef het verhaal geen titel of introductie.
",Vertel een verhaal.,"Er was eens een klein hondje. Het hondje heette Max. Max was een rood hondje. Hij had een lange staart.

Max woonde bij een meisje. Het meisje heette Lily. Lily was lief. Ze gaf Max altijd eten en speelde met hem.

Een keer ging Max met Lily naar de speeltuin. In de speeltuin was een grote trampoline. Max wilde graag op de trampoline springen. Maar hij kon niet omhoog. Lily hielp Max. Ze tilde hem op en liet hem springen.

Max sprong heel hoog. Hij voelde zich gelukkig. Lily lachte en gaf Max een knuffel. Max was blij. Hij had een leuke dag met Lily. Toen ging Max slapen. Hij droomde van de trampoline."
meta-llama/llama-3.1-8b-instruct,"
Je bent een verteller van een kort verhaal (rond de 200 woorden).
Gebruik alleen hele simpele woorden die een 3-jarig kind kan begrijpen.
Geef het verhaal geen titel of introductie.
",Vertel een verhaal.,"Er leefde een kleine vogel. Hij heette Kikker. Kikker woonde in een klein bos. Hij had een vriend. Zijn vriend heette Eend.

Een dag kwam er een harde wind. De bladeren van de bomen begonnen te waaien. Kikker wilde niet meer in zijn nest. Hij was bang.

Een stukje verder in het bos zat een oude eik. Hij was heel sterk. Eend zei tegen Kikker: ""Ga naar de oude eik. Hij is veilig.""

Kikker ging naar de oude eik. Hij klom erin. De wind was niet meer bang te maken. Kikker sliep die nacht bij de oude eik.

De volgende ochtend was de wind weg. Kikker ging terug naar zijn nest. Hij was blij. Hij was dankbaar voor zijn vriend Eend en de oude eik. Hij ging niet meer bang zijn als er wind kwam."
meta-llama/llama-3.1-8b-instruct,"
Je bent een verteller van een kort verhaal (rond de 200 woorden).
Gebruik alleen hele simpele woorden die een 3-jarig kind kan begrijpen.
Geef het verhaal geen titel of introductie.
",Vertel een verhaal.,"Er was een jóntje genaamd Lukas. Hij had een hondje genaamd Max. Ze waren heel erg vrienden. Lukas en Max gingen naar de speeltuin.

In de speeltuin was een grote trampoline. Lukas sprong op de trampoline en hij maakte een sprongetje. Max ging ook op de trampoline en hij maakte een kleine sprongetje.

Lukas en Max speelden ook op de klettergoot. Ze gingen naar boven en kwamen naar beneden. Het was heel erg leuk.

Toen Lukas en Max moe werden, gingen ze naar huis. Lukas zei tegen Max: ""Dank je wel voor het spelen, hondje."" Max blafte naar Lukas en Lukas gaf hem een knuffel.

Lukas en Max gingen naar binnen en Lukas gaf Max een lekker broodje. Max was heel erg gelukkig. Lukas was ook gelukkig om Max te hebben. Ze waren heel erg vrienden."
meta-llama/llama-3.1-8b-instruct,"
Je bent een verteller van een kort verhaal (rond de 200 woorden).
Gebruik alleen hele simpele woorden die een 3-jarig kind kan begrijpen.
Geef het verhaal geen titel of introductie.
",Vertel een verhaal.,"Er woonde een kleine hond. Hij heette Max. Max woonde bij een mens. De mens heette Anna.

Max was heel lief. Hij hield van Anna. Anna hield van Max.

Een dag ging Max naar buiten. Hij zag een klein vogeltje. Het vogeltje was verdwaald. Max zei: ""Hallo! Hoe kom je hier?""

Het vogeltje zei: ""Ik ben verdwaald. Ik weet niet waar ik ben.""

Max zei: ""Ik ken dit gebied. Ik kan je helpen.""

Max nam het vogeltje op zijn rug. Hij liep naar het huis van Anna. Anna zei: ""O, Max! Wat heb je daar?""

Max zei: ""Dit vogeltje is verdwaald. Ik heb hem gevonden.""

Anna zei: ""O, wat lief van je! We zullen hem helpen.""

Anna en Max brachten het vogeltje naar zijn moeder. De moeder was heel dankbaar.

Max was trots. Hij had geholpen. Anna was trots op Max. Ze zeiden: ""Je bent een heel lief hond, Max!"""
meta-llama/llama-3.1-8b-instruct,"
Je bent een verteller van een kort verhaal (rond de 200 woorden).
Gebruik alleen hele simpele woorden die een 3-jarig kind kan begrijpen.
Geef het verhaal geen titel of introductie.
",Vertel een verhaal.,"Er woonde een kleine vos. Zijn naam was Pipo. Pipo had een klein huis in de bos. Hij had veel vrienden in het bos.

Pipo ging elke dag naar de rivier. Daar ving hij vis. De vis was heel lekker. Pipo at de vis met veel plezier.

Een dag kwam er een regenbui. Pipo ging naar zijn huis. Het was donker en koud. Pipo deed zijn deur dicht en lag op zijn bank te slapen.

Toen de regen ophield, ging Pipo weer naar de rivier. Hij viste opnieuw. Nu was de vis moeilijk te vinden. Maar Pipo vond nog een vis. Hij was heel blij.

Pipo ging naar zijn huis en at zijn vis. Hij was heel tevreden. Hij sliep weer, omdat hij moe was van het vissen."
meta-llama/llama-3.1-8b-instruct,"
Je bent een verteller van een kort verhaal (rond de 200 woorden).
Gebruik alleen hele simpele woorden die een 3-jarig kind kan begrijpen.
Geef het verhaal geen titel of introductie.
",Vertel een verhaal.,"Er was eens een kleine eend. Ze heette Pip. Pip woonde in een prachtig meer. Het meer was vol met waterplanten en vissen.

Pip was een liefde. Ze had een mooi verenkleed en een snelle vlucht. Zij kon vliegen en duiken in het water.

Een dag kwam er een storm. De wind blies hard en het regende veel. Pip was bang. Ze had geen idee wat ze moest doen.

Toen zag Pip een kleine boom. Ze vloog erheen en klom in de boom. De boom was groot en stevig. Pip voelde zich veilig.

De storm ging over. De zon kwam uit en de wind stopte. Pip kwam uit de boom en vloog naar het water. Ze zwom naar de waterplanten en aten wat.

Pip was blij dat ze veilig was. Ze wist dat ze altijd een plek had om te vluchten als er een storm kwam. En ze wist dat ze altijd een vriend had, de boom."
meta-llama/llama-3.1-8b-instruct,"
Je bent een verteller van een kort verhaal (rond de 200 woorden).
Gebruik alleen hele simpele woorden die een 3-jarig kind kan begrijpen.
Geef het verhaal geen titel of introductie.
",Vertel een verhaal.,"Er was een kleine vogel. Hij heette Piet. Piet woonde in een klein nest op een boom.

Piet had een vriend, een eekhoorn. Hij heette Eiko. Eiko was snel en kon overal heen rennen.

Een dag zei Piet tegen Eiko: 'Ik heb honger!'

Eiko zei: 'Ik zoek voedsel voor je.'

Eiko liep naar de grond en begon te zoeken. Hij vond een appel.

Piet vloog naar beneden en at de appel. 'Dank je Eiko!' zei hij.

Eiko glimlachte. 'Graag gedaan, Piet.'

Piet en Eiko waren goede vrienden. Zij speelden samen in de boom.

Toen het donker werd, ging Piet slapen. Eiko bleef waken. Hij hield het nest veilig voor Piet.

De volgende morgen wist Piet dat Eiko weer wakker was. 'Dank je Eiko!' zei hij.

En daarna speelden Piet en Eiko weer samen."
meta-llama/llama-3.1-8b-instruct,"
Je bent een verteller van een kort verhaal (rond de 200 woorden).
Gebruik alleen hele simpele woorden die een 3-jarig kind kan begrijpen.
Geef het verhaal geen titel of introductie.
",Vertel een verhaal.,"Er was een klein konijnje. Het konijnje heette Benny. Benny woonde in een bos. Hij had een huisje van bladeren.

Benny hield van eieren. Hij vond een ei. Maar er zaten nog twee konijntjes in. Ze zeiden ""Hallo, Benny!""

Benny was blij. Hij gaf ze een ei. Het ei was heel klein. Ze aten het ei op en waren heel tevreden.

Toen gingen ze spelen. Ze renden door het bos. Ze sprongen over strootjes. Benny lachte en ze lachten ook.

Na een tijdje kwamen ze bij een rivier. Ze zagen een boot. Ze liepen naar de boot en klommen erop. De boot voer over het water.

Benny en de andere konijntjes vonden het leuk. Ze vlogen met de wind door het bos. Toen kwamen ze weer aan wal. Ze waren heel moe. Benny en de andere konijntjes gingen slapen."
meta-llama/llama-3.1-8b-instruct,"
Je bent een verteller van een kort verhaal (rond de 200 woorden).
Gebruik alleen hele simpele woorden die een 3-jarig kind kan begrijpen.
Geef het verhaal geen titel of introductie.
",Vertel een verhaal.,"Een klein konijnje woonde in een klein hokje. Hij heette Kiko. Kiko had een mooie lange staart. Hij was zo snel dat hij kon rennen.

Een keer ging Kiko naar de boom. Hij klom in de boom. Hij zag een appel. De appel was zo zwaar dat hij viel. Kiko ving de appel op.

Kiko ging naar huis. Hij had een appel. Hij at de appel. Hij vond hem zo lekker. Kiko was tevreden. Hij sliep met een volle maag.

De volgende ochtend kwam een vriend van Kiko. Hij heette Koko. Koko was ook een konijn. Hij zag de appel. Hij vroeg of hij de appel kon hebben. Kiko zei nee. Koko ging weg.

Kiko was nog steeds tevreden. Hij sliep nog steeds met een volle maag. Kiko was het gelukkigste konijnje van de wereld."
meta-llama/llama-3.1-8b-instruct,"
Je bent een verteller van een kort verhaal (rond de 200 woorden).
Gebruik alleen hele simpele woorden die een 3-jarig kind kan begrijpen.
Geef het verhaal geen titel of introductie.
",Vertel een verhaal.,"Er was eens een klein koninkje. Het koninkje had een mooie paard. Het paard was wit en had lange manen.

Het koninkje wilde naar de zee. Het paard mocht mee. Ze reden heel lang over de weg.

Toen ze bij de zee kwamen, zagen ze een mooie boot. De boot zeilde over de golven.

Het koninkje vroeg: ""Mag ik op de boot?"" De kok van de boot zei: ""Ja, mag het!""

Het koninkje stapte op de boot. Het paard bleef aan de wal. Het koninkje zeilde over de zee. Het voelde zich heel blij.

Toen de zon onderging, keerde de boot terug naar de wal. Het koninkje stapte af. ""Dank je wel"", zei het koninkje. ""Ik heb een leuk avontuur gehad.""

Het koninkje ging terug naar het kasteel. Het paard was blij om het weer te zien. Ze sliepen samen in het kasteel."
meta-llama/llama-3.1-8b-instruct,"
Je bent een verteller van een kort verhaal (rond de 200 woorden).
Gebruik alleen hele simpele woorden die een 3-jarig kind kan begrijpen.
Geef het verhaal geen titel of introductie.
",Vertel een verhaal.,"Er was eens een kleine maan. De kleine maan hield van dansen. Elke nacht klom hij uit zijn huis en danste op de sterren.

Hij had een mooie vriendin, de kleine zon. De kleine zon hield ook van dansen. Samen dansten ze op de sterren.

Een dag kwam er een grote orkaan. De orkaan viel de kleine maan aan. Hij wilde hem verjagen van de sterren.

Maar de kleine maan was niet bang. Hij danste nog harder en harder. Hij riep ook om hulp. De kleine zon hoorde hem en kwam hem helpen.

De kleine zon en de kleine maan dansten samen. Ze dansen zó hard dat de orkaan verdween. De kleine maan was heel blij. Hij had de orkaan verslagen.

Nu dansen de kleine maan en de kleine zon samen elke nacht op de sterren. Zij zijn de beste danspartners in de hele wereld. En de orkaan kwam nooit meer terug."
meta-llama/llama-3.1-8b-instruct,"
Je bent een verteller van een kort verhaal (rond de 200 woorden).
Gebruik alleen hele simpele woorden die een 3-jarig kind kan begrijpen.
Geef het verhaal geen titel of introductie.
",Vertel een verhaal.,"Er was eens een klein konijn. Hij woonde in een mooie tuin. De tuin was vol met bloemen. Het konijn hield van bloemen.

Een dag kwam er een hevige regen. De tuin werd nat. De bloemen gingen kapot. Het konijn was verdrietig.

Het konijn dacht aan een goed idee. Hij ging naar de tuinman en vroeg hem om hulp. De tuinman was een vriendelijke man. Hij hielp het konijn om de bloemen te planten.

Langzaam maar zeker groeiden de bloemen weer. De tuin werd weer mooi. Het konijn was gelukkig. Hij had zijn tuin back.

De tuinman glimlachte naar het konijn. ""Je bent een slim konijn"", zei hij. Het konijn voelde zich trots. Hij had zijn tuin weer mooi gemaakt."
meta-llama/llama-3.1-8b-instruct,"
Je bent een verteller van een kort verhaal (rond de 200 woorden).
Gebruik alleen hele simpele woorden die een 3-jarig kind kan begrijpen.
Geef het verhaal geen titel of introductie.
",Vertel een verhaal.,"Er was eens een klein beertje. Het beertje heette Bert. Bert woonde in een klein bos. Hij had rood haar en blauwe ogen.

Bert hield van spelen. Hij speelde met zijn vrienden, de vogeltjes. Ze speelden verstoppertje in het bos. Bert was heel snel en kon zich verstoppen in een kleine boom.

Maar Bert had ook een slechte vriend. Hij heette Slijk. Slijk was een grote hond. Hij was zwaar en had een lange tong.

Slijk wilde Bert eten. Maar Bert was te snel voor hem. Hij sprong over een grote steen en kon wegrennen.

Bert kwam bij zijn moeder. Zij was heel blij dat Bert veilig was. Ze gaf hem een knuffel en zei: ""Ik ben blij dat je veilig bent, Bert.""

Bert was ook blij. Hij ging slapen met een glimlach op zijn gezicht. Hij had een fijn avondje gehad."
meta-llama/llama-3.1-8b-instruct,"
Je bent een verteller van een kort verhaal (rond de 200 woorden).
Gebruik alleen hele simpele woorden die een 3-jarig kind kan begrijpen.
Geef het verhaal geen titel of introductie.
",Vertel een verhaal.,"Er was eens een klein konijn. Hij heette Benny. Benny woonde in een prachtig bos. Hij had een klein huisje met een rode deur.

Benny ging elke dag naar buiten en speelde met zijn vrienden. Ze renden door het bos en zochten naar lekkere groente.

Eén dag vond Benny een prachtige appelschuur. Hij was zo klein dat hij erin kon kijken. Maar er was iets mis. De schuur was leeg!

Benny had een goed idee. Hij ging naar zijn vrienden en vroeg om hulp. Ze zochten samen naar appels en vonden er heel veel!

Ze vulden de schuur met appels en Benny was heel blij. Hij had zijn vrienden geholpen en nu hadden ze een volle appelschuur.

Benny en zijn vrienden gingen naar huis en aten een paar appels. Ze waren heel tevreden en zeiden allemaal: ""Dank je wel, Benny!"""
meta-llama/llama-3.1-8b-instruct,"
Je bent een verteller van een kort verhaal (rond de 200 woorden).
Gebruik alleen hele simpele woorden die een 3-jarig kind kan begrijpen.
Geef het verhaal geen titel of introductie.
",Vertel een verhaal.,"Er woonde een jonge hond. Hij heette Max. Max was een vrolijke hond. Hij had een rood bakje en een lange staart.

Max had een vriend. Hij heette Sam. Sam was een kat. Sam was ook vrolijk. Hij had blauwe ogen.

Max en Sam speelden samen. Ze liepen door het park. Ze zagen vogels in de boom. Max en Sam wilden de vogels zien. Ze liepen dichterbij. De vogels vlogen weg.

Max en Sam gingen naar het strand. Ze zagen zand en water. Max en Sam wilden zwemmen. Ze liepen naar het water. Sam wilde niet in het water. Max ging alleen in het water.

Max kwam uit het water. Hij was nat. Sam kwam naar Max. Ze liepen naar huis. Ze waren moe. Ze gingen slapen."
meta-llama/llama-3.1-8b-instruct,"
Je bent een verteller van een kort verhaal (rond de 200 woorden).
Gebruik alleen hele simpele woorden die een 3-jarig kind kan begrijpen.
Geef het verhaal geen titel of introductie.
",Vertel een verhaal.,"Er woonde een konijn. Hij heette Floppy. Hij had een grote tuin om in te spelen. Er groeiden lekkere groenten.

Floppy hield van eten. Hij at veel groenten. Maar hij had ook vrienden. Ze kwamen vaak bij hem op bezoek.

Floppy had een vriend, een eend. Hij heette Quacky. Quacky kon hard lopen. Floppy kon ook hard lopen. Ze liepen vaak samen.

Een dag kwamen Quacky en Floppy op een plek. Daar stond een grote appelschuur. De schuur was vol met appels. Quacky en Floppy waren blij.

Ze aten alle appels op. Ze waren vol en tevreden. Toen gingen ze weer naar hun huis. Floppy sliep snel. Hij had veel gegeten.

Vanavond at hij weer. Quacky en hij aten samen. Ze waren vrienden en hadden veel plezier."
meta-llama/llama-3.1-8b-instruct,"
Je bent een verteller van een kort verhaal (rond de 200 woorden).
Gebruik alleen hele simpele woorden die een 3-jarig kind kan begrijpen.
Geef het verhaal geen titel of introductie.
",Vertel een verhaal.,"Er was eens een kleine vos. Hij heette Vosje. Vosje was erg snel. Hij kon overal in een oogwenk komen.

Vosje ging op avontuur in een groot bos. Hij liep over smalle paden en klom over grote stenen. Hij kwam aan een prachtig meer. Er zwom een grote haan in het water.

Vosje was bang voor de grote haan. Hij dacht dat de haan hem zou bijten. Maar de haan kwam naar Vosje toe. ""Hallo, kleine vos,"" zei de haan. ""Wat doe je hier?""

Vosje zei: ""Ik ben op avontuur. Ik wil het bos verkennen.""

De haan zei: ""Ik kan je helpen. Ik ken het bos heel goed.""

Vosje en de haan gingen samen op avontuur. Ze zochten naar eieren, appels en bladeren. Ze hadden heel veel plezier samen.

Toen het donker werd, ging Vosje terug naar zijn hol. Hij zei tegen de haan: ""Bedankt voor het avontuur. Ik kom snel weer terug.""

De haan glimlachte en zei: ""Kom gerust terug. Ik wacht op je."""
meta-llama/llama-3.1-8b-instruct,"
Je bent een verteller van een kort verhaal (rond de 200 woorden).
Gebruik alleen hele simpele woorden die een 3-jarig kind kan begrijpen.
Geef het verhaal geen titel of introductie.
",Vertel een verhaal.,"Er woonde een kleine beer. Hij was heel wegkwijt. Hij vroeg zijn moeder: ""Mama waar is papa?""

Zijn moeder zei: ""Papa is op een grote beek. Hij zoekt vis.""

De kleine beer zei: ""Ik wil ook vis zoeken!""

Zijn moeder zei: ""Goed dan. Maar houd je oren en neus schoon.""

De kleine beer ging op weg. Hij liep tot de grote beek. Daar vond hij zijn papa. Zijn papa had veel vis in zijn mand.

De kleine beer vroeg: ""Papa, hoe krijg je zo veel vis?""

Zijn papa zei: ""Ik zwem naar beneden in de beek en ik vang vis met mijn tanden.""

De kleine beer vond het leuk. Hij wilde ook vis vangen. Maar hij wist niet hoe.

Zijn papa zei: ""Je moet je tanden op elkaar houden en je mond open doen. Dan vang je vis.""

De kleine beer deed wat zijn papa zei. En hij ving een vis! Hij was erg blij. Hij ging met zijn papa terug naar huis. En hij at met zijn papa een grote vis."
meta-llama/llama-3.1-8b-instruct,"
Je bent een verteller van een kort verhaal (rond de 200 woorden).
Gebruik alleen hele simpele woorden die een 3-jarig kind kan begrijpen.
Geef het verhaal geen titel of introductie.
",Vertel een verhaal.,"Een hond had een warme jas. De hond heette Max. Max ging naar de sneeuw. De sneeuw was wit en koud.

Max wilde niet vies worden. Dus droeg hij zijn jas. Max ging naar de berg. Er was veel sneeuw. Max rende over de sneeuw.

Hij zag een kat. De kat heette Mia. Mia was bang voor de sneeuw. Max zei: 'Rustig, Mia.' Max nam Miads hand. Samen gingen ze door de sneeuw.

Ze kwamen bij een boom. Daar zat een vogel. De vogel zong: 'Sniep, snee, sneeuw!' Max en Mia lachten. Ze lieten de vogel vliegen.

Max en Mia gingen naar huis. Ze waren warm. Ze waren blij. Ze hadden veel plezier. Max was trots op zijn jas. Hij had geholpen. Max en Mia waren vrienden."
meta-llama/llama-3.1-8b-instruct,"
Je bent een verteller van een kort verhaal (rond de 200 woorden).
Gebruik alleen hele simpele woorden die een 3-jarig kind kan begrijpen.
Geef het verhaal geen titel of introductie.
",Vertel een verhaal.,"Een kleine hond kwam naar buiten. Hij was blauw en hoorde bij een meisje. Het meisje heette Sophie. Sophie gaf de hond een knuffel. De hond werd blij.

Samen gingen ze naar een park. Daar speelden andere kinderen. De hond speelde ook mee. Hij rende en sprong. Sophie lachte.

Toen was het tijd voor een broodje. Sophie gaf de hond een stukje. Hij at het snel op. Daarna ging Sophie haar fiets halen.

Samen reden ze naar huis. De hond zat op de fiets. Hij voelde zich gelukkig. Sophie glimlachte.

Toen ze thuis kwamen, ging Sophie naar binnen. De hond bleef buiten. Hij lag in het zonnetje en sliep. Sophie kwam later naar buiten. Ze gaf de hond een knuffel."
meta-llama/llama-3.1-8b-instruct,"
Je bent een verteller van een kort verhaal (rond de 200 woorden).
Gebruik alleen hele simpele woorden die een 3-jarig kind kan begrijpen.
Geef het verhaal geen titel of introductie.
",Vertel een verhaal.,"Er waren eens twee vrienden, Pieter en Sjors. Ze waren ergens op een eiland. Op het eiland waren veel vogels. Sjors had een bak met brood. Hij wilde de vogels eten geven.

Pieter zei: ""Nee, niet geven, maar leg op de grond."" Sjors legde het brood neer. De vogels kwamen en aten het brood op.

Toen waren de vogels heel dankbaar. Een vogel zei: ""Dank je wel, we hadden honger."" Sjors en Pieter glimlachten. Ze waren blij dat de vogels het brood aten.

Toen gingen Sjors en Pieter naar huis. Ze waren erg blij met elkaar. Want ze waren beiden vriendelijk voor de vogels. En de vogels waren ook vriendelijk voor hen. Sjors en Pieter waren erg gelukkig. Ze waren goede vrienden."
meta-llama/llama-3.1-8b-instruct,"
Je bent een verteller van een kort verhaal (rond de 200 woorden).
Gebruik alleen hele simpele woorden die een 3-jarig kind kan begrijpen.
Geef het verhaal geen titel of introductie.
",Vertel een verhaal.,"Er leefde een klein beer. Die beer heette Bert. Bert woonde in een bos. Hij had een vriend, een vogel. Die vogel heette Pip.

Bert en Pip speelden samen in het bos. Ze renden en vlogen. Ze lachten en joelden.

Een dag kwam er een regen. Bert en Pip gingen naar binnen. Ze gingen naar een klein huis. Daar woonden Bert en Pip.

Bert maakte een vuur. Pip zong een lied. Ze zaten bij het vuur. Ze waren warm en veilig.

Toen de regen weg was, gingen Bert en Pip weer naar buiten. Ze speelden opnieuw. Ze waren blij om elkaar te zien.

Bert en Pip waren goede vrienden. Ze speelden samen in het bos. Ze konden nooit genoeg van elkaar krijgen."
meta-llama/llama-3.1-8b-instruct,"
Je bent een verteller van een kort verhaal (rond de 200 woorden).
Gebruik alleen hele simpele woorden die een 3-jarig kind kan begrijpen.
Geef het verhaal geen titel of introductie.
",Vertel een verhaal.,"Een klein meisje had een hond. De hond was wit en had een roodneus. Hij heette Snoe.

Snoe was een leuke hond. Hij liep overal heen. De kleintje nam hem mee naar het park.

In het park was een groot veld. Snoe rende over het veld. Hij speelde met de vogels.

Het kleintje lachte naar Snoe. Snoe was trots op zichzelf.

Snoe kwam terug naar het kleintje. Hij likte het kleintje op de hand.

Het kleintje aaide Snoe. Snoe lag neer en sliep.

Het kleintje ging naar huis. Snoe sliep in zijn mand.

De volgende dag ging het kleintje en Snoe weer naar het park. Snoe speelde weer met de vogels.

Het kleintje en Snoe waren blij om samen te zijn."
meta-llama/llama-3.1-8b-instruct,"
Je bent een verteller van een kort verhaal (rond de 200 woorden).
Gebruik alleen hele simpele woorden die een 3-jarig kind kan begrijpen.
Geef het verhaal geen titel of introductie.
",Vertel een verhaal.,"Er was eens een kleine maandvogel. Hij was zwart en had een rode snavel. De maandvogel heette Piet.

Piet woonde bij zijn mama in een boom. Hij had veel speelgoed. Hij had bollen, balen en touwtjes.

Een dag ging Piet naar buiten. Hij zag een klein konijntje. Het konijntje was wit en had lange oren.

Piet en het konijntje speelden samen. Ze liepen door het park en keken naar de bloemen. Piet zag een bloem die rood was. Hij zei tegen het konijntje: 'Kijk! Een mooie roze bloem!'

Het konijntje zei: 'Ja, prachtig!' Ze bleven nog een tijdje spelen. Toen ging Piet naar huis. Hij was gelukkig.

Op de volgende dag ging Piet weer met het konijntje spelen. Ze werden vrienden. Ze speelden elke dag samen. Piet en het konijntje waren altijd gelukkig."
meta-llama/llama-3.1-8b-instruct,"
Je bent een verteller van een kort verhaal (rond de 200 woorden).
Gebruik alleen hele simpele woorden die een 3-jarig kind kan begrijpen.
Geef het verhaal geen titel of introductie.
",Vertel een verhaal.,"Er was eens een klein jongetje genaamd Jip. Hij woonde in een klein huisje bij de beek. Jip hield van vissen in de beek. Hij wist precies hoe hij moest vissen.

Een dag kwam Jip naar de beek en hij zag een grote vis. De vis was zo groot dat hij bijna zo groot was als Jip. Jip was zo blij dat hij de vis wilde vangen. Hij gooide zijn lijn in het water en wachtte tot de vis aan zou bijten.

Na een tijdje voelde Jip de vis aan de lijn trekken. Hij was zo blij en trok aan de lijn. Maar plotseling voelde Jip dat hij wankelde. De vis was zo groot dat hij Jip uit het water trok.

Jip viel op de grond, maar hij was niet boos. Hij lachte en zei: ""Dat was een leuke vis!"" Jip kon niet wachten om weer naar de beek te gaan om de vis weer te zien."
meta-llama/llama-3.1-8b-instruct,"
Je bent een verteller van een kort verhaal (rond de 200 woorden).
Gebruik alleen hele simpele woorden die een 3-jarig kind kan begrijpen.
Geef het verhaal geen titel of introductie.
",Vertel een verhaal.,"Er woonde een klein meisje. Ze heette Sophie. Sophie had een hondje. Het hondje heette Max. Max was een witte hond met een rood oor.

Sophie en Max waren goede vrienden. Ze gingen vaak naar de speeltuin. Daar speelden ze met de andere kinderen. Sophie en Max waren altijd blij.

Eén dag ging Sophie naar de speeltuin. Max bleef thuis. Sophie speelde met de andere kinderen. Maar toen ze terugkwam, was Max verdwenen. Sophie was bang.

Toen roepte ze: 'Max!' Ze klonk heel hard. Max kwam uit achter de bank. Hij kwam met een bal in zijn bek. Sophie was blij. 'Hallo Max!' zei ze. Max begon te blaffen. Sophie gaf hem een knuffel. Ze waren weer één."
meta-llama/llama-3.1-8b-instruct,"
Je bent een verteller van een kort verhaal (rond de 200 woorden).
Gebruik alleen hele simpele woorden die een 3-jarig kind kan begrijpen.
Geef het verhaal geen titel of introductie.
",Vertel een verhaal.,"Er was een kleine vos. Hij heette Max. Max was heel nieuwsgierig. Hij wilde alles ontdekken.

Max ging naar het park. Hij zag een mooie groene bladeren. Hij wilde ze proeven. Max at een blad. Het was zoet.

Toen zag Max een kleine vogel. De vogel was blauw. Max wilde de vogel zien vliegen. Max ging dichterbij. De vogel vloog weg.

Max was teleurgesteld. Hij wilde de vogel nog één keer zien. Max ging langzamerhand dichterbij. De vogel vloog weer weg.

Max ging naar huis. Hij was moe. Max ging slapen. Hij droomde van vogels en groene bladeren.

De volgende ochtend ging Max weer naar het park. Hij zag de vogel weer. De vogel liet Max zien hoe hij vliegt. Max was gelukkig. Hij had zijn droom waar."
meta-llama/llama-3.1-8b-instruct,"
Je bent een verteller van een kort verhaal (rond de 200 woorden).
Gebruik alleen hele simpele woorden die een 3-jarig kind kan begrijpen.
Geef het verhaal geen titel of introductie.
",Vertel een verhaal.,"Er woonde een kleine beer genaamd Bert. Hij had een mooie rode muts op zijn hoofd. Bert hield van appels. Hij wist waar hij de lekkerste appels kon vinden.

Een dag ging Bert naar de boomgaard. Hij keek omhoog en zag de grote, rood-groene appels. Bert was blij. Hij klom in de boom en pikte een paar appels. Hij nam ze mee naar zijn huizen.

Bert's moeder maakte appelmoes. Ze deed de appels in een grote kom met suiker en water. Ze deed de kom op het fornuis. Na een tijdje was de appelmoes klaar.

Bert en zijn moeder aten de appelmoes op. Bert vond het lekker. Hij was blij dat hij de appels had gehaald. Hij ging naar bed met een volle maag. Bert sliep rustig en droomde van appels."
meta-llama/llama-3.1-8b-instruct,"
Je bent een verteller van een kort verhaal (rond de 200 woorden).
Gebruik alleen hele simpele woorden die een 3-jarig kind kan begrijpen.
Geef het verhaal geen titel of introductie.
",Vertel een verhaal.,"Een kleine vogel kwam op een warme dag naar buiten. Hij vloog zo hoog mogelijk, maar hij voelde zich moe. Hij vloog terug naar zijn nest.

Toen hij landde, zag hij zijn moeder daar zitten. ""Hoe was je dag?"" vroeg ze.

De kleine vogel antwoordde: ""Ik was moe. Ik heb veel gevlogen.""

Zijn moeder zei: ""Kom, dan geef ik je een appel. Dat geeft je meer kracht.""

De kleine vogel nam de appel aan. Hij at hem op en voelde zich direct beter.

Toen hij zijn appel had gegeten, vloog hij weer op. Hij vloog nog hoger dan eerst. Hij zag heel veel dingen die hij eerder nooit had gezien.

De kleine vogel was erg blij dat hij zijn appel had gegeten. Hij wist dat hij nu sterker was."
meta-llama/llama-3.1-8b-instruct,"
Je bent een verteller van een kort verhaal (rond de 200 woorden).
Gebruik alleen hele simpele woorden die een 3-jarig kind kan begrijpen.
Geef het verhaal geen titel of introductie.
",Vertel een verhaal.,"Er leefde een klein konijn. Hij had een rode neus en groene ogen. Hij woonde in een klein hok.

Hij had een vriend, een vogel. De vogel had een lange vleugel en kon vliegen. Ze waren goede vrienden.

Een dag ging de vogel niet naar het hok. Het konijn ging op zoek naar hem. Hij liep over het gras en door de bloemen.

Toen hij bij de beek kwam, zag hij de vogel. Hij vloog boven de beek. Hij liet zijn vleugel wapperen.

Het konijn was blij dat hij zijn vriend had gevonden. Hij ging naar hem toe en zei: ""Hallo, ik ben blij je te zien!""

De vogel vloog naar hem toe en zei: ""Hallo, ik ben blij jou te zien!""

Ze waren samen en gingen naar hun hok. Ze waren blij elkaar te hebben gezien."
meta-llama/llama-3.1-8b-instruct,"
Je bent een verteller van een kort verhaal (rond de 200 woorden).
Gebruik alleen hele simpele woorden die een 3-jarig kind kan begrijpen.
Geef het verhaal geen titel of introductie.
",Vertel een verhaal.,"Er was een klein konijn. Het konijn heette Fluffy. Fluffy woonde in een prachtige tuin.

Fluffy hield van bloemen. Hij hield ook van fruit. Fluffy had een vriend die een vogel was. De vogel heette Tweety.

Tweety kon vliegen. Tweety hield van zingen. Fluffy en Tweety speelden samen in de tuin.

Eén dag vonden Fluffy en Tweety een grote appel. De appel was zo groot als een bal.

Fluffy en Tweety besloten om de appel te eten. Ze aten de appel en vonden hem héél lekker.

Toen ze de appel aten, hoorden ze een klein geluid. Het was een klein zachte stem.

Destem zei: ""Hallo, ik ben een kleine bever. Ik wil een vriend vinden.""

Fluffy en Tweety waren blij dat ze een vriend hadden gevonden. Ze speelden samen met de kleine bever."
meta-llama/llama-3.1-8b-instruct,"
Je bent een verteller van een kort verhaal (rond de 200 woorden).
Gebruik alleen hele simpele woorden die een 3-jarig kind kan begrijpen.
Geef het verhaal geen titel of introductie.
",Vertel een verhaal.,"Er was eens een klein konijntje. Het konijntje was geel en had grote ogen. Het woonde in een klein hokje met gras en bloemen.

Een dag besloot het konijntje te gaan ontdekken. Het liep door de tuin en vond een prachtig veld vol bloemen. Het konijntje liep door het veld en voelde de zon op zijn rug.

Het konijntje kwam ook een vriend tegen. Het was een kleine vogeltje met een mooi zang. Het vogeltje wuifde naar het konijntje en zei: ""Hallo, kleine vriend!""

Het konijntje en het vogeltje liepen samen door het veld. Ze zochten naar lekkere bloemen en maakten plezier.

Toen de zon laag begon te hangen, keerde het konijntje terug naar zijn hokje. Het was moe maar gelukkig. Het konijntje sliep snel in en droomde van de mooie dag die het had gehad."
meta-llama/llama-3.1-8b-instruct,"
Je bent een verteller van een kort verhaal (rond de 200 woorden).
Gebruik alleen hele simpele woorden die een 3-jarig kind kan begrijpen.
Geef het verhaal geen titel of introductie.
",Vertel een verhaal.,"Een klein hondje woonde bij een meisje. Het hondje was rood. Het meisje heette Sophia. Sophia en het hondje waren heel gelukkig. Ze speelden samen in de tuin.

Op een dag ging Sophia naar school. Het hondje bleef thuis. Het hondje was verdrietig. Het meisje kwam 's avonds terug. Ze gaf het hondje een snoepje. Het hondje was weer gelukkig.

Sophia en het hondje gingen naar buiten. Ze speelden met een bal. Het hondje was heel snel. Het hondje pakte de bal en kwam naar Sophia rennen. Sophia lachte en gaf het hondje een knuffel.

's Avonds gingen Sophia en het hondje slapen. Sophia zei: 'Ik hou van je, hondje.' Het hondje blafte en kuste Sophia. Sophia en het hondje waren heel gelukkig samen."
meta-llama/llama-3.1-8b-instruct,"
Je bent een verteller van een kort verhaal (rond de 200 woorden).
Gebruik alleen hele simpele woorden die een 3-jarig kind kan begrijpen.
Geef het verhaal geen titel of introductie.
",Vertel een verhaal.,"Er woonde een jongetje dat heette Max. Max had een vriendelijke hond die hij heel graag liefhad. Zijn hond heette Rufus.

Max en Rufus gingen altijd spelen in het park. Ze renden over het gras en speelden met bal. Op een dag kwam er een regenbui. Max en Rufus moesten naar huis.

Toen ze thuiskwamen, was Max' moeder in de keuken. Zijn moeder zei: ""Max, Rufus is heel nat. We moeten hem drogen."" Max en zijn moeder droogden Rufus af met een handdoek.

Rufus was gelukkig en begon te slapen. Max ging ook slapen. Hij had een fijne dag gehad met Rufus.

De volgende dag was het weer mooi weer. Max en Rufus gingen weer naar het park. Ze renden weer over het gras en speelden met bal. Max was heel blij met zijn vriendelijke hond Rufus."
meta-llama/llama-3.1-8b-instruct,"
Je bent een verteller van een kort verhaal (rond de 200 woorden).
Gebruik alleen hele simpele woorden die een 3-jarig kind kan begrijpen.
Geef het verhaal geen titel of introductie.
",Vertel een verhaal.,"Er was eens een klein konijntje. Het was wit en klein. Het konijntje woonde in een klein hokje op een grote boerderij.

Een dag ging de boer naar buiten. Hij zei: ""Hallo, kleine konijntje! Vandaag ga ik naar de stad. Ik breng wat eten voor mijn hond.""

Toen hij weg was, ging de koningin naar buiten. Ze was de moeder van het kleine konijntje. Ze zei: ""Hallo, kleine konijntje! Vandaag ga ik naar de boomgaard. Ik pik wat appels.""

Toen de koningin weg was, ging het kleine konijntje naar buiten. Het ging naar de weilanden. Daar was een grote koe. De koe zei: ""Hallo, kleine konijntje! Wil je met me meegaan?""

Het kleine konijntje zei: ""Ja, ik ga mee!"" Ze gingen naar de weilanden. Ze speelden met de koe. Toen kwam de boer terug. Hij zei: ""Hallo, kleine konijntje! Waar ben je geweest?""

Het kleine konijntje zei: ""Ik ben met de koe naar de weilanden geweest."" De boer glimlachte en zei: ""Dat was leuk! Kom maar terug naar je hokje."""
meta-llama/llama-3.1-8b-instruct,"
Je bent een verteller van een kort verhaal (rond de 200 woorden).
Gebruik alleen hele simpele woorden die een 3-jarig kind kan begrijpen.
Geef het verhaal geen titel of introductie.
",Vertel een verhaal.,"Er was eens een klein konijntje. Het was heel snel. Het konijntje kon overal heen.

Eenmaal liep het konijntje door een prachtig bos. Het bos was vol met bloemen. De bloemen waren rood, geel en blauw.

Het konijntje zag een mooie bloem. Ze was rood. Het konijntje wilde de bloem niet verstoren, dus het ging heel voorzichtig langs de bloem.

Toen het konijntje langs de bloem liep, hoorde het een prettig zwaaien. Het was een vogeltje. Het vogeltje zat in de bloem.

Het vogeltje zei: ""Hallo, kleine konijntje! Waar ga je heen?""

Het konijntje zei: ""Ik ga naar huis. Ik ben moe.""

Het vogeltje zei: ""Kom even zitten, kleine konijntje. Ik zal met je praten.""

Het konijntje ging zitten. Het vogeltje vertelde hem over de bos. Het konijntje was heel blij.

Toen het konijntje naar huis ging, was het vogeltje nog steeds in de bloem. Het vogeltje zei: ""Tot ziens, kleine konijntje!"""
meta-llama/llama-3.1-8b-instruct,"
Je bent een verteller van een kort verhaal (rond de 200 woorden).
Gebruik alleen hele simpele woorden die een 3-jarig kind kan begrijpen.
Geef het verhaal geen titel of introductie.
",Vertel een verhaal.,"Er was een kleine beer. Hij heette Bert. Bert woonde in een bos. Hij had een klein huisje van takken en bladeren.

Bert hield van eten. Hij hield vooral van appels. Hij vond een appel in de grond. Hij at de appel.

Bert was heel blij. Hij dacht aan meer appels. Hij zocht naar meer appels. Hij vond een boom met veel appels.

Bert at alle appels. Hij was vol. Hij ging slapen.

De volgende dag vond Bert nog meer appels. Hij at die ook. Hij was weer vol.

Bert was een gelukkige beer. Hij had veel appels gegeten. Hij ging terug naar zijn huisje en sliep nog een beetje.

Bert was een gelukkige beer. Hij had veel appels gegeten en hij had een leuk huisje. Hij was trots op zichzelf."
meta-llama/llama-3.1-8b-instruct,"
Je bent een verteller van een kort verhaal (rond de 200 woorden).
Gebruik alleen hele simpele woorden die een 3-jarig kind kan begrijpen.
Geef het verhaal geen titel of introductie.
",Vertel een verhaal.,"Een kleine vogeltje woonde in een boom. De boom groeide op een grasveld. Het grasveld was groen en zacht.

De vogeltje had een mooie roodstaart. Hij vloog naar beneden om te spelen. Hij zag een kleine hondje op het grasveld.

De hondje was vriendelijk. Hij kwam naar de vogeltje toe en sprong op hem af. Maar de vogeltje vloog weg. Hij vloog zo hoog dat hij boven de boom kwam.

Daar vond hij een bloem. De bloem was rood en wit. De vogeltje hield van de bloem. Hij landde erop en at de bloem.

De hondje zag de vogeltje op de bloem zitten. Hij lachte en sprong op de vogeltje af. Maar de vogeltje vloog weer weg. Hij ging terug naar zijn boom en ging slapen."
meta-llama/llama-3.1-8b-instruct,"
Je bent een verteller van een kort verhaal (rond de 200 woorden).
Gebruik alleen hele simpele woorden die een 3-jarig kind kan begrijpen.
Geef het verhaal geen titel of introductie.
",Vertel een verhaal.,"Er was eens een meisje. Ze heette Sophie. Sophie had een hond. De hond heette Max. Max was een leuk hondje.

Sophie en Max gingen naar het park. Ze liepen over het gras. Ze zagen vogels in de lucht. De vogels fladderden met hun vleugels.

Sophie gooide een bal voor Max. Max sprong ernaartoe. Hij pakte de bal in zijn bek. ""Jongen, je bent zo snel!"" zei Sophie.

Toen waren ze moe. Ze gingen naar huis. Sophie gaf Max een koekje. Max kauwde erop. ""Dank je wel, Sophie,"" zei hij niet, maar hij was zo blij.

De zon ging onder. Sophie en Max gingen naar binnen. Ze zaten op de bank. Sophie aaide Max. Max sloeg zijn poot om haar heen. Hij was zo gelukkig."
meta-llama/llama-3.1-8b-instruct,"
Je bent een verteller van een kort verhaal (rond de 200 woorden).
Gebruik alleen hele simpele woorden die een 3-jarig kind kan begrijpen.
Geef het verhaal geen titel of introductie.
",Vertel een verhaal.,"Er woonde een kleine vos. Hij heette Vosje. Vosje had een mooie rode jas. Hij droeg hem altijd. 

Een regenbui kwam opzetten. Vosje wilde niet nat worden. Hij rende naar een boom. Maar de boom was te klein. De regen viel op Vosje's jas. 

Vosje rende naar een grote boom. Hij klom erin. Maar hij was nog steeds nat. Hij had geen dak boven zijn hoofd. 

Een eend kwam langs. ""Vosje, waarom ben je nat?"" vroeg de eend. ""Ik heb geen dak boven mijn hoofd"", antwoordde Vosje. 

De eend zei: ""Ik ken een leuk plekje. Daar kan je droog blijven."" Vosje ging met de eend mee. Ze kwamen bij een klein huis. Daar was een dak boven het hoofd. Vosje was dankbaar. Hij had eindelijk droog kunnen worden."
meta-llama/llama-3.1-8b-instruct,"
Je bent een verteller van een kort verhaal (rond de 200 woorden).
Gebruik alleen hele simpele woorden die een 3-jarig kind kan begrijpen.
Geef het verhaal geen titel of introductie.
",Vertel een verhaal.,"Er was eens een klein konijn. Hij woonde in een warm huis met zijn moeder. De moeder van het konijn was erg lief en maakte voor haar zoon altijd veel lekkere dingen.

Een dag besloot het konijn zijn moeder te helpen. Hij wilde graag zelf eten maken. Hij groef in de keuken op zoek naar ingrediënten. Hij vond een grote pan, een mes en een bakplaat.

Het konijn besloot een heerlijk ei te bakken. Hij legde het ei in de pan en zette hem op het fornuis aan. Hij wachtte heel lang tot het ei zacht en warm was. Toen het ei klaar was, at het konijn het op en vond het smaakvol.

Zijn moeder kwam de keuken binnen en zag dat het konijn een ei had gebakken. Ze was heel trots op haar zoon. ""Je bent een goed kokje!"" zei ze. Het konijn glimlachte en vroeg of hij nog meer eten mocht maken."
meta-llama/llama-3.1-8b-instruct,"
Je bent een verteller van een kort verhaal (rond de 200 woorden).
Gebruik alleen hele simpele woorden die een 3-jarig kind kan begrijpen.
Geef het verhaal geen titel of introductie.
",Vertel een verhaal.,"Een klein jongetje heet Max. Hij heeft een hond genaamd Bella. Ze gaat graag spelen in het park. Max gooit een bal in de lucht. Hij rent ernaartoe. Max is zo snel. Hij pakt de bal. Bella rent ook ernaartoe. Ze is een goede hond.

Max loopt naar de speelplaats. Hij ziet een trampoline. Max wil springen. Hij springt op de trampoline. Hij vliegt in de lucht. Bella rent onder de trampoline. Ze is bang.

Max springt nog een keer. Hij voelt zich goed. Bella lacht. Ze vindt het leuk om te kijken. Max springt niet meer. Hij wil met Bella spelen. Ze gaan op een bank zitten.

Een vrouw brengt een bord koeien. Ze zijn zo klein. Max vindt het leuk. Bella ook. Ze eten de koeien op. Max lacht. Hij heeft een leuke dag gehad. Bella ook. Ze gaan naar huis."
meta-llama/llama-3.1-8b-instruct,"
Je bent een verteller van een kort verhaal (rond de 200 woorden).
Gebruik alleen hele simpele woorden die een 3-jarig kind kan begrijpen.
Geef het verhaal geen titel of introductie.
",Vertel een verhaal.,"Er was eens een kleine vogel. Hij heette Sjoukje. Sjoukje woonde in een klein nest in een boom.

Sjoukje was erg lief. Hij had mooie vleugels en hij kon vliegen. Hij vloog vaak door de lucht.

Een dag kwam er een grote regen. De regen viel hard op de boom. Sjoukje werd bang. Hij wilde niet vallen.

Toen zag Sjoukje een klein blad. Het blad hield hem vast. Sjoukje was blij. Hij was veilig.

De regen hield op. De zon kwam uit. Sjoukje vloog weer door de lucht. Hij vloog naar de zon en hij was blij.

Sjoukje woonde nog steeds in zijn nest in de boom. Hij was nog steeds lief en hij vloog nog steeds door de lucht. Sjoukje was gelukkig."
meta-llama/llama-3.1-8b-instruct,"
Je bent een verteller van een kort verhaal (rond de 200 woorden).
Gebruik alleen hele simpele woorden die een 3-jarig kind kan begrijpen.
Geef het verhaal geen titel of introductie.
",Vertel een verhaal.,"Er was een prinses. Ze had een mooi paard. Het paard was wit en heet Snowy. De prinses ging vaak rijden met Snowy.

Een dag kwam een boos schildwacht naar de prinses. Hij zei: ""Je mag niet meer rijden met Snowy, want je bent te oud geworden."" De prinses vond dit niet leuk.

Maar de prinses was slim. Zij had een idee. Zij nam Snowy en ging naar een andere plek. Daar was een prachtig parcours. De prinses kon er met Snowy over de hoge heuvels rijden.

Snowy was heel blij. Hij voelde zich vrij. De prinses was ook blij. Zij had haar paard en kon overal naartoe.

De boos schildwacht was heel boos. Hij wilde de prinses stoppen. Maar de prinses was te snel. Zij en Snowy waren allang verdwenen. Ze reden ver weg op de grote hei."
meta-llama/llama-3.1-8b-instruct,"
Je bent een verteller van een kort verhaal (rond de 200 woorden).
Gebruik alleen hele simpele woorden die een 3-jarig kind kan begrijpen.
Geef het verhaal geen titel of introductie.
",Vertel een verhaal.,"Er woonde een kleine beer. De kleine beer had rood haar. Hij woonde in een bos. In het bos groeiden grote bomen. De kleine beer hield van grote bomen.

Een dag ging de kleine beer naar de rivier. Hij wilde vissen. Hij nam een vislijn en een hengel mee. Hij gooide de hengel in de rivier. Hij wachtte heel lang.

Toen voelde hij een grote vis. Hij trok de vis uit het water. De kleine beer was trots. Hij nam de vis mee naar huis.

Hij kookte de vis en at hem op. De vis was zoet. De kleine beer was blij. Hij ging weer naar bed. De kleine beer sliep lekker.

De volgende dag ging de kleine beer weer naar de rivier. Hij wilde weer vissen. Hij ging met zijn vrienden mee. Zijn vrienden waren een vos en een bever. Samen visten ze vis. Ze hadden een leuk dag. De kleine beer was gelukkig. Hij hield van vissen."
meta-llama/llama-3.1-8b-instruct,"
Je bent een verteller van een kort verhaal (rond de 200 woorden).
Gebruik alleen hele simpele woorden die een 3-jarig kind kan begrijpen.
Geef het verhaal geen titel of introductie.
",Vertel een verhaal.,"Er was eens een kleintje hondje. Zijn naam was Max. Hij was heel lief en had een dikke vacht.

Max woonde bij een ouwe vrouw. Ze was heel lief voor hem. Ze gaf hem voedsel en speelde met hem.

Maar Max wilde niet alleen thuis blijven. Hij wilde naar buiten gaan en spelen. Hij rende door de straat en kwam bij een park.

Daar was een vriendje hondje. Hij heette Bella. Ze speelden met elkaar en renden door het park.

Max en Bella zagen een bal liggen. Ze renden ernaartoe en begonnen te spelen met de bal. Ze waren heel blij!

Toen Max en Bella moe werden, ging hij terug naar zijn ouwe vrouw. Ze gaf hem een knuffel en zei: ""Je bent een goede hondje, Max.""

Max was heel gelukkig. Hij ging slapen met een glimlach op zijn gezicht."
meta-llama/llama-3.1-8b-instruct,"
Je bent een verteller van een kort verhaal (rond de 200 woorden).
Gebruik alleen hele simpele woorden die een 3-jarig kind kan begrijpen.
Geef het verhaal geen titel of introductie.
",Vertel een verhaal.,"Er woonde een kleine hond. Hij heette Max. Max had een rood vest aan. Hij was heel lief. Hij had vrienden in de buurt. Ze waren een kat, een vogel en een konijn.

Een dag kwam er een grote storm. De wind was heel sterk. Max was bang. Hij ging naar zijn vrienden.

""Help!"" riep Max. ""De storm is te sterk!""

De kat zei: ""Ik ga met je mee."" De vogel zei: ""Ik ga ook mee."" Het konijn zei: ""Ik ga ook mee.""

Samen gingen ze naar een veilige plek. Ze gingen naar een grote schuur. Daar waren ze veilig. Ze zaten samen tot de storm voorbij was.

Toen de storm voorbij was, kwam de zon uit. Ze gingen naar buiten. Max was blij. ""Dank je vrienden!"" riep hij. Ze waren allemaal blij. Ze gingen samen spelen."
meta-llama/llama-3.1-8b-instruct,"
Je bent een verteller van een kort verhaal (rond de 200 woorden).
Gebruik alleen hele simpele woorden die een 3-jarig kind kan begrijpen.
Geef het verhaal geen titel of introductie.
",Vertel een verhaal.,"Er was eens een klein hondje. Het hondje heette Max. Max was heel lief. Hij had een rood baasje. Zijn baasje heette Emma.

Emma nam Max naar de park. Daar speelden veel kinderen. Max was nieuwsgierig. Hij ging naar de kinderen toe. Ze speelden met Max.

Max was erg snel. Hij rende rond het park. Emma lachte en zei ""Max, je bent snel!"" Max was trots.

Maar dan zag Max een vlieg. Hij sprong op de vlieg af. Maar de vlieg vloog weg. Max viel op zijn achterwerk.

Emma lachte hard. ""Max, je bent stom!"" zei ze. Max keek op naar Emma. Hij wist niet wat hij deed.

Maar Emma gaf Max een knuffel. ""Ik hou van jou, Max"", zei ze. Max was gelukkig. Hij kuste Emma's hand.

Max en Emma gingen naar huis. Ze waren beiden gelukkig. Max was blij met zijn baasje Emma."
meta-llama/llama-3.1-8b-instruct,"
Je bent een verteller van een kort verhaal (rond de 200 woorden).
Gebruik alleen hele simpele woorden die een 3-jarig kind kan begrijpen.
Geef het verhaal geen titel of introductie.
",Vertel een verhaal.,"Er was eens een klein konijn. Het konijn was heel snel. Het konijn kon over het gras rennen en door het bos sprinten.

Een dag ging het konijn op avontuur. Het zocht naar bloemen. Het konijn vond een prachtige roze bloem. Het konijn likte de bloem en viel in slaap.

Een vriendelijke haas vond het konijn. De haas wist dat het konijn moest slapen. De haas besloot om te wachten tot het konijn wakker werd.

Terwijl hij wachtte, zong de haas een mooie lied. Hij zong over de zon, de wind en de vogels.

Toen het konijn wakker werd, hoorde het het lied van de haas. Het konijn lachte en bedankte de haas voor zijn lied. Samen gingen ze op een nieuwe avontuur. En het konijn en de haas werden goede vrienden."
meta-llama/llama-3.1-8b-instruct,"
Je bent een verteller van een kort verhaal (rond de 200 woorden).
Gebruik alleen hele simpele woorden die een 3-jarig kind kan begrijpen.
Geef het verhaal geen titel of introductie.
",Vertel een verhaal.,"Er woonde een hond genaamd Max. Hij was een vriendelijke hond. Max had een kleine hondsvriendin genaamd Luna. Ze speelden altijd samen.

Een dag ging Max en Luna naar de speeltuin. Daar speelden ze met een bal en een houten trampoline. Max sprong op de trampoline en ging heel hoog. Hij riep: ""Wauw, ik vlieg!""

Luna keek naar Max en lachte. Zij wilde ook vliegen, maar ze kon niet zo hoog springen als Max. Toen sprong Max weer omlaag en nam Luna in zijn pootjes. Luna klom op Max' rug en hij sprong op de trampoline weer.

Nu sprongen Max en Luna samen op de trampoline en vlogen ze heel hoog. Ze waren zo blij en lachten heel hard. Toen gingen ze naar huis, ineens moe. Ze sliepen samen in hun bed en droomden van het spelletje in de speeltuin."
meta-llama/llama-3.1-8b-instruct,"
Je bent een verteller van een kort verhaal (rond de 200 woorden).
Gebruik alleen hele simpele woorden die een 3-jarig kind kan begrijpen.
Geef het verhaal geen titel of introductie.
",Vertel een verhaal.,"Er was eens een klein konijn. Het konijn had een mooie groene tuin. In de tuin groeiden veel blaadjes en bloemen.

Het konijn liep door de tuin en vond een kleine bloem. De bloem was rood en geurig. Het konijn wilde de bloem snoepen.

Maar net toen het konijn de bloem wilde pakken, kwam een grote vogel. De vogel was groen en had grote vleugels. Hij vloog boven de tuin en keek naar het konijn.

Het konijn was bang van de vogel. Het liep weg en verborg zich achter een kleurrijke bloem. De vogel vloog weg en het konijn kwam weer tevoorschijn.

Het konijn ging terug naar de kleine bloem en at hem op. Hij was blij dat hij de bloem had kunnen eten. Het konijn was heel blij en ging verder in de tuin.

Het konijn vond nog veel lekkere dingen: een stuk appel, een paar bladeren en een druppel honing. Het konijn was heel tevreden en ging slapen."
meta-llama/llama-3.1-8b-instruct,"
Je bent een verteller van een kort verhaal (rond de 200 woorden).
Gebruik alleen hele simpele woorden die een 3-jarig kind kan begrijpen.
Geef het verhaal geen titel of introductie.
",Vertel een verhaal.,"Er was eens een klein konijn. Het konijn had een rode jas aan en een grote hoed op. Hij liep door het bos, zoekend naar een lekkere appel.

Toen hij een beetje verder was, hoorde hij een stem: ""Hallo, klein konijn! Wat doe je hier?""

Het konijn keek om en zag een mooi paard. Het paard had een zilveren hoofdstel aan en glanzende ogen.

""Ik zoek een appel"", zei het konijn.

""Ah, dat is een goed idee!"" zei het paard. ""Ik ken een boom met prachtige appels. Kom, ik zal je erheen brengen.""

Het konijn en het paard liepen samen naar de appelboom. Het konijn pakte een appeltje en at het op. ""Dank je wel, paard!"" zei hij glimlachend.

Het paard lachte en zei: ""Graag gedaan, klein konijn! Tot ziens!"""
meta-llama/llama-3.1-8b-instruct,"
Je bent een verteller van een kort verhaal (rond de 200 woorden).
Gebruik alleen hele simpele woorden die een 3-jarig kind kan begrijpen.
Geef het verhaal geen titel of introductie.
",Vertel een verhaal.,"Er woonde een meisje. Ze had een hond. De hond heette Max. Max was een witte hond. Hij was heel lief.

De meid ging naar school. Max ging met haar mee. Hij liep aan haar hand. Hij was heel bang.

Toen ze bij school aankwam, kwam er een grote hond. Die hond was heel groot en heel sterk. Max was heel bang.

De grote hond kwam naar Max toe. Max begon te janken. De grote hond zei ""Houd je niet van me?""

Max zei ""Ja, ik houd van je!"" De grote hond was heel blij. Hij zei ""Ik houd van je ook!""

De meid was heel blij. Ze zei ""Iedereen kan vrienden zijn!"" Max en de grote hond speelden samen. Ze waren heel gelukkig."
meta-llama/llama-3.1-8b-instruct,"
Je bent een verteller van een kort verhaal (rond de 200 woorden).
Gebruik alleen hele simpele woorden die een 3-jarig kind kan begrijpen.
Geef het verhaal geen titel of introductie.
",Vertel een verhaal.,"Er was eens een kleine hond. Hij heette Max. Max was heel lief en had een lange staart. Hij woont bij een meisje dat Sophia heet. Sophia is heel lief en geeft Max altijd eten en water.

Een dag ging Sophia naar school. Max bleef alleen thuis. Hij was een beetje bang. Maar dan hoorde hij het geluid van een kat! De kat kwam door het raam naar binnen. Max was heel bang en begon te blaffen.

De kat was ook bang en vluchtte weg. Max was heel blij dat de kat weg was. Hij ging liggen slapen. Maar dan hoorde hij Sophia's stem. Ze was thuis gekomen! Sophia gaf Max een knuffel en zei: ""Hallo, Max. Ik ben blij dat je veilig bent.""

Max kreeg een knuffel en was heel blij. Hij was dankbaar voor Sophia's liefde. Max en Sophia zijn heel gelukkig samen."
meta-llama/llama-3.1-8b-instruct,"
Je bent een verteller van een kort verhaal (rond de 200 woorden).
Gebruik alleen hele simpele woorden die een 3-jarig kind kan begrijpen.
Geef het verhaal geen titel of introductie.
",Vertel een verhaal.,"Er woonde een klein hondje. Hij heette Max. Max was heel graag in het park. Hij kon goed rennen en sprong over boomstammen.

Een keer zag Max een appel in het gras liggen. Hij pakte de appel en rende naar huis. Zijn baasje was heel trots op hem.

Toen Max weer terug was in het park, zag hij een klein meisje. Ze had een bal. Max vond de bal leuk en pakte hem. Het meisje rouwde en zei: ""Waar is mijn bal?""

Max gaf de bal terug aan het meisje. Ze was heel blij en gaf Max de appel die hij eerder had gevonden. Max ging naar huis met de appel en de bal. Hij was heel tevreden.

Vanaf dan was Max het meest populaire hondje in het park. Iedereen wist dat Max een goed hondje was. Hij gaf terug wat hij had en maakte veel mensen gelukkig."
meta-llama/llama-3.1-8b-instruct,"
Je bent een verteller van een kort verhaal (rond de 200 woorden).
Gebruik alleen hele simpele woorden die een 3-jarig kind kan begrijpen.
Geef het verhaal geen titel of introductie.
",Vertel een verhaal.,"In een klein dorpje woonden twee vrienden, Tim en Ben. Ze waren allebei lief en hadden een leuk hondje. Het hondje heette Max.

Een dag besloten Tim en Ben om een leuk avontuur te gaan beleven. Ze pakten hun fietsen en gingen de heuvel op. Het was een zonnige dag en de lucht was schoon.

Toen ze boven waren, zagen ze een prachtig weiland. Er stonden bloemen en er liep een stroompje. Tim en Ben besloten om eerst een beetje te rusten bij de stroompje. Ze dronken water en aten een appel.

Daarna ging Max eropuit om te spelen. Hij rende en sprong door het weiland. Tim en Ben lachten en namen foto's van Max. Ze hadden een fantastisch dagje gehad en hadden geen honger. Ze reden terug naar huis en aten een lekkere maaltijd. Max sliep snel in zijn bed. Tim en Ben waren heel gelukkig."
meta-llama/llama-3.1-8b-instruct,"
Je bent een verteller van een kort verhaal (rond de 200 woorden).
Gebruik alleen hele simpele woorden die een 3-jarig kind kan begrijpen.
Geef het verhaal geen titel of introductie.
",Vertel een verhaal.,"Er was een klein konijn. Hij heette Benny. Benny woonde in een leuk hol. Het hol was klein en wit.

Benny was heel snel. Hij kon heel hard rennen. Hij liep door het bos en zong een leuk liedje.

Hij vond een appel. De appel was zoet en rood. Hij at de appel en voelde zich heel blij.

Benny kwam bij een vijver. Hij zag een eendje. Het eendje was wit en had een rode snavel. Benny zei: ""Hallo, ik ben Benny!""

Het eendje zei: ""Hallo, ik ben Ella!"" Benny en Ella werden vrienden. Ze speelden samen bij de vijver.

Benny en Ella gingen op pad. Ze zochten naar leuke dingen om te doen. Ze vonden een bloem en een heldere roos. Ze zagen een vlinder en een vogel.

Benny en Ella waren heel blij. Ze hadden een leuke dag en maakten nieuwe vrienden."
meta-llama/llama-3.1-8b-instruct,"
Je bent een verteller van een kort verhaal (rond de 200 woorden).
Gebruik alleen hele simpele woorden die een 3-jarig kind kan begrijpen.
Geef het verhaal geen titel of introductie.
",Vertel een verhaal.,"Er was eens een kleine hond. Die hond heette Max. Max was heel lief en had een warm hart. Hij hield van spelen, lachen en geven en nemen.

Max had een beste vriend, een meisje dat Lily heette. Ze waren samen op school en speelden samen op het speelveld. Max was heel snel en kon heel hard rennen. Hij kon in één seconde van de ene kant van het speelveld naar de andere kant rennen.

Een keer speelden Max en Lily een spelletje. Max was heel opgewonden en danste rond Lily. Hij blafte en jaste en alle kinderen op het speelveld lachten om hem.

Lily gaf Max een knuffel en zei: ""Max, je bent de beste vriend die ik ooit heb gehad!"" Max blafte nog harder en danste nog meer rond Lily. Hij was heel gelukkig. En Lily was ook heel gelukkig met Max."
meta-llama/llama-3.1-8b-instruct,"
Je bent een verteller van een kort verhaal (rond de 200 woorden).
Gebruik alleen hele simpele woorden die een 3-jarig kind kan begrijpen.
Geef het verhaal geen titel of introductie.
",Vertel een verhaal.,"Een kleine suikerbeer heette Sjaak. Sjaak had een roze huisje. Het roze huisje stond bij een grote boom.

Sjaak hield van appelbloemen. Hij plantte veel appelbloemen in zijn tuin. De appelbloemen waren roze en geel.

Een dag kwam er een kleine vogel. De vogel heette Sjoeke. Sjoeke vond de appelbloemen leuk. Sjaak en Sjoeke werden vrienden.

Sjoeke wou graag een appelbloem meenemen naar zijn huisje. Maar de appelbloem was niet sterk genoeg. De appelbloem viel uit Sjoeke's beekje.

Sjaak en Sjoeke lachten. Ze plantten nog meer appelbloemen. Nu was het voor Sjoeke niet meer moeilijk om appelbloemen te vinden.

Sjaak en Sjoeke speelden elke dag bij de roze appelbloemen. Ze waren heel gelukkig."
meta-llama/llama-3.1-8b-instruct,"
Je bent een verteller van een kort verhaal (rond de 200 woorden).
Gebruik alleen hele simpele woorden die een 3-jarig kind kan begrijpen.
Geef het verhaal geen titel of introductie.
",Vertel een verhaal.,"Er was een klein konijntje. Het konijntje was bruin en had grote ogen. Het woonde in een zonnige hol.

Een dag ging de zon onder. Het konijntje was moe. Het ging naar bed.

Terwijl het konijntje sliep, kwam er een klein vogeltje in de hol. Het vogeltje was groen en had een rood kopje.

Het vogeltje keek naar het konijntje. Hij vond het konijntje lief. Hij wilde het konijntje vrienden maken.

Het vogeltje begon te zingen. Het konijntje deed alsof het sliep, maar het luisterde. Het konijntje vond het zingen van het vogeltje mooi.

Morgen zou het vogeltje terugkomen. Dan zouden ze vrienden worden. Het konijntje sliep nu met een glimlach. Het had een nieuwe vriend gevonden."
meta-llama/llama-3.1-8b-instruct,"
Je bent een verteller van een kort verhaal (rond de 200 woorden).
Gebruik alleen hele simpele woorden die een 3-jarig kind kan begrijpen.
Geef het verhaal geen titel of introductie.
",Vertel een verhaal.,"Er was een klein konijn. Het konijn had een mooie groene tuin. In de tuin stonden bloemen en groente. Het konijn wou graag eten. Het konijn zocht naar groente. Het konijn vond een mooie wortel.

Het konijn pakte de wortel en at hem op. Opeens kwam er een grote hond aanlopen. De hond was heel groot en heel sterk. De hond zocht naar een vriend.

Het konijn was bang. Maar de hond zei: ""Hé, ik ben niet boos. Ik wil gewoon een vriend."" Het konijn hield van praten. Het konijn en de hond werden vrienden.

Het konijn en de hond speelden samen in de tuin. Ze speelden met bloemen en groente. Het konijn en de hond waren heel gelukkig. Ze waren nu twee vrienden die van elkaar hielden."
meta-llama/llama-3.1-8b-instruct,"
Je bent een verteller van een kort verhaal (rond de 200 woorden).
Gebruik alleen hele simpele woorden die een 3-jarig kind kan begrijpen.
Geef het verhaal geen titel of introductie.
",Vertel een verhaal.,"Er woonde een meisje dat genoemd werd Sophie. Sophie had een hond genaamd Max. Max was een grote blonde hond. Sophie en Max gingen altijd samen spelen in het park.

Op een dag zag Sophie een klein vogeltje op de grond liggen. Het vogeltje had een gebroken vleugel. Sophie pakte het vogeltje op en nam het naar huis. Ze gaf het vogeltje water en eten.

Sophie's moeder hielp Sophie om het vogeltje beter te maken. Na een paar dagen kon het vogeltje weer vliegen. Sophie was zo gelukkig dat ze het vogeltje terugbracht naar het park.

In het park zag Sophie nog een klein vogeltje. Dit vogeltje had honger. Sophie gaf het vogeltje eten en het vogeltje werd snel gezond. Sophie en Max waren heel blij dat ze twee vogeltjes hadden gered. Nu zijn Sophie, Max en de vogeltjes goede vrienden."
meta-llama/llama-3.1-8b-instruct,"
Je bent een verteller van een kort verhaal (rond de 200 woorden).
Gebruik alleen hele simpele woorden die een 3-jarig kind kan begrijpen.
Geef het verhaal geen titel of introductie.
",Vertel een verhaal.,"Er was eens een klein meisje. Ze heette Sophia. Sophia had een hondje. Het hondje heette Max.

Sophia en Max gingen elke dag naar de speeltuin. Ze speelden op de trampoline en op de klimrek. Sophia was heel sterk en kon heel hoog klimmen.

Een dag ging Sophia naar de speeltuin zonder Max. Ze speelde alleen op de trampoline. Opeens viel ze van de trampoline.

Sophia viel hard op de grond. Maar gelukkig had ze een zachte mat onder zich. Ze was niet erg gewond.

Sophia stond op en liep naar het speelveld. Daar zat Max te wachten. Hij was heel blij dat Sophia terug was.

Sophia gaf Max een grote knuffel. ""Ik hou van jou, Max,"" zei ze. Max blafte gelukkig en Sophie ging weer naar huis."
meta-llama/llama-3.1-8b-instruct,"
Je bent een verteller van een kort verhaal (rond de 200 woorden).
Gebruik alleen hele simpele woorden die een 3-jarig kind kan begrijpen.
Geef het verhaal geen titel of introductie.
",Vertel een verhaal.,"Er was eens een kleine eend. Zijn naam was Eddie. Eddie woonde bij een grote meer. Hij had vrienden, een eend genaamd Ella en een vis genaamd Veer.

Een dag ging de zon niet meer schijnen. Het werd donker en koud. Eddie zei: ""Ik ben bang."" Ella zei: ""Maar we zijn niet alleen."" Veer zei: ""Ik heb een idee.""

Veer vertelde: ""Ik ken een plek waar het warm is. Het is een ondergrondse poel."" Eddie en Ella waren nieuwsgierig. Ze volgden Veer naar de poel.

Toen ze aankwamen, waren ze blij. De poel was warm en kalm. Ze konden er zwemmen en spelen. Eddie zei: ""Dank je, Veer."" Ella zei: ""Ja, dank je!"" Veer glimlachte. Hij had zijn vrienden geholpen. En ze bleven bij de poel tot de zon weer scheen."
meta-llama/llama-3.1-8b-instruct,"
Je bent een verteller van een kort verhaal (rond de 200 woorden).
Gebruik alleen hele simpele woorden die een 3-jarig kind kan begrijpen.
Geef het verhaal geen titel of introductie.
",Vertel een verhaal.,"Er woonde een konijn in een bos. Hij had een klein huisje van stro. De konijn hield van eten en hij hield van spelen. Elke dag ging hij op avontuur.

Hij liep door het bos en hij zag een kleine vogel. De vogel zong een mooie liedje. De konijn zei: ""Dat klinkt leuk! Kun je voor me zingen?""

De vogel zei: ""Ja, ik kan voor je zingen."" En hij zong een schitterende melodie. De konijn hield zijn hoofd naar beneden en hij luisterde.

Toen zei de konijn: ""Dat was mooi! Ik wil je een cadeau geven."" En hij gaf de vogel een handvol appels.

De vogel was zo gelukkig! Hij had nooit eerder appels gekregen. Hij zei: ""Dank je wel! Ik zal je altijd zingen als je dat wilt.""

En zo gingen de konijn en de vogel altijd samen op avontuur en ze hielden elkaar gezelschap."
meta-llama/llama-3.1-8b-instruct,"
Je bent een verteller van een kort verhaal (rond de 200 woorden).
Gebruik alleen hele simpele woorden die een 3-jarig kind kan begrijpen.
Geef het verhaal geen titel of introductie.
",Vertel een verhaal.,"Er was eens een klein konijn. Het konijn heette Timmy. Timmy woonde in een klein hokje. Hij had een grote tuin om te spelen.

Een dag stond Timmy op en zag een mooie zonnebloem. Hij wilde naar de zonnebloem gaan. Maar de zonnebloem was erg ver weg. Timmy liep heel snel naar de zonnebloem.

Toen hij bij de zonnebloem was, zag hij een vriendelijke vogel. De vogel zei: ""Hallo Timmy! Waar kom je vandaan?""

Timmy zei: ""Ik kom van huis. Ik wilde naar de zonnebloem.""

De vogel zei: ""Je kunt de zonnebloem bijna niet zien. Maar als je om je heen kijkt, zie je veel mooie dingen.""

Timmy keek om zich heen en zag dat de vogel gelijk had. Er waren veel mooie dingen om te zien. Hij ging terug naar zijn hokje en dacht aan zijn gesprek met de vogel."
meta-llama/llama-3.1-8b-instruct,"
Je bent een verteller van een kort verhaal (rond de 200 woorden).
Gebruik alleen hele simpele woorden die een 3-jarig kind kan begrijpen.
Geef het verhaal geen titel of introductie.
",Vertel een verhaal.,"Er was eens een klein konijntje. Het konijntje heette Kees. Kees woonde in een warm en snugger hokje. Kees hield van eten. Zijn lievelingseten was appel.

Een dag ging Kees op stap. Hij wilde een appel eten. Hij liep door het groene gras. Hij zag een appelboom. De appelboom had lekkere rode appels. Kees wilde een appel plukken.

Maar, de appelboom was groot. Kees moest op een ladder klimmen. Hij klom op de ladder en plukte een appel. Toen hij beneden was, at hij de appel op. 'Mmm, zo lekker!' zei Kees.

Toen Kees het hokje in ging, vroeg zijn moeder: 'Kees, waar heb je een appel geplukt?'
Kees zei: 'Ik heb een appel van de appelboom geplukt! Hij was zo lekker!'
Zijn moeder glimlachte en zei: 'Leuk dat je een appel hebt geplukt!'"
meta-llama/llama-3.1-8b-instruct,"
Je bent een verteller van een kort verhaal (rond de 200 woorden).
Gebruik alleen hele simpele woorden die een 3-jarig kind kan begrijpen.
Geef het verhaal geen titel of introductie.
",Vertel een verhaal.,"Er was eens een prinsesje. Ze woonde in een mooi kasteel met haar ouders. Ze hadden een prachtig park eromheen.

Een dag liep de prinsesje naar het park. Ze zag een leuke eend. De eend kwam naar haar toe en sprong in het water. De prinsesje lachte en zei: ""Hoe leuk!""

Toen vielen er ineens bladeren op de grond. De prinsesje keek omhoog en zag dat er een kraai zat. De kraai riep: ""Kraa-kraa! Kom, prinsesje, ik zal je iets laten zien.""

De prinsesje klom op de kraai en zij vloog hoog in de lucht. Ze zag de hele stad en de tuinen eromheen. Ze was zo blij.

De kraai bracht de prinsesje terug naar het park. De eend kwam naar haar toe en zei: ""Hallo, prinsesje! Ik ben blij dat je terug bent.""

De prinsesje lachte en omhelsde de eend. Ze waren dikke vrienden."
meta-llama/llama-3.1-8b-instruct,"
Je bent een verteller van een kort verhaal (rond de 200 woorden).
Gebruik alleen hele simpele woorden die een 3-jarig kind kan begrijpen.
Geef het verhaal geen titel of introductie.
",Vertel een verhaal.,"Er was eens een klein hondje. Hij heette Max. Max was een blij hondje. Hij had een rood kopje en een witte staart.

Max woonde bij een vriendin. Zij heette Emma. Emma gaf Max veel lekkers. Max at graag lekkers.

Een dag ging Max met Emma naar het park. Hij speelde met Emma. Max rende heel hard en Emma lachte. Max vond het leuk om te rennen.

Opeens zag Max een kikker in het water. De kikker was groen. Max wilde de kikker graag zien. Emma zei, ""Max, laat de kikker met rust.""

Maar Max wilde de kikker toch zien. Hij ging dichtbij de kikker. De kikker zei, ""Hallo Max."" Max was verbaasd. Hij had nog nooit een spreken kikker gezien.

Max en de kikker werden goede vrienden. Ze speelden samen in het park. Emma lachte en zei, ""Max, je hebt een nieuwe vriend."" Max was blij."
meta-llama/llama-3.1-8b-instruct,"
Je bent een verteller van een kort verhaal (rond de 200 woorden).
Gebruik alleen hele simpele woorden die een 3-jarig kind kan begrijpen.
Geef het verhaal geen titel of introductie.
",Vertel een verhaal.,"Er was eens een klein konijn. Het konijn heette Benny. Benny woonde in een klein hok bij een rivier. Benny hield van vis eten. Hij ging vaak naar de rivier om te kijken of hij een vis zag.

Een dag zag Benny een vis. De vis was groot en rood. Benny was heel enthousiast. Hij begon te rennen. De vis ging ook rennen. Benny ging sneller rennen. De vis ging nog sneller rennen.

Benny was moe. Hij bleef staan. De vis bleef ook staan. Benny glimlachte. Hij had een vriend gevonden. De vis heette Rosie. Rosie en Benny werden goede vrienden.

Ze gingen altijd samen naar de rivier. Ze zochten naar vis en platen. Ze gingen samen wandelen in de tuin. Rosie en Benny waren heel gelukkig samen. Zij waren de beste vrienden die ooit waren."
meta-llama/llama-3.1-8b-instruct,"
Je bent een verteller van een kort verhaal (rond de 200 woorden).
Gebruik alleen hele simpele woorden die een 3-jarig kind kan begrijpen.
Geef het verhaal geen titel of introductie.
",Vertel een verhaal.,"Er was eens een kleine meeuw. Ze heette Mia. Mia woonde op een klein eiland in de zee. Ze had een mooi wit nest en een mooie rood veren hoofd.

Mia hield van vliegen. Ze vloog over het water en zocht naar visjes. Dan ving ze ze met haar snavel en at ze op.

Een dag kwam een sterke storm. Het was erg windig en de regen viel hard. Mia vond het niet fijn. Ze wilde niet vliegen.

Mia ging naar haar nest en kruiste haar pootjes. Ze deed haar ogen dicht en wachtte tot de storm voorbij was. Toen het weer stil was, vloog Mia weer uit. Ze was blij dat ze weer kon vliegen.

Mia vloog over het water en zocht naar visjes. Ze vond een mooie grote vis en ving hem met haar snavel. Ze at hem op en was heel tevreden."
meta-llama/llama-3.1-8b-instruct,"
Je bent een verteller van een kort verhaal (rond de 200 woorden).
Gebruik alleen hele simpele woorden die een 3-jarig kind kan begrijpen.
Geef het verhaal geen titel of introductie.
",Vertel een verhaal.,"Er leefde een klein konijn. Het konijn had een rode neus. Het konijn was heel snel. Het konijn kon heel ver rennen.

Een keer ging het konijn naar het bos. Het konijn liep langs een rivier. Het konijn zag een mooie bloem. De bloem was rood en geel.

Het konijn ging naar de bloem. Het konijn rook aan de bloem. De bloem rook lekker naar suiker. Het konijn at de bloem.

Toen at het konijn zo veel bloemen dat het konijn ziek werd. Het konijn kon niet meer rennen. Het konijn ging naar huis.

Het konijn's moeder was bang. Ze vroeg: ""Wat is er met mijn konijn?"" Het konijn zei: ""Ik at te veel bloemen.""

De moeder van het konijn gaf het konijn een appel. Het konijn at de appel en werd weer gezond. Het konijn kon weer rennen. Het konijn was gelukkig."
meta-llama/llama-3.1-8b-instruct,"
Je bent een verteller van een kort verhaal (rond de 200 woorden).
Gebruik alleen hele simpele woorden die een 3-jarig kind kan begrijpen.
Geef het verhaal geen titel of introductie.
",Vertel een verhaal.,"Er was eens een klein konijntje. Het konijntje was heel klein en heel snel. Het konijntje kon overal heen rennen.

Een dag ging het konijntje naar de boomgaard. Daar groeiden prachtige appels en peren. Het konijntje vond een lekkere appel en at hem op.

Toen at het konijntje een peren, maar die was zuur! Het konijntje deed een grote zuurhappige grimas. ""Ewww, dat is niet lekker!"" zei het konijntje.

Net toen het konijntje weg wilde rennen, hoorde het een geluid. Het was de stam van de boom die begon te trillen. Plotseling viel er een appel naar beneden en kwam op het hoofd van het konijntje terecht.

Het konijntje was een beetje geschrokken, maar het lachte ook. ""Ha ha, dat was leuk!"" zei het konijntje. En dan ging het konijntje weer rennen, want het wilde nog meer lekkere dingen ontdekken."
meta-llama/llama-3.1-8b-instruct,"
Je bent een verteller van een kort verhaal (rond de 200 woorden).
Gebruik alleen hele simpele woorden die een 3-jarig kind kan begrijpen.
Geef het verhaal geen titel of introductie.
",Vertel een verhaal.,"Er was eens een kleine eend. Hij heette Eddy. Eddy woonde bij een grote vijver. Hij vloog over de vijver en keek naar de vis. Eddy wilde net zo zijn als de vis. Hij had een idee.

Eddy ging naar een visverkoper. De verkoper verkocht vis aan mensen. Eddy vroeg of hij vis kon kopen. De verkoper lachte. ""Nee, ik verkocht vis aan mensen. Jij bent een eend!""

Eddy was boos. Hij ging naar zijn vriend, een krab. De krab zei: ""Eddy, waarom wil je vis zijn? Jij bent al een eend!""

Eddy dacht na. Hij besloot dat de krab wel gelijk had. Hij was blij dat hij een eend was. Hij vloog over de vijver en keek naar de vis. Maar nu was hij blij dat hij een eend was.

Eddy vloog weg en zong een lied. ""Ik ben een eend, ik vlieg over de vijver. Ik ben blij dat ik Eddy ben!"""
meta-llama/llama-3.1-8b-instruct,"
Je bent een verteller van een kort verhaal (rond de 200 woorden).
Gebruik alleen hele simpele woorden die een 3-jarig kind kan begrijpen.
Geef het verhaal geen titel of introductie.
",Vertel een verhaal.,"Er was eens een klein hondje. Hij was heel klein en heel lief. Hij heette Snuffel.

Snuffel had een beste vriend. Het was een klein meisje. Ze heette Liefje. Ze gingen altijd samen spelen.

De zon scheen en het was heel warm. Snuffel en Liefje gingen naar het park. Ze liepen door het gras en keken naar de bloemen.

Toen zagen ze een klein vogeltje. Het vogeltje was heel moe. Het kon niet meer vliegen.

Snuffel en Liefje gingen naar het vogeltje. Ze zeiden: ""Hallo, kleine vogel. Is alles goed met je?""

Het vogeltje zei: ""Nee, ik ben heel moe. Ik kan niet meer vliegen.""

Snuffel en Liefje zeiden: ""Ook goed. Wij zullen je helpen.""

Snuffel en Liefje gaven het vogeltje water en eten. Het vogeltje viel in slaap.

Toen het vogeltje wakker werd, kon het weer vliegen. Snuffel en Liefje waren heel gelukkig."
meta-llama/llama-3.1-8b-instruct,"
Je bent een verteller van een kort verhaal (rond de 200 woorden).
Gebruik alleen hele simpele woorden die een 3-jarig kind kan begrijpen.
Geef het verhaal geen titel of introductie.
",Vertel een verhaal.,"Er was eens een klein konijntje. Het leefde in een mooie tuin met veel bloemen en groene bladeren.

De konijntjes aten graag appels. Zij vonden het zo lekker! Elke dag vonden ze nieuwe appels.

Een dag liep de konijntjes naar de boom waar de appels groeiden. Ze keken omhoog en zagen de appels. Maar ze konden ze niet krijgen. De appels waren te hoog.

Toen bedacht een van de konijntjes een idee. ""We kunnen een ladder maken!"" zei het. En zo maakten ze een ladder met takken en bladeren.

Nu konden de konijntjes de appels pakken. Ze aten ze met plezier. En daarna gingen ze weer spelen. Ze waren zo blij!"
meta-llama/llama-3.1-8b-instruct,"
Je bent een verteller van een kort verhaal (rond de 200 woorden).
Gebruik alleen hele simpele woorden die een 3-jarig kind kan begrijpen.
Geef het verhaal geen titel of introductie.
",Vertel een verhaal.,"Er was eens een aardbei. De aardbei was rood en zoet. Hij woonde in een tuin met veel bloemen.

Een bij vloog langs de aardbei. De bij had zoete honing in zijn buik. Hij wilde de aardbei niet eten.

De aardbei vroeg de bij: ""Waar ben je geweest?""

De bij zei: ""Ik heb honing in de bos gehaald.""

De aardbei zei: ""Dat is goed. Ik wil ook iets moois doen.""

De aardbei ging naar de bos. Hij zat onder de aardappelen en wortels. De aardbei vond een prachtige bloem.

De aardbei vroeg de bloem: ""Mag ik je mee naar huis nemen?""

De bloem zei: ""Ja, dat mag.""

De aardbei nam de bloem mee naar de tuin. De andere bloemen waren blij met de nieuwe bloem."
meta-llama/llama-3.1-8b-instruct,"
Je bent een verteller van een kort verhaal (rond de 200 woorden).
Gebruik alleen hele simpele woorden die een 3-jarig kind kan begrijpen.
Geef het verhaal geen titel of introductie.
",Vertel een verhaal.,"Er was eens een koeienkoning. Hij had een mooi rood mutsje op zijn hoofd. De koeienkoning woonde op een groene weide.

Op de weide was een klein vogeltje dat erg graag wilde dansen. Maar het vogeltje kon niet dansen, want zijn been was kapot.

De koeienkoning was erg lief en hij wilde helpen. Hij zei: ""Ik kan je been repareren!"" Hij bracht zijn grote knecht, een sterke ezel, om het vogeltje te helpen.

De ezel bracht een klein bakje met wax om het kapotte been te maken. De koeienkoning zei: ""Wax, wax!"" en hij deed het kapotte been in het bakje.

Toen kwam het been weer helemaal goed. Het vogeltje was zo blij dat het ging dansen. Het vogeltje danste met zijn lange vleugels en de koeienkoning danste met zijn grote hoef.

De koeienkoning en het vogeltje werden beste vrienden. Ze dansen samen op de weide."
meta-llama/llama-3.1-8b-instruct,"
Je bent een verteller van een kort verhaal (rond de 200 woorden).
Gebruik alleen hele simpele woorden die een 3-jarig kind kan begrijpen.
Geef het verhaal geen titel of introductie.
",Vertel een verhaal.,"Er woonde een klein hondje. Het heette Max. Max had een rood hondje omheen hem. Hij was heel lief.

Max ging elke dag naar het park. Hij speelde met de vogeltjes. Max ving sommige vogeltjes op, maar hij liet ze vrij. Hij wilde niet dat ze bang waren.

Een dag kwam er een grote hond naar het park. Hij was groot en donker. Max was bang. Hij ging bij zijn rood hondje liggen.

De grote hond hoorde Max. Hij kwam naar hem toe. Hij zei ""Hallo, kleine hondje."" Max kwam eruit komen. Hij sprong om de grote hond heen. Ze werden vrienden.

Vanaf die dag gingen Max en de grote hond naar het park. Ze speelden met de vogeltjes. Ze hadden een fijne tijd. Max was niet bang meer. Hij had een nieuwe vriend gevonden."
meta-llama/llama-3.1-8b-instruct,"
Je bent een verteller van een kort verhaal (rond de 200 woorden).
Gebruik alleen hele simpele woorden die een 3-jarig kind kan begrijpen.
Geef het verhaal geen titel of introductie.
",Vertel een verhaal.,"Er was eens een kleine vogeltje. Het vogeltje heette Pip. Pip woonde in een klein nestje in een boom.

Pip had een beste vriend, een kleine muis. De muis heette Max. Max woonde in een holletje onder de boom.

Een dag ging Pip naar Max. Max was bezig om een klein bootje te maken. Pip was nieuwsgierig en vroeg: ""Wat maak je daar?""

Max antwoordde: ""Ik maak een bootje voor ons! We gaan op het water varen!""

Pip was heel blij. Hij wilde ook een bootje maken. Samen werkten Pip en Max aan de bootjes.

Eindelijk waren de bootjes klaar. Pip en Max stapten in. Ze gingen op het water varen. Ze reden rondjes en hadden veel plezier.

Toen het donker werd, gingen Pip en Max terug naar hun nestje en holletje. Ze waren heel gelukkig en konden niet wachten om weer op het water te varen."
meta-llama/llama-3.1-8b-instruct,"
Je bent een verteller van een kort verhaal (rond de 200 woorden).
Gebruik alleen hele simpele woorden die een 3-jarig kind kan begrijpen.
Geef het verhaal geen titel of introductie.
",Vertel een verhaal.,"Er was eens een jonge haan. Hij woonde op een boerderij bij een boer en zijn vrouw. De haan was heel erg mooi. Hij had felgekleurde veren en hij kon heel hard zingen.

De boer en zijn vrouw waren erg blij met de haan. Elke ochtend stond de haan op om de zon te begroeten. Hij zong heel hard en het was heel mooi om te horen.

De boer en zijn vrouw aten vaak eieren van de haan. De haan was heel erg lief en hij gaf nooit twee eieren tegelijk.

Eens was er een storm. De haan vloog weg van de boerderij. Hij vond een schuilplaats in een boom. Hij was heel bang.

Toen de storm over was, kwam de haan terug naar de boerderij. De boer en zijn vrouw waren heel erg blij om hem te zien. Ze namen hem in hun armen en gaven hem een lekker eten. De haan was heel erg gelukkig."
meta-llama/llama-3.1-8b-instruct,"
Je bent een verteller van een kort verhaal (rond de 200 woorden).
Gebruik alleen hele simpele woorden die een 3-jarig kind kan begrijpen.
Geef het verhaal geen titel of introductie.
",Vertel een verhaal.,"Er was eens een hond genaamd Max. Max was een leuk hondje. Hij was bruin en had een lange staart.

Max woonde bij een meisje genaamd Lily. Lily was lief en gaf Max veel aandacht.

Een keer ging Lily en Max naar de park. In het park was een groot veld waar Max kon rennen. Max was super snel en kon heel ver rennen.

Toen Max in het veld was, zag hij een bal liggen. Max wilde de bal hebben. Hij rende snel naar de bal en pakte hem in zijn bek.

Lily was zo trots op Max. ""Geweldig Max!"" riep ze. Max kwam terug naar Lily met de bal in zijn bek. Lily gaf Max een knuffel en zei: ""Je bent de beste hond van de wereld, Max!""

Max was heel blij. Hij liep naast Lily naar huis en vloog bijna van blijdschap. Max was een heel leuke hond en hij had een goede dag gehad."
meta-llama/llama-3.1-8b-instruct,"
Je bent een verteller van een kort verhaal (rond de 200 woorden).
Gebruik alleen hele simpele woorden die een 3-jarig kind kan begrijpen.
Geef het verhaal geen titel of introductie.
",Vertel een verhaal.,"Er woonde een kleine beer. Zijn naam was Bert. Bert woonde in een klein bos. Hij had een huis van takken en bladeren.

Bert at veel appel. Appels waren zijn favoriete fruit. Hij ging naar de appelboom om appels te eten.

Toen Bert op de appelboom was, zag hij een kleine vogel. De vogel was bang. Bert zei: ""Het is oké, kleine vogel. Ik ben een vriend.""

De kleine vogel was blij. Hij kwam naar Bert. Ze speelden samen onder de appelboom.

Bert en de kleine vogel aten appels samen. Ze hadden veel lol. Na een tijdje zei de kleine vogel: ""Dank je, Bert. Ik had een fijne tijd.""

Bert glimlachte. Hij was blij dat hij een nieuwe vriend had. Hij bedankte de kleine vogel en gingen ze weer naar hun huizen.

Bert ging terug naar zijn takkenhuis. Hij was moe maar tevreden. Hij sliep snel in."
meta-llama/llama-3.1-8b-instruct,"
Je bent een verteller van een kort verhaal (rond de 200 woorden).
Gebruik alleen hele simpele woorden die een 3-jarig kind kan begrijpen.
Geef het verhaal geen titel of introductie.
",Vertel een verhaal.,"Er was een klein vlindertje. Het vlindertje heette Flappy. Flappy had mooie vleugels. Ze waren rood, geel en blauw.

Flappy wilde vliegen. Hij spreidde zijn vleugels en vloog weg. Hij vloog over bloemen. Hij vloog over water. Hij vloog over een paard.

Het paard zei: ""Hallo, kleine vlindertje!"" Flappy zei: ""Hallo, grote paard!"" Flappy vloog over een boom. Hij vloog over een huis.

Flappy werd moe. Hij wilde niet meer vliegen. Hij landde op een blad. Hij sliep even.

Toen hij wakker werd, keek hij naar de zon. De zon scheen zo mooi. Flappy vloog weer weg. Hij vloog naar de bloemen. En hij vloog terug naar zijn vriend, het paard.

Flappy was zo gelukkig. Hij vloog over het land. En hij vloog met een grote glimlach op zijn gezicht."
meta-llama/llama-3.1-8b-instruct,"
Je bent een verteller van een kort verhaal (rond de 200 woorden).
Gebruik alleen hele simpele woorden die een 3-jarig kind kan begrijpen.
Geef het verhaal geen titel of introductie.
",Vertel een verhaal.,"Er was eens een klein pondje vissen. Hij leefde in een klein poeltje water. Het poeltje was klein, maar mooi. Er groeiden er veel bloemen rondom.

Een dag kwam er een regenbui. Het water in het poeltje steeg snel. De vissen werden bang. Ze dachten dat het poeltje zou overstromen.

Maar een vriendelijke boom sloeg zijn bladeren op de grond. Het water stroomde onder de boom door. Het poeltje bleef droog.

De vissen waren blij. Ze keken omhoog naar de boom. ""Dank je wel, vriendelijke boom!"" riep de kleinste vis.

De boom glimlachte. Hij was blij dat hij de vissen had kunnen helpen. Vanaf die dag was de boom en de vissen goede vrienden. Ze speelden samen in het poeltje. En de boom wachtte altijd klaar om de vissen te helpen als ze dat nodig hadden."
meta-llama/llama-3.1-8b-instruct,"
Je bent een verteller van een kort verhaal (rond de 200 woorden).
Gebruik alleen hele simpele woorden die een 3-jarig kind kan begrijpen.
Geef het verhaal geen titel of introductie.
",Vertel een verhaal.,"Een klein konijn zag een bloem. De bloem was rood. Het konijn was nieuwsgierig. ""Waar wilt u naar?"" vroeg het konijn.

De bloem zei: ""Ik wil naar de zon."" Het konijn zei: ""Kom mee!""

Samen liepen het konijn en de bloem naar de zon. Ze kwamen aan een grote berg. De zon scheen op de berg. De bloem zei: ""Ik ben hier!""

Het konijn zei: ""Ik ben blij voor u."" De zon gaf de bloem warmte. De bloem bloeide. Ze werden vrienden met de zon.

De zon zei: ""Jullie zijn welkom."" Het konijn en de bloem waren blij. Ze speelden samen in de zon. De zon gaf ze zonneschijn. Ze waren gelukkig.

De zon neeg naar het konijn en de bloem. Het konijn en de bloem zeiden: ""Dank u."" Ze sliepen samen in de zon."
meta-llama/llama-3.1-8b-instruct,"
Je bent een verteller van een kort verhaal (rond de 200 woorden).
Gebruik alleen hele simpele woorden die een 3-jarig kind kan begrijpen.
Geef het verhaal geen titel of introductie.
",Vertel een verhaal.,"Er was eens een hond. Zijn naam was Max. Max was een leuk hondje. Hij had een rood baasje. Zijn baasje heette Lieve.

Lieve nam Max elke dag mee op wandelingen. Ze gingen naar de park. Daar konden ze spelen met andere honden. Max liep snel door het park. Hij floot naar andere honden.

Een dag ging Lieve en Max naar het strand. Daar speelden ze met zand. Max maakte een hoop zandbergen. Lieve lachte naar Max. Ze hadden een leuke dag.

Toen het donker werd, ging Lieve en Max naar huis. Ze waren moe van hun dagje uit. Ze gingen slapen. De volgende dag gingen ze weer op avontuur."
meta-llama/llama-3.1-8b-instruct,"
Je bent een verteller van een kort verhaal (rond de 200 woorden).
Gebruik alleen hele simpele woorden die een 3-jarig kind kan begrijpen.
Geef het verhaal geen titel of introductie.
",Vertel een verhaal.,"Er was eens een kleinebeer. Hij heette Pieter. Pieter was heel klein, hij kon in een bakje zitten.

Pieter had een vriendje. Zijn vriendje heette Koen. Koen was heel sterk. Hij kon heel veel zwaar dingen tillen.

Een dag zeiden Pieter en Koen: ""We gaan een feest geven voor alle kleinebeertjes!"" Pieter en Koen wilden een feest bouwen.

Pieter ging naar de winkel en kocht broodjes en appels. Koen ging naar de winkel en kocht snoepjes en lekkere drankjes.

Samen bouwden Pieter en Koen een feesttent. Ze zaten op een tafel en hadden veel plezier. Pieter en Koen waren heel blij.

Toen het feest begon, kwamen veel kleinebeertjes. Pieter en Koen gaven hen broodjes, appels, snoepjes en drankjes. Alle kleinebeertjes hadden het heel gezellig.

Pieter en Koen waren heel blij. Ze vonden het een heel leuk feest."
meta-llama/llama-3.1-8b-instruct,"
Je bent een verteller van een kort verhaal (rond de 200 woorden).
Gebruik alleen hele simpele woorden die een 3-jarig kind kan begrijpen.
Geef het verhaal geen titel of introductie.
",Vertel een verhaal.,"Er was eens een klein hondje. Het hondje heette Max. Max was een vriendelijke hond. Hij had een rood baasje. Het baasje was een meisje. Het meisje heette Lily.

Lily en Max gingen naar het park. Ze gingen lachen en spelen. Max rende rond en speelde met de andere honden. Lily gooide een bal naar Max. Hij ving de bal en kwam terug naar Lily.

Toen werd Max moe. Hij ging liggen en sliep. Lily ging naast hem zitten en streelde zijn vacht. Max begon te snurken. Lily lachte en zei ""Max, je bent zo leuk!""

Lily en Max gingen naar huis. Ze kwamen aan bij hun huis en gingen naar binnen. Max ging slapen en Lily ging naar bed. Ze waren beiden heel gelukkig. Ze hadden samen een leuke dag gehad."
meta-llama/llama-3.1-8b-instruct,"
Je bent een verteller van een kort verhaal (rond de 200 woorden).
Gebruik alleen hele simpele woorden die een 3-jarig kind kan begrijpen.
Geef het verhaal geen titel of introductie.
",Vertel een verhaal.,"Er was eens een leuk hondje genaamd Max. Hij had een mooi rood koekje in zijn bek. Hij ging naar de tuin, want hij hield van spelen.

In de tuin was een grote boom. De boom had zware blaadjes. Max ging naar beneden en zijn staart sloeg tegen een blaadje. Het blaadje viel van de boom.

Max was blij. Hij had een leuk spelletje gespeeld. Hij ging naar het park. Daar was een meisje dat een bal gooide. Max ging naar de bal en griste hem uit de lucht.

Maar toen ging hij naar binnen, want hij was moe. Hij ging slapen en droomde van het spelletje. Vroeg de volgende dag ging hij naar buiten en speelde weer met het meisje. Hij was heel blij.

Max had een mooie dag gehad. Hij was een leuk hondje en had veel lol. Hij ging naar bed en sliep rustig. Morgen zou hij weer een leuke dag hebben."
meta-llama/llama-3.1-8b-instruct,"
Je bent een verteller van een kort verhaal (rond de 200 woorden).
Gebruik alleen hele simpele woorden die een 3-jarig kind kan begrijpen.
Geef het verhaal geen titel of introductie.
",Vertel een verhaal.,"Er was eens een meisje. Ze heette Lily. Lily had een klein hondje. Het hondje heette Max. Max was heel lief.

Lily en Max gingen naar het park. Ze speelden met een bal. Max was erg snel. Hij rende rond het park.

Lily lachte. Ze was blij met Max. Max was blij om te spelen. Hij sprong en rende.

Toen waren ze moe. Ze gingen naar huis. Lily gaf Max een koekje. Max likte het koekje. Hij was tevreden.

Lily en Max gingen slapen. Ze sliepen heel vast. De volgende dag konden ze weer naar het park gaan. Ze zouden weer spelen en Max zou weer rennen."
meta-llama/llama-3.1-8b-instruct,"
Je bent een verteller van een kort verhaal (rond de 200 woorden).
Gebruik alleen hele simpele woorden die een 3-jarig kind kan begrijpen.
Geef het verhaal geen titel of introductie.
",Vertel een verhaal.,"Er was eens een klein konijntje. Het konijntje was heel snel en kon overal heen rennen. Hij had een klein huisje in de wei.

Een dag kwam een grote, harige wolf. De wolf wilde het konijntje eten. Maar het konijntje was bang en rende weg.

Het konijntje rende zo snel mogelijk, maar de wolf was nog sneller. Hij kwam steeds dichter bij het konijntje.

Toen zag het konijntje een groot boomgaard. Hij rende erachteraan en sprong op een grote appelboom. De wolf probeerde ook op te klimmen, maar hij was te zwaar.

Het konijntje klom veilig naar boven en kon uitkijken over de wei. De wolf bleef onderaan de boom en kon niet meer opklimmen. Het konijntje was veilig en kon rusten. Eindelijk was hij weg van de wolf."
meta-llama/llama-3.1-8b-instruct,"
Je bent een verteller van een kort verhaal (rond de 200 woorden).
Gebruik alleen hele simpele woorden die een 3-jarig kind kan begrijpen.
Geef het verhaal geen titel of introductie.
",Vertel een verhaal.,"Er was eens een prinses genaamd Sophia. Ze woonde in een prachtig kasteel met velen vrienden. Sophia had één vriendje, een hond genaamd Max. Max was wit en had een rood vlekje op zijn voorhoofd.

Een dag ging Sophia naar het bos om bloemen te plukken. Ze droeg een roze jurk en had een grote tas bij zich. Max liep vlak achter haar.

In het bos zagen Sophia en Max een oude vrouw. Ze zat op een bankje en keek naar de bloemen. Sophia ging naar haar toe en zei: ""Hallo, ik ben Sophia. Wat doe je hier?""

De oude vrouw antwoordde: ""Ik wacht op iemand. Ik wacht op de mooiste bloem van het bos."" Sophia wilde wel helpen. Samen zochten ze de mooiste bloem.

Eindelijk vonden ze een prachtige bloem. Sophia pakte hem en gaf hem aan de oude vrouw. De oude vrouw was heel dankbaar en gaf Sophia een zoen op haar wang. Max kwam ook naar voren en gaf de oude vrouw een snuf.

Toen ging Sophia terug naar het kasteel. Ze vertelde haar vrienden over de oude vrouw en de mooie bloem."
meta-llama/llama-3.1-8b-instruct,"
Je bent een verteller van een kort verhaal (rond de 200 woorden).
Gebruik alleen hele simpele woorden die een 3-jarig kind kan begrijpen.
Geef het verhaal geen titel of introductie.
",Vertel een verhaal.,"Er was eens een klein beertje. Het beertje had een mooi rood manteltje en een grote snoet. Het beertje hield van appeljes.

Een keer liep het beertje door het bos. Het beertje vond een appelboom. Op de boom groeiden lekkere appeljes. Het beertje pakte een appel en at hem op.

Toen at het beertje nog een appel en nog een appel. Maar de appelboom was leeg! Het beertje was boos. ""Ik wil nog een appel!"" riep het beertje.

Net toen het beertje verdrietig was, hoorde het een vriendelijke stem. ""Hallo, kleine beertje! Ik heb appeljes genoeg voor jou!"" Lachte de stem.

Het beertje keek omhoog en zag een vriendelijke beer met een appel in zijn hand. ""Dank je wel!"" zei het beertje en at de appel op. Nu was het beertje weer gelukkig en at hij nog meer appeljes."
meta-llama/llama-3.1-8b-instruct,"
Je bent een verteller van een kort verhaal (rond de 200 woorden).
Gebruik alleen hele simpele woorden die een 3-jarig kind kan begrijpen.
Geef het verhaal geen titel of introductie.
",Vertel een verhaal.,"Er waren twee vrienden, Jan en Bob. Ze waren erg nieuwsgierig. Ze gingen naar de tuin. Daar was een prachtig kippenhok. De kippen kwamen naar buiten.

Jan en Bob wilden de kippen zien. Ze liepen naar het hok. De kippen kwamen naar hen toe. Ze gaven een kip appel. De kip at de appel.

De kipken wisten dat Jan en Bob hen appel gaven. Ze begonnen te dansen. Jan en Bob lachten. Ze gaven de kippen nog meer appel.

De kippen waren heel blij. Jan en Bob waren ook blij. Ze gaven de kippen nog een appel. De kippen vielen in slaap.

Jan en Bob gingen naar huis. Ze waren heel blij met de kippen. Ze wilden nog meer appel geven. Maar ze gingen naar bed. Morgen zouden ze nog meer appel geven aan de kippen."
meta-llama/llama-3.1-8b-instruct,"
Je bent een verteller van een kort verhaal (rond de 200 woorden).
Gebruik alleen hele simpele woorden die een 3-jarig kind kan begrijpen.
Geef het verhaal geen titel of introductie.
",Vertel een verhaal.,"Er was eens een kleine olifant. Zijn naam was Ollie. Ollie woonde in een grote savanne vol wilde dieren. Hij was heel blij, want hij had een vriend. Hij was een giraffe genaamd Gigi.

Gigi was heel lang en Ollie was heel klein. Samen speelden ze in de savanne. Ze renden en sprongen door de grasvelden. Ze zochten naar bloemen en appelbloesems.

Een dag zagen Ollie en Gigi een prachtige poel water. Ollie was heel moe en wilde drinken. Gigi zei: ""Ik kan je helpen, Ollie!"" Gigi bukte zich en Ollie kon makkelijk drinken.

Ollie was heel dankbaar. Hij zei: ""Dank je wel, Gigi! Je bent de beste vriend van de hele savanne!"" Gigi glimlachte en zei: ""Ik hou van jou, Ollie!""

Samen gingen ze verder en vonden nog meer leuke dingen in de savanne. Ze bleven vrienden tot het einde van de dag."
meta-llama/llama-3.1-8b-instruct,"
Je bent een verteller van een kort verhaal (rond de 200 woorden).
Gebruik alleen hele simpele woorden die een 3-jarig kind kan begrijpen.
Geef het verhaal geen titel of introductie.
",Vertel een verhaal.,"Er was een klein konijn. Het konijn heette Benny. Benny woonde in een prachtige tuin. In de tuin groeiden bloemen en appelbomen.

Benny hield van eten. Hij hield vooral van appels. Op een dag besloot Benny om appel te plukken. Hij klimde de appelboom in.

Benny plukte veel appels. Toen hij klaar was, ging hij naar beneden. Hij at zelf een appel en legde de rest op de grond.

Benny zag een vriend, een eend. De eend heette Eddie. Eddie kwam naar Benny toe en zei: ""Hallo, Benny! Smakelijk?""

Benny gaf Eddie een appel. Eddie at hem op. Toen Eddie klaar was, zei hij: ""Dank je wel, Benny!""

Benny en Eddie waren vrienden. Ze speelden samen in de tuin. Ze lachten en aten appels."
meta-llama/llama-3.1-8b-instruct,"
Je bent een verteller van een kort verhaal (rond de 200 woorden).
Gebruik alleen hele simpele woorden die een 3-jarig kind kan begrijpen.
Geef het verhaal geen titel of introductie.
",Vertel een verhaal.,"Er was eens een konijn. Hij was snel en kon goed klimmen. Hij woonde in een bos met veel bomen.

Op een dag zag hij een appelschil in het gras liggen. Hij pakte hem op en at hem op. Hij vond hem zo lekker!

Toen hij zoet was, ging hij op zoek naar meer appels. Hij vond een boom met appels. Hij klom omhoog en at een appel na de andere.

Hij at zo veel dat hij vol zat. Hij kon niet meer klimmen en viel naar beneden. Hij ging hardop lachen. Hij was zo blij met zijn lekkere appels.

Toen hij weer op zijn pootjes stond, ging hij naar huis. Hij was moe en ging slapen. Hij droomde van appels en konijnen. Hij was zo tevreden met zijn lekkere eten."
meta-llama/llama-3.1-8b-instruct,"
Je bent een verteller van een kort verhaal (rond de 200 woorden).
Gebruik alleen hele simpele woorden die een 3-jarig kind kan begrijpen.
Geef het verhaal geen titel of introductie.
",Vertel een verhaal.,"Er was een klein konijn. Het konijn heette Fluffy. Fluffy was heel snel. Hij kon heel hard rennen.

Een dag was Fluffy heel honger. Hij zocht naar voedsel. Toen zag hij een kersenboom. Fluffy wist dat hij kersen kon eten.

Hij klom omhoog en begon te eten. Maar het was heel moeilijk. De takken waren heel dun. Fluffy viel een keer neer. Hij had een grote knie.

Maar Fluffy gaf niet op. Hij probeerde nog een keer. Dit keer lukte het. Hij at alle kersen op.

Fluffy was heel tevreden. Hij was goed gegeten. Toen liep hij terug naar zijn huis. Hij sliep heel snel."
meta-llama/llama-3.1-8b-instruct,"
Je bent een verteller van een kort verhaal (rond de 200 woorden).
Gebruik alleen hele simpele woorden die een 3-jarig kind kan begrijpen.
Geef het verhaal geen titel of introductie.
",Vertel een verhaal.,"Er was eens een klein koninkrijk. In dat koninkrijk woonde een meisje genaamd Lieve. Lieve was heel lief. Ze had rood haar en blauwe ogen.

Lieve woonde in een klein huisje bij de rivier. Ze hield van visken die in de rivier zwommen. Lieve wou graag een visken hebben om te spelen.

Een dag ging Lieve naar de rivier. Ze keek in het water en zag een klein visje. Het visje was bruin en had goudkleurige schubben. Lieve pakte het visje op en nam het mee naar haar huisje.

Lieve gaf het visje een naam: Gouden. Lieve en Gouden werden beste vrienden. Ze speelden samen en gingen op avontuur. Lieve was heel gelukkig met haar nieuwe vriend Gouden.

Maar er was een vraag, wie was Goudens familie?"
meta-llama/llama-3.1-8b-instruct,"
Je bent een verteller van een kort verhaal (rond de 200 woorden).
Gebruik alleen hele simpele woorden die een 3-jarig kind kan begrijpen.
Geef het verhaal geen titel of introductie.
",Vertel een verhaal.,"Er was eens een leuk konijn. Het konijn heette Flik. Flik was snel. Hij kon vliegen en hij kon zwemmen.

Flik ging naar de zee. Hij rende naar het water. Flik sprong en hij viel in het water. Hij zwom naar een boot. De boot was leeg.

Flik ging in de boot. Hij zei: ""Hallo!"" Maar niemand antwoordde. Flik was niet bang. Hij roeide met zijn pooten. Hij ging naar de kust.

Op de kust zat een jongetje. Hij zei: ""Hallo! Wie ben jij?"" Flik zei: ""Ik ben Flik, het snelste konijn!"" Het jongetje lachte. ""Je bent wel snel!"" Flik lachte ook.

Flik is nu vrienden met het jongetje. Ze gaan samen op avontuur. Flik is blij en het jongetje is blij. Ze hebben veel plezier samen."
meta-llama/llama-3.1-8b-instruct,"
Je bent een verteller van een kort verhaal (rond de 200 woorden).
Gebruik alleen hele simpele woorden die een 3-jarig kind kan begrijpen.
Geef het verhaal geen titel of introductie.
",Vertel een verhaal.,"Er was een klein konijnje. Het konijnje woonde in een huisje. Het huisje was rood. Er was een groene deur. De deur ging open en dicht.

Het konijnje liep naar buiten. Het zag een bloem. De bloem was felgeel. Het konijnje aaide de bloem.

Een vogeltje kwam naar beneden. Het vogeltje zong een lied. Het konijnje hoorden het lied.

Het vogeltje vlieg naar beneden. Het konijnje zag een broodje. Het broodje lag op de grond.

Het konijnje pakte het broodje. Het at het broodje. Het konijnje voelde zich vrolijk.

Het konijnje ging terug naar zijn huisje. Het was donker. Het konijnje ging slapen. Het sliep heel rustig."
meta-llama/llama-3.1-8b-instruct,"
Je bent een verteller van een kort verhaal (rond de 200 woorden).
Gebruik alleen hele simpele woorden die een 3-jarig kind kan begrijpen.
Geef het verhaal geen titel of introductie.
",Vertel een verhaal.,"Er was eens een meisje dat zei: ""Ik wil een hond!"" Haar mama zei: ""Dat is goed, maar je moet eerst een plek zoeken waar hij kan slapen.""

Het meisje ging naar buiten en vond een plek in de tuin. Ze maakte een bed voor de hond en noemde hem ""Buddy"".

Buddy was een happy hond. Hij kwam naar de tuin en sprong in het bed. Het meisje aaide hem en zei: ""Hallo Buddy, ik ben blij dat je hier bent!""

Buddy kwam naar het meisje toe en begon te spelen. Ze gooiden een bal en Buddy sprong er naar. Hij vangt de bal en kwam terug naar het meisje.

Het meisje en Buddy speelden de hele dag. Ze gingen ook naar het park en speelden met andere honden. Buddy was een goede hond en hij maakte veel vrienden.

Toen de zon onder ging, ging het meisje en Buddy terug naar huis. Ze waren beiden moe en gelukkig."
meta-llama/llama-3.1-8b-instruct,"
Je bent een verteller van een kort verhaal (rond de 200 woorden).
Gebruik alleen hele simpele woorden die een 3-jarig kind kan begrijpen.
Geef het verhaal geen titel of introductie.
",Vertel een verhaal.,"Er was eens een kleine vogel. Hij heette Piet. Piet had een mooi groen verenkleed. Hij vond het leuk om op een tak te zitten en te zingen.

Een dag ging Piet op een avontuur. Hij vloog weg uit zijn boom. Hij keek om zich heen en zag een prachtig meer. Piet vloog over het meer heen en zag een schip. Het schip voer over het meer.

Piet vond het leuk om op het schip te zitten. Hij ging dus op de schip zitten. De mensen aan boord vonden het leuk dat Piet op het schip zat. Ze gaven hem eten, een pompoen.

Piet vond de pompoen superlekker. Hij had nog nooit zo een pompoen gegeten. Hij at de hele pompoen op. Daarna ging Piet terug naar zijn boom. Hij vloog terug. Hij was tevreden. Piet sliep dat nacht met een volle buik."
meta-llama/llama-3.1-8b-instruct,"
Je bent een verteller van een kort verhaal (rond de 200 woorden).
Gebruik alleen hele simpele woorden die een 3-jarig kind kan begrijpen.
Geef het verhaal geen titel of introductie.
",Vertel een verhaal.,"Er was eens een klein konijn. Het konijn heette Benny. Benny woonde in een mooie tuin met veel bloemen.

Benny hield van eten. Hij at vooral appels. Hij vond appels de lekkerste vruchten in de tuin.

Een dag kwam Benny op een idee. Hij wilde een appelboom planten in de tuin. Hij liep naar de winkel en kocht een appelboom.

Benny plantte de boom in de grond. Hij waterde hem veel. De boom groeide snel en produceerde veel appels.

Benny was zo blij. Hij had nu zijn eigen appelboom. Hij at elke dag een appel uit de boom.

De andere dieren in de tuin vonden het ook leuk. Ze aten ook appels uit de boom. Benny was blij dat hij een vriendenboom had.

Nu kan Benny en zijn vrienden elke dag een appel eten. Benny was heel blij met zijn appelboom."
meta-llama/llama-3.1-8b-instruct,"
Je bent een verteller van een kort verhaal (rond de 200 woorden).
Gebruik alleen hele simpele woorden die een 3-jarig kind kan begrijpen.
Geef het verhaal geen titel of introductie.
",Vertel een verhaal.,"Er was een klein konijn. Hij heette Koen. Koen woont in een prachtige tuin. In die tuin groeien veel bloemen en fruitbomen.

Koen hield van snoeien. Hij had een klein snoeischaar. Hij snoeide de bloemen en bomen zodat ze mooi groeiden.

Een dag kwam een regen. De regen maakte alles nat. Koen was bang. Hij wilde niet nat worden.

Hij ging naar zijn vriend, een eekhoorn. De eekhoorn heette Eiko. Eiko zei: ""Ga maar naar binnen, Koen. Dan word je niet nat.""

Koen ging naar binnen. Hij zat bij de haard. Hij was warm en droog.

Boven de haard hing een kaart. Er waren twee mensen op de kaart. Ze waren Eiko's familie. Eiko zei: ""Zij gaan op avontuur. Ze gaan naar de berg.""

Koen was nieuwsgierig. Hij wilde ook naar de berg. Eiko zei: ""Ga maar mee, Koen. Dan zijn we niet alleen.""

Koen en Eiko gingen naar de berg. Ze zagen veel mooie dingen. Ze vonden een schat. Het was een stukje hout. Eiko en Koen waren blij."
meta-llama/llama-3.1-8b-instruct,"
Je bent een verteller van een kort verhaal (rond de 200 woorden).
Gebruik alleen hele simpele woorden die een 3-jarig kind kan begrijpen.
Geef het verhaal geen titel of introductie.
",Vertel een verhaal.,"Er was eens een klein meisje. Het meisje heette Lily. Ze had een hondje genaamd Max. Max was een leuk hondje met een witte vacht.

Lily en Max gingen naar de bos. In het bos was het heel mooi. Er waren bloemen en bomen.

Lily en Max liepen door het bos. Ze zagen een beekje. Er waren vissen in het beekje. Lily gooide een steentje in het water. De vissen sprongen uit het water.

Max wilde ook gaan zwemmen. Hij rende langs de beek. Lily lachte hard.

Toen waren ze moe. Ze gingen terug naar huis. Lily en Max waren heel tevreden. Ze hadden een leuke dag gehad.

Lily gaf Max een knuffel. Max gaf Lily een lik op haar hand. Ze waren gelukkig."
meta-llama/llama-3.1-8b-instruct,"
Je bent een verteller van een kort verhaal (rond de 200 woorden).
Gebruik alleen hele simpele woorden die een 3-jarig kind kan begrijpen.
Geef het verhaal geen titel of introductie.
",Vertel een verhaal.,"Een kleine eend zwom in een meer. Ze was heel snel. De eend vond een mooie bloem. Het was een lelie. De lelie was wit en geurig.

De eend wilde de lelie pakken. Maar ze viel in het water. Ze zwom naar de andere kant van het meer. Daar vond ze een vriend. Het was een vis. De vis zei: ""Hallo, kleine eend.""

De eend zei: ""Hallo, vriend vis."" Ze vertelde hem over de lelie. De vis zei: ""Ik ken een heel mooie bloem. Het is een roos. Die bloem is rood.""

De eend en de vis gingen naar de andere kant van het meer. Daar vonden ze de roos. Hij was rood en mooi. De eend en de vis waren blij. Ze vonden twee prachtige bloemen. Ze zwommen terug naar hun huis. Ze sliepen heel vroeg."
meta-llama/llama-3.1-8b-instruct,"
Je bent een verteller van een kort verhaal (rond de 200 woorden).
Gebruik alleen hele simpele woorden die een 3-jarig kind kan begrijpen.
Geef het verhaal geen titel of introductie.
",Vertel een verhaal.,"Er was een klein konijn. Het konijn was heel snel. Het konijn kon overal rennen. Het konijn had een rood lint om zijn nek.

Een dag ging het konijn naar een prachtig bos. Het bos was vol met bloemen. De bloemen waren rood, geel en blauw. Het konijn zag een mooie roze bloem.

Het konijn wilde de roze bloem zien. Het konijn rende naar de bloem. Maar toen het konijn bij de bloem kwam, zag het een prachtige vlinder. De vlinder was groen en blauw.

De vlinder vloog weg. Het konijn wilde de vlinder zien vliegen. Het konijn rende naar de vlinder. Maar de vlinder vloog weg en het konijn bleef alleen.

Het konijn ging naar huis. Het konijn had een leuke dag gehad. Het konijn ging slapen met zijn rood lint om zijn nek."
meta-llama/llama-3.1-8b-instruct,"
Je bent een verteller van een kort verhaal (rond de 200 woorden).
Gebruik alleen hele simpele woorden die een 3-jarig kind kan begrijpen.
Geef het verhaal geen titel of introductie.
",Vertel een verhaal.,"Er was een klein konijntje. Het was geel en had grote ogen. Het woonde in een klein hokje.

Een dag ging het konijntje op avontuur. Het liep door de tuin en zag een prachtig bloemenveld. De bloemen waren rood, geel en blauw.

Het konijntje liep door de bloemen en voelde de zon op zijn rug. Hij zag een vlinder die vliegende was. De vlinder landde op een bloem en zei: ""Hallo, konijntje!""

Het konijntje zei: ""Hallo, vlinder!"" En ze praatten een tijdje.

Toen ging het konijntje naar huis. Hij was blij van zijn avontuur. Hij sliep in zijn hokje en droomde van de bloemen.

De volgende dag ging het konijntje weer op avontuur. Hij liep door de tuin en zag een rivier. Hij ging naar de rivier en dronk wat water. Hij voelde zich koel en fris.

Het konijntje was blij van zijn dag. Hij ging naar huis en sliep in zijn hokje."
meta-llama/llama-3.1-8b-instruct,"
Je bent een verteller van een kort verhaal (rond de 200 woorden).
Gebruik alleen hele simpele woorden die een 3-jarig kind kan begrijpen.
Geef het verhaal geen titel of introductie.
",Vertel een verhaal.,"Er was eens een klein konijn. Het konijn heette Koen. Koen woonde bij zijn moeder in een klein hok.

Koen wilde graag een eigen huisje. Hij vond een leeg hokje in de tuin. Het was klein maar schoon.

Koen vroeg zijn moeder of hij het hokje mocht hebben. Zijn moeder zei ja. Koen was heel gelukkig.

Hij sloop in het hokje en zette een klein houtje in de muur. Daarna sloop hij naar buiten. Hij ging terug naar zijn moeder en zei: ""Mam, mijn hokje is nu een beetje mijn huis.""

Zijn moeder glimlachte en zei: ""Dat is heel goed, Koen. Nu ben je helemaal mijn grote jongen.""

Koen was heel trots. Hij ging terug naar zijn hokje en ging slapen. Hij sliep goed, want hij was heel gelukkig met zijn eigen huisje."
meta-llama/llama-3.1-8b-instruct,"
Je bent een verteller van een kort verhaal (rond de 200 woorden).
Gebruik alleen hele simpele woorden die een 3-jarig kind kan begrijpen.
Geef het verhaal geen titel of introductie.
",Vertel een verhaal.,"Er waren eens drie vrienden. Hun namen waren Jan, Pieter en Sander. Ze waren erg blij om samen te spelen.

Jan had een hondje. Het hondje heette Rex. Rex was erg snel. Jan en Pieter en Sander speelden met Rex.

Ze speelden op een grote speeltuin. Er waren veel trampolines en een grote speeltoestel. Rex sprong over een trampoline.

Sander viel. Hij krijg een schram. Jan en Pieter hielpen Sander. Zij gingen naar de dokter.

De dokter zei: ""Sander moet rusten."" Sander ging naar huis. Hij sliep de hele dag.

Jan en Pieter gingen weer terug op de speeltuin. Rex sprong opnieuw. Jan en Pieter lachten. Ze hadden veel plezier."
meta-llama/llama-3.1-8b-instruct,"
Je bent een verteller van een kort verhaal (rond de 200 woorden).
Gebruik alleen hele simpele woorden die een 3-jarig kind kan begrijpen.
Geef het verhaal geen titel of introductie.
",Vertel een verhaal.,"Er was eens een kleine vos. Hij heette Vosje. Vosje was heel snel en kon overal naartoe lopen. Hij had een klein huisje in een bos.

Vosje had een beste vriend, een eekhoorn. De eekhoorn heette Eeko. Eeko was heel slim en kon goed klimmen. Samen gingen Vosje en Eeko op avontuur.

Zij zochten naar appels in het bos. Eeko vond een appelboom met grote, zoetgeurende appels. Vosje klom de boom in en pakte een appel. Eeko klom ook de boom in en pakte een appel.

Ze gingen naar beneden en aten de appels. Vosje en Eeko waren heel blij met hun appels. Samen gingen zij terug naar hun huisjes.

Vosje sliep in zijn kleine huisje en Eeko sliep in zijn boom. Ze waren heel gelukkig met hun vrienden en hun appels."
meta-llama/llama-3.1-8b-instruct,"
Je bent een verteller van een kort verhaal (rond de 200 woorden).
Gebruik alleen hele simpele woorden die een 3-jarig kind kan begrijpen.
Geef het verhaal geen titel of introductie.
",Vertel een verhaal.,"Er was een klein konijn. Het konijn heette Bob. Bob woonde in een prachtige tuin. In de tuin groeiden bloemen en groene bladeren. Bob hield van lopen in de tuin. Hij vond het leuk om door de bloemen en bladeren te rennen.

Een keer zag Bob een appel in een boom. De appel was rood en zoet. Bob wilde de appel hebben. Hij klom de boom in. Hij zag een vogel in de boom. De vogel heette Pip. Pip was een vriendelijke vogel. Hij zei: ""Hallo Bob, wat doe je hier?""

Bob zei: ""Ik wil de appel hebben."" Pip zei: ""Je mag de appel niet hebben, want hij is van mij."" Bob was verdrietig. Maar Pip zei: ""Ik zal je een deal aanbieden. Je mag één appel van me krijgen als je me helpt om wat bloemen te plukken."" Bob ging akkoord. Samen plukten Bob en Pip de bloemen. Toen waren ze vrienden. Ze gingen vaak samen in de tuin."
meta-llama/llama-3.1-8b-instruct,"
Je bent een verteller van een kort verhaal (rond de 200 woorden).
Gebruik alleen hele simpele woorden die een 3-jarig kind kan begrijpen.
Geef het verhaal geen titel of introductie.
",Vertel een verhaal.,"Er was eens een klein konijn. Het was wit en zo snel als een vliegtuig. Het konijn hield van appels. Die smaakten zo lekker!

Een dag ging het konijn naar de boom. Daar hingen de lekkerste appels. Het konijn sprong omhoog en pakte een appel. Maar, oh nee! Het konijn viel uit de boom en landde met een plons in een meer.

Een vriendelijke zwanenkuik duwde het konijn naar de wal. Het konijn was heel dankbaar. ""Dank je wel, zwanenkuik!"" zei het konijn. Het konijn ging naar huis met een appel in zijn bek. Hij at de appel en voelde zich gelukkig.

Het konijn ging elke dag naar de boom om appels te eten. Maar hij sprong nooit meer uit de boom. Het konijn was bang om te vallen. Nu was het konijn het gelukkigste konijn in de wereld. Het konijn sliep lekker in zijn bak en droomde van appels."
meta-llama/llama-3.1-8b-instruct,"
Je bent een verteller van een kort verhaal (rond de 200 woorden).
Gebruik alleen hele simpele woorden die een 3-jarig kind kan begrijpen.
Geef het verhaal geen titel of introductie.
",Vertel een verhaal.,"Er woonde een jonge kat genaamd Kietje. Kietje had een mooie, witte vacht en blauwe ogen. Hij hield van spelen en vissen in de tuin.

Een keer vond Kietje een klein houten bootje onder de struiken. Het bootje was rood en had een lange stok. Kietje was erg blij en besloot met het bootje naar de vijver te gaan.

Hij ging naar de vijver en stapte in het bootje. Toen hij in het water was, begon hij te roeien. Het bootje ging snel over het water.

Kietje vond het heerlijk om te roeien. Hij zag veel mooie vogels en vissen. Toen hij moe werd, ging hij terug naar de wal.

Kietje was erg blij met zijn nieuwe bootje. Hij nam het mee naar binnen en liet het in de kast liggen. Hij kon niet wachten om weer naar de vijver te gaan en te roeien."
meta-llama/llama-3.1-8b-instruct,"
Je bent een verteller van een kort verhaal (rond de 200 woorden).
Gebruik alleen hele simpele woorden die een 3-jarig kind kan begrijpen.
Geef het verhaal geen titel of introductie.
",Vertel een verhaal.,"Er was eens een klein paardje. Het paardje heette Pijl. Pijl was zo klein dat hij in een klein hokje paste.

Een dag ging de zon schijnen. Pijl wilde buiten spelen. Hij liep naar buiten en zag een groene weide. Pijl vond de weide prachtig. Hij begon te rennen en te springen.

Pijl ontmoette een vriendje. Het vriendje heette Hert. Hert was snel en kon overal komen. Pijl en Hert speelden samen. Ze renden, sprongen en gaven elkaar een zoen.

Toen de zon laag begon te hangen, ging Pijl terug naar zijn hokje. Hij was moe. Hij sliep met een glimlach op zijn gezicht.

Pijl en Hert speelden de volgende dag weer samen. Ze kwamen steeds meer vriendjes tegen. Ze vormden een grote groep. Ze speelden samen tot de zon onderging."
meta-llama/llama-3.1-8b-instruct,"
Je bent een verteller van een kort verhaal (rond de 200 woorden).
Gebruik alleen hele simpele woorden die een 3-jarig kind kan begrijpen.
Geef het verhaal geen titel of introductie.
",Vertel een verhaal.,"Er was eens een hondje. Hij heette Max. Max was een leuk hondje. Hij had een rood baasje.

Max liep altijd met zijn baasje op straat. Hij hield van lopen. Hij hield van rennen. Hij hield van spelen.

Een dag ging Max' baasje naar de speeltuin. Max ging ook met. Daar zagen ze een bal. Max wilde de bal. Hij sprong naar de bal. Hij pakte de bal in zijn bek.

Max was zo blij. Hij rende naar zijn baasje. Hij gaf de bal aan zijn baasje. Zijn baasje was blij met Max.

Toen ging Max' baasje naar de kust. Max ging ook met. Daar zagen ze een hondje in het water. Max wilde ook in het water. Hij sprong in het water.

Max zwom naar zijn baasje. Hij was zo ver van het land. Maar hij kwam terug. Hij was moe. Zijn baasje was blij met Max.

Max was een lief hondje. Hij had een lief baasje. Max en zijn baasje waren gelukkig samen."
meta-llama/llama-3.1-8b-instruct,"
Je bent een verteller van een kort verhaal (rond de 200 woorden).
Gebruik alleen hele simpele woorden die een 3-jarig kind kan begrijpen.
Geef het verhaal geen titel of introductie.
",Vertel een verhaal.,"Er was een klein beertje dat heette Bert. Bert woonde in een bos. Hij had een lief klein huisje van takken en bladeren.

Een dag ging Bert op avontuur. Hij liep door het bos en ontdekte een prachtig veld vol bloemen. Hij zag bloemen van rood, geel en blauw. Bert was zo blij dat hij lachte en danste.

Terwijl hij danste, zag hij een klein vogeltje. Het vogeltje was bang en vloog weg. Bert wilde hem helpen dus hij wachtte op het vogeltje.

Het vogeltje kwam terug en zei: ""Dank je wel, Bert! Ik was bang omdat ik uit mijn nest was gevlogen."" Bert zei: ""Geeft niet, ik help je!""

Samen gingen Bert en het vogeltje terug naar het nest. Ze waren erg blij elkaar te hebben ontmoet. Vanaf die dag waren Bert en het vogeltje dikke vrienden en gingen ze altijd samen op avontuur."
meta-llama/llama-3.1-8b-instruct,"
Je bent een verteller van een kort verhaal (rond de 200 woorden).
Gebruik alleen hele simpele woorden die een 3-jarig kind kan begrijpen.
Geef het verhaal geen titel of introductie.
",Vertel een verhaal.,"Er was eens een kleine beer. Hij was heel dik en had een dikke vacht. Hij hield van eten, vooral van honing. Hij ging naar de honing fabriek om honing te eten.

Maar als hij binnenkwam, werd hij bang. Hij zag een groot rood apparaat, een grote machine die ronkend draaide. Hij wilde vluchten, maar zijn benen voelden zich zwaar.

Toen hoorde hij een vriendelijke stem. ""Hallo, kleine beer! Wat doe je hier?"" Het was een eetbare bij. ""Ik houd van honing"", zei de kleine beer.

De bij zei: ""Ik kan je helpen. Ik zal je naar de honing brengen en je mag eetbaar honing eten."" De kleine beer was heel dankbaar. Hij at zijn honing en voelde zich gelukkig.

De kleine beer ging vaak terug naar de bij en ze werden goede vrienden. Ze speelden samen en eetenshappen deelde."
meta-llama/llama-3.1-8b-instruct,"
Je bent een verteller van een kort verhaal (rond de 200 woorden).
Gebruik alleen hele simpele woorden die een 3-jarig kind kan begrijpen.
Geef het verhaal geen titel of introductie.
",Vertel een verhaal.,"Er was eens een klein konijntje. Het konijntje had een mooie groene vacht en grote, ronde ogen. Het konijntje woonde in een klein holletje onder een boom.

Elke dag ging het konijntje naar buiten om te spelen. Het at bladeren en bloemen. Het liep door het gras en sprong over stenen.

Een dag kwam een grote regen. Het konijntje moest naar binnen. Het zette zich neer in zijn holletje en sloot zijn ogen.

Toen de regen ophield, kwam het konijntje naar buiten. Het zong een liedje en danste in de zon.

Een vriendje van het konijntje kwam kijken. Hij zag de vrolijke konijntje en ook hij begon te dansen. Zo dansen ze nog steeds, onder de zon.

Nu zijn ze de beste vrienden. Ze spelen en dansen samen, tot de zon ondergaat."
meta-llama/llama-3.1-8b-instruct,"
Je bent een verteller van een kort verhaal (rond de 200 woorden).
Gebruik alleen hele simpele woorden die een 3-jarig kind kan begrijpen.
Geef het verhaal geen titel of introductie.
",Vertel een verhaal.,"Er was eens een leuke hond. Hij heette Max. Max was rood en had een lange staart. Hij was heel lief.

Max woonde bij een meisje dat genoemd werd Sophie. Sophie was heel lief voor Max. Ze gaf hem eten en speelde met hem.

Max was heel slim. Hij kon zelfs dingen vinden die Sophie niet kon vinden. Hij was een echte hulp voor Sophie.

Een keer ging Sophie op verlof naar de zee. Max ging met haar mee. Hij rende over het strand en speelde met golven.

Toen Sophie in het water ging, bleef Max achter bij het strand. Hij hield een oogje op Sophie. Hij wilde dat ze veilig was.

Sophie kwam uit het water en zei: 'Dank je wel, Max!' Ze gaf hem een knuffel en een sneetje brood.

Max was heel gelukkig. Hij hield van Sophie en zij hield van hem. Zij waren het allerbeste team."
meta-llama/llama-3.1-8b-instruct,"
Je bent een verteller van een kort verhaal (rond de 200 woorden).
Gebruik alleen hele simpele woorden die een 3-jarig kind kan begrijpen.
Geef het verhaal geen titel of introductie.
",Vertel een verhaal.,"Er was eens een klein konijn. Het konijn heette Kees. Kees woonde in een klein hok. Er groeiden veel bloemen buiten het hok. Kees hield van bloemen.

Een dag besloot Kees om naar buiten te gaan. Het was zonnig en warm. Kees liep over een grasveld. Hij zag veel mooie bloemen. Er waren rode, gele en blauwe bloemen.

Kees zag een mooie rode roos. Hij wilde die roos plukken. Maar hij zag een vogel. De vogel had een klein nest. Er zaten vier kleine vogeltjes in het nest.

Kees wilde geen vogeltjes bang maken. Hij besloot de roos niet te plukken. Hij wilde de vogeltjes niet bang maken. Kees ging terug naar zijn hok. Hij was tevreden met zijn keuze. Hij ging slapen met een glimlach op zijn gezicht."
meta-llama/llama-3.1-8b-instruct,"
Je bent een verteller van een kort verhaal (rond de 200 woorden).
Gebruik alleen hele simpele woorden die een 3-jarig kind kan begrijpen.
Geef het verhaal geen titel of introductie.
",Vertel een verhaal.,"Er was eens een klein konijn. Hij heette Benny. Benny woonde in een klein hok. Hij had een grote tuin om in te spelen.

Een dag ging Benny naar buiten. Hij zag een klein vogeltje. Het vogeltje kon vliegen. ""Wauw!"" zei Benny. ""Ik wil ook vliegen!""

Het vogeltje zei: ""Ik kan je helpen, Benny. Maar je moet eerst leren springen.""

Benny sprong en sprong. Hij sprong zo hoog dat hij bijna de takken van een boom raakte.

Nu kan Benny springen. Maar hij kan nog niet vliegen. Hij zegt: ""Ik vind het ook niet nodig. Ik kan rennen en springen. Dat is leuk genoeg!""

Benny ging weer naar zijn hok. Hij was heel blij. Hij had een nieuwe vriend gemaakt. En hij had ontdekt dat hij kon springen!"
meta-llama/llama-3.1-8b-instruct,"
Je bent een verteller van een kort verhaal (rond de 200 woorden).
Gebruik alleen hele simpele woorden die een 3-jarig kind kan begrijpen.
Geef het verhaal geen titel of introductie.
",Vertel een verhaal.,"Er was eens een klein konijntje. Het konijntje liep door het bos. Het bos was groen en mooi. Er waren veel bomen en bloemen.

Het konijntje liep langs een beekje. Het water was koud en helder. Het konijntje dronk uit de beek.

Dan zag het konijntje een lepeltje. Het lepeltje lag op de grond. Het konijntje pakte het lepeltje op.

Het konijntje liep verder door het bos. Het konijntje vond een grote schaal. De schaal was leeg. Het konijntje legde het lepeltje in de schaal.

Het konijntje was tevreden. Het konijntje at uit de schaal. Het konijntje had een lekkere maaltijd.

Dit konijntje was gelukkig. Het konijntje sliep in een warm nest. Het konijntje had een veilig thuis."
meta-llama/llama-3.1-8b-instruct,"
Je bent een verteller van een kort verhaal (rond de 200 woorden).
Gebruik alleen hele simpele woorden die een 3-jarig kind kan begrijpen.
Geef het verhaal geen titel of introductie.
",Vertel een verhaal.,"Er was eens een kleine beer. Hij heette Bert. Bert woonde in een bos met zijn moeder. Ze waren heel gelukkig.

Een dag besloot Bert om uit te gaan spelen. Hij liep langs de rivier en zag een mooi visje. Hij wilde het visje hebben. Bert wachtte tot het visje uit het water kwam om adem te halen.

Toen het visje uit het water kwam, sprong Bert erop en pakte het visje. Maar net toen hij het visje wilde eten, kwam zijn moeder aanrennen. ""Bert, waarom heb je het visje gepakt?"" vroeg zijn moeder.

Bert zei: ""Ik wilde het visje hebben, mama!"" Zijn moeder glimlachte en zei: ""Dat is niet goed, Bert. Vissen moeten in het water blijven.""

Zijn moeder nam Bert terug naar hun bos. Bert was verdrietig. Maar zijn moeder zei: ""Maar we kunnen een andere vis vangen, Bert. Dan kun jij het visje eten.""

Bert was blij en hij begon te lachen. Hij was dankbaar voor zijn moeder."
meta-llama/llama-3.1-8b-instruct,"
Je bent een verteller van een kort verhaal (rond de 200 woorden).
Gebruik alleen hele simpele woorden die een 3-jarig kind kan begrijpen.
Geef het verhaal geen titel of introductie.
",Vertel een verhaal.,"Er woonde een klein konijn. Hij was heel snel. Hij had een klein huisje met een tuin. De tuin had bloemen en aardappels.

De kleine konijn hield van aardappels. Hij ging elke dag naar de tuin en oogstte aardappels. Hij deed het heel goed.

Een dag kwam er een grote slang. De slang was heel lang en had een grote muil. Hij zag de kleine konijn en wilde hem vangen.

Maar de kleine konijn was heel snel. Hij rende weg en de slang kon hem niet pakken. De kleine konijn was blij dat hij ontsnapte.

Hij ging terug naar zijn huisje en at een aardappel. Hij was heel tevreden. Hij wist dat hij heel snel was en dat hij de slang kon ontwijken.

De kleine konijn sliep wel en droomde van aardappels. Hij wist dat hij de volgende dag weer naar de tuin zou gaan."
meta-llama/llama-3.1-8b-instruct,"
Je bent een verteller van een kort verhaal (rond de 200 woorden).
Gebruik alleen hele simpele woorden die een 3-jarig kind kan begrijpen.
Geef het verhaal geen titel of introductie.
",Vertel een verhaal.,"Er woonde een leuke hond genaamd Max. Max was groen en had grote oren. Hij hield van spelen en rennen.

Een dag ging Max naar het park. Daar zette hij een bal in de lucht. De bal viel op de grond. Max pakte de bal en hij ging rennen.

Hij rende zo snel dat hij tegen een klein meisje botste. Het meisje heette Sophie. Sophie had rood haar en blauwe ogen.

Max was bang. Hij ging voor Sophie staan. Sophie gaf Max een kus. Max voelde zich beter.

Nu gaan Max en Sophie samen spelen. Ze gooien een bal in de lucht. Max vangt de bal. Sophie lacht.

Max en Sophie zijn vrienden. Ze spelen samen in het park. Ze rennen en lachen.

Max en Sophie hebben veel plezier. Ze zijn blij om samen te spelen."
meta-llama/llama-3.1-8b-instruct,"
Je bent een verteller van een kort verhaal (rond de 200 woorden).
Gebruik alleen hele simpele woorden die een 3-jarig kind kan begrijpen.
Geef het verhaal geen titel of introductie.
",Vertel een verhaal.,"Er was een kleine hond genaamd Max. Max was heel lief. Hij had een rood velletje en een lange staart.

Max woonde bij een vrouw genaamd Mevrouw Maria. Mevrouw Maria had een groot tuin vol bloemen. Max hield van bloemen.

Een dag was Max heel nieuwsgierig. Hij liep naar buiten en zocht iets te doen. Hij kwam een konijn tegen. Het konijn was bang. Max liep weg, zodat het konijn niet bang meer was.

Mevrouw Maria was heel trots op Max. Ze zei: ""Max, je bent een goed hondje!"" Max lachte en sprong om haar heen.

Later die dag kwam een regenbui. Max wilde naar binnen, maar hij zag een vogeltje dat verdwaald was. Hij ging naar het vogeltje en blafte zachtjes. Het vogeltje kwam naar Max toe en hij bracht het naar binnen.

Mevrouw Maria was heel blij met Max. Ze gaf hem een knuffel en een koekje. Max sliep die nacht met een glimlach op zijn gezicht."
meta-llama/llama-3.1-8b-instruct,"
Je bent een verteller van een kort verhaal (rond de 200 woorden).
Gebruik alleen hele simpele woorden die een 3-jarig kind kan begrijpen.
Geef het verhaal geen titel of introductie.
",Vertel een verhaal.,"In een landje, ver van hier, woonde een kleine panda. De panda heette Ping. Ping was heel lief, maar hij had een probleem. Hij kon niet zwemmen.

Een dag besloot Ping dat hij zou leren zwemmen. Hij liep naar de rivier en keek in het water. Het water was koud en helder. Ping durfde niet in te duiken.

Een vis kwam naar Ping en vroeg: ""Hoe gaat het?""

Ping zei: ""Ik wil leren zwemmen, maar ik ben bang.""

De vis glimlachte en zei: ""Kom, ik zal je helpen.""

De vis zwom samen met Ping in het water. Ping was erg nieuwsgierig. Hij viel een paar keer in het water, maar hij lachte en probeerde opnieuw.

Na een tijdje kon Ping zwemmen. Hij was heel trots en sprong uit het water. De vis zei: ""Je bent een echte zwemmer, Ping!""

Ping was gelukkig en hield van zonnen bij het water. Hij was dankbaar voor de vis, die hem had geholpen."
meta-llama/llama-3.1-8b-instruct,"
Je bent een verteller van een kort verhaal (rond de 200 woorden).
Gebruik alleen hele simpele woorden die een 3-jarig kind kan begrijpen.
Geef het verhaal geen titel of introductie.
",Vertel een verhaal.,"Er was eens een klein konijn. Het was heel snel. Hij kon heel ver rennen. 

Een dag ging hij op avontuur. Hij liep door het bos. Hij zag een prachtig veld met bloemen. Het konijn vond het mooi. Hij ging erheen.

Onderweg zag hij een klein vogeltje. Het vogeltje vloog weg. Het konijn rende ernaartoe. Hij wilde het vogeltje helpen. Maar het vogeltje wist wat het deed. Het vloog weg.

Het konijn kwam in het veld aan. Hij zag zijn moeder. Zij was ook een konijn. Zij vond het veld mooi. ""Dit is een mooi plek!"", zei ze. ""Ja"", zei het konijn, ""ik vond het mooi ook."" 

Samen aten ze de bloemen. Ze waren heel gelukkig. Het konijn was tevreden. Hij had een leuk dag gehad."
meta-llama/llama-3.1-8b-instruct,"
Je bent een verteller van een kort verhaal (rond de 200 woorden).
Gebruik alleen hele simpele woorden die een 3-jarig kind kan begrijpen.
Geef het verhaal geen titel of introductie.
",Vertel een verhaal.,"Een jonge vogel was heel erg verdwaald. Hij zag niets dat hij kende. Hij vloog over een groot water en langs een heuvel. Hij was heel erg honger en hij wilde eten.

Uiteindelijk zag hij een mooie groene bos. Hij vloog naar binnen en daar vond hij veel lekkere insecten. Hij at zijn buik vol en voelde zich heel erg beter.

Maar toen hoorde hij een schreeuw. ""Hallo, ik ben hier!"" riep een vogel. ""Wie ben jij?"" vroeg de verdwaalde vogel. ""Ik ben je moeder,"" zei de vogel.

De moeder vogel vloog naar de verdwaalde vogel en zei: ""Ik heb je gemist. Waarom ben je zo ver bij ons vandaan?"" De verdwaalde vogel zei: ""Ik was verdwaald. Ik kon niet wegkomen.""

De moeder vogel zei: ""Don't worry, ik breng je thuis."" En ze vloog met de verdwaalde vogel terug naar hun nest. Ze waren allebei heel erg blij om elkaar terug te zien."
meta-llama/llama-3.1-8b-instruct,"
Je bent een verteller van een kort verhaal (rond de 200 woorden).
Gebruik alleen hele simpele woorden die een 3-jarig kind kan begrijpen.
Geef het verhaal geen titel of introductie.
",Vertel een verhaal.,"Er was eens een meisje genaamd Lily. Ze woonde in een klein stadje met een prachtig park. In dat park woonden een paar vriendelijke konijnen. Ze waren zo snel dat ze overal heen konden rennen.

Een dag kwam Lily naar het park. Ze zocht de konijnen op. Toen ze ze vond, begon ze te lachen. De konijnen lachten ook. Ze speelden samen tot de zon onderging.

Lily had een idee. ""Kom, konijnen!"" riep ze. ""Laat ons een race hebben! Wie kan het snelst naar de boom rennen?""

De konijnen stemden in. Ze gingen aan de start. Lily begon te rennen. De konijnen renden even snel als zij. Maar toen ze bij de boom waren, bleek dat Lily nooit gestopt was met rennen. Ze had gewoon niet stilgestaan. De konijnen lachten en zeiden: ""Je bent de snelste! We winnen met jou!""

Lily was blij. Ze had nieuwe vrienden gemaakt en ze had een race gewonnen. En de konijnen waren blij met hun nieuwe vriendin."
meta-llama/llama-3.1-8b-instruct,"
Je bent een verteller van een kort verhaal (rond de 200 woorden).
Gebruik alleen hele simpele woorden die een 3-jarig kind kan begrijpen.
Geef het verhaal geen titel of introductie.
",Vertel een verhaal.,"Er woonde een klein hondje genaamd Max. Max had een vriendelijk gezicht en een lange staart. Hij woonde bij een meisje genaamd Sophie. Sophie gaf Max veel lekkere brokjes.

Een dag ging Sophie naar de supermarkt. Max ging mee. In de supermarkt zag Max heel veel interessante dingen. Er waren ballen, speelgoed en zelfs een aquarium. Max wilde heel graag naar het aquarium kijken. Hij keek naar de vissen die in het water zwommen.

Toen Sophie terugkwam van de supermarkt, zei ze: ""Max, waarom lig je zo stil?"" Sophie zag dat Max naar het aquarium keek. Max zei niets, maar hij glimlachte en sloeg zijn staart op de grond.

Sophie lachte en zei: ""Max, je bent zo leuk!"" Max was blij dat hij met Sophie mocht zijn. Hij wist dat hij altijd veilig en gelukkig was bij zijn beste vriendin Sophie."
meta-llama/llama-3.1-8b-instruct,"
Je bent een verteller van een kort verhaal (rond de 200 woorden).
Gebruik alleen hele simpele woorden die een 3-jarig kind kan begrijpen.
Geef het verhaal geen titel of introductie.
",Vertel een verhaal.,"Een kleine vogel kwam naar beneden vallen. Hij vloog niet meer. Hij had een klein witte bosje met een klein stukje papier erin. Hij liet het bosje in de hand van een meisje liggen. Het meisje zette hem neer op de grond.

De vogel zei: ""Ik ben verloren. Ik zoek mijn vriend."" Het meisje zei: ""Ik wil helpen. Ik ga met je op pad.""

Ze liepen door het bos. Ze kwamen een grote rivier tegen. De vogel zei: ""Ik kan niet zwemmen. Kan jij zwemmen?"" Het meisje zei: ""Ja, ik kan zwemmen.""

Het meisje nam de vogel op haar schouder en zwom over de rivier. Toen kwamen ze aan de andere kant. Ze zagen een grote boom. De vogel zei: ""Daar zit mijn vriend! Op die tak!""

Het meisje zette de vogel neer. De vogel sprong in de lucht en vloog weg. Hij vloog naar zijn vriend en ze vlogen samen weg. Ze waren gelukkig."
meta-llama/llama-3.1-8b-instruct,"
Je bent een verteller van een kort verhaal (rond de 200 woorden).
Gebruik alleen hele simpele woorden die een 3-jarig kind kan begrijpen.
Geef het verhaal geen titel of introductie.
",Vertel een verhaal.,"Er woonde een klein konijn. Hij heette Koen. Koen had een mooie wagen. Hij was rood en had witte strepen.

Koen wilde naar de stad. Hij wilde appelcake eten. Appelcake is een lekkere taart.

Koen reed weg in zijn wagen. Hij reed langs het bos. Hij reed langs een appelboom. Koen zag een appel vallen. Hij nam de appel.

Koen reed door de stad. Hij reed naar een bakkerij. De bakker had appelcake. Koen nam een stuk appelcake. Hij at de appelcake.

Koen was tevreden. Hij had appelcake gegeten. Hij reed terug naar huis. Hij was gelukkig."
meta-llama/llama-3.1-8b-instruct,"
Je bent een verteller van een kort verhaal (rond de 200 woorden).
Gebruik alleen hele simpele woorden die een 3-jarig kind kan begrijpen.
Geef het verhaal geen titel of introductie.
",Vertel een verhaal.,"Er was eens een kleine haan. Hij had een mooie rode snavel en een zachte, groene vleugel. De kleine haan woonde in een klein bos met veel vrienden.

Elke dag liep de kleine haan naar het bos om te spelen. Hij kwam zijn vrienden tegen, zoals een kleine eend en een kleine vos.

Een dag vond de kleine haan een klein eitje. Hij pakte het eitje op en bracht het naar zijn moeder. Zijn moeder was heel blij en zei: ""Dank je wel, kleine haan!""

De kleine haan was heel trots. Hij had het eitje gevonden en zijn moeder hielp het uit het ei. Na een tijdje kwam er een klein kuiken uit het ei.

Het kuikentje kwam met de kleine haan naar buiten en keek om zich heen. De kleine haan was heel blij met zijn nieuwe vriend en hij nam het kuikentje mee naar het bos om te spelen.

Nu hebben de kleine haan en het kuikentje veel plezier samen in het bos. Ze spelen en lachen samen met hun vrienden."
meta-llama/llama-3.1-8b-instruct,"
Je bent een verteller van een kort verhaal (rond de 200 woorden).
Gebruik alleen hele simpele woorden die een 3-jarig kind kan begrijpen.
Geef het verhaal geen titel of introductie.
",Vertel een verhaal.,"Er was eens een klein koninkje. Hij woonde in een mooi paleis met een grote tuin. De tuin was vol bloemen en een klein stukje water.

Het koninkje had een vriend, een konijntje. Hij was wit en had lange oren. Hij hield van eten en slapen.

Een dag keek het koninkje uit het raam en zag een grote storm. Het regende en blies hard. Het konijntje was bang.

Het koninkje zei: ""Rustig, ik help je."" Hij deed de deur open en zei: ""Kom binnen, het is veilig.""

Het konijntje kwam binnen en ging slapen. Het koninkje maakte een warme maaltijd en zei: ""Eet maar, je bent moe.""

Het konijntje at en ging slapen. Het koninkje sliep ook. De storm ging weg en de zon kwam uit.

Toen het konijntje wakker werd, zei hij: ""Dank je wel, koninkje. Je bent een goede vriend."""
meta-llama/llama-3.1-8b-instruct,"
Je bent een verteller van een kort verhaal (rond de 200 woorden).
Gebruik alleen hele simpele woorden die een 3-jarig kind kan begrijpen.
Geef het verhaal geen titel of introductie.
",Vertel een verhaal.,"Er was een klein konijn. Het konijn was zo snel als een waaier. Het konijn kon overal heen rennen.

Een keer rende het konijn naar een prachtig veld met bloemen. Het konijn zag een grote vlinder. De vlinder vloog hoog in de lucht.

Het konijn rende nog harder. Het konijn wilde de vlinder zien dichterbij komen. Maar de vlinder vloog steeds hoger.

Toen opeens viel de vlinder neer. Hij viel op een bloem. Het konijn zag de vlinder dichterbij.

Het konijn ging naar de vlinder toe. De vlinder was heel vriendelijk. Hij zei: ""Hallo, kleine konijn. Welkom.""

Het konijn en de vlinder werden vrienden. Ze speelden samen in het veld met bloemen. Het konijn en de vlinder hadden een leuke dag."
meta-llama/llama-3.1-8b-instruct,"
Je bent een verteller van een kort verhaal (rond de 200 woorden).
Gebruik alleen hele simpele woorden die een 3-jarig kind kan begrijpen.
Geef het verhaal geen titel of introductie.
",Vertel een verhaal.,"Er leefde een jonge appelboom bij een vrolijke beek. De appelboom heette Appie. Appie groeide snel en produceerde prachtige rode appels. De mensen uit het dorp gingen naar Appie om appels te plukken.

Een dag kwam er een stroom oversteken. Het water kwam snel dichterbij. De mensen vluchtten weg. Appie was bang. De beek begon over te stromen.

Een vriend, een eik, heette Eike. Eike was sterk. Eike pakte Appie vast en droeg hem naar de top van de eik. Daar waren ze veilig.

De beek stroomde weg. Het water trok terug. De mensen kwamen terug naar het dorp. De mensen waren dankbaar voor Eike. Vanaf toen waren Appie en Eike goede vrienden. Ze groeiden samen op en produceerden mooie vruchten."
meta-llama/llama-3.1-8b-instruct,"
Je bent een verteller van een kort verhaal (rond de 200 woorden).
Gebruik alleen hele simpele woorden die een 3-jarig kind kan begrijpen.
Geef het verhaal geen titel of introductie.
",Vertel een verhaal.,"Er was eens een klein konijn. Het konijn heette Koen. Koen woonde in een klein hok onder een grote boom.

Koen was heel bang voor donkere plekken. Hij vond donkere plekken heel eng. 's Avonds, als het donker werd, sloot Koen zich op in zijn hok.

Een dag kwam er een vriend van Koen, een vos genaamd Vos. Vos vroeg Koen: ""Waarom ben je bang voor donkere plekken?""

Koen antwoordde: ""Ik vind donkere plekken eng!""

Vos zei: ""Maar Koen, donkere plekken zijn niet eng. Ze zijn alleen donker omdat het geen licht is.""

Koen dacht even na. Toen zei hij: ""Je hebt gelijk, Vos! Donkere plekken zijn niet eng!""

Vanaf die dag was Koen niet meer bang voor donkere plekken. Hij ging 's avonds buiten spelen met Vos."
meta-llama/llama-3.1-8b-instruct,"
Je bent een verteller van een kort verhaal (rond de 200 woorden).
Gebruik alleen hele simpele woorden die een 3-jarig kind kan begrijpen.
Geef het verhaal geen titel of introductie.
",Vertel een verhaal.,"Er was eens een klein konijntje. Het konijntje was heel snel. Het konijntje kon over het veld rennen en snel de andere dieren inhalen.

Een dag ging het konijntje naar de rivier. Het water was koud en helder. Het konijntje wilde graag een duik nemen.

Maar toen het konijntje naar beneden keek, zag het een vis. De vis was groot en glanzend. Het konijntje wilde graag vissen gaan vangen.

De vis was heel slim. Hij liet zich door het konijntje naar de diepte trekken. Maar toen ze onder water waren, draaide de vis zich om en trok het konijntje naar beneden.

Het konijntje kon niet meer omhoog. Het was opgesloten in de diepte. De vis kwam naar boven en zei: ""Dit is mijn konijntje!""

Maar toen kwam een grote olifant naar beneden. De olifant was heel sterk. Hij trok het konijntje en de vis omhoog.

En zo was het konijntje weer vrij."
meta-llama/llama-3.1-8b-instruct,"
Je bent een verteller van een kort verhaal (rond de 200 woorden).
Gebruik alleen hele simpele woorden die een 3-jarig kind kan begrijpen.
Geef het verhaal geen titel of introductie.
",Vertel een verhaal.,"Er was eens een vos. De vos heette Max. Max was erg slim. Hij had een rode neus en grote ogen.

Max hield van eten. Hij at veel fruit. Appels en peren waren zijn lievelingetjes.

Een keer ging Max naar de tuin. Hij zag een appel boom. De appel boom was vol appel. Max at veel appels. Hij voelde zich erg voldaan.

Toen zag hij een klein konijn. Het konijn heette Benny. Benny was bang voor Max. Max wilde Benny niet bang maken. Hij ging naast Benny zitten.

Benny voelde zich beter. Hij at ook een appel. Max en Benny werden vrienden. Ze gingen samen appel eten.

Vanaf toen gingen Max en Benny elke dag appel eten. Ze waren erg gelukkig. Ze waren blij dat ze vrienden waren geworden."
meta-llama/llama-3.1-8b-instruct,"
Je bent een verteller van een kort verhaal (rond de 200 woorden).
Gebruik alleen hele simpele woorden die een 3-jarig kind kan begrijpen.
Geef het verhaal geen titel of introductie.
",Vertel een verhaal.,"Er woonde een konijn in een bos. Hij had een grote tuin vol lekkere groenten. Elke dag at hij er groenten uit. Maar hij was altijd bang voor een grote hond die in het bos leefde. De hond wilde hem altijd kapen.

De konijn had een plan. Hij bouwde een klein huisje in zijn tuin. Het was zo klein dat de hond er niet in kon. 's Ochtends ging de konijn naar zijn huisje, en 's avonds ging hij terug naar zijn grote tuin.

De hond probeerde de tuin in, maar hij kon niet naar binnen. Hij werd boos en begon te huilen. De konijn lachte hard. Hij was blij dat hij zijn tuin veilig had. Hij at zijn groenten, en hij was heel gelukkig."
meta-llama/llama-3.1-8b-instruct,"
Je bent een verteller van een kort verhaal (rond de 200 woorden).
Gebruik alleen hele simpele woorden die een 3-jarig kind kan begrijpen.
Geef het verhaal geen titel of introductie.
",Vertel een verhaal.,"Er was een klein konijn. Het konijn heette Fluffy. Fluffy woonde in een bos. Hij hield van appels.

Een dag zei Fluffy: ""Ik wil een appel eten!"" Hij liep naar een boom. Op de boom zat een appel. De appel was rood.

Fluffy sprong op de boom. Hij pakte de appel. Fluffy liet de appel vallen. De appel viel op de grond.

Fluffy pakte de appel op. Hij at de appel. Fluffy was blij. Hij zei: ""De appel is heerlijk!""

Fluffy liep weer naar zijn hol. Hij ging slapen. De volgende dag wilde Fluffy weer een appel eten. Hij ging naar de boom. Op de boom zat weer een appel. Fluffy at de appel en was weer blij. Hij was een gelukkig konijn."
meta-llama/llama-3.1-8b-instruct,"
Je bent een verteller van een kort verhaal (rond de 200 woorden).
Gebruik alleen hele simpele woorden die een 3-jarig kind kan begrijpen.
Geef het verhaal geen titel of introductie.
",Vertel een verhaal.,"Er was eens een klein hondje. Hij heette Max. Max was een leuke hond met een witte vacht en een lange staart. Hij was heel lief en speelde graag met zijn vriendjes.

Een dag ging Max naar het park. Daar zocht hij een bal. Hij vond een bal en nam hem mee naar huis. Max ging naar zijn vriendje, een meidje genaamd Emma. Ze was erg blij met de bal.

Emma en Max speelden met de bal in de tuin. Ze gooiden hem hoog in de lucht en Max ving hem. Emma was heel trots op Max.

Max en Emma speelden tot de zon onderging. Daarna gingen ze naar binnen om te eten. Max had een lekkere maaltijd en Emma gaf hem een knuffel.

Max sliep snel in en droomde van zijn leuke dag met de bal. Hij wist dat hij de volgende dag weer naar het park kon gaan om nog meer bal te zoeken."
meta-llama/llama-3.1-8b-instruct,"
Je bent een verteller van een kort verhaal (rond de 200 woorden).
Gebruik alleen hele simpele woorden die een 3-jarig kind kan begrijpen.
Geef het verhaal geen titel of introductie.
",Vertel een verhaal.,"Er was eens een klein konijnje. Het konijnje heette Fluffy. Fluffy woonde in een grote tuin. De tuin was vol met bloemen en groente.

Een dag besloot Fluffy om een nieuw huis te bouwen. Het nieuwe huis moest groot en mooi zijn. Fluffy ging op zoek naar bouwmaterialen. Het konijnje vond hout, steentjes en zand.

Fluffy begon te bouwen. Het konijnje bouwde een mooi huis met een grote tuin. Fluffy was heel trots op zijn huis. Maar het konijnje had nog een idee.

Fluffy besloot om een klein zwemmeer te maken. Het konijnje wilde dat de vissen uit de omliggende rivier het water konden komen drinken. Fluffy was heel gelukkig met zijn nieuwe huis en zwemmeer.

Nu woont Fluffy in zijn grote huis met zijn zwemmeer. Het konijnje is heel gelukkig met zijn nieuwe leventje. Fluffy is een gelukkig konijnje."
meta-llama/llama-3.1-8b-instruct,"
Je bent een verteller van een kort verhaal (rond de 200 woorden).
Gebruik alleen hele simpele woorden die een 3-jarig kind kan begrijpen.
Geef het verhaal geen titel of introductie.
",Vertel een verhaal.,"Een kleine hond had een leuk hondje. Hij heette Bobby. Bobby ging altijd met zijn hondje spelen. Hij rende snel en hij was heel snugger.

Eenmaal ging Bobby en zijn hondje naar de speeltuin. Ze zagen een bal liggen. Ze pakten de bal en gingen rennen. Ze renden zo hard dat ze struikelen. Maar ze stonden snel weer op.

Ze liepen naar de zwembad. Ze zagen een hond die niets kon. Hij zat bij het water. Bobby en zijn hondje liepen naar hem toe en zei: ""Hé, ben je okay?""

De hond was blij om hen te zien. Ze gingen met hem zwemmen. Ze zwommen samen en lachten. Ze waren heel gelukkig.

Na een tijdje liepen ze terug naar huis. Bobby en zijn hondje waren moe, maar ze waren ook blij. Ze hadden een leuke dag gehad. Ze gingen slapen met een glimlach op hun gezicht."
meta-llama/llama-3.1-8b-instruct,"
Je bent een verteller van een kort verhaal (rond de 200 woorden).
Gebruik alleen hele simpele woorden die een 3-jarig kind kan begrijpen.
Geef het verhaal geen titel of introductie.
",Vertel een verhaal.,"Er was eens een klein beertje. Het beertje woonde in een klein houten huis. Het beertje had een vriend, een vogeltje. Het vogeltje kon vliegen.

Een keer was het beertje heel bang. Er was een grote, grommende hond in de buurt. De hond was heel groot en heel sterk.

Het vogeltje vloog boven de hond. ""Roei!"" riep het vogeltje. Het vogeltje gooide een steentje naar de hond. De hond ging weg.

Het beertje was heel blij. ""Dank je wel, vriend!"" zei het beertje. Het vogeltje vloog weer terug naar het beertje. Ze speelden samen.

Het vogeltje kon vliegen, het beertje kon rennen. Ze waren een goed team. Ze waren heel blij om elkaar te hebben. En ze bleven vrienden."
meta-llama/llama-3.1-8b-instruct,"
Je bent een verteller van een kort verhaal (rond de 200 woorden).
Gebruik alleen hele simpele woorden die een 3-jarig kind kan begrijpen.
Geef het verhaal geen titel of introductie.
",Vertel een verhaal.,"Er woonde een jonge hond genaamd Max. Max was een lief hondje. Hij had een mooie rode vacht en een lange staart.

Max woonde bij een gezin met twee kinderen. De kinderen waren erg blij met Max. Ze speelden met hem en gaven hem snoepjes.

Een keer ging de familie naar het strand. Max ging ook mee. Hij rende heel snel over het zand en sprong in de zee. De golven spoelden over zijn pootjes.

De kinderen waren zo blij met Max. Ze speelden met hem in het water en hij spoelde hen in de zee. De familie had een leuke dag bij het strand.

Toen ze thuiskwamen, was Max heel moe. Hij lag in zijn mand en sliep heel snel in. De familie lachte en zei: ""Max, je bent de beste hond ter wereld!"""
meta-llama/llama-3.1-8b-instruct,"
Je bent een verteller van een kort verhaal (rond de 200 woorden).
Gebruik alleen hele simpele woorden die een 3-jarig kind kan begrijpen.
Geef het verhaal geen titel of introductie.
",Vertel een verhaal.,"Er was eens een kleine meid. Ze heette Lisa. Lisa had een prachtige hond. Zijn naam was Max. Max was donkerbruin en had een witte snuit.

Lisa en Max gingen vaak naar het park. Ze speelden samen op het zand. Lisa gooide ballen voor Max. Max ving de ballen met zijn bek.

Een keer kwam er een regenbui. Lisa en Max gingen snel naar huis. Ze waren beiden nat en koud.

Lisa gaf Max een droge trui. Max werd warm en comfortabel. Lisa gaf Max een koekje. Max likte het koekje snel op.

Lisa en Max waren blij dat ze thuis waren. Ze gingen naar bed en sliepen gezellig. De volgende dag was de zon weer scheen. Lisa en Max gingen weer naar het park. Ze speelden en liepen rond. Ze waren heel gelukkig samen."
meta-llama/llama-3.1-8b-instruct,"
Je bent een verteller van een kort verhaal (rond de 200 woorden).
Gebruik alleen hele simpele woorden die een 3-jarig kind kan begrijpen.
Geef het verhaal geen titel of introductie.
",Vertel een verhaal.,"Er was eens een klein beertje. Het beertje heette Bert. Bert woonde in een klein bos. Hij hield van het bos. Hij speelde er veel.

Een dag kwam Bert een vlieg tegen. De vlieg heette Vinnie. Bert vroeg Vinnie: ""Waar ga je heen?"" Vinnie zei: ""Ik ga naar de berg. Hij heeft veel bloemen.""

Bert dacht: ""Dat klinkt leuk."" Bert ging met Vinnie naar de berg. Daar zagen ze veel bloemen. Ze zagen roos, lelie en zonnebloem. Bert was blij.

Bert zei: ""Dit is leuk!"" Vinnie zei: ""Ja, dit is leuk!"" Ze speelden op de berg. Bert en Vinnie werden goede vrienden. Ze speelden veel samen.

Bert ging terug naar zijn bos. Vinnie ging terug naar zijn huis. Ze moesten afscheid nemen. Maar ze beloofden om elkaar snel weer te zien. En dat deden ze. Ze speelden nog veel meer samen."
meta-llama/llama-3.1-8b-instruct,"
Je bent een verteller van een kort verhaal (rond de 200 woorden).
Gebruik alleen hele simpele woorden die een 3-jarig kind kan begrijpen.
Geef het verhaal geen titel of introductie.
",Vertel een verhaal.,"Er was eens een kleine vogel. Hij was wit en had een lange snavel. Hij heette Pietje.

Pietje vloog door de lucht. Hij zong een leuk liedje. Hij vloog over een groen veld. Daar zaten een paar koeien. Ze waren groot en rood.

Pietje wilde graag een koe ontmoeten. Hij vloog naar een koe toe. De koe heette Koeke. Koeke was lief voor Pietje.

Pietje en Koeke werden vrienden. Ze speelden samen. Pietje vloog boven Koeke uit. Koeke liep eromheen.

Een dag ging Pietje op een reis. Hij vloog naar een andere plaats. Hij ontmoette nieuwe vogels en koeien.

Toen Pietje terugkwam, waren Koeke en hij nog steeds vrienden. Ze speelden nog steeds samen. Pietje en Koeke waren blij elkaar te zien."
meta-llama/llama-3.1-8b-instruct,"
Je bent een verteller van een kort verhaal (rond de 200 woorden).
Gebruik alleen hele simpele woorden die een 3-jarig kind kan begrijpen.
Geef het verhaal geen titel of introductie.
",Vertel een verhaal.,"Er was eens een vrolijke kikker. Hij woonde in een klein poeltje bij een prachtige groene bos. De kikker hield van zwemmen en spelen in het water.

Een dag kwam er een klein meisje naar het poeltje. Het meisje was nieuwsgierig en keek de kikker aan. De kikker was bang en sprong onderwater.

Het meisje ging zitten op een steentje en keek naar de kikker. Ze zei: ""Hallo, kikker! Waarom ben je bang voor me?""

De kikker kwam naar boven en zei: ""Ik ben bang omdat ik niet weet wie je bent.""

Het meisje glimlachte en zei: ""Ik ben een vriendin. Mijn naam is Lieve. En jij?""

De kikker glimlachte terug en zei: ""Mijn naam is Kik. En ik ben blij dat we vrienden zijn.""

Lieve en Kik speelden samen in het poeltje. Ze zwommen en spelen in het water. En sindsdien waren ze de beste vrienden."
meta-llama/llama-3.1-8b-instruct,"
Je bent een verteller van een kort verhaal (rond de 200 woorden).
Gebruik alleen hele simpele woorden die een 3-jarig kind kan begrijpen.
Geef het verhaal geen titel of introductie.
",Vertel een verhaal.,"Er was een klein konijn. Hij woonde in een prachtige tuin. Er waren bloemen van alle kleuren. Het konijn hield van die bloemen.

Een dag ging het konijn op onderzoek uit. Hij liep door de tuin en vond een appelboom. De appelboom had lekkere appels. Het konijn at een appel.

Toen at hij nog een appel. Maar hij viel van de stam. Hij viel op zijn buik. Hij ging op zijn poten zitten. Hij was niet gewond.

Het konijn liep verder. Hij vond een vijver. De vijver was vol water. Het konijn ging naar de waterkant. Hij dronk uit de vijver.

Hij voelde zich goed. Hij ging weer verder. Hij vond een schommel. Hij ging op de schommel zitten. Hij schommelde heen en weer.

Het konijn was gelukkig. Hij hield van zijn tuin. Hij ging naar zijn hol. Hij sliep goed."
meta-llama/llama-3.1-8b-instruct,"
Je bent een verteller van een kort verhaal (rond de 200 woorden).
Gebruik alleen hele simpele woorden die een 3-jarig kind kan begrijpen.
Geef het verhaal geen titel of introductie.
",Vertel een verhaal.,"Er was eens een klein konijn. Het konijn had een mooi groen bos. In het bos was een klein water.

Het konijn ging naar het water. Het konijn zag een prachtige bloem. De bloem was rood en geel. De bloem rook lekker.

Het konijn wilde de bloem plukken. Maar het konijn wist niet hoe. Toen kwam een vriend van het konijn. Het vriend is een eekhoorn.

De eekhoorn zei: ""Ik kan je helpen."" De eekhoorn plukte de bloem. Het konijn was gelukkig.

Het konijn en de eekhoorn gingen naar het bos. Ze zochten naar meer bloemen. Ze vonden veel bloemen. Het konijn en de eekhoorn waren heel gelukkig.

De zon ging onder. Het konijn en de eekhoorn gingen naar hun huizen. Ze sliepen goed. Het volgende dag zochten ze naar nieuwe bloemen."
meta-llama/llama-3.1-8b-instruct,"
Je bent een verteller van een kort verhaal (rond de 200 woorden).
Gebruik alleen hele simpele woorden die een 3-jarig kind kan begrijpen.
Geef het verhaal geen titel of introductie.
",Vertel een verhaal.,"Er woonde een kleine beer. Hij heette Bert. Bert woonde in een bos. Hij was erg dik en rood.

Een dag liep Bert in het bos. Hij zag een klein vogeltje. Het vogeltje was blauw. Bert was dol op vogeltjes. Hij wilde het vogeltje helpen.

Hij vroeg: ""Wat doe je vogeltje?""

Het vogeltje zei: ""Ik zoek een appel. Ik ben heel honger.""

Bert zei: ""Ik weet waar een appel is. Kom met me mee.""

Hun reis begon. Bert liep voorop. Het vogeltje vloog naast hem.

Ze kwamen bij een appelboom. Bert zei: ""Daar is een appel! Vang hem vogeltje!""

Het vogeltje viel neer en pakte de appel. Hij vloog omhoog en zei: ""Dank je Bert!""

Bert glimlachte. Hij was blij dat hij het vogeltje geholpen had. Ze werden vrienden en speelden samen in het bos."
meta-llama/llama-3.1-8b-instruct,"
Je bent een verteller van een kort verhaal (rond de 200 woorden).
Gebruik alleen hele simpele woorden die een 3-jarig kind kan begrijpen.
Geef het verhaal geen titel of introductie.
",Vertel een verhaal.,"Er was eens een kleine hond. Hij heette Max. Max was heel lief, maar hij was ook heel nieuwsgierig. Hij wilde altijd weten wat er gebeurde.

Een dag vond Max een oude sleutel. Hij had een klein sleutelhuisje eraan. Max vond het leuk om te spelen met de sleutel. Hij zette de sleutel in alle huizen die hij kon vinden.

Toen Max bij een oud huis was, ging hij de sleutel in de deur zetten. De sleutel past perfect. De deur ging open.

Binnen was het donker. Max was bang. Hij wilde naar buiten gaan. Maar toen hij een beetje naar binnen keek, zag hij een hele mooie kamer. Er stonden mooie speelgoedautootjes en een grote bal.

Max was heel blij. Hij ging naar binnen en speelde met de autootjes en de bal. Hij had een fantastische tijd. Toen hij moe was, ging hij naar buiten en sloeg zijn ogen neer. Hij had een leuke dag gehad."
meta-llama/llama-3.1-8b-instruct,"
Je bent een verteller van een kort verhaal (rond de 200 woorden).
Gebruik alleen hele simpele woorden die een 3-jarig kind kan begrijpen.
Geef het verhaal geen titel of introductie.
",Vertel een verhaal.,"Een hond heette Max. Max was een witte hond. Hij had een rood bandje om zijn nek.

Max wou graag spelen. Hij ging naar buiten. Hij zag een bal liggen. De bal was rood.

Max pakte de bal in zijn bek. Hij rende rond het huis. ""Wauw!"" riep hij.

Max zag een meisje. Het meisje heette Sophie. Sophie lachte. ""Hallo, Max!"" zei ze.

Max gaf Sophie de bal. Sophie gooide de bal hoog in de lucht. Max sprong omhoog. Hij ving de bal.

Max en Sophie speelden samen. Ze lachten en renden rond. Het was een fijne dag.

Toen de zon onder ging, ging Max naar binnen. Hij viel in zijn bed. Hij sliep snel in.

De volgende dag speelden Max en Sophie weer samen. Ze waren dikke vrienden."
meta-llama/llama-3.1-8b-instruct,"
Je bent een verteller van een kort verhaal (rond de 200 woorden).
Gebruik alleen hele simpele woorden die een 3-jarig kind kan begrijpen.
Geef het verhaal geen titel of introductie.
",Vertel een verhaal.,"Er was eens een kleine beer. De kleine beer heette Bert. Bert woonde in een bos met zijn moeder. Ze hadden een klein huisje van takken en bladeren.

Bert was een beetje eenzaam. Hij had geen vrienden in het bos. Hij speelde alleen met zijn moeder. Maar hij wilde graag spelen met andere dieren.

Een dag ontmoette Bert een eend. De eend heette Ella. Ella was vriendelijk. Ze kwam met Bert praten. Bert was blij.

Bert en Ella speelden samen. Ze gingen zwemmen in het water. Ze eet zonnebloemen in het veld. Bert werd niet meer eenzaam.

Bert en Ella werden goede vrienden. Ze speelden samen elke dag. Bert was blij met Ella. Bert's moeder was ook blij met Ella.

Nu loopt Bert niet meer alleen in het bos. Hij loopt met Ella. Ze hebben veel plezier samen. Bert is gelukkig met zijn nieuwe vriendin Ella."
meta-llama/llama-3.1-8b-instruct,"
Je bent een verteller van een kort verhaal (rond de 200 woorden).
Gebruik alleen hele simpele woorden die een 3-jarig kind kan begrijpen.
Geef het verhaal geen titel of introductie.
",Vertel een verhaal.,"Er was eens een kleine beer. De kleine beer woonde in een bos. Hij had een dikke, rode baard.

De kleine beer hield van eten. Hij hield vooral van appels. Er was een boom met veel appels. De kleine beer ging naar de appelboom.

'Hee, ik wil een appel!' riep de kleine beer.

'Ik geef je een appel,' zei de boom.

De boom gooide een appel naar de kleine beer. De kleine beer at de appel. Hij vond hem heel smakelijk.

'Ik wil nog een appel!' riep de kleine beer.

'Ik geef je een appel,' zei de boom.

De boom gooide nog een appel naar de kleine beer. De kleine beer at hem ook.

De kleine beer was heel blij. Hij had veel appels gegeten. Hij ging naar zijn huis. Hij sliep met een volle maag."
meta-llama/llama-3.1-8b-instruct,"
Je bent een verteller van een kort verhaal (rond de 200 woorden).
Gebruik alleen hele simpele woorden die een 3-jarig kind kan begrijpen.
Geef het verhaal geen titel of introductie.
",Vertel een verhaal.,"In een klein dorpje woonde een meisje. Het meisje heette Sophie. Sophie had een hondje genaamd Max. Max was een lieve hond. Hij was bruin en had een lange staart.

Sophie en Max gingen elke dag naar het bos. In het bos groeiden prachtige bloemen. Sophie hield van bloemen. Ze had er zelfs een hele collectie.

Eén dag zagen Sophie en Max een vogeltje op de grond liggen. Het vogeltje was gewond. Sophie en Max namen hem mee naar hun huis. Sophie gaf hem wat water en Max gaf hem zijn warme neus.

Het vogeltje was dankbaar. Het vogeltje zei: ""Dank je wel, Sophie en Max! Ik ben helemaal beter!""

Sophie en Max waren blij. Ze gaven het vogeltje wat eten en hij vloog weg. Sophie en Max keken elkaar aan en zeiden: ""Dat was leuk!"" En ze gingen weer naar het bos."
meta-llama/llama-3.1-8b-instruct,"
Je bent een verteller van een kort verhaal (rond de 200 woorden).
Gebruik alleen hele simpele woorden die een 3-jarig kind kan begrijpen.
Geef het verhaal geen titel of introductie.
",Vertel een verhaal.,"Er was eens een klein konijn. Hij heette Flappy. Flappy woonde in een grote tuin met veel bloemen. Hij hield van bloemen.

Flappy wilde een prachtige bloem plukken. Hij liep door de tuin en zag een mooie roze bloem. Hij wilde die bloem plukken. Maar toen hij die bloem wilde pakken, kwam er een grote vos.

De vos zei: ""Laat die bloem liggen, Flappy! Ik wil die bloem ook!"" Flappy was bang en deed een stap achteruit.

Toen kwam er een andere dier, een vriendelijke eekhoorn. De eekhoorn zei: ""Laat ons samen de bloem plukken! We kunnen hem delen!""

Flappy was blij en plukte de bloem samen met de eekhoorn. Ze gaven de bloem aan elkaar en dansten door de tuin.

Flappy was gelukkig met zijn nieuwe vriend en de mooie roze bloem. Hij wist dat hij een vriendelijk konijn was."
meta-llama/llama-3.1-8b-instruct,"
Je bent een verteller van een kort verhaal (rond de 200 woorden).
Gebruik alleen hele simpele woorden die een 3-jarig kind kan begrijpen.
Geef het verhaal geen titel of introductie.
",Vertel een verhaal.,"Een kleine meid heette Lily. Ze had een hondje genaamd Max. Max was rood en had een lange staart.

Lily en Max gingen naar de park. Ze speelden samen op het gras. Max rende rond en blafte. Lily lachte en zong een liedje.

Sudden kwam er een stortregen. Lily en Max waren nat geworden. Maar ze waren niet bang. Zij renden naar een kleine schuur.

In de schuur was het droog. Lily en Max zagen een katje. Het katje was klein en mollig. Lily en Max zijn vrienden met de katje. Ze speelden samen tot de zon scheen.

Toen de zon scheen, gingen Lily, Max en de katje weer naar buiten. Ze speelden in de zon en waren gelukkig."
meta-llama/llama-3.1-8b-instruct,"
Je bent een verteller van een kort verhaal (rond de 200 woorden).
Gebruik alleen hele simpele woorden die een 3-jarig kind kan begrijpen.
Geef het verhaal geen titel of introductie.
",Vertel een verhaal.,"Het was een zonnige dag. Er was een klein hondje. Hij was rood en hij heette Rufus.

Rufus wou graag spelen. Hij ging naar buiten. Hij zag een bal liggen. De bal was rood, net zoals Rufus.

Rufus pakte de bal in zijn bek. Hij rende rond het park. Hij kwam aan bij een meisje. Het meisje heette Lily.

Lily lachte. Ze zei: ""Hallo, Rufus! Wat doe je?""

Rufus bracht de bal naar Lily. Hij liet hem los. De bal viel op de grond.

Lily pakte de bal. Ze gooide hem naar Rufus. Rufus ving hem op. Hij rende rond het park weer.

Rufus en Lily speelden samen. Ze hadden veel lol. Het was een fijne dag. Rufus sliep snel in zijn bed. Hij droomde van de bal."
meta-llama/llama-3.1-8b-instruct,"
Je bent een verteller van een kort verhaal (rond de 200 woorden).
Gebruik alleen hele simpele woorden die een 3-jarig kind kan begrijpen.
Geef het verhaal geen titel of introductie.
",Vertel een verhaal.,"Een kind heette Tim. Hij woonde bij zijn ouders in een klein huis. Tim had een hond die hij heel veel liefde. De hond heette Bob.

Een dag ging Tim met Bob naar het park. Daar speelden veel kinderen. Tim en Bob speelden ook mee. Ze renden rond en speelden met de andere kinderen.

Toen werd het donker. Tim en Bob gingen naar huis. Ze waren allebei heel moe.

Zijn moeder had een leuk avondmaal gekookt. Tim en Bob zaten aan tafel. Ze aten samen.

Na het eten ging Tim naar bed. Bob lag bij hem in bed. Ze sliepen beiden heel snel in."
meta-llama/llama-3.1-8b-instruct,"
Je bent een verteller van een kort verhaal (rond de 200 woorden).
Gebruik alleen hele simpele woorden die een 3-jarig kind kan begrijpen.
Geef het verhaal geen titel of introductie.
",Vertel een verhaal.,"Er was eens een klein rode hondje. Het had witte teentjes en een lange wimpel. Hij heette Roodje.

Roodje hield van rennen en spelen. Elke ochtend ging hij naar de park. Hij speelde dan met de andere honden.

Een dag kwam een regenbui. Roodje wilde nog steeds naar het park. Hij droeg zijn regenjas. Hij rende naar het park, met de wind in zijn oren.

Bij het park ontmoette hij een vriendelijke kat. Ze heette Kitty. Ze wilde ook naar het park. Samen renden Roodje en Kitty in de regen.

Ze speelden een spel. Roodje rende rondom Kitty. Kitty sprong over Roodje. Ze lachten allebei.

Toen was het tijd om naar huis te gaan. Roodje en Kitty zeiden elkaar gedag. Roodje liep naar zijn huis, met een glimlach op zijn gezicht."
meta-llama/llama-3.1-8b-instruct,"
Je bent een verteller van een kort verhaal (rond de 200 woorden).
Gebruik alleen hele simpele woorden die een 3-jarig kind kan begrijpen.
Geef het verhaal geen titel of introductie.
",Vertel een verhaal.,"Er was eens een klein konijntje. Het had een mooi witte vacht en grote oren. Het konijntje woonde in een prachtige tuin vol bloemen en groene blaadjes.

Een dag ging het konijntje op avontuur. Het liep door de tuin en kwam bij een groot vijver. Hij keek in het water en zag zijn eigen spiegelbeeld.

""Wow, ik ben zo mooi!"" zei het konijntje. Maar opeens zag hij ook een grote vis. De vis keek hem aan en glimlachte.

""Haal me uit het water, alsjeblieft,"" zei de vis.

Het konijntje keek om zich heen, maar hij zag niets waarmee hij de vis uit het water kon halen. Toen had hij een idee. Hij sprong op een rots en begon hard te springen. De golven werden groter en groter, totdat ze de vis uit het water sloegen.

De vis dankte het konijntje en beloofde hem een beloning. ""Ik zal je altijd helpen wanneer je dat nodig hebt,"" zei de vis.

Het konijntje keek hem aan en glimlachte. Hij was blij dat hij zijn nieuwe vriend had gered. Vanaf toen waren ze dikke vrienden en gingen ze samen op avontuur."
meta-llama/llama-3.1-8b-instruct,"
Je bent een verteller van een kort verhaal (rond de 200 woorden).
Gebruik alleen hele simpele woorden die een 3-jarig kind kan begrijpen.
Geef het verhaal geen titel of introductie.
",Vertel een verhaal.,"Er was eens een klein konijn. Het konijn heette Fluffy.

Fluffy woonde in een klein bos. Hij had een mooie groene tuin. In de tuin waren veel bloemen. Fluffy hield van bloemen.

Fluffy liep door het bos. Hij zag een mooie bloem. De bloem was rood en gele. Fluffy wilde graag de bloem plukken. Maar de bloem groeide op een boom.

Fluffy dacht: ""Ik wil die bloem plukken."" Hij klom op de boom. Hij plukte de bloem. De bloem rook lekker.

Fluffy dineerde met zijn bloem. Hij at de bloem op. Fluffy was blij. Hij had een lekkere bloem gegeten.

Fluffy ging slapen. Hij droomde van zijn bloem. Hij wilde nog een keer een bloem plukken. Maar hij sliep in. De volgende dag zou hij nog een keer zoeken naar een bloem."
meta-llama/llama-3.1-8b-instruct,"
Je bent een verteller van een kort verhaal (rond de 200 woorden).
Gebruik alleen hele simpele woorden die een 3-jarig kind kan begrijpen.
Geef het verhaal geen titel of introductie.
",Vertel een verhaal.,"Er woonde een kleine beer met een rood hoofd. Hij woonde in een groot bos. De kleine beer heette Bert.

Bert was heel moe. Hij had een lange dag achter de rug. Hij wilde naar huis gaan.

Toen Bert door het bos liep, hoorde hij een klein geluid. Hij keek om. Daar lag een klein vogeltje.

Het vogeltje had een kleine wond aan zijn poot. Bert zei: ""Hoi, kleine vogeltje. Wat is er met je gebeurd?""

Het vogeltje zei: ""Ik ben gevallen uit mijn nest. Mijn poot doet zeer.""

Bert zei: ""Maak je geen zorgen. Ik zal je helpen.""

Bert ging terug naar zijn huis. Hij haalde een klein doekje. Hij legde het doekje om de wond van het vogeltje.

Het vogeltje was heel dankbaar. Bert zei: ""Je bent welkom in mijn huis. Je kunt hier blijven slapen.""

Het vogeltje sliep heel lekker. De volgende ochtend was het vogeltje beter. Bert zei: ""Ga maar terug naar je nest. Je moet je moeder zien.""

Het vogeltje ging terug. Het vogeltje was heel dankbaar voor de hulp van Bert."
meta-llama/llama-3.1-8b-instruct,"
Je bent een verteller van een kort verhaal (rond de 200 woorden).
Gebruik alleen hele simpele woorden die een 3-jarig kind kan begrijpen.
Geef het verhaal geen titel of introductie.
",Vertel een verhaal.,"Er was eens een klein konijntje. Het konijntje was heel snel. Het liep door het veld naar de rivier. Boven de rivier was een klein bruggetje.

Toen het konijntje bij de rivier kwam, zag het een mooie grote vis in het water. De vis zei: ""Hallo, kleine konijntje! Gaat je over de brug?""

Het konijntje zei: ""Ja, ik ga over de brug!""

Toen het konijntje over de brug ging, viel de brug kapot. Het konijntje viel in het water.

Maar de vis kwam naar boven en het konijntje klom op zijn rug. Ze gingen naar de andere kant van de rivier.

Toen ze aan de andere kant waren, zei de vis: ""Dank je wel, kleine konijntje. Je bent heel slim!""

Het konijntje zei: ""Dank je wel, vis. Ik ben blij dat we vrienden zijn!"""
meta-llama/llama-3.1-8b-instruct,"
Je bent een verteller van een kort verhaal (rond de 200 woorden).
Gebruik alleen hele simpele woorden die een 3-jarig kind kan begrijpen.
Geef het verhaal geen titel of introductie.
",Vertel een verhaal.,"Er was eens een klein meisje dat heette Sophie. Sophie woont bij haar ouders in een mooi huis. De zon schijnt vaak in haar tuin.

Sophie heeft een hondje dat hijt. Hijt is een witte hond met een rood bandje om zijn nek. Sophie en hijt zijn beste vrienden.

Een dag gaan Sophie en hijt naar de speeltuin. Daar zijn vele kabels en trampolines. Sophie springt op de trampoline en hijt springt naast haar.

Opeens ziet Sophie een mooie bloem. Ze loopt ernaartoe en pakt de bloem. Hijd zegt ""Wauw!"" en springt er naar toe. Hijt pakt ook een bloem en brengt hem aan Sophie.

Sophie en hijt zijn heel blij. Ze nemen beiden een bloem en brengen ze aan hun ouders. Ze zeggen ""Dank je!"" en geven beiden een knuffel.

Sophie en hijt gaan naar binnen om een koekje te eten. Ze zijn heel gelukkig. De zon schijnt nog steeds in de tuin. Sophie en hijt slapen tevreden."
meta-llama/llama-3.1-8b-instruct,"
Je bent een verteller van een kort verhaal (rond de 200 woorden).
Gebruik alleen hele simpele woorden die een 3-jarig kind kan begrijpen.
Geef het verhaal geen titel of introductie.
",Vertel een verhaal.,"Er woonde een klein hondje. Hij heette Max. Max was een leuke hond. Hij was wit en bruin.

Max had een beste vriend. Hij heette Tom. Tom was een kind. Hij was acht jaar oud.

Max en Tom speelden samen. Ze speelden in de tuin. Ze liepen over de bloemen. Ze zochten naar vogels.

Een dag vonden Max en Tom een prachtige vogel. Ze wilden hem niet lastig vallen. Ze gingen zitten en keken naar hem.

De vogel kwam naar hen toe. Hij zei: ""Hallo Max, hallo Tom."" Max en Tom waren blij.

Ze gaven de vogel een appel. De vogel at de appel. Max en Tom lachten.

Toen ging de vogel weg. Max en Tom keken elkaar aan. Ze wisten dat ze iets speciaals hadden gezien.

Ze liepen naar huis. Max en Tom waren blij. Ze hadden een leuke dag gehad."
meta-llama/llama-3.1-8b-instruct,"
Je bent een verteller van een kort verhaal (rond de 200 woorden).
Gebruik alleen hele simpele woorden die een 3-jarig kind kan begrijpen.
Geef het verhaal geen titel of introductie.
",Vertel een verhaal.,"Een klein konijnje had een rode fiets. Hij heette Koen. Koen woonde bij de boerderij. De boer was vriendelijk. Hij gaf Koen appel en peer.

Koen ging elke dag naar de wei. Daar speelden de kippen. Ze lachten en kraaideen. Koen lachte ook. Hij was blij.

Maar de wolf kwam. Hij was lelijk. Hij wilde Koen fietsen. Maar Koen ging snel weg. Hij ging naar zijn vriendinnetje. Ze heette Kaat. Kaat was lief. Ze had een witte kip.

Samen gingen ze naar de boerderij. De boer gaf hen appel en peer. Koen en Kaat waren blij. Ze aten en lachten. De wolf ging weg. Hij was boos.

Koen en Kaat gingen slapen. Ze sliepen goed. De volgende dag ging Koen weer naar de wei. Hij was blij. Hij had zijn vriendin Kaat. En hij had zijn fiets!"
meta-llama/llama-3.1-8b-instruct,"
Je bent een verteller van een kort verhaal (rond de 200 woorden).
Gebruik alleen hele simpele woorden die een 3-jarig kind kan begrijpen.
Geef het verhaal geen titel of introductie.
",Vertel een verhaal.,"Een hond heette Max. Max was een goede hond. Hij was bruin en had een geel halsbandje.

Max woonde bij een meisje genaamd Lena. Lena had een taart gemaakt. De taart was zoet en had rode bloemen erop.

Lena ging naar buiten en zei: ""Max, kom hier!"" Max liep snel naar buiten. Hij rook de taart.

Lena gaf Max een stuk taart. Max at het op en danste van vreugde. Hij was zo blij.

Lena lachte en gaf Max nog een stuk taart. Max at het op en danste weer. Hij was zo blij met zijn taart.

Lena en Max waren vrienden. Ze speelden samen en aten taart. Ze waren heel gelukkig."
meta-llama/llama-3.1-8b-instruct,"
Je bent een verteller van een kort verhaal (rond de 200 woorden).
Gebruik alleen hele simpele woorden die een 3-jarig kind kan begrijpen.
Geef het verhaal geen titel of introductie.
",Vertel een verhaal.,"Er was eens een klein konijn. Het konijn heette Benny. Benny woonde in een klein bos. Hij had een klein huisje van hout.

Benny had een beste vriend. Hij heette Max. Max was een vos. Hij was groot en sterk.

Een dag ging Benny naar de bosmarkt. Hij wilde een nieuwe speeltjes kopen. Hij zag een prachtige bal. ""Ooh, ik wil die bal!"" zei Benny. Hij kocht de bal voor een appel.

Toen Benny thuiskwam, gooide hij de bal naar Max. Max pakte de bal met zijn tanden. ""Wauw, wat een prachtige bal!"" zei Max.

Max gooide de bal terug naar Benny. Benny pakte de bal met zijn poot. ""Ik hou van bal gooien!"" zei Benny.

Benny en Max speelden met de bal. Ze lachten en joegen door het bos. Ze hadden zo veel plezier.

Na een tijdje waren Benny en Max moe. Ze gingen naar huis. Benny sliep met de bal naast zich. Hij was gelukkig."
meta-llama/llama-3.1-8b-instruct,"
Je bent een verteller van een kort verhaal (rond de 200 woorden).
Gebruik alleen hele simpele woorden die een 3-jarig kind kan begrijpen.
Geef het verhaal geen titel of introductie.
",Vertel een verhaal.,"Er woonden twee vrienden, een hond en een kat. Ze waren erg dikke vrienden. De hond heette Max en de kat heette Whiskers.

Max en Whiskers gingen altijd samen spelletjes doen. Ze speelden verstoppertje in het park en ze renden naar buiten wanneer het regende.

Een dag kwam er een grote storm. De wind was erg sterk en het regende heel hard. Max en Whiskers waren bang.

Zij gingen naar de schuur om te schuilen. Daar was het droog en warm. Ze zaten samen op de grond en zij vonden het fijn om bij elkaar te zijn.

Toen de storm voorbij was, kwam de zon weer uit. Max en Whiskers gingen naar buiten om te spelen. Zij waren blij dat de storm voorbij was en dat ze samen konden spelen."
meta-llama/llama-3.1-8b-instruct,"
Je bent een verteller van een kort verhaal (rond de 200 woorden).
Gebruik alleen hele simpele woorden die een 3-jarig kind kan begrijpen.
Geef het verhaal geen titel of introductie.
",Vertel een verhaal.,"Er was één keer een kleine vogel. Hij had een witte kop en een blauwe vleugel. Hij woonde in een klein bos.

Een dag ging de vogel op avontuur. Hij vloog over het water en zag een boot. De boot was rood en had een groot roer.

De vogel vroeg aan de boot: ""Kan ik met je mee varen?"" De boot zei: ""Ja, kom maar op!""

De vogel vloog op de boot en kreeg een klein huisje. De boot bracht hem naar een prachtige eiland. Er waren bloemen van alle kleuren.

De vogel was heel gelukkig. Hij vloog over de bloemen en zong een liedje. De boot zei: ""Je bent de gelukkigste vogel op aarde!""

De vogel bedankte de boot en vloog terug naar zijn bos. Hij vertelde zijn vrienden over zijn avontuur. Ze waren allemaal boos omdat ze niet met de boot gingen varen."
meta-llama/llama-3.1-8b-instruct,"
Je bent een verteller van een kort verhaal (rond de 200 woorden).
Gebruik alleen hele simpele woorden die een 3-jarig kind kan begrijpen.
Geef het verhaal geen titel of introductie.
",Vertel een verhaal.,"Er woonde een lieve hond genaamd Max. Max had een vriendje genaamd een jonge jongen. De jongen heette Jip. Jip ging altijd naar buiten met Max.

Een dag ging Jip naar buiten met Max. Ze liepen door het park. Daar zagen ze een meisje dat in de modder zat. Het meisje huilde heel erg. Max ging naar het meisje en begon te wassen met zijn tong. Het meisje stopte met huilen en lachte.

Jip en het meisje speelden samen met Max. Ze aten appel en dronken water. Toen ging Jip en het meisje naar huis. Max ging met hen mee. 

Jip gaf Max een knuffel en zei dank je wel Max. Max bleef bij het meisje en Jip en lag naast hen op de bank. Ze gingen allemaal slapen. En Max sliep heel tevreden want hij had een mooie dag gehad."
meta-llama/llama-3.1-8b-instruct,"
Je bent een verteller van een kort verhaal (rond de 200 woorden).
Gebruik alleen hele simpele woorden die een 3-jarig kind kan begrijpen.
Geef het verhaal geen titel of introductie.
",Vertel een verhaal.,"Er was eens een klein konijntje. Het konijntje heette Timmy. Timmy had een grote tuin. In de tuin stonden veel bloemen. De bloemen waren geel, rood en blauw.

Timmy vond de bloemen leuk. Hij ging elke dag in de tuin spelen. Hij liep over de groene grasvelden. Hij sprong over stenen heuveltjes.

Een dag kwam een regenwolk. De regenwolk was groen en donkergrijs. De wolken gingen tegen de zon in. De zon was warm en zweette.

Timmy ging naar binnen. Hij ging op zijn favoriete stoel zitten. Hij keek uit het raam. Hij zag de regen vallen.

De regen maakte de tuin nat. De bloemen werden mooi nat. De bladeren van de boom gingen heen en weer.

Na een tijdje ging de zon weer uitkomen. Timmy ging naar buiten. Hij ging in de tuin spelen. Hij sprong in de plas. Hij riep ""Woo!"""
meta-llama/llama-3.1-8b-instruct,"
Je bent een verteller van een kort verhaal (rond de 200 woorden).
Gebruik alleen hele simpele woorden die een 3-jarig kind kan begrijpen.
Geef het verhaal geen titel of introductie.
",Vertel een verhaal.,"Een klein duifje zat op een boom. Het duifje had een dikke, rode snavel. Het duifje vloog door de lucht en zong een mooi liedje.

Een klein vogeltje hoorde het liedje. Het vogeltje vroeg: ""Wie zingt zo mooi?""

Het duifje zei: ""Ik zing! Ik ben een mooi duifje.""

Het vogeltje vroeg: ""Kun je me leren om zo mooi te zingen?""

Het duifje zei: ""Ja, natuurlijk! Ik leer je graag.""

Het duifje en het vogeltje vlogen samen door de lucht en zongen allebei een mooi liedje. De andere vogeltjes hoorden het en begonnen ook te zingen.

Voor lang niet zo lang waren alle vogeltjes samen aan het zingen. Het duifje en het vogeltje waren vriendjes geworden en zongen samen. Ze hadden een mooi feestje gehad."
meta-llama/llama-3.1-8b-instruct,"
Je bent een verteller van een kort verhaal (rond de 200 woorden).
Gebruik alleen hele simpele woorden die een 3-jarig kind kan begrijpen.
Geef het verhaal geen titel of introductie.
",Vertel een verhaal.,"Een klein konijntje liep in de tuin. Het was zonnig buiten en er waren bloemen. Het konijntje vond een mooie roos. Het rook aan de roos.

""Ik hou van rozen!"" zei het konijntje. ""Ik wil nog een roos!""

Het konijntje liep naar een andere roos. Maar deze roos was te groot voor het konijntje. Het konijntje kon er niet bij.

Eigenlijk wilde het konijntje een appel. Het konijntje hoorde een appel en liep ernaartoe. Daar vond het konijntje een appelboom.

Het konijntje klom in de boom. Het vond een appel. Het konijntje at de appel.

""O, dit is lekker!"" zei het konijntje. ""Ik hou van appels!"""
meta-llama/llama-3.1-8b-instruct,"
Je bent een verteller van een kort verhaal (rond de 200 woorden).
Gebruik alleen hele simpele woorden die een 3-jarig kind kan begrijpen.
Geef het verhaal geen titel of introductie.
",Vertel een verhaal.,"Er was een kleine beer. Hij heette Bert. Bert was erg graag op avontuur. Hij liep door het bos. Hij kwam een rivier tegen. Hij moest over de rivier.

Bert zocht een boot. Hij vond een boot met een vriendelijke vis. De vis zei: ""Hallo Bert! Wil je met me mee over de rivier?""

Bert zei: ""Ja, want ik wil zo snel mogelijk aan de andere kant zijn!""

De vis zei: ""Dan ga ik eerst!"" De vis zwom over de rivier. Bert ging in de boot. De vis duwde de boot vooruit.

De boot ging snel over de rivier. Bert voelde zich gelukkig. Hij zag veel vogels en blauwe wolken.

Na een tijdje waren ze aan de andere kant. De vis zei: ""Hallo, we zijn er!"" Bert zei: ""Dank je wel! Je bent een goede vriend!""

De vis glimlachte. Bert en de vis gingen op een feestje. Ze aten veel lekkere hapjes. Bert was heel gelukkig. Hij had een mooi avontuur gehad."
meta-llama/llama-3.1-8b-instruct,"
Je bent een verteller van een kort verhaal (rond de 200 woorden).
Gebruik alleen hele simpele woorden die een 3-jarig kind kan begrijpen.
Geef het verhaal geen titel of introductie.
",Vertel een verhaal.,"Op een zonnige dag speelde een meisje met een hond in het park. Ze heette Luna en de hond heette Max. Max was een grote blonde hond met een vrolijke snuit. Luna gooide een bal naar Max en hij rende ernaartoe.

De bal vloog door de lucht en kwam in een rivier terecht. Luna en Max keken elkaar aan en wisten wat ze moesten doen. Luna pakte een stok en Max sprong in het water.

Samen probeerden ze de bal te halen. Max zoemde door het water en Luna hielp hem met de stok. Na een tijdje ging de bal naar boven komen.

Luna pakte de bal uit het water en Max kwam met zijn kop boven de grond. Ze waren zo blij! Luna streelde Max over zijn kop en ze gingen weer spelen. Ze hadden een leuke dag in het park."
meta-llama/llama-3.1-8b-instruct,"
Je bent een verteller van een kort verhaal (rond de 200 woorden).
Gebruik alleen hele simpele woorden die een 3-jarig kind kan begrijpen.
Geef het verhaal geen titel of introductie.
",Vertel een verhaal.,"Er was eens een klein konijn. Hij woonde in een donkere grot. De grot was klein en koud. Het konijn had geen warme kist om in te slapen. Hij had geen warme lichtjes om in het donker te kijken.

De volgende dag ging het konijn op zoek naar een warme plek. Hij liep door de grot en vond een klein vuurtje. Er stond een oude vogel bij. Ze sprak tegen elkaar.

""Geef me vuur en ik geef je een warme kist,"" zei de vogel.

""Ik wil een warme kist,"" zei het konijn.

De vogel gaf het konijn een warme kist. Het konijn was heel blij. Hij ging in zijn nieuwe kist slapen. De oude vogel bleef bij het vuur zitten.

Het konijn was heel dankbaar. Hij gaf de vogel een klein broodje. De vogel was blij en eet het broodje op. Nu waren beiden heel blij."
meta-llama/llama-3.1-8b-instruct,"
Je bent een verteller van een kort verhaal (rond de 200 woorden).
Gebruik alleen hele simpele woorden die een 3-jarig kind kan begrijpen.
Geef het verhaal geen titel of introductie.
",Vertel een verhaal.,"Een klein hondje had een warme huisdasje. Hij woonde bij zijn beste vriend, een meisje genaamd Lieve. Lieve gaf hem kauwgom om te kauwen. Maar op een dag versloeg het hondje alle kauwgom. Lieve was boos. Ze dacht: ""Wat doe ik nu?""

Lieve nam haar kleine broertje mee naar buiten. Ze vonden een schattig vosje. Het vosje had een rode vacht en groene ogen. Lieve en haar broer namen het vosje mee naar hun huis. Ze gaven het vosje een bakje met voer. Het vosje at alles snel op.

Lieve en haar broer slaapden in. Maar het vosje was nog wakker. Het ging naar de kast en pakte alle lekkere dingen. Maar toen hoorde het hondje hem. Het hondje ging naar de kast en beet het vosje in zijn staart. Het vosje vloog weg en ging nooit meer terug. Lieve was gelukkig en gaf het hondje nog een nieuwe dasje."
meta-llama/llama-3.1-8b-instruct,"
Je bent een verteller van een kort verhaal (rond de 200 woorden).
Gebruik alleen hele simpele woorden die een 3-jarig kind kan begrijpen.
Geef het verhaal geen titel of introductie.
",Vertel een verhaal.,"Er woonde een kleine hond genaamd Max. Max was een lieve hond met een rood vacht. Hij had een lange staart en een snuitje dat naar beneden ging.

Max woonde bij een meisje genaamd Sophie. Sophie had een rode jas en een witte mond. Ze hield veel van Max.

Een dag was het zonnig en Sophie zei: ""Max, ga spelen!"" Max sprong uit het huis en rende naar het park. Hij speelde met de vogels en de honden.

Toen het avond werd, ging Sophie en Max terug naar huis. Sophie gaf Max een koekje en zei: ""Goed werk, Max!"" Max kuste Sophie's hand en ging slapen.

De volgende dag deed Sophie weer ""ga spelen!"" en Max rende naar het park. Hij speelde met zijn vrienden en was heel vrolijk.

Sophie en Max waren beste vrienden. Max hield van spelen en Sophie hield van Max."
meta-llama/llama-3.1-8b-instruct,"
Je bent een verteller van een kort verhaal (rond de 200 woorden).
Gebruik alleen hele simpele woorden die een 3-jarig kind kan begrijpen.
Geef het verhaal geen titel of introductie.
",Vertel een verhaal.,"Er was een jonge berenkuiken. Hij heette Bert. Bert woonde in een bos. Het bos was mooi, vol met bomen en bloemen.

Bert wilde graag leren zwemmen. Zijn moeder zei: ""Bert, ga naar de rivier. Vraag de vogels, of ze je willen leren zwemmen.""

Bert liep naar de rivier. Hij zag een groep vogels. Ze waren heel moedig en vlogen snel. Bert vroeg: ""Kunt u mij leren zwemmen?""

Een vogel zei: ""Ja, natuurlijk. We zullen je leren zwemmen."" En zo leerde Bert zwemmen van de vogels. Hij was heel blij.

Bert werd een goede zwemmer. Hij kon heel snel in het water springen. Zijn moeder was trots op hem. Bert was blij dat hij zijn moeder kon laten zien dat hij kon zwemmen.

Jonge berenkuiken, zoals Bert, kunnen heel snel leren als ze willen. Bert leerde heel snel en werd een goede zwemmer."
meta-llama/llama-3.1-8b-instruct,"
Je bent een verteller van een kort verhaal (rond de 200 woorden).
Gebruik alleen hele simpele woorden die een 3-jarig kind kan begrijpen.
Geef het verhaal geen titel of introductie.
",Vertel een verhaal.,"Er woonde een kleine hond. Hij was wit en rood. Hij heette Rufus. Rufus was heel lief. Hij had een klein reismandje.

Een dag ging Rufus met zijn vriend, een meisje. Ze ging op stap. Rufus kwam met zijn mandje. In het mandje zat een mooie ballon.

Toen ze uitliep, zagen ze een grote rivier. Ze moesten er overheen. Maar de boot ging te langzaam. Dan sprong Rufus in het water. Hij zwom naar de andere kant.

Rufus was heel sterk. Hij zwom naar de boot. Hij klom weer aan boord. De boot ging nu sneller. Ze kwamen aan de overkant.

Rufus was heel trots. Hij had geholpen. Het meisje was blij. Ze gaf Rufus een knuffel. Ze liepen verder. Rufus snelde vooraan. Hij was een echte hulp."
meta-llama/llama-3.1-8b-instruct,"
Je bent een verteller van een kort verhaal (rond de 200 woorden).
Gebruik alleen hele simpele woorden die een 3-jarig kind kan begrijpen.
Geef het verhaal geen titel of introductie.
",Vertel een verhaal.,"Er woonde een klein meisje genaamd Sophie. Ze had een hondje genaamd Max. Max was een leuke hond. Hij was bruin en had een lange staart.

Sophie en Max gingen naar de speeltuin. Ze zagen veel spelletjes. Er waren klimrekken, zitbankjes en een trampoline.

Sophie sprong op de trampoline. Max sprong ook. Hij sprong bovenop Sophie. Sophie lachte en zei: ""Max, je bent zo leuk!""

Toen kwam een koe bij de speeltuin. De koe was groot en had een lange hals. Sophie en Max waren bang. Ze liepen snel weg.

Maar de koe was vriendelijk. Ze zei: ""Hallo, ik wil jullie geen kwaad doen."" Sophie en Max liepen terug. Ze speelden met de koe. Ze gaven haar appelblokjes.

Sophie en Max gingen naar huis. Ze waren blij. Ze hadden een leuke dag gehad. Max sliep snel in zijn bed. Sophie lachte en zei: ""Ik hou van Max."""
meta-llama/llama-3.1-8b-instruct,"
Je bent een verteller van een kort verhaal (rond de 200 woorden).
Gebruik alleen hele simpele woorden die een 3-jarig kind kan begrijpen.
Geef het verhaal geen titel of introductie.
",Vertel een verhaal.,"Een kleine hond had een vriend genaamd een kat. Ze bleven samen spelen in de tuin. De hond heette Max en de kat heette Whiskers.

Max en Whiskers speelden met een bal. Max rende naar de bal en Whiskers joeg hem achterna. De bal ging over de grond en de hond en de kat renden ernaartoe.

Toen ze bij de bal waren, ging Whiskers liggen en speelde met zijn staart. Max vond het leuk en ging liggen ook. Ze speelden samen en lachten.

Een vriend van de kat kwam langs. Hij heette Mittens. Hij was ook een kat. Mittens keek naar Max en Whiskers en lachte.

Mittens ging liggen met Max en Whiskers. Ze speelden alle drie samen. De hond en de katten speelden tot de zon onderging.

Toen ging Max en Whiskers naar binnen en sliepen. Ze waren moe van het spelen. Ze sliepen samen en droomden van de bal en het spel."
meta-llama/llama-3.1-8b-instruct,"
Je bent een verteller van een kort verhaal (rond de 200 woorden).
Gebruik alleen hele simpele woorden die een 3-jarig kind kan begrijpen.
Geef het verhaal geen titel of introductie.
",Vertel een verhaal.,"Een klein konijnje had een mooie groene tuin. Er groeiden prachtige bloemen en glimmende groene bladeren. Het konijnje woonde in een klein hokje.

Een dag kwam een harde regen. De regen viel hard neer op de tuin. De konijnje vroeg zich af: ""Wat doe ik nu?""

Het konijnje keek om zich heen. Hij zag een klein schuurtje. Hij ging naar binnen. Het schuurtje was droog.

Het konijnje was heel blij. Hij sliep een tijdje. Toen was de regen weg. De zon scheen door de regenwolken.

Het konijnje kwam uit het schuurtje. Hij keek om zich heen. De tuin was droog en schoon. Het konijnje was heel blij. Hij ging spelen in de tuin.

Nu is het konijnje happy. Hij speelt elke dag in de mooie tuin."
meta-llama/llama-3.1-8b-instruct,"
Je bent een verteller van een kort verhaal (rond de 200 woorden).
Gebruik alleen hele simpele woorden die een 3-jarig kind kan begrijpen.
Geef het verhaal geen titel of introductie.
",Vertel een verhaal.,"Er was eens een kleintje. Het kleintje had een hondje. Het hondje was wit. Het kleintje en het hondje gingen naar het park. Ze liepen over het zand. Het hondje rende rond. Het kleintje lachte.

Toen zag het kleintje een bloem. De bloem was rood. Het kleintje pakte de bloem. Het hondje kwam naar het kleintje toe. Het kleintje gaf het hondje de bloem. Het hondje likte de bloem.

Het kleintje en het hondje gingen naar huis. Ze liepen over de stoep. Het kleintje liep hand in hand met de volwassene. Het hondje liep naast hen.

Toen ze thuis waren, gaf de volwassene het kleintje een knuffel. Het kleintje hield van de knuffel. Het hondje lag te slapen op de bank. Het kleintje lachte weer."
meta-llama/llama-3.1-8b-instruct,"
Je bent een verteller van een kort verhaal (rond de 200 woorden).
Gebruik alleen hele simpele woorden die een 3-jarig kind kan begrijpen.
Geef het verhaal geen titel of introductie.
",Vertel een verhaal.,"Er was een klein hondje. Het heette Max. Max was een witte hond met een rood staartje. Hij was erg lief.

Max had een beste vriend. Hij heette Ben. Ben was een klein jongetje. Hij had een blauwe fiets.

Een dag ging Ben op zijn fiets. Max wilde ook mee. Ben zei: ""Kom, Max!"". Max sprintte achter Ben aan.

Ben ging naar de park. Hij stopte bij een grote boom. Max rende naar de boom. Ben zette zijn fiets neer. Hij noemde Max. Max kwam naar Ben toe en sprong op zijn rug.

Ben en Max speelden samen in het park. Ze renden en lachten. Ze waren erg gelukkig. Toen ging Ben weer naar huis. Max ging mee.

Toen ze thuiskwamen, gaf Ben Max een knuffel. Max blafte van blijdschap. Ben lachte en zei: ""Ik hou van je, Max"". Max blafte weer en sloot zijn ogen. Hij was heel gelukkig."
meta-llama/llama-3.1-8b-instruct,"
Je bent een verteller van een kort verhaal (rond de 200 woorden).
Gebruik alleen hele simpele woorden die een 3-jarig kind kan begrijpen.
Geef het verhaal geen titel of introductie.
",Vertel een verhaal.,"Er was een klein hondje. Hij heette Max. Max was heel lief, maar hij was ook heel nieuwsgierig. Hij wilde altijd alles ontdekken.

Een dag ging Max naar de speeltuin. Hij zag een grote wagen met rode wielen. Max wilde erin zitten. Hij klom erin en ging zitten.

Toen hoorde hij een kind zeggen: ""Kijk, een hondje rijdt een auto!"" De kinderen lachten en gaven Max een kusje op zijn snuit.

De kinderen wilden ook in de auto rijden. Max ging achterin zitten en de kinderen reden met hem mee. Ze reden over het speelhoofd en de kinderen lachten zo hard dat ze moesten huilen.

Na een poosje stopten de kinderen en zeuilden ze uit. Max was moe maar hij was ook blij. Hij had een leuke dag gehad en hij had nieuwe vrienden gemaakt."
meta-llama/llama-3.1-8b-instruct,"
Je bent een verteller van een kort verhaal (rond de 200 woorden).
Gebruik alleen hele simpele woorden die een 3-jarig kind kan begrijpen.
Geef het verhaal geen titel of introductie.
",Vertel een verhaal.,"Er was eens een klein konijn. Het konijn had een mooi groen bos. In het bos was een prachtige rivier. Op de rivier zwommen mooie vissen.

Het konijn hield van zwemmen. Het zwom vaak naar de vissen. De vissen waren vriendelijk. Ze lieten het konijn met ze spelen.

Een dag kwam er een sterk wind. De rivier ging over de oever. Het konijn werd erg bang. Het dacht: ""Wat doet de rivier?""

Toen het water ging zakken, zag het konijn een klein jongetje. Het jongetje zwom naar het konijn. Zijn ouders hadden hem laten vallen bij de rivier.

Het konijn hielp het jongetje. Samen zwommen ze naar de kant. Ze waren blij dat ze veilig waren.

Nu is het konijn en het jongetje goede vrienden. Ze spelen samen in het bos. Ze hebben veel leuke avonturen."
meta-llama/llama-3.1-8b-instruct,"
Je bent een verteller van een kort verhaal (rond de 200 woorden).
Gebruik alleen hele simpele woorden die een 3-jarig kind kan begrijpen.
Geef het verhaal geen titel of introductie.
",Vertel een verhaal.,"Er was eens een klein vogeltje. Het vogeltje heette Piet. Piet woonde in een klein bos. Het bos was mooi en groen.

Een dag ging Piet op avontuur. Piet vloog boven het bos. Piet zag een mooie bloem. De bloem was rood en geel. Piet vond de bloem heel mooi.

Piet wilde graag de bloem zien. Piet vloog dichterbij. Piet zag dat de bloem vol met honing zat. Piet hield van honing.

Piet at van de honing. Piet vond de honing heel lekker. Piet vloog terug naar zijn bos. Piet vertelde zijn vrienden over de mooie bloem en de lekkere honing.

De vrienden van Piet wilden ook de bloem zien. Piet vloog terug naar de bloem. Piet en zijn vrienden aten van de honing. Ze vonden de honing heel lekker.

Piet en zijn vrienden waren blij. Ze hadden een mooi avontuur gehad. Piet vloog terug naar zijn bos. Piet sliep met een glimlach op zijn gezicht."
meta-llama/llama-3.1-8b-instruct,"
Je bent een verteller van een kort verhaal (rond de 200 woorden).
Gebruik alleen hele simpele woorden die een 3-jarig kind kan begrijpen.
Geef het verhaal geen titel of introductie.
",Vertel een verhaal.,"Een klein konijntje had een mooie tuin. Hij woonde in een klein hokje.
Hij liep over de grond en zag een mooie bloem. Het konijntje wilde de bloem zien.
Hij liep erheen en rook aan de bloem. De bloem rook heerlijk.
Net toen het konijntje aan de bloem rook, kwam er een groot vogeltje. Het vogeltje zei: ""Hallo, konijntje!""
Het konijntje zei: ""Hallo, vogeltje! Wat kom je doen?""
Het vogeltje zei: ""Ik kom je naar een mooie plek brengen. Weet je wat dat is?""
Het konijntje schudde zijn kop. ""Nee, wat is dat?""
Het vogeltje zei: ""Dat is een plek met allemaal lekkere groenten. Wil je daarheen gaan?""
Het konijntje zei: ""Ja, ik wil daarheen gaan!""
Het vogeltje zei: ""Kom dan maar met me mee!""
En samen liepen het konijntje en het vogeltje naar de plek met lekkere groenten."
meta-llama/llama-3.1-8b-instruct,"
Je bent een verteller van een kort verhaal (rond de 200 woorden).
Gebruik alleen hele simpele woorden die een 3-jarig kind kan begrijpen.
Geef het verhaal geen titel of introductie.
",Vertel een verhaal.,"Er was eens een kleine beer. Hij was graag in de zon. De kleine beer ging naar het park. Daar speelde hij met zijn vrienden. Ze speelden met zand, water en ballen.

Terwijl hij speelde, zag de kleine beer een grote berg met lekkere, zwetende ijsjes. Hij liep snel naar de berg. Hij kocht een ijsje met een lekkere smaak.

De kleine beer ging zitten op een bank en at zijn ijsje. Hij vond het smaakje superlekker! Hij at zijn ijsje snel op en dan liep hij terug naar zijn vrienden.

Zijn vrienden waren blij dat hij terug was. Ze gingen weer spelen. Samen speelden ze en lachten ze. De kleine beer was heel blij met zijn vrienden en de lekkere ijsjes."
meta-llama/llama-3.1-8b-instruct,"
Je bent een verteller van een kort verhaal (rond de 200 woorden).
Gebruik alleen hele simpele woorden die een 3-jarig kind kan begrijpen.
Geef het verhaal geen titel of introductie.
",Vertel een verhaal.,"Er was een klein konijn. Hij had witte oren en een lange staart. Hij hield van appelbloemen.

Een dag kwam een zware regen. Het water stroomde door de straat. Het konijn was bang.

Hij zocht een droge plek. Hij vond een houten schuur. Hij ging er binnen.

In de schuur was het warm en droog. Het konijn voelde zich veilig. Hij at een appelbloem.

Opeens hoorde hij een klein zoemgeluid. Hij keek omhoog en zag een klein vliegje. Het vliegje vroeg: ""Kun je me helpen?""

Het konijn zei: ""Ja, natuurlijk!"" Het vliegje was verloren gegaan. Het konijn hielp het vliegje terug naar zijn vrienden.

Toen de zon weer scheen, ging het konijn buiten spelen. Hij was blij dat hij het vliegje had geholpen."
meta-llama/llama-3.1-8b-instruct,"
Je bent een verteller van een kort verhaal (rond de 200 woorden).
Gebruik alleen hele simpele woorden die een 3-jarig kind kan begrijpen.
Geef het verhaal geen titel of introductie.
",Vertel een verhaal.,"Er was eens een kleine konijn. Hij heette Koen. Koen was heel snel. Hij kon heel ver rennen.

Koen woonde in een grote bos. Het bos was vol met mooie bloemen en lekker fruit.

Een dag ging Koen op avontuur. Hij rende door het bos totdat hij een grote rivier zag. Hij had nooit eerder een rivier gezien.

Koen was bang. Hij wist niet hoe hij over de rivier kon komen. Maar hij was ook nieuwsgierig. Hij wilde weten wat er aan de andere kant van de rivier was.

Toen zag hij een boot. De boot was leeg. Koen dacht: ""Ik kan in de boot zitten en over de rivier varen!""

Koen stapte in de boot en begon te varen. Hij voelde de zon op zijn rug en de wind in zijn oren.

Als hij aan de andere kant van de rivier aankwam, zag hij een prachtige groene meertje. Hij was heel blij dat hij de rivier was overgestoken. Koen was een echte avonturier!"
meta-llama/llama-3.1-8b-instruct,"
Je bent een verteller van een kort verhaal (rond de 200 woorden).
Gebruik alleen hele simpele woorden die een 3-jarig kind kan begrijpen.
Geef het verhaal geen titel of introductie.
",Vertel een verhaal.,"Er woonde een klein konijn. Hij was heel snel. Hij rende door het bos. Hij zocht naar appels.

Hij kwam bij een grote boom. Daar zaten veel appels. Het konijn pakte een appel en at hem op. Hij was zo lekker!

Toen zag hij een vriend. Het was een vogel. De vogel zei: ""Hallo, konijn! Waar ben je mee bezig?""

Het konijn zei: ""Ik zocht naar appels. En ik vond er een!""

De vogel zei: ""Ik wist niet dat er appels op deze boom zaten. Kun je me er een geven?""

Het konijn zei: ""Ja, natuurlijk!"" En hij gaf de vogel een appel.

Nu zijn ze vrienden en eten samen appels. Ze hebben veel lol in het bos."
meta-llama/llama-3.1-8b-instruct,"
Je bent een verteller van een kort verhaal (rond de 200 woorden).
Gebruik alleen hele simpele woorden die een 3-jarig kind kan begrijpen.
Geef het verhaal geen titel of introductie.
",Vertel een verhaal.,"Een kleine beer liep door het bos. Hij was honger. Hij zocht naar iets om te eten. De kleine beer vond een beekje. Hij ging knielen om water te drinken.

Toen zag hij een stroom visjes. De kleine beer was blij. Hij wilde vis eten. Hij wachtte tot de visjes dichtbij kwamen. Toen gooide hij een steen in het water.

De visjes gingen opzij. De kleine beer kon de grote vis pakken. Hij was heel blij. Hij at de vis op. Hij voelde zich vol en tevreden.

De kleine beer ging liggen slapen. Hij droomde van vis. De volgende dag ging hij opnieuw op avontuur. Hij ging verder in het bos. Hij vond een boom met appels. Hij at met volle teugen. Hij was blij en gelukkig."
meta-llama/llama-3.1-8b-instruct,"
Je bent een verteller van een kort verhaal (rond de 200 woorden).
Gebruik alleen hele simpele woorden die een 3-jarig kind kan begrijpen.
Geef het verhaal geen titel of introductie.
",Vertel een verhaal.,"Er was eens een kleine maan. De maan was heel gelukkig en hij woonde bij de zon. De zon was zijn beste vriend.

De maan ging elke nacht de hemel in en hij keek naar de aarde. Hij zag mensen slapen en hij voelde zich blij.

Maar dan kwam er een dag dat de maan verdwaalde. Hij ging naar de verkeerde kant van de hemel en hij kon niet meer naar de zon terugkomen.

De zon was erg bang voor de maan en hij zei: ""Als je niet terugkomt, dan zal ik nooit meer schijnen!""

De maan was heel verdwaald en hij vond niet de weg terug naar de zon. Hij ging naar een ster en hij vroeg haar om hulp.

De ster zei: ""Ik weet waar de zon woont. Ik zal je naar hem brengen!""

De maan was heel dankbaar voor de ster en hij ging met haar mee. Ze liepen door de hemel totdat ze bij de zon kwamen.

De zon was heel tevreden met de maan en hij zei: ""Ik ben blij dat je terug bent! Vanaf nu zullen we altijd bij elkaar blijven!""

En zo bleef de maan bij de zon en kregen ze samen een prachtige hemel."
meta-llama/llama-3.1-8b-instruct,"
Je bent een verteller van een kort verhaal (rond de 200 woorden).
Gebruik alleen hele simpele woorden die een 3-jarig kind kan begrijpen.
Geef het verhaal geen titel of introductie.
",Vertel een verhaal.,"Er was eens een klein konijntje. Het konijntje heette Koen. Koen woonde in een grote tuin vol bloemen en groen gras.

Koen hield van rennen en spelen. Hij rende door de tuin en sprong over rozenstruiken. Hij vond het leuk om te zien hoe de bloemen hun geur verspreidden.

Een dag kwam er een grote regenbui. De regen deed de tuin vochtig en groen. Koen ging naar binnen en vond een klein kikkerbroertje. Het kikkerbroertje heette Kees.

Koen en Kees werden vrienden. Ze speelden samen in de regen en vonden het leuk om door het water te rennen. Toen de regen ophield, gingen ze in de zon liggen en werden ze warm.

Koen en Kees waren gelukkig. Ze hadden veel plezier in de tuin. En ze bleven vrienden totdat de zon onderging. Toen gingen ze naar bed en sliepen ze rustig."
meta-llama/llama-3.1-8b-instruct,"
Je bent een verteller van een kort verhaal (rond de 200 woorden).
Gebruik alleen hele simpele woorden die een 3-jarig kind kan begrijpen.
Geef het verhaal geen titel of introductie.
",Vertel een verhaal.,"Een kleine beer zat in de sneeuw. Hij was koud en had honger. Hij keek om zich heen. Hij zag een hutje in de buurt. Hij liep naar het hutje.

Bij het hutje stond een vriendelijke vrouw. ""Hallo kleine beer,"" zei ze. ""Wat doe je hier?""

""Ik ben koud en heb honger,"" zei de kleine beer.

""Kom binnen,"" zei de vrouw. ""Ik heb eten en een warme plek voor je.""

De kleine beer ging naar binnen. De vrouw gaf hem eten en een warme deken. ""Dank je wel,"" zei de kleine beer.

De vrouw glimlachte. ""Graag gedaan. Je moet nu slapen. Morgen ga je weer naar buiten.""

De kleine beer sliep en 's morgens ging hij weer naar buiten. Hij was warm en vol. Hij liep naar huis. Hij was blij dat hij de vriendelijke vrouw had ontmoet."
meta-llama/llama-3.1-8b-instruct,"
Je bent een verteller van een kort verhaal (rond de 200 woorden).
Gebruik alleen hele simpele woorden die een 3-jarig kind kan begrijpen.
Geef het verhaal geen titel of introductie.
",Vertel een verhaal.,"Er was eens een kleine vogeltje. Het vogeltje heette Piet. Piet woonde in een klein bos. Hij had een mooi groen vleugeltje en een rood kopje.

Piet hield van vliegen. Elke dag vloog hij rond in het bos. Hij vond allerlei lekkere voedsel. Appels, peren en noten vond hij bijna overal.

Eén dag ontdekte Piet een klein beertje. Het beertje was verdwaald. Piet zei: ""Hé, ben jij verdwaald?"" Het beertje antwoordde: ""Ja, ik weet niet hoe ik naar huis kom.""

Piet zei: ""Maak je geen zorgen, ik zal je helpen."" Piet vloog voor het beertje uit. Hij vond een pad naar het beertje's huis. Toen ze aankwamen, zei het beertje: ""Dank je wel, Piet. Ik vind je een goede vriend.""

Piet lachte en zei: ""Graag gedaan, beertje. Kom altijd bij me voor hulp als je nodig bent."""
meta-llama/llama-3.1-8b-instruct,"
Je bent een verteller van een kort verhaal (rond de 200 woorden).
Gebruik alleen hele simpele woorden die een 3-jarig kind kan begrijpen.
Geef het verhaal geen titel of introductie.
",Vertel een verhaal.,"Er was eens een kleine meid. Ze heette Lily. Ze woonde in een klein huis bij het water. Lily had een hondje genaamd Max. Max was trouw en lief.

Een dag ging Lily naar het water. Ze wilde zwemmen. Max ging met haar mee. Hij liep naast het water. Lily sprong in het water. Max sprong ook in het water. Lily lachte hard. Max blafte gelukkig.

Toen ging Lily uit het water. Ze droogde zich af. Max droogde zich ook af. Ze gingen terug naar huis. Lily's moeder had lunch klaar. Lily en Max gingen eten.

Lily's moeder gaf Lily een koekje. Lily gaf Max een koekje ook. Max kreeg een grote hap. Hij at alles op. Lily lachte hard. Max was zo leuk. Lily was blij met Max. Ze waren echte vrienden."
meta-llama/llama-3.1-8b-instruct,"
Je bent een verteller van een kort verhaal (rond de 200 woorden).
Gebruik alleen hele simpele woorden die een 3-jarig kind kan begrijpen.
Geef het verhaal geen titel of introductie.
",Vertel een verhaal.,"Er was eens een klein konijntje. Het konijntje heette Benny. Benny woonde in een leuk huisje bij een vrolijke rivier. Hij had een beste vriend, een vogel. De vogel heette Pip.

Benny en Pip gingen elke dag samen op avontuur. Ze renden over het groene gras en ze vlogen over de rivier. Ze zochten naar eitjes en ze aten fruit.

Een keer vonden Benny en Pip een prachtig appelboom. De appels waren zo groot als hun hoofd. Benny en Pip aten een appel en dan liepen ze weer verder.

Dan kwam een grote regenbui. Benny en Pip renden snel naar hun huisje. Ze gingen snellend naar binnen en ze droegen zich uit. Toen ze droog waren, lachte Benny en zei: ""Dat was een leuke dag, Pip!"" Pip kwakte blij en zei: ""Ja, dat was het zeker, Benny!"""
meta-llama/llama-3.1-8b-instruct,"
Je bent een verteller van een kort verhaal (rond de 200 woorden).
Gebruik alleen hele simpele woorden die een 3-jarig kind kan begrijpen.
Geef het verhaal geen titel of introductie.
",Vertel een verhaal.,"Er was eens een kleine engel. Hij heette Max. Max was blij en zonnig. Hij had rood haar en blauwe ogen.

Max woonde in een lief kommetje. Het was vol mooie bloemen. Max hield van bloemen.

Een dag ging Max naar de bos. Hij ging eromheen en keek naar de boom. De boom was zo hoog dat hij de wolken raakte.

Max zei: ""Hallo boom!"" De boom antwoordde: ""Hallo Max!""

Max was blij. Hij zei: ""Ik houd van je boom!""

De boom zei: ""Ik houd van jou, Max!""

Max ging terug naar zijn kommetje. Hij was blij en zonnig. Hij ging slapen met een glimlach op zijn gezicht.

De volgende dag ging Max weer naar de bos. Hij zei: ""Hallo boom!"" De boom antwoordde: ""Hallo Max!""

Max en de boom werden goede vrienden. Max hield van de boom en de boom hield van Max."
meta-llama/llama-3.1-8b-instruct,"
Je bent een verteller van een kort verhaal (rond de 200 woorden).
Gebruik alleen hele simpele woorden die een 3-jarig kind kan begrijpen.
Geef het verhaal geen titel of introductie.
",Vertel een verhaal.,"Er was eens een klein konijntje. Het konijntje woonde in een prachtig groen veld. Het veld was vol met bloemen en gras.

Het konijntje hield van rennen en spelen. Het konijntje was heel snel en kon heel ver rennen. Hij kon over het gras springen en tussen de bloemen door rennen.

Eenmaal was het konijntje op een plek gekomen waar een stroompje water stroomde. Het konijntje was heel moe en wilde uit drinken. Het konijntje ging naar het water en dronk een slok.

Plotseling hoorde het konijntje een kikker. De kikker zat op een steen in het water. De kikker zei: ""Hallo, klein konijntje! Hoe gaat het met je?""

Het konijntje zei: ""Hallo, kikker! Ik ben moe en heb dorst. Ik drink uit het water.""

De kikker zei: ""Ik woon hier in het water. Het is hier prachtig. Wil je met me naar de andere kant van het water zwemmen?""

Het konijntje zei: ""Ja, ik wil met je naar de andere kant van het water zwemmen!""

Samen zwommen het konijntje en de kikker naar de andere kant van het water. Daar waren nog meer bloemen en gras. Het konijntje was heel blij dat het met de kikker had kunnen zwemmen."
meta-llama/llama-3.1-8b-instruct,"
Je bent een verteller van een kort verhaal (rond de 200 woorden).
Gebruik alleen hele simpele woorden die een 3-jarig kind kan begrijpen.
Geef het verhaal geen titel of introductie.
",Vertel een verhaal.,"Er leefde een klein hondje. Hij heette Max. Max was heel lief en hij had een rood strijkhaar. Hij had een vriend, een meisje dat leefde in het huis. Ze heette Sophie. Sophie speelde graag met Max. Ze gooide een bal naar Max. Max rende naar de bal en pakte hem vast in zijn bek.

Sophie was heel trots op Max. ""Je bent zo snel!"" riep Sophie. Max kwam terug en gaf Sophie de bal. Sophie knuffelde Max. ""Je bent de beste hond ter wereld!"" zei Sophie.

Max genoot van de aandacht. Hij sprong om Sophie heen en gaf haar een zacht klopje met zijn staart. Sophie lachte en knuffelde Max nog eens. Ze speelden door tot de zon begon te zakken.

Toen Sophie naar bed ging, kuste ze Max op zijn snuit. ""Ik hou van je, Max,"" zei Sophie. Max zoende Sophie terug en sliep met een glimlach op zijn gezicht. Hij was heel gelukkig."
meta-llama/llama-3.1-8b-instruct,"
Je bent een verteller van een kort verhaal (rond de 200 woorden).
Gebruik alleen hele simpele woorden die een 3-jarig kind kan begrijpen.
Geef het verhaal geen titel of introductie.
",Vertel een verhaal.,"Er woonde een kleine beer. Hij woonde in een bos. Het bos was heel mooi. Er groeiden prachtige bomen en bloemen.

De kleine beer was heel nieuwsgierig. Hij wilde alles weten. Hij liep door het bos en kwam aan een rivier. Hij zag een mooie vis in het water. De vis zei: ""Hallo, kleine beer! Waar kom je vandaan?""

De kleine beer zei: ""Ik kom uit het bos. Ik ben nieuwsgierig en wil alles weten."" De vis zei: ""Ik ken alles over dit water. Kom, ik zal je alles vertellen.""

De kleine beer luisterde naar de vis. De vis vertelde over alle dieren in het water. De kleine beer was heel blij. Hij leerde heel veel nieuwe dingen.

Nu is de kleine beer heel slim. Hij weet alles over het bos en het water. Hij is heel dankbaar voor de vis die hem alles vertelde."
meta-llama/llama-3.1-8b-instruct,"
Je bent een verteller van een kort verhaal (rond de 200 woorden).
Gebruik alleen hele simpele woorden die een 3-jarig kind kan begrijpen.
Geef het verhaal geen titel of introductie.
",Vertel een verhaal.,"Er was eens een klein vogeltje. Het vogeltje had een mooie roze borst en een felgroen rug. Het vogeltje kon heel goed zingen.

Het vogeltje vloog naar een prachtig park. In het park waren bloemen van alle kleuren. Er waren rode, gele, blauwe en witte bloemen.

Het vogeltje vond een leuke bloem. Het was een felrode bloem. Het vogeltje zong heel hard. De bloem begon te dansen.

De andere vogeltjes in het park kwamen ook om te zien. Zij zongen ook mee. Het park werd vol geluiden.

Toen ging de zon onder. Het vogeltje vloog naar huis. Het vogeltje was heel trots op zichzelf. Het had een mooi concert gegeven.

Morgen zou het vogeltje nog een keer zingen. En dan zouden alle vogeltjes in het park weer komen om te luisteren."
meta-llama/llama-3.1-8b-instruct,"
Je bent een verteller van een kort verhaal (rond de 200 woorden).
Gebruik alleen hele simpele woorden die een 3-jarig kind kan begrijpen.
Geef het verhaal geen titel of introductie.
",Vertel een verhaal.,"Er was eens een klein konijntje. Het konijnje was rood en had grote oren. Het konijnje heette Rosie.

Rosie woonde in een warm klein hokje. In het hokje was er een klein tuigje. In het tuigje groeiden bloemen en groente.

Rosie hield van eten. Rosie liep naar buiten om te eten. Rosie vond een lekker groen blad. Rosie at het blad op.

Toen Rosie terug liep naar haar hokje, zag ze een kleine vogel. De vogel had een kapot vleugeltje. Rosie zei: ""Hoe gaat het met je?""

De vogel zei: ""Ik heb een kapot vleugeltje. Ik kan niet vliegen.""

Rosie zei: ""Wij hebben een dokter bij ons. Hij kan je vleugeltje genezen.""

De vogel was blij. Rosie nam de vogel mee naar de dokter. De dokter zei: ""Ik kan je vleugeltje genezen.""

De vogel was weer gezond. De vogel vloog weg. Rosie was blij voor de vogel."
meta-llama/llama-3.1-8b-instruct,"
Je bent een verteller van een kort verhaal (rond de 200 woorden).
Gebruik alleen hele simpele woorden die een 3-jarig kind kan begrijpen.
Geef het verhaal geen titel of introductie.
",Vertel een verhaal.,"Een kleine beer had een zonnebril. Hij droeg hem in de zon. Hij liep naar een mooie rivier. Hij zocht naar vis.

Hij vond een vis. De vis was groen. Hij was lang. De kleine beer wilde hem vangen. Hij gooide zijn vlieg in de rivier.

De vlieg vloog naar de vis. De vis beet in de vlieg. De kleine beer glimlachte. Hij was trots.

Hij pakte de vis. Hij nam hem naar zijn hut. Hij kookte de vis. Hij at de vis. Hij vond hem lekker.

De kleine beer ging slapen. Hij droomde van de rivier. Hij droomde van de vis. Hij wist dat hij morgen weer naar de rivier zou gaan.

Hij wist dat hij dan weer vis zou vangen. Hij sliep langzaam in. Hij sliep heel diep. Hij was moe van de vis."
meta-llama/llama-3.1-8b-instruct,"
Je bent een verteller van een kort verhaal (rond de 200 woorden).
Gebruik alleen hele simpele woorden die een 3-jarig kind kan begrijpen.
Geef het verhaal geen titel of introductie.
",Vertel een verhaal.,"Er was een klein hondje. Het hondje heette Max. Max was grijs en had een witte snuit.

Max woonde bij een meisje. Het meisje heette Emma. Emma gaf Max altijd te eten en speelde met hem.

Een dag ging Emma naar de supermarkt. Max bleef alleen thuis. Max was bang. Hij zag een grote kat voor de deur.

De kat was groot en rood. Max was heel bang. Hij ging achter de bank zitten en hijkepte.

De kat kwam dichterbij. Max deed zijn ogen dicht en hijkepte harder. De kat ging weg. Max was blij.

Emma kwam thuis. Ze zei 'hallo Max' en gaf hem te eten. Max was gelukkig. Hij kuste Emma en hijkepte niet meer."
meta-llama/llama-3.1-8b-instruct,"
Je bent een verteller van een kort verhaal (rond de 200 woorden).
Gebruik alleen hele simpele woorden die een 3-jarig kind kan begrijpen.
Geef het verhaal geen titel of introductie.
",Vertel een verhaal.,"Er was een kleine hond. Hij heette Max. Max was een vriendelijk hondje. Max woonde bij een klein meisje.

Het meisje heette Sophie. Sophie was lief voor Max. Ze gaf hem eten en speelde met hem.

Een keer ging Sophie naar het park. Max ging met haar mee. In het park was een groot veld. Sophie gooide een bal voor Max. Max rende naar de bal en pakte hem vast.

Max kwam terug naar Sophie. Sophie was trots op Max. Ze gaf Max een knuffel. Max was blij.

Sophie en Max speelden nog een tijdje. Toen ging Sophie naar huis. Max ging met haar mee.

Toen ze thuis waren, at Max zijn eten. Hij was moe van het spelen. Sophie legde Max op zijn bed en knuffelde hem. Max sliep snel in."
meta-llama/llama-3.1-8b-instruct,"
Je bent een verteller van een kort verhaal (rond de 200 woorden).
Gebruik alleen hele simpele woorden die een 3-jarig kind kan begrijpen.
Geef het verhaal geen titel of introductie.
",Vertel een verhaal.,"Er leefde een kleine hond genaamd Max. Max was een mooi hondje met een witte vacht en een roodneus. Hij had een leuk naamdoekje om zijn nek.

Max woonde bij zijn baasje, een meisje dat genaamd Liz heette. Liz was een lief meisje dat veel tijd met Max doorbracht.

Een dag ging Liz en Max op stap. Ze liepen naar het park. Daar zagen ze een grote hond. Die hond was groter dan Max en had een zwarte vacht.

De grote hond zei: ""Hallo, ik ben Rocky!"" Max was bang en hij ging dicht bij Liz staan. Liz zei: ""Het is goed, Max. Rocky is vriendelijk.""

Rocky zei: ""Ja, ik ben vriendelijk. Wil je met me spelen?"" Max was nog steeds bang, maar Liz zei: ""Ja, dat is goed.""

Dus speelden Liz, Max en Rocky samen. Ze gooiden een bal en renden naar hem toe. Max had veel lol en hij was niet meer bang. Hij was nu een goede vriend van Rocky."
meta-llama/llama-3.1-8b-instruct,"
Je bent een verteller van een kort verhaal (rond de 200 woorden).
Gebruik alleen hele simpele woorden die een 3-jarig kind kan begrijpen.
Geef het verhaal geen titel of introductie.
",Vertel een verhaal.,"Er was eens een klein konijntje. Het was wit en had grote oren. Het konijntje heette Snoesje.

Snoesje woonde in een zonnige tuin. Hij had een schattige vriendin, een meelworm genaamd Kwispie. Kwispie was klein en had een lange staart.

Snoesje en Kwispie speelden samen in de tuin. Ze renden door de bloemen en klommen over het gras. Snoesje was erg snel en Kwispie was erg slim.

Een dag besloten Snoesje en Kwispie om een ontdekkingstocht te maken. Ze gingen op avontuur door de tuin en ontdekten een mooie plek met veel bloemen. Snoesje en Kwispie waren erg gelukkig en besloten om hier hun eigen tuin te maken.

Snoesje en Kwispie werkten hard en maakten de tuin mooi. Ze plantten bloemen en zorgden voor een klein fontein. Het was een prachtige plek waar ze konden spelen en zich kunnen vermaken.

Snoesje en Kwispie waren erg blij met hun nieuwe tuin en gingen hier elke dag spelen. Ze waren de gelukkigste konijntjes en meelworms in de hele wereld."
meta-llama/llama-3.1-8b-instruct,"
Je bent een verteller van een kort verhaal (rond de 200 woorden).
Gebruik alleen hele simpele woorden die een 3-jarig kind kan begrijpen.
Geef het verhaal geen titel of introductie.
",Vertel een verhaal.,"Er woonde een klein konijn. Hij heette Kees. Kees had een klein hokje. Hij sliep in het hokje bij nacht. 

's Ochtends ging Kees naar buiten. Hij wilde gras eten. Hij liep door het veld. Hij zag een mooie bloem. De bloem was felrood. Kees had een bos bloemen in zijn mand. 

Daarna ging Kees naar een beek. Hij dronk water uit de beek. Het water voelde koel aan. Kees voelde zich gelukkig. Hij vond een mooie steen. Hij nam de steen mee naar zijn hokje.

Kees ging naar bed. Hij sliep met een glimlach. Hij droomde van het veld. Morgen ging hij weer naar buiten. Hij wilde de bloemen zien."
meta-llama/llama-3.1-8b-instruct,"
Je bent een verteller van een kort verhaal (rond de 200 woorden).
Gebruik alleen hele simpele woorden die een 3-jarig kind kan begrijpen.
Geef het verhaal geen titel of introductie.
",Vertel een verhaal.,"Er was eens een klein konijn. Het konijn was snel en slim. Het konijn woonde in een hol in de velden.

Een dag ging het konijn een wandeling maken. Het konijn ontdekte een prachtig bos vol bloemen. Het konijn vond een grote, rode roos. Het konijn wilde de roos hebben.

Maar de roos was niet van het konijn. De roos was van een boer. De boer was erg boos als hij zijn roos zag. De boer zei: ""Wie haalt mijn roos?""

Het konijn zei: ""Ik haalde de roos."" De boer vroeg: ""Waarom haalde je de roos?""

Het konijn zei: ""Omdat ik de roos mooi vond."" De boer lachte en zei: ""Je mag de roos houden. Maar je moet elke dag een nieuwe roos vinden.""

Het konijn was blij. Het konijn vond elke dag een nieuwe roos. Het konijn was het gelukkigste konijn in de velden."
meta-llama/llama-3.1-8b-instruct,"
Je bent een verteller van een kort verhaal (rond de 200 woorden).
Gebruik alleen hele simpele woorden die een 3-jarig kind kan begrijpen.
Geef het verhaal geen titel of introductie.
",Vertel een verhaal.,"Er was een klein konijn. Het konijn heette Benny. Benny woonde in een holletje in de grond. Hij had een vriend, een vogel genaamd Kiki. Kiki kon goed vliegen.

Een dag kwam er een grote regen. De grond werd nat en nat. Benny's holletje werd vol water. Benny moest naar boven.

Benny ging naar boven en vroeg aan Kiki: ""Hoe kom ik uit de regen?"" Kiki zei: ""Je kunt op mijn rug zitten en ik zal je naar boven vliegen.""

Benny klom op Kikis rug. Kiki vloog omhoog. Ze vlogen boven de regen heen. Benny was heel blij. Hij had een droge plek gevonden. Hij bedankte Kiki voor zijn hulp.

Kiki en Benny gingen samen lunchen. Ze aten een lekkere appel. Benny was dankbaar voor zijn vriend Kiki. Ze waren een goed team."
meta-llama/llama-3.1-8b-instruct,"
Je bent een verteller van een kort verhaal (rond de 200 woorden).
Gebruik alleen hele simpele woorden die een 3-jarig kind kan begrijpen.
Geef het verhaal geen titel of introductie.
",Vertel een verhaal.,"Er was een hondje dat heette Max. Max was een leuk hondje met een witte vacht. Hij woonde bij een meisje genaamd Lenna.

Lenna en Max gingen vaak naar het park. Ze liepen over het gras en speelden met de vogeltjes. Max was erg snel en kon heel hoog springen.

Een dag ging Lenna en Max naar het strand. Het was zonnig en warm. Lenna ging zwemmen en Max wilde ook in het water. Maar hij kon niet zwemmen.

Dat was geen probleem. Lenna nam Max in haar armen en ging met hem in het water. Max viel in het water en begon te spetteren. Lenna lachte en speelde met hem.

Na een tijdje gingen Lenna en Max uit het water. Ze liepen over het zand en zochten naar schelpen. Max vond een mooie schelp en gaf hem aan Lenna. Lenna was blij met de schelp en gaf Max een knuffel."
meta-llama/llama-3.1-8b-instruct,"
Je bent een verteller van een kort verhaal (rond de 200 woorden).
Gebruik alleen hele simpele woorden die een 3-jarig kind kan begrijpen.
Geef het verhaal geen titel of introductie.
",Vertel een verhaal.,"Er leefde een klein hondje. De hond heette Max. Max was heel lief. Hij had een rood haar en een witte staart.

Max had een beste vriend. Het was een meisje. Het meisje heette Lily. Lily was heel lief voor Max.

Een keer ging Lily en Max naar het park. Ze gingen naar de speeltuin. Ze speelden met de kussen en de zandbak.

Toen ging Lily naar de zandbak. Ze begon te graven. Max kwam naar haar toe. Hij wilde ook graven.

Samen gingen Lily en Max graven. Ze maakten een groot gat. Daarna ging Lily en Max naar huis.

Toen ze thuiskwamen, gingen ze slapen. Max sliep met zijn ogen open. Hij hield van Lily.

Lily hield ook van Max. Ze waren beste vrienden."
meta-llama/llama-3.1-8b-instruct,"
Je bent een verteller van een kort verhaal (rond de 200 woorden).
Gebruik alleen hele simpele woorden die een 3-jarig kind kan begrijpen.
Geef het verhaal geen titel of introductie.
",Vertel een verhaal.,"Er was eens een kleine hond. Hij was blond en hij had een lange neus. Hij heette Max.

Max woonde bij een meisje dat Sara heette. Sara was lief en zij gaf Max veel speeltjes.

Een dag deed Sara iets leuks voor Max. Zij kocht hem een nieuw speelgoedhuisje. Max was zo blij! Hij rende om het speelgoedhuisje heen en hij blafte zo hard.

Maar dan wou Max het speelgoedhuisje naar buiten brengen. Hij trok eraan, maar het wilde niet bewegen. Sara moest Max helpen.

Sara en Max deden het speelgoedhuisje naar buiten brengen. Daarna was Max nog blijder. Hij blafte en hij draaide rondjes.

Sara en Max waren heel gelukkig. Ze speelden met het speelgoedhuisje. Ze waren de beste vrienden. En Max was zo lief voor Sara."
meta-llama/llama-3.1-8b-instruct,"
Je bent een verteller van een kort verhaal (rond de 200 woorden).
Gebruik alleen hele simpele woorden die een 3-jarig kind kan begrijpen.
Geef het verhaal geen titel of introductie.
",Vertel een verhaal.,"Er was eens een klein konijn. Hij heette Benny. Benny woonde in een grote tuin met veel bloemen. Benny was nieuwsgierig en wilde alles ontdekken.

Een dag zag Benny een bloem die heel mooi rood was. Hij vroeg zich af: ""Wat is dat?"" Benny liep dichterbij en rook aan de bloem. Hij rook een lekkere geur. ""Ah, dit is een rozenbloem!"" zei hij.

Benny wilde nog meer bloemen zien. Hij liep verder en zag een bloem die geel was. ""Dat is een zonnebloem!"" zei hij. Hij liep nog verder en zag een bloem die blauw was. ""Dat is een bloem die ik nog nooit gezien heb!"" zei hij.

Benny was heel blij dat hij nieuwe dingen zag. Hij besloot om in de tuin te blijven en alles te ontdekken. Hij vond een knaapje water dat in een beekje stroomde. Hij vond ook een elektriciteit-kabel die onder de grond zat. Benny was heel nieuwsgierig en hij vond het leuk om alles te ontdekken."
meta-llama/llama-3.1-8b-instruct,"
Je bent een verteller van een kort verhaal (rond de 200 woorden).
Gebruik alleen hele simpele woorden die een 3-jarig kind kan begrijpen.
Geef het verhaal geen titel of introductie.
",Vertel een verhaal.,"Een keer ging een kleine beer op avontuur. Hij liep door het bos en zocht naar een lekkere appel. Hij kwam bij een appelboom en zag een prachtige appel hangen. De beer wilde de appel hebben, maar hij kon niet naar boven.

Toen dacht hij aan zijn vriendin, een bij. Hij riep haar en zei: ""Bij, kom snel! Ik heb een lekkere appel nodig."" De bij kwam snel aan en vroeg: ""Hoe kan ik je helpen?"" De beer zei: ""Vlieg naar de appel en haal hem voor me.""

De bij vloog naar de appel en pakte hem met haar poten. Ze vloog terug naar de beer en gaf hem de appel. De beer was zo blij en zei: ""Dank je wel, bij! Je bent heel lief."" De bij glimlachte en zei: ""Graag gedaan, beer. We zijn beste vrienden."""
meta-llama/llama-3.1-8b-instruct,"
Je bent een verteller van een kort verhaal (rond de 200 woorden).
Gebruik alleen hele simpele woorden die een 3-jarig kind kan begrijpen.
Geef het verhaal geen titel of introductie.
",Vertel een verhaal.,"Er woonde een meisje genaamd Sophie. Ze had een vriendje genaamd Max. Ze waren erg gelukkig samen.

Sophie en Max gingen één dag naar het park. Ze speelden op de speeltuin. Ze gooiden ballen en sprongen op trampolines.

Toen ze moe waren, gingen ze op een bankje zitten. Ze hadden een picknick. Ze aten broodjes en appel.
Het was een mooie dag. Ze waren heel blij.

Daarna gingen ze naar het kersenbos. Ze plukten kersen van de bomen. Ze aten de kersen en waren erg gelukkig.
Sophie en Max waren heel goede vrienden. Ze hadden heel veel plezier samen."
meta-llama/llama-3.1-8b-instruct,"
Je bent een verteller van een kort verhaal (rond de 200 woorden).
Gebruik alleen hele simpele woorden die een 3-jarig kind kan begrijpen.
Geef het verhaal geen titel of introductie.
",Vertel een verhaal.,"Er was een jonge hond. Hij was klein en rood. Hij heette Roodje. Roodje was heel lief. Hij wilde een vriend.

Roodje ging naar de tuin. Daar zag hij een vogel. De vogel was blauw en had een lang staartje. Roodje wilde een bal. Hij ging naar huis en kwam terug met een bal.

Roodje gooide de bal naar de vogel. De vogel vloog weg. Roodje ging achter de vogel aan. Hij rende en rende. Toen hij moe was, ging hij zitten.

De vogel kwam terug. Hij bracht een appel. Roodje nam de appel aan. Ze werden vrienden. Ze speelden samen en renden door de tuin. Roodje was gelukkig. Hij had een vriend gevonden."
meta-llama/llama-3.1-8b-instruct,"
Je bent een verteller van een kort verhaal (rond de 200 woorden).
Gebruik alleen hele simpele woorden die een 3-jarig kind kan begrijpen.
Geef het verhaal geen titel of introductie.
",Vertel een verhaal.,"Er leefde een vriendelijke haas in een groene weiland. Hij heette Harry. Harry had een mooi witte staart en grote ronde ogen.

Harry hield van niets liever dan bloemen plukken. Hij ging elke dag op pad om de mooiste bloemen van de weilanden te verzamelen.

Een dag ontdekte Harry een klein vogeltje. Het vogeltje had een kapotte vleugel en kon niet vliegen. Harry voelde met zijn hart voor het vogeltje en besloot het te helpen.

Harry nam het vogeltje naar zijn huis en verzorgde het. Hij gaf het eten en water en liet het slapen in zijn nest.

Toen het vogeltje beter was, vloog het weg. Harry was blij dat hij het vogeltje had kunnen helpen. Hij ging door met bloemen plukken, maar nu voelde hij zich nog een stuk vrolijker."
meta-llama/llama-3.1-8b-instruct,"
Je bent een verteller van een kort verhaal (rond de 200 woorden).
Gebruik alleen hele simpele woorden die een 3-jarig kind kan begrijpen.
Geef het verhaal geen titel of introductie.
",Vertel een verhaal.,"Er was eens een klein konijn. Het konijn was erg snel. Het konijn kon heel snel lopen.

Een dag kwam er een mooie zon. Het konijn ging naar buiten. Het konijn zag een mooie bloem. De bloem was rood en geel.

Het konijn ging naar de bloem. Het konijn rook aan de bloem. De bloem rook lekker.

Toen kwam er een klein vogeltje. Het vogeltje vroeg: ""Wie rookt aan de bloem?"" Het konijn antwoordde: ""Ik.""

Het vogeltje vroeg: ""Kun je snel rennen?"" Het konijn antwoordde: ""Ja, ik ben erg snel.""

Het vogeltje vroeg: ""Wil je met me mee rennen?"" Het konijn antwoordde: ""Ja, ik ga met je mee.""

Samen renden het konijn en het vogeltje door de velden. Ze renden heel snel. Ze hadden veel plezier.

Toen ze moe waren, ging het konijn naar de bloem terug. Het vogeltje ging naar zijn nest. Ze waren vrienden geworden."
meta-llama/llama-3.1-8b-instruct,"
Je bent een verteller van een kort verhaal (rond de 200 woorden).
Gebruik alleen hele simpele woorden die een 3-jarig kind kan begrijpen.
Geef het verhaal geen titel of introductie.
",Vertel een verhaal.,"Er was eens een klein konijn. Het konijn heette Koen. Koen woonde in een leuke bos. Op een dag ging Koen naar het bos om te spelen.

In het bos ontmoette Koen een vriendelijk eendje. De eend heette Ella. Ella was dol op water. Koen en Ella gingen samen naar het meer.

Op het meer ontmoetten Koen en Ella een vriendelijke vis. De vis heette Vinnie. Vinnie was dol op zwemmen. Koen, Ella en Vinnie speelden samen op het meer.

Koen gooide een steentje in het water. Ella sprong op en zei: ""Spat!"" Vinnie zwom naar boven en hiji zei: ""Wauw!"" Koen, Ella en Vinnie lachten allemaal samen. Ze waren blij om elkaar te hebben ontmoet.

Koen ging naar huis met Vinnie en Ella. Ze beloofden elkaar dat ze de volgende dag weer samen zouden spelen. Koen, Ella en Vinnie waren gelukkig."
meta-llama/llama-3.1-8b-instruct,"
Je bent een verteller van een kort verhaal (rond de 200 woorden).
Gebruik alleen hele simpele woorden die een 3-jarig kind kan begrijpen.
Geef het verhaal geen titel of introductie.
",Vertel een verhaal.,"Er was eens een kleine haas. Hij heette Benny. Benny woonde in een zonnige weiland.

Benny was erg snel. Hij kon over het gras rennen en de bloemen zien.

Een dag ging Benny op avontuur. Hij ging naar het bos.

Daar ontmoette hij een vriend, een vogel. Hij heette Sam.

Sam en Benny waren dikke vrienden. Ze speelden samen.

Sam vloog hoog in de lucht en Benny rende onder hem.

Sam zei: ""Kijk, Benny, ik kan heel hoog!""

Benny antwoordde: ""Ja, Sam, je bent erg sterk!""

Sam en Benny speelden nog een poosje en toen ging Benny naar huis.

Hij sliep die nacht, zijn buik vol lekkere dingen.

Benny was een gelukkige haas. Hij had een goede vriend in Sam."
meta-llama/llama-3.1-8b-instruct,"
Je bent een verteller van een kort verhaal (rond de 200 woorden).
Gebruik alleen hele simpele woorden die een 3-jarig kind kan begrijpen.
Geef het verhaal geen titel of introductie.
",Vertel een verhaal.,"Er was eens een klein beerje. Hij heette Berrie. Berrie was heel lief en hij had een roodje op zijn neus. Hij woonde in een bos.

Berrie hield van spelen. Hij kon heel snel rennen en hij kon ook heel hoog springen. Hij speelde met zijn vrienden, een vogeltje en een konijntje.

Een dag ging de zon onder. De vogeltje zei: ""Berrie, het is tijd om naar huis te gaan."" Berrie zei: ""Ja, ik ga naar huis.""

Hij rende naar zijn hol en de vogeltje en het konijntje liepen achter hem aan. Toen ze bij het hol aankwamen, at Berrie een lekker appel. De vogeltje en het konijntje aten ook een appel.

Berrie was heel blij. Hij had een leuke dag gehad met zijn vrienden. Hij ging naar bed en droomde van een nieuwe dag."
meta-llama/llama-3.1-8b-instruct,"
Je bent een verteller van een kort verhaal (rond de 200 woorden).
Gebruik alleen hele simpele woorden die een 3-jarig kind kan begrijpen.
Geef het verhaal geen titel of introductie.
",Vertel een verhaal.,"Er was een klein hondje dat heette Max. Max was een witte hond met een rode neus. Hij was erg lief en speelde graag met zijn vriendjes.

Een keer ging Max op avontuur. Hij rende door de stad en zag een prachtige vijver. Hij ging naar de vijver en zag een klein bootje liggen. Max dacht: ""Oh, wat leuk! Ik ga erin!""

Hij sprong in het bootje en begon te varen. Hij voer over het water en zag allerlei dingen. Hij zag een visje, een eendje en een vogeltje.

Max was zo gelukkig. Hij voer heel lang over het water en zag veel leuke dingen. Toen was hij moe en ging hij terug naar huis.

Hij sprong op de grond en ging naar zijn baasje zeggen: ""Hallo! Ik was op avontuur!"" Zijn baasje glimlachte en zei: ""Hallo Max! Wat een leuke dag heb je gehad!"" Max blafte gelukkig en ging slapen."
meta-llama/llama-3.1-8b-instruct,"
Je bent een verteller van een kort verhaal (rond de 200 woorden).
Gebruik alleen hele simpele woorden die een 3-jarig kind kan begrijpen.
Geef het verhaal geen titel of introductie.
",Vertel een verhaal.,"Er was eens een klein konijntje. Het konijntje was wit en had lange oren.

Het konijntje woonde in een mooi bos. Het bos was vol met bloemen en bomen.

De dag was zonnig en het konijntje was blij. Het konijntje ging op avontuur.

Het liep door het bos en ontdekte een beekje. Het konijntje had veel waterspuiten.

Toen het konijntje in het water sprong, zag het een prachtige vis. De vis was grijs en rood.

Het konijntje was bang en rende snel weg. Het konijntje ging terug naar zijn huis.

Daar was het konijntje veilig. Het konijntje lag in zijn bed en sliep snel.

's Morgens was het konijntje wakker. Het konijntje was blij en ging weer op avontuur."
meta-llama/llama-3.1-8b-instruct,"
Je bent een verteller van een kort verhaal (rond de 200 woorden).
Gebruik alleen hele simpele woorden die een 3-jarig kind kan begrijpen.
Geef het verhaal geen titel of introductie.
",Vertel een verhaal.,"Er was eens een knappe konijn. Hij had een mooie rode jas aan en een grote rode hoed op zijn hoofd. De konijn hield van sporten. Hij kon snel rennen en kon een hoog sprongetje maken.

Een dag ging de konijn de berg op. Hij wilde naar de andere kant van de berg. Hij ging steeds hoger en hoger. Onder hem zag hij een rivier. De rivier stroomde snel naar beneden.

Toen de konijn boven was, viel hij van de berg. Hij landde in de rivier. De konijn kon zwemmen. Hij ging naar de andere kant van de rivier. Daar vond hij een mooie groene tuin.

In de tuin groeiden veel bloemen. De konijn vond een lekkere appel. Hij at de appel op en voelde zich gelukkig. Hij was blij dat hij de berg was overgestoken. Vanaf nu ging de konijn vaak terug naar de tuin. Hij vond het daar prachtig en hij at altijd een lekkere appel."
meta-llama/llama-3.1-8b-instruct,"
Je bent een verteller van een kort verhaal (rond de 200 woorden).
Gebruik alleen hele simpele woorden die een 3-jarig kind kan begrijpen.
Geef het verhaal geen titel of introductie.
",Vertel een verhaal.,"Er was eens een hond. Hij heette Bob. Bob was een lief hond. Hij had een rode vacht en een lange staart.

Bob woonde bij een meisje. Dat meisje heette Sophie. Sophie was heel lief. Ze gaf Bob altijd te eten en te drinken.

Een dag ging Bob en Sophie naar het park. Ze liepen over het zand en keken naar de vogels. Bob zag een konijn. Hij wilde het konijn vangen. Maar Sophie zei: ""Nee, Bob. Laat het konijn met rust.""

Bob ging terug naar Sophie. Hij was een goed hond. Sophie gaf hem een knuffel en een stuk chocola. Bob was blij.

Toen gingen ze naar huis. Bob sliep met Sophie. Hij droomde van konijnen en chocola. De volgende dag ging Bob weer naar het park. Met Sophie. Ze hadden veel plezier. Bob was de gelukkigste hond ter wereld."
meta-llama/llama-3.1-8b-instruct,"
Je bent een verteller van een kort verhaal (rond de 200 woorden).
Gebruik alleen hele simpele woorden die een 3-jarig kind kan begrijpen.
Geef het verhaal geen titel of introductie.
",Vertel een verhaal.,"Er woonde een kleine beer. Hij heette Bert. Bert woonde in een bos. Het bos was heel groot en vol met bomen.

Bert hield van bomen. Hij had een vriend, een vogel. De vogel heette Pip. Pip kon vliegen. Pip vloog altijd boven het bos.

Eén dag vond Bert een appel. De appel was rood en lekker. Bert wilde de appel eten. Maar hij wist niet hoe hij hem van de boom moest halen.

Pip vloog naar de boom en zei: ""Laat me helpen, Bert!"" Pip vloog naar de tak en pakte de appel. Bert kreeg de appel en at hem op.

Bert was heel blij. Hij had een vriend zoals Pip. Hij kreeg altijd hulp wanneer hij het nodig had. Bert en Pip waren geweldige vrienden. Ze speelden altijd in het bos."
meta-llama/llama-3.1-8b-instruct,"
Je bent een verteller van een kort verhaal (rond de 200 woorden).
Gebruik alleen hele simpele woorden die een 3-jarig kind kan begrijpen.
Geef het verhaal geen titel of introductie.
",Vertel een verhaal.,"Er was een klein konijntje dat door de bossen liep. Het had lange oren en een witte staart. Het konijntje was heel moe en had honger. Het zocht naar eten in de bos.

Toen het konijntje een grote appel zag, werd het heel gelukkig. Het at de appel op en voelde zich veel beter. Daarna zocht het konijntje naar water om te drinken.

In de bos stond een grote beek met helder water. Het konijntje dronk water uit de beek. Daarna voelde het konijntje zich heel goed. Het konijntje ging naar huis om bij zijn moeder te gaan slapen.

Zijn moeder zei: ""Hallo kleine konijn! Hoe was je dag?"" Het konijntje zei: ""Mama, ik vond een appel en ik dronk water uit de beek. Ik voel me heel goed!"" Zijn moeder zei: ""Dat is goed, kleine konijn. Nu mag je slapen."" Het konijntje viel in slaap met een glimlach op zijn gezicht."
meta-llama/llama-3.1-8b-instruct,"
Je bent een verteller van een kort verhaal (rond de 200 woorden).
Gebruik alleen hele simpele woorden die een 3-jarig kind kan begrijpen.
Geef het verhaal geen titel of introductie.
",Vertel een verhaal.,"Er waren eens twee vrienden. Hun naam was Tom en Alex. Ze speelden bij het meer. Ze keken naar de vissen. Ze zeiden: ""O, wat zijn die vissen mooi!""

Tom had een boot. Hij zei: ""Ik ga in de boot zitten!"" Hij zette de boot in het water. Alex ging met hem in de boot. Ze zeilden over het meer.

Toen zeiden ze: ""We zien een eiland!"" Ze voeren naar het eiland. Op het eiland was een vogel. De vogel zei: ""Hallo vrienden! Hoe gaan jullie mijn eiland hebben gevonden?""

Tom en Alex zeiden: ""We kwamen hier met de boot!"" De vogel zei: ""Kom maar op het eiland, dan eten we appel en zoet brood.""

Tom en Alex gingen op het eiland. Ze aten appel en zoet brood. Ze zeiden: ""Dit is heerlijk!"" En toen gingen ze weer met de boot naar huis. Ze gingen naar bed en dachten aan de vogel en het appel en zoet brood."
meta-llama/llama-3.1-8b-instruct,"
Je bent een verteller van een kort verhaal (rond de 200 woorden).
Gebruik alleen hele simpele woorden die een 3-jarig kind kan begrijpen.
Geef het verhaal geen titel of introductie.
",Vertel een verhaal.,"Er woonde een meisje genaamd Lisa. Ze woonde in een leuk huis bij een rivier. Lisa hield veel van de rivier. Ze ging vaak naar de rivier om te spelen.

Een keer was de rivier heel droog. De vissen kwamen niet meer op. Lisa wilde dat de rivier weer vol zou zijn. Ze ging naar de boom boven de rivier en riep: ""Water! Water!""

De boom hoorde Lisa en zei: ""Ik kan je helpen, Lisa. Maar ik moet eerst naar de bergen gaan.""

De boom ging naar de bergen en vroeg aan de berg: ""Kun jij me helpen?""

De berg zei: ""Ja, ik kan je helpen. Ik heb veel water in mijn buik.""

De berg liet zijn water los en het water stroomde naar de rivier. Nu was de rivier weer vol. De vissen waren weer blij en kwamen op.

Lisa was heel blij en dankte de boom en de berg. Vanaf toen was de rivier altijd vol en konden de vissen er weer spelen."
meta-llama/llama-3.1-8b-instruct,"
Je bent een verteller van een kort verhaal (rond de 200 woorden).
Gebruik alleen hele simpele woorden die een 3-jarig kind kan begrijpen.
Geef het verhaal geen titel of introductie.
",Vertel een verhaal.,"Er was eens een klein vogeltje. Het vogeltje heette Piet.

Piet had een mooie groene vleugel. Hij kon hoog in de lucht vliegen.

Een dag kwam er een sterk wind. De wind blies hard naar rechts.

Piet wilde naar links vliegen, maar de wind bleef hem naar rechts trekken.

Piet vloog zo ver rechts dat hij bij een rood bloem kwam. De bloem was mooi en rood.

Piet vond de bloem leuk en bleef er zitten. Hij zong een liedje: ""Ik ben Piet, ik ben hier!""

Toen de wind stopte, kwam Piet weer thuis. Hij vond zijn moeder, die hem met liefde omhelsde.

Piet dacht: ""Ik hou van mijn moeder. En ik hou van vliegen."""
meta-llama/llama-3.1-8b-instruct,"
Je bent een verteller van een kort verhaal (rond de 200 woorden).
Gebruik alleen hele simpele woorden die een 3-jarig kind kan begrijpen.
Geef het verhaal geen titel of introductie.
",Vertel een verhaal.,"Er was eens een kleine eend. Hij woonde bij een groot meer. De eend had een mooie roze snavel en een zachte pluim.

De eend hield van zwemmen. Hij zwom elke dag naar de andere kant van het meer. Daar vond hij lekkere groene blaadjes om te eten.

Een dag kwam er een sterk wind. De wind blies zo hard dat de eend ver van zijn huis werd weggeblazen. Hij vloog boven het water en kon niet meer terug naar zijn kant van het meer.

Hij vond een andere eend. Hij was ook eenzaam. Samen vlogen ze naar een veilige plek. Daar konden ze rustig slapen en niet meer bang zijn.

De kleine eend was blij dat hij een nieuwe vriend had gevonden. Samen zwommen ze naar de andere kant van het meer en vonden lekkere groene blaadjes om te eten."
meta-llama/llama-3.1-8b-instruct,"
Je bent een verteller van een kort verhaal (rond de 200 woorden).
Gebruik alleen hele simpele woorden die een 3-jarig kind kan begrijpen.
Geef het verhaal geen titel of introductie.
",Vertel een verhaal.,"Er was eens een klein konijn. Het konijn heette Fluffy. Fluffy woonde in een leuk hol in een bos.

Fluffy hield van groente. Hij at elke dag groente uit het bos. Zijn favoriete groente was wortel.

Een dag vond Fluffy een grote wortel. Hij pakte de wortel en nam hem mee naar zijn hol.

Fluffy at de wortel op. Het was zo zoet! Fluffy was heel blij.

Toen Fluffy de wortel opat, hoorde hij een geluid. Het was een klein meisje. Het meisje heette Lily.

Lily zocht de wortel. Zij wilde hem ook eten. Maar Fluffy zei: ""Nee, deze wortel is van mij!""

Lily en Fluffy werden goede vrienden. Ze gingen samen op zoek naar groente in het bos. Ze vonden wortels, erwtjes en appels.

Lily en Fluffy waren heel blij met hun groente. Ze aten ze samen en waren heel vrolijk.

Lily en Fluffy werden altijd vrienden. Ze hielden van elkaar en van de groente."
meta-llama/llama-3.1-8b-instruct,"
Je bent een verteller van een kort verhaal (rond de 200 woorden).
Gebruik alleen hele simpele woorden die een 3-jarig kind kan begrijpen.
Geef het verhaal geen titel of introductie.
",Vertel een verhaal.,"Er was eens een kleine hond. Hij was wit en had een rood lint om zijn nek. De hond heette Max.

Max woonde bij een meisje dat Rosie heette. Rosie was lief en speelde met Max elke dag.

Eén dag besloot Rosie om een picknick te maken. Ze nam een mandje met brood, appel en wat lekkers.

Max ging mee naar de picknick. Hij liep voor Rosie uit, zijn neus in de lucht. Hij rook de lekkers in de mand.

Rosie lachte en zei: ""Max, je bent zo lief!"" Max kwam bij Rosie terug en zakte neer naast haar.

Samen aten ze op de picknick. Max kreeg een stukje brood en hij was erg gelukkig.

Toen de zon naar beneden ging, gingen Rosie en Max terug naar huis. Max sliep vast, zijn ogen dicht, met een glimlach op zijn gezicht."
meta-llama/llama-3.1-8b-instruct,"
Je bent een verteller van een kort verhaal (rond de 200 woorden).
Gebruik alleen hele simpele woorden die een 3-jarig kind kan begrijpen.
Geef het verhaal geen titel of introductie.
",Vertel een verhaal.,"Er was een klein konijntje. Het konijntje heette Fluffy. Fluffy woonde in een groene wei met veel bloemen.

Fluffy hield van eten. Hij at graag groene bladeren en gele bloemen. Soms deed hij zelfs een sprongetje om te zien wanneer de bloemen precies rijp zouden zijn.

Een dag ging Fluffy naar een mooie bloem. Hij rook eraan en zei: ""Ooh, dit is lekker!"" Fluffy at de bloem op.

Toen hij klaar was, voelde hij zich heel tevreden. Hij ging liggen en sliep een beetje. Fluffy was heel gelukkig in zijn groene wei.

Maar plotseling hoorde hij een geluid. Het was een hond! De hond kwam naar Fluffy toe en zei: ""Hoi, ik ben Buddy!"" Fluffy was een beetje bang, maar Buddy was een vriendelijke hond. Hij zei: ""Ik zal je niet lastigvallen, Fluffy.""

Fluffy voelde zich weer veilig. Hij ging weer liggen en sliep. Hij had een fijn leven in zijn groene wei."
meta-llama/llama-3.1-8b-instruct,"
Je bent een verteller van een kort verhaal (rond de 200 woorden).
Gebruik alleen hele simpele woorden die een 3-jarig kind kan begrijpen.
Geef het verhaal geen titel of introductie.
",Vertel een verhaal.,"Er was een huis waar twee vrienden woonden. Hun naam was Max en Sam. Max had een hond. De hond heette Bella. Bella was heel snel.

Een dag ging Max en Sam naar het park. Ze wilden spelen. Max had een bal en Sam had een stok. Bella kwam mee naar het park. Ze wilde ook spelen.

Bella zag een ballon in de lucht. Ze rende snel naar de ballon. De ballon vloog weg. Bella ging erachter aan.

Max en Sam gingen Bella achterna. Ze liepen over het gras. Ze kwamen bij een grote boom. Bella ging om de boom heen. Max en Sam gingen om de boom heen.

Ze kwamen bij een andere boom. Bella ging over de bosweg. Max en Sam gingen over de bosweg. Ze kwamen bij de balon die op de grond lag. Ze lachten omdat Bella de balon had gevangen.

Max en Sam gaven Bella een knuffel. Ze waren blij met Bella. Bella was een goede hond."
meta-llama/llama-3.1-8b-instruct,"
Je bent een verteller van een kort verhaal (rond de 200 woorden).
Gebruik alleen hele simpele woorden die een 3-jarig kind kan begrijpen.
Geef het verhaal geen titel of introductie.
",Vertel een verhaal.,"Er was eens een kleine hadij. Hij woonde in een mooie bos. Hij had een rood mutsje op zijn hoofd en een lange staart.

De kleine hadij hield ervan om te rennen en te spelen met zijn vrienden. Maar hij had één ding dat hij heel erg wilde leren: vliegen.

De kleine hadij ging naar een wijze oude hadij. ""Leer me vliegen,"" zei hij. De oude hadij lachte en zei: ""Vliegen is moeilijk, maar ik kan je helpen.""

De oude hadij gaf de kleine hadij een klein vliegbloempje. ""Eet dit en je zult kunnen vliegen,"" zei hij.

De kleine hadij at het vliegbloempje en plotseling voelde hij zich licht en vrolijk. Hij spreidde zijn vleugels en... hij vloog!

De kleine hadij vloog over het bos en zag alles van boven. Hij vloog zo hoog dat hij de zon kon zien. Hij was zo blij dat hij kon vliegen. Hij vloog en vloog totdat hij moe werd en weer op de grond landde."
meta-llama/llama-3.1-8b-instruct,"
Je bent een verteller van een kort verhaal (rond de 200 woorden).
Gebruik alleen hele simpele woorden die een 3-jarig kind kan begrijpen.
Geef het verhaal geen titel of introductie.
",Vertel een verhaal.,"Een kleine hond had een leuk huis. Hij heette Max. Max had een beste vriend, een kat genaamd Whiskers. Ze speelden samen in de tuin.

Een dag kwam een stortregen. De regen viel uit de hemel. Max en Whiskers moesten naar binnen rennen. Ze waren nat en koud.

Max' moeder gaf hen beiden een warm bad. Ze droogden af en werden warm. Nu voelden ze zich beter.

Max en Whiskers besloten om een spelletje te spelen. Ze speelden verstoppingsSpeel. Max ging achter Whiskers aan en probeerde hem te vinden.

Whiskers verstopte zich achter een stoel. Max vond hem niet. Toen vond hij hem wel. Whiskers was heel blij dat Max hem had gevonden.

Max en Whiskers waren heel blij om samen te spelen. Ze waren beste vrienden en hadden veel plezier samen."
meta-llama/llama-3.1-8b-instruct,"
Je bent een verteller van een kort verhaal (rond de 200 woorden).
Gebruik alleen hele simpele woorden die een 3-jarig kind kan begrijpen.
Geef het verhaal geen titel of introductie.
",Vertel een verhaal.,"Een klein paardje had een grote vriend. Zijn naam was Bob. Bob was een olifant. Hij was heel sterk en groot.

Het klein paardje was bang. ""Bob, ik ben bang voor de storm"", zei het klein paardje. ""Maar ik zal je beschermen"", zei Bob.

De storm begon aan te waaien. Het klein paardje schrok heel hard. Maar Bob stond erbij en hield het klein paardje vast.

""We zijn veilig, kleine vriend"", zei Bob. ""De storm zal voorbij gaan"".

De storm ging langzaam weg. Het klein paardje voelde zich veilig. ""Dank je wel, Bob"", zei het klein paardje.

Bob glimlachte. ""Het is niets, kleine vriend. We zijn vrienden"", zei hij.

Het klein paardje en Bob bleven vrienden en liepen samen door het veld. Ze waren heel gelukkig."
meta-llama/llama-3.1-8b-instruct,"
Je bent een verteller van een kort verhaal (rond de 200 woorden).
Gebruik alleen hele simpele woorden die een 3-jarig kind kan begrijpen.
Geef het verhaal geen titel of introductie.
",Vertel een verhaal.,"Er was eens een klein hondje genaamd Max. Max was heel lief en had een pluusje op zijn hoofd. Max woonde bij een meisje genaamd Sophie.

Sophie en Max speelden samen op straat. Ze renden en sprongen door het park. Max was heel snel en Sophie kon niet inhalen.

Toen ze zochten naar een bal, vielen ze tegen een grote hond aan. De grote hond was heel vriendelijk en zei: ""Hallo, ik ben Rex.""

Rex was een groot hond, maar hij was ook heel lief. Hij speelde met Sophie en Max en ze werden vrienden.

Na een tijdje, besloten Sophie en Max om Rex uit te nodigen voor een barbecue. Rex was erg blij en at veel burgers.

Sophie, Max en Rex hadden een leuke dag en vonden elkaar snel weer. Ze zouden altijd vrienden blijven."
meta-llama/llama-3.1-8b-instruct,"
Je bent een verteller van een kort verhaal (rond de 200 woorden).
Gebruik alleen hele simpele woorden die een 3-jarig kind kan begrijpen.
Geef het verhaal geen titel of introductie.
",Vertel een verhaal.,"Er was eens een vos. Hij was heel slim. De vos vond een klein bos vol met appels. Hij was heel erg honger. Hij at een paar appels.

Maar de vos wilde er nog meer. Hij vond een kelder onder het kleine bos. De kelder had een sleutel. De vos nam de sleutel.

Hij ging naar een vriendelijke konijn. De vos vroeg de konijn: ""Kun jij me helpen?"" De konijn zei: ""Ja, ik kan je helpen.""

Samen gingen ze naar een grote deur. De deur had een sleutelgat. De vos stak de sleutel in het sleutelgat. De deur ging open.

Daar stond een grote appelboom. De appelboom had heel veel appels. De vos en de konijn aten veel appels. Ze waren heel erg gelukkig."
meta-llama/llama-3.1-8b-instruct,"
Je bent een verteller van een kort verhaal (rond de 200 woorden).
Gebruik alleen hele simpele woorden die een 3-jarig kind kan begrijpen.
Geef het verhaal geen titel of introductie.
",Vertel een verhaal.,"Er was eens een kleine beer. Hij heette Bert. Bert woonde in een bos.

Bert was heel graag in de rivier gaan zwemmen. De rivier was zo mooi en koud. Bert hield van de rivier.

Een dag ging Bert naar de rivier. Hij liep erlangs en zag een vis. De vis was groot en blauw. Bert zei 'hallo vis!'

De vis zei 'hallo Bert! Wat kom je doen?' Bert zei 'Ik kom zwemmen!' De vis zei 'Ik kom vissen!'

Bert en de vis werden vrienden. Ze speelden samen in de rivier. Bert zwom en de vis viste.

Toen het donker werd ging Bert naar huis. Hij was moe. Bert sliep en droomde van de rivier en de vis."
meta-llama/llama-3.1-8b-instruct,"
Je bent een verteller van een kort verhaal (rond de 200 woorden).
Gebruik alleen hele simpele woorden die een 3-jarig kind kan begrijpen.
Geef het verhaal geen titel of introductie.
",Vertel een verhaal.,"Er was eens een klein konijn. Hij woonde in een klein hokje in de tuin van een grote boerderij. Het konijn heette Max.

Max hield van eten. Hij at graag groente uit de tuin van de boerderij. Er groeiden er veel lekkere groenten: wortelen, uien en knolletjes.

Een dag besloot Max om te ontsnappen uit zijn hokje. Hij wilde de tuin onderzoeken. Hij scandeerde en hij rende. Hij vond een grote wortel. Hij at de wortel op.

Max vond ook een uienplant. Hij aaide over de bladeren van de uien. Hij rook een lekkere geur. Hij at een deel van de uien.

Max was blij met zijn ontdekkingen. Hij at nog meer groente in de tuin. Toen het donker werd, keerde Max terug naar zijn hokje. Hij sliep lekker. De volgende dag deed Max het weer. Hij ontdekte nog meer lekkere groente in de tuin."
meta-llama/llama-3.1-8b-instruct,"
Je bent een verteller van een kort verhaal (rond de 200 woorden).
Gebruik alleen hele simpele woorden die een 3-jarig kind kan begrijpen.
Geef het verhaal geen titel of introductie.
",Vertel een verhaal.,"Er woonde een klein meisje genaamd Lisa. Zij had een lief hondje genaamd Max. Max was heel snel en kon hard rennen.

Een dag ging Lisa met Max naar het park. In het park was een grote vijver vol water. Lisa en Max wilden naar de vijver toe om te kijken.

Terwijl Lisa naar de vijver toe liep, begon Max te rennen. Hij wilde spelen en zwemmen. Lisa riep hem terug, maar Max luisterde niet.

Max sprong in de vijver en begon te zwemmen. Het water was koud, maar Max was een goede zwemmer. Hij zwom naar de andere kant van de vijver.

Lisa was heel bang, maar Max kwam veilig aan land. Lisa was heel blij en gaf Max een kus. Het was een leuk dagje uit voor Lisa en Max. Ze gingen naar huis en aten een lekkere maaltijd."
meta-llama/llama-3.1-8b-instruct,"
Je bent een verteller van een kort verhaal (rond de 200 woorden).
Gebruik alleen hele simpele woorden die een 3-jarig kind kan begrijpen.
Geef het verhaal geen titel of introductie.
",Vertel een verhaal.,"Er woonde een kleine vos. Hij heette Vosje. Vosje woonde in een houten hok. Het hok stond in een bos.

Vosje was heel bang. Hij was bang voor de nacht. Hij was bang voor de donkere schaduwen. Hij was bang voor de luide geluiden.

Maar dan ging Vosje naar zijn vriendin, een konijntje. Haar naam was Koningin. Koningin woonde in een grote holle boom.

Koningin was niet bang. Ze zei: ""Ik kan je helpen, Vosje. Kom bij me.""

Koningin gaf Vosje een warme bekertje melk. Vosje voelde zich beter. Hij was niet meer bang.

Vosje woonde nu bij Koningin. Ze waren heel gelukkig samen. Ze sliepen samen in de boom. Vosje was niet bang meer. Hij was nu veilig."
meta-llama/llama-3.1-8b-instruct,"
Je bent een verteller van een kort verhaal (rond de 200 woorden).
Gebruik alleen hele simpele woorden die een 3-jarig kind kan begrijpen.
Geef het verhaal geen titel of introductie.
",Vertel een verhaal.,"Er was eens een schattig konijn. Het konijn woonde in een heuvel. De heuvel was groen en zacht.

Het konijn had een vriend, een schattig vogeltje. Het vogeltje had blauwe vleugels.

Een dag ging het vogeltje naar een prachtig meer. Het meer was blauw en glinsterde in de zon.

Het vogeltje vroeg het konijn om mee te gaan naar het meer. Het konijn was blij en ging mee.

Toen ze bij het meer waren, gooiden ze een steentje in het water. Het water spatte op en maakte een grote boel bubbels.

Het konijn en het vogeltje speelden samen om de bubbels. Ze lachten en glimlachten.

Het vogeltje vloog omhoog en maakte een prachtig liedje. Het konijn danste onder de bomen.

Ze waren zo blij om samen te zijn. Het konijn en het vogeltje waren de beste vrienden."
meta-llama/llama-3.1-8b-instruct,"
Je bent een verteller van een kort verhaal (rond de 200 woorden).
Gebruik alleen hele simpele woorden die een 3-jarig kind kan begrijpen.
Geef het verhaal geen titel of introductie.
",Vertel een verhaal.,"Er woonde een meisje genaamd Sophia. Sophia woonde in een klein huisje bij de rivier. Ze had een hondje genaamd Max. Max was heel lief.

Sophia en Max gingen elke dag naar het park. Daar speelden ze met de kinderen. Sophia gooide de bal naar Max en Max bracht de bal terug.

Een dag ging Sophia en Max naar de rivier. Ze zagen een bootje liggen. Sophia vroeg aan Max of hij wilde meeop stap in de boot. Max kwam snel aan de andere kant van de boot.

Sophia stapte in de boot en ze zette de riemen om. Ze roeide weg van de rivieroever. Max zat bij haar in de boot. Hij keek naar de zon.

Bijna aan het eind van de rivier zag Sophia een duikplaats. Ze roeide weg van de duikplaats. Ze wilden geen duiken vandaag.

Sophia en Max kwamen aan de andere kant van de rivier. Ze gingen terug naar hun huisje. Max was moe en Sophia was blij."
meta-llama/llama-3.1-8b-instruct,"
Je bent een verteller van een kort verhaal (rond de 200 woorden).
Gebruik alleen hele simpele woorden die een 3-jarig kind kan begrijpen.
Geef het verhaal geen titel of introductie.
",Vertel een verhaal.,"Er was één keer een klein konijntje. Hij was zo snel. Hij kon overal naartoe rennen. Hij had een mooie rood borstje en grote oren.

Een dag besloot hij om de hele wereld te verkennen. Hij ging naar het bos en hij ontdekte een prachtig groen veld. Hij rende over het veld en hij kwam aan bij een mooie rivier.

Hij zag een mooie blauwe boot liggen. Hij wilde die boot in het water gooien. Maar hij kon hem niet dragen. Dus hij ging naar een vriendelijke eend en vroeg hem om hulp.

De eend zei ja en samen gooiden ze de boot in het water. Het konijntje ging in de boot en de eend duwde hem af. Het konijntje voer over de rivier en hij zag prachtige visjes in het water.

Toen hij aan de overkant was, zei hij dank je wel aan de eend. Hij rende weg en hij kwam aan bij zijn vrienden. Zij waren zo blij dat hij terug was. Hij vertelde hen over zijn avontuur en ze waren zo onder de indruk."
meta-llama/llama-3.1-8b-instruct,"
Je bent een verteller van een kort verhaal (rond de 200 woorden).
Gebruik alleen hele simpele woorden die een 3-jarig kind kan begrijpen.
Geef het verhaal geen titel of introductie.
",Vertel een verhaal.,"Er was eens een koeienmeisje. Ze had een mooie roze neus en witte huid. Het koeienmeisje woonde op een groene wei met veel bloemen. 

Een dag kwam een sterke wolf naar de wei. ""Hallo, ik ben een wolf!"" zei hij. ""Ik wil geen koeien eten!"" Hij loog.

Het koeienmeisje was bang. ""Ik zal je helpen, als je me belooft dat je geen koeien eet!"" zei ze. De wolf beloofde het.

Dan kwam er een sterk paard naar de wei. ""Hallo, ik ben een paard!"" zei hij. ""Ik wil je helpen, koeienmeisje!"" zei hij. ""We moeten een plan maken om de wolf te laten zien dat hij liegt!""

Het paard en het koeienmeisje kwamen op een plan. Ze zouden de wolf laten zien dat hij zomaar liegt. Zeiden ze. De wolf viel in de val en opeens kon de koeienmeisje veilig slapen."
meta-llama/llama-3.1-8b-instruct,"
Je bent een verteller van een kort verhaal (rond de 200 woorden).
Gebruik alleen hele simpele woorden die een 3-jarig kind kan begrijpen.
Geef het verhaal geen titel of introductie.
",Vertel een verhaal.,"Er was een klein jongetje dat heette Max. Max had een hond die hij heel lief had. De hond heette Bella.

Max en Bella gingen naar de speeltuin. Ze speelden op de zandbak en op de schommels. Max lachte veel en Bella blafte ook.

Toen kwam er een regenbui. Max en Bella moesten naar binnen. Ze gingen naar de kafee bij de speeltuin. Daar dronken ze warme chocolademelk.

Bella had een hondenkoekje. Max had een koekje met suiker. Ze aten beiden en lachten.

Na de kafee gingen Max en Bella naar huis. Ze waren moe maar gelukkig. Max gaf Bella een knuffel en ze gingen slapen.

De volgende dag was het weer zonnig. Max en Bella gingen weer naar de speeltuin. Ze speelden en waren blij. Ze waren een leuk gezinnetje."
meta-llama/llama-3.1-8b-instruct,"
Je bent een verteller van een kort verhaal (rond de 200 woorden).
Gebruik alleen hele simpele woorden die een 3-jarig kind kan begrijpen.
Geef het verhaal geen titel of introductie.
",Vertel een verhaal.,"Er was een kleine koning. Hij had een prachtig paard. Zijn naam was Koning Koen.

Koning Koen reed door de stad. Hij woonde in een mooi kasteel. Hij had vrienden die kwamen om met hem te spelen.

Maar Koning Koen was verdrietig. Hij had geen speelgoed. Hij wilde graag een ballenbak hebben.

Hij vroeg zijn vrienden om te helpen. Ze gingen naar de winkel en kochten een ballenbak. Koning Koen was heel blij.

Nu kon hij met zijn paard spelen. Hij gooide ballen in de bak. Het paard keek blij toe.

Koning Koen was gelukkig. Hij had een leuke balbak. Hij speelde en lachte met zijn paard."
meta-llama/llama-3.1-8b-instruct,"
Je bent een verteller van een kort verhaal (rond de 200 woorden).
Gebruik alleen hele simpele woorden die een 3-jarig kind kan begrijpen.
Geef het verhaal geen titel of introductie.
",Vertel een verhaal.,"Er was eens een kleine eend. Ze heette Elke. Elke was wit en donker geel. Ze had een lange nek en een klein beentje. Elke woonde bij een groot meer.

Elke ging elke dag zwemmen. Ze liet zich door de golven dragen. Ze voelde de zon op haar rug. Ze was heel gelukkig.

Eén dag vond Elke een mooie steen. Ze pakte hem op en nam hem mee naar haar koker. Ze liet hem in het water vallen. De steen begon te drijven. Hij gleed over het water.

Elke ging erachteraan. Ze was heel snel. Ze pakte de steen weer vast. Ze nam hem naar de kust. Ze legde hem neer. Ze was heel trots.

Vanaf toen was Elke de baas van de steen. Ze nam hem overal mee naartoe. Ze was heel gelukkig."
meta-llama/llama-3.1-8b-instruct,"
Je bent een verteller van een kort verhaal (rond de 200 woorden).
Gebruik alleen hele simpele woorden die een 3-jarig kind kan begrijpen.
Geef het verhaal geen titel of introductie.
",Vertel een verhaal.,"Er was eens een hondje. Hij heette Max. Max was een vrolijke hond. Hij had een mooie roodbruine vacht en een lange staart.

Max woonde bij een oude man. De oude man heette Piet. Piet gaf Max veel liefde. Max ging elke dag met Piet wandelen.

Een dag kwam er een kleine vogeltje neer op Max' rug. Het vogeltje had een breuk in zijn vleugel. Max was bang dat het vogeltje ziek was. Hij liep snel terug naar Piet.

Piet keek naar het vogeltje en zei: ""Rustig maar, Max. Het vogeltje zal wel beter worden."" Piet nam het vogeltje in zijn hand en gaaf hem wat eten.

Na een paar dagen was het vogeltje beter. Het vloog weg en Max en Piet keken hem na. Max was blij dat hij het vogeltje had geholpen.

Piet gaf Max een knuffel en zei: ""Je bent een goede hond, Max."" Max was trots en hij gaf Piet een snuit."
meta-llama/llama-3.1-8b-instruct,"
Je bent een verteller van een kort verhaal (rond de 200 woorden).
Gebruik alleen hele simpele woorden die een 3-jarig kind kan begrijpen.
Geef het verhaal geen titel of introductie.
",Vertel een verhaal.,"Er was één keer een kleine zwanenmeisje. Ze heette Luna. Luna woonde bij een klein meer. Ze hield van zwemmen en spelen in het water.

Een dag vond Luna een klein schipje. Het was rood en wit en had een klein roer. Ze nam het schipje en begon te spelen in het water. Ze maakte kleine golven en lachte van vreugde.

Maar toen kwam er plotseling een sterk windje. Het schipje dreigde om te vallen! Luna probeerde het schipje vast te houden, maar het was te zwaar.

Net op tijd kwam een vriendelijke vis. Hij was heel sterk en hielp Luna om het schipje vast te houden. Samen konden ze het schipje veilig naar de oever brengen.

Luna was heel dankbaar en beloofde de vis dat ze hem altijd zou helpen. En vanaf dan waren ze de beste vrienden. Ze speelden samen en waren heel gelukkig."
meta-llama/llama-3.1-8b-instruct,"
Je bent een verteller van een kort verhaal (rond de 200 woorden).
Gebruik alleen hele simpele woorden die een 3-jarig kind kan begrijpen.
Geef het verhaal geen titel of introductie.
",Vertel een verhaal.,"Er was eens een klein beertje. Het woonde in een klein bos. Het beertje was erg lief en had een mooi rood manteltje.

Een dag ging het beertje op stap. Het zocht naar bergen en valleien. Het liep door het bos, over heuvels en door velden.

Toen het beertje een groot meer zag, besloot het om naar de waterkant te gaan. Het beertje zocht naar visjes om te eten.

Opeens kwam een grote vis uit het water. De vis was rood en blauw. Het beertje had een idee: ""Ik wil een vriend worden van deze vis!""

Het beertje en de vis werden goede vrienden. Ze gingen samen zwemmen en spelen. Dat was leuk voor beide!

Sindsdien ging het beertje vaak naar de vis om te spelen. En de vis ging vaak met het beertje in het bos om te wandelen. Ze waren echt beste vrienden!"
meta-llama/llama-3.1-8b-instruct,"
Je bent een verteller van een kort verhaal (rond de 200 woorden).
Gebruik alleen hele simpele woorden die een 3-jarig kind kan begrijpen.
Geef het verhaal geen titel of introductie.
",Vertel een verhaal.,"Een kleine meid heette Lily. Ze woonde in een leuk huis met een groot speeltuintje. Lily had een hondje dat Pudding heette. Pudding was rood en had een lange staart.

Lily en Pudding gingen elke dag naar het park. Daar speelden ze met hun vriendjes. Ze gooiden balletjes, renden rond en klommen op de zandbakken.

Een dag kwam een grote regen. De hemel werd donker en het begon te regenen. Lily en Pudding moesten naar binnen. Ze zaten op de bank en keken uit het raam.

Toen de regen ophield, ging Lily en Pudding weer naar buiten. Ze speelden in de modder. Pudding was helemaal moddervet. Lily lachte hard.

Lily en Pudding waren gelukkig in de zon. Ze keken naar de bloemen die weer opkwamen. De wereld leek weer kleurrijk en leuk.

Lily gaf Pudding een knuffel. ""Ik hou van jou, Pudding."" Pudding kwam met zijn neus naar Lily toe en snoof aan haar wang."
meta-llama/llama-3.1-8b-instruct,"
Je bent een verteller van een kort verhaal (rond de 200 woorden).
Gebruik alleen hele simpele woorden die een 3-jarig kind kan begrijpen.
Geef het verhaal geen titel of introductie.
",Vertel een verhaal.,"Een kleine vogeltje woonde in een boom. Hij had een mooi groen verenpakje aan. De vogeltje hield van zingen. Hij zong heel hard: ""Tweet, tweet, tweet!"" 

Een vriendelijke kat kwam bij de boom. De kat vroeg: ""Hoe gaat het met jou, vogeltje?"" De vogeltje antwoordde: ""Ik zing, ik zing!"" De kat zei: ""Dat klinkt leuk! Wil je met me meespelen?""

De vogeltje ging op de rug van de kat zitten. Ze renden samen door het bos. De vogeltje zong en de kat lachte. Ze speelden tot de zon onder ging. Toen ging de vogeltje terug naar zijn nest.

De kat zei: ""Bedankt voor het spelen, vogeltje!"" De vogeltje zei: ""Tot ziens, kat! Ik zie je morgen!"" De vogeltje sliep snel in en droomde over zijn leuke dag met de kat."
meta-llama/llama-3.1-8b-instruct,"
Je bent een verteller van een kort verhaal (rond de 200 woorden).
Gebruik alleen hele simpele woorden die een 3-jarig kind kan begrijpen.
Geef het verhaal geen titel of introductie.
",Vertel een verhaal.,"Er was een klein hondje. Hij heette Max. Max was een witte hond met een rood stippeltje op zijn neus.

Max woonde bij een klein meisje. Ze heette Lieve. Lieve gaf Max een warme knuffel elke avond.

Een dag ging Max op avontuur. Hij liep naar buiten en zag een balletje liggen. Max pakte het balletje in zijn bek en liep ermee terug naar Lieve.

Lieve was zo blij dat Max het balletje had gevonden. Ze gaf hem een grote knuffel en een koekje. Max was heel blij en zakte neer in zijn mand.

Lieve zei: ""Dank je wel, Max. Je bent zo lief."" Max lag stil en sliep met een glimlach op zijn gezicht.

Lieve sloeg de deken over Max heen en zei: ""Slaap lekker, Max."" En Max sliep heel snel in."
meta-llama/llama-3.1-8b-instruct,"
Je bent een verteller van een kort verhaal (rond de 200 woorden).
Gebruik alleen hele simpele woorden die een 3-jarig kind kan begrijpen.
Geef het verhaal geen titel of introductie.
",Vertel een verhaal.,"Er was eens een klein konijn. Het konijn heette Fluffy. Fluffy woonde in een hol in de grond. Fluffy had een vriend, een vogel. De vogel heette Tweety.

Een dag besloot Fluffy en Tweety om een feestje te geven. Zij wilden eten en dansen. Fluffy ging naar de boerderij om brood te halen. Tweety ging naar de bloemen om bloemen te halen.

Toen Fluffy en Tweety terug kwamen, zagen zij een grote regenbui. Zij wilden nog steeds feesten. Zij deden hun sproeirecht open en dansten door de regen.

De regen maakte het feestje nog leuker. Fluffy en Tweety dansten en lachten. Hun feestje was het leukste feestje dat ooit was geweest.

Toen de regen ophield, gingen Fluffy en Tweety naar bed. Zij sliepen met een glimlach op hun gezichten. Zij wisten dat ze nog een leuk feestje zouden hebben."
meta-llama/llama-3.1-8b-instruct,"
Je bent een verteller van een kort verhaal (rond de 200 woorden).
Gebruik alleen hele simpele woorden die een 3-jarig kind kan begrijpen.
Geef het verhaal geen titel of introductie.
",Vertel een verhaal.,"Er woonde een hond genaamd Max. Max was een vriendelijke hond. Hij had een rood rokje aan en een grote baard.

Max ging naar het park om te spelen. Hij zag een bal liggen. Max pakte de bal op en begon te rennen. Hij wilde de bal in het water gooien.

Max kwam bij het water en gooide de bal erin. Toen hij terugkwam, zat een vogel op de bal. Max wilde de vogel niet storen, dus hij ging weg.

Een jonge meid kwam naar het water. Ze zag de vogel op de bal zitten. Ze glimlachte en zei: ""Hoe fijn, een vogel op de bal!""

De meid ging naar huis en pakte een appel. Ze gooide de appel in het water. De vogel kwam naar de appel vliegen. De vogel vloog weg met de appel.

De meid was blij. Max keek toe en glimlachte ook. Hij was blij dat de vogel een appel had gekregen. Max ging terug naar huis en ging slapen."
meta-llama/llama-3.1-8b-instruct,"
Je bent een verteller van een kort verhaal (rond de 200 woorden).
Gebruik alleen hele simpele woorden die een 3-jarig kind kan begrijpen.
Geef het verhaal geen titel of introductie.
",Vertel een verhaal.,"Er was eens een kleinebeer. Hij heette Timmy. Timmy was gelukkig in zijn kleine huurke. Hij had een klein bed, een klein tafeltje en een klein stoeltje. In zijn keuken stond een klein fornuis. Timmy kookte elke dag zijn favoriete maaltijd: een klein broodje met een klein stukje kaas.

Timmy had een beste vriend. Hij heet Kip. Kip was een klein, witte kip. Hij woonde in Timmy's tuin. Kip kon heel snel rennen. Hij rende altijd naar het kleine poeltje in de tuin. Daar dronk hij water en at hij kleine insecten.

Een dag ging Timmy en Kip naar de winkel. Ze kochten een klein potje appelmoes en een klein stukje kaas. Toen ze terugkwamen, aten ze samen hun lunch. Kip at de appelmoes uit het potje. Timmy at de kaas uit zijn hand. Ze waren allebei heel gelukkig."
meta-llama/llama-3.1-8b-instruct,"
Je bent een verteller van een kort verhaal (rond de 200 woorden).
Gebruik alleen hele simpele woorden die een 3-jarig kind kan begrijpen.
Geef het verhaal geen titel of introductie.
",Vertel een verhaal.,"Er was eens een kleine hond. Hij heette Max. Max was een zonnige hond. Hij hield van spelen.

Max woonde bij een meisje. Het meisje heette Emma. Emma hield van Max. Max hield van Emma.

Emma gaf Max een bal. Max was zo blij! Hij pakte de bal en begon te rennen. Hij rende door het park. Hij rende langs kinderen die zaten te spelen.

Max gooide de bal omhoog. De bal vloog door de lucht. Max ving de bal en begon te zingen. Hij zong een liedje over zijn gebal. Emma lachte. Max was zo blij dat hij Emma maakte aan het lachen.

Max ging terug naar Emma. Hij gaf haar de bal. Emma gaf Max een knuffel. Max was heel gelukkig. Hij hield van Emma en ze hielden van hem. Ze waren een gelukkig gezinnetje."
meta-llama/llama-3.1-8b-instruct,"
Je bent een verteller van een kort verhaal (rond de 200 woorden).
Gebruik alleen hele simpele woorden die een 3-jarig kind kan begrijpen.
Geef het verhaal geen titel of introductie.
",Vertel een verhaal.,"Er was eens een leuke konijn. Hij heette Benny. Benny woonde in een mooie tuin met veel bloemen en groene gras. Hij ging elke dag naar buiten om te spelen.

Benny was heel snel en kon overal naar toe springen. Hij speelde met zijn vrienden, een vogeltje en een eekhoorn. Ze renden door de tuin en speelden verstoppertje.

Een dag ging Benny naar een grote moestuin. Daar groeiden erwten en aardappels. Benny vond een groot aardappeltje en pakte het op. Hij at het op en het was heel zoet.

Toen Benny terug aan het begin van de tuin kwam, ontdekte hij een klein beertje. Het beertje was verdwaald. Benny hielp het beertje terug naar zijn moeder.

De moeder van het beertje was heel dankbaar. Ze gaf Benny een rode appel. Benny was heel blij en ging terug naar zijn vrienden. Ze gingen samen naar de zon kijken en deden een dutje."
meta-llama/llama-3.1-8b-instruct,"
Je bent een verteller van een kort verhaal (rond de 200 woorden).
Gebruik alleen hele simpele woorden die een 3-jarig kind kan begrijpen.
Geef het verhaal geen titel of introductie.
",Vertel een verhaal.,"Er was eens een kleine hond. Hij heette Max. Max had een rood hondje voetje. Hij was heel snel. Max ging naar de speeltuin. Daar was een grote trampoline.

Max sprong op de trampoline. Hij vloog in de lucht. Hij lachte en joelde. Max wilde nog een keer springen. Maar hij gleed uit. Max viel op de grond.

Max kwam met een grote smak op zijn stof. Hij was een beetje verdwaasd. Maar Max stond snel op. Hij was niet gewond. Max ging weer naar de trampoline. Hij sprong nog een keer.

Max vloog weer in de lucht. Hij lachte en joelde. Max was heel blij. Hij sprong nog een keer. En nog een keer. Max was de blijste hond ter wereld.

Toen ging Max naar huis. Hij was heel moe. Max ging slapen. Hij sliep met een grote glimlach op zijn gezicht. Want Max wist dat hij de volgende dag weer kon springen."
meta-llama/llama-3.1-8b-instruct,"
Je bent een verteller van een kort verhaal (rond de 200 woorden).
Gebruik alleen hele simpele woorden die een 3-jarig kind kan begrijpen.
Geef het verhaal geen titel of introductie.
",Vertel een verhaal.,"Er was eens een vader die woonde in een klein dorp. Hij had een klein jongetje genaamd Tom. Tom had een hondje genaamd Max. Max was een lief hondje dat alles wilde spelen.

Een dag ging de vader naar de winkel. Hij kocht een bal voor Tom. Tom was zo blij! Hij wilde meteen met de bal spelen. Hij liep naar buiten en gooide de bal voor Max. Max ging erachter aan en bracht de bal terug.

Tom was zo trots op Max. Hij gaf hem een knuffel en zei: ""Je bent de beste hond van de wereld, Max!"" Max keek Tom aan met zijn groene ogen en blafte tevreden.

Toen de zon onderging, ging Tom naar binnen. Hij lag op bed en dacht aan Max. Hij glimlachte en zei: ""Ik hou van je, Max.""

De volgende dag begon het weer van voren af aan. Tom gooide de bal en Max bracht hem terug. En zo ging het elke dag. Tom en Max waren het beste vriendje van elkaar."
meta-llama/llama-3.1-8b-instruct,"
Je bent een verteller van een kort verhaal (rond de 200 woorden).
Gebruik alleen hele simpele woorden die een 3-jarig kind kan begrijpen.
Geef het verhaal geen titel of introductie.
",Vertel een verhaal.,"Een kleine beer had een mooi grote bal. Hij wilde de bal laten rollen. Hij liet hem rollen naar beneden.

De bal ging snel rollen. Hij ging zo hard rollen dat hij een rivier over ging. De beer was heel bang. Hij wilde dat de bal terug zou komen.

Een leuke vis viste de bal op. De vis zei: ""Hallo kleine beer! Wil je dat ik de bal terugbreng?""

De kleine beer was zo blij. ""Ja, graag!"" zei hij.

De vis ging met de bal terug. De kleine beer was heel dankbaar. Hij gaf de vis een knuffel.

Nu hebben de kleine beer en de vis een goede vriend. Ze spelen samen en hebben veel plezier. De kleine beer speelt niet meer alleen met zijn bal. Hij heeft nu vrienden om mee te spelen."
meta-llama/llama-3.1-8b-instruct,"
Je bent een verteller van een kort verhaal (rond de 200 woorden).
Gebruik alleen hele simpele woorden die een 3-jarig kind kan begrijpen.
Geef het verhaal geen titel of introductie.
",Vertel een verhaal.,"Er was eens een klein konijn. Het konijn was heel snel. Het konijn kon over het gras lopen en over de heuvels springen.

Een keer kwam het konijn een prachtig bos in. In het bos stond een grote boom. Er zat een nest in de boom.

Boven in het nest zat een lieve vogel. De vogel had prachtige witte vleugels. De vogel kwam naar beneden en vroeg aan het konijn: ""Waar kom je vandaan?""

Het konijn antwoordde: ""Ik kom uit de wei. Ik wilde graag een stukje door het bos lopen.""

De vogel zei: ""Kom je maar mee naar mijn nest? Dan hebben we samen een heerlijk uitzicht.""

Het konijn ging mee naar het nest. Het konijn en de vogel keken samen uit over de bos. Ze zagen de zon schijnen en de vogels vliegen.

Het konijn en de vogel werden vrienden en gingen vaak samen op avontuur."
meta-llama/llama-3.1-8b-instruct,"
Je bent een verteller van een kort verhaal (rond de 200 woorden).
Gebruik alleen hele simpele woorden die een 3-jarig kind kan begrijpen.
Geef het verhaal geen titel of introductie.
",Vertel een verhaal.,"Er was een klein konijntje. Het konijntje had een rode neus. Het konijntje woonde in een groene wei. Er groeiden bloemen in de wei.

Het konijntje hield van bloemen. Het konijntje ging liggen. Het konijntje zag een lekkere bloem. De bloem was rood. De koningin van de roos kwam langs.

Ze zei: ""Hallo, klein konijntje!"" Het konijntje zei: ""Hallo!"" De koningin van de roos gaf het konijntje een roos. Het konijntje was blij.

Het konijntje nam de roos in zijn bek. Hij ging naar zijn hok. Hij legde de roos in een vaas. Het konijntje was heel blij. Hij had een prachtige roos.

Het konijntje sliep in zijn hok. Hij had een lief kussen. Er lag een roos op het kussen. Het konijntje sliep met zijn ogen open. Hij dacht aan zijn roos."
meta-llama/llama-3.1-8b-instruct,"
Je bent een verteller van een kort verhaal (rond de 200 woorden).
Gebruik alleen hele simpele woorden die een 3-jarig kind kan begrijpen.
Geef het verhaal geen titel of introductie.
",Vertel een verhaal.,"Er was eens een klein konijn. Hij woonde in een prachtig bos vol met bloemen en bomen. Het konijn heette Flo. Flo was heel lief en hij hield van spelen.

Flo zag een klein vogeltje zitten op een tak. Het vogeltje at een appel. Flo was heel graag ook een appel. Hij vroeg het vogeltje: ""Mag ik ook een appel?""

Het vogeltje lachte en zei: ""Ja, ik mag je wel! Hier is een appel voor jou.""

Flo was heel blij. Hij at zijn appel en hij viel in slaap. Het vogeltje vloog weg en zei: ""Tot ziens, Flo!""

De volgende dag kwam het vogeltje weer terug. ""Ik breng je een andere appel,"" zei het vogeltje. ""En ik zal je laten zien hoe je een appel moet plukken.""

Flo was heel blij en hij leerde het vogeltje hoe hij een appel moest plukken. Nu had Flo twee appels en een vriend."
meta-llama/llama-3.1-8b-instruct,"
Je bent een verteller van een kort verhaal (rond de 200 woorden).
Gebruik alleen hele simpele woorden die een 3-jarig kind kan begrijpen.
Geef het verhaal geen titel of introductie.
",Vertel een verhaal.,"Er was eens een kleine vos. Hij heette Piet. Piet was heel slim. Hij kon overal doorheen kijken.

Een dag ging Piet op jacht. Hij zocht naar een eitje. Hij rende door het bos. Hij sprong over een beekje. Hij klom over een heuvel.

Piet kwam bij een nest. Daar lagen twee eieren. Hij sprong op het nest. Maar hij viel op zijn billen. De eieren vielen op de grond.

De moeder uil keek naar Piet. ""Wat doe jij hier?"" vroeg ze. Piet zei: ""Ik wilde een eitje eten."" De moeder uil lachte. ""Je kunt een eitje niet eten als je het niet zelf legt.""

Piet liep weg. Hij was trots. Hij had geleerd dat je niet alles kunt hebben als je het niet zelf doet. En hij vond een klein eitje in de grond. Hij at het op. Hij was heel tevreden."
meta-llama/llama-3.1-8b-instruct,"
Je bent een verteller van een kort verhaal (rond de 200 woorden).
Gebruik alleen hele simpele woorden die een 3-jarig kind kan begrijpen.
Geef het verhaal geen titel of introductie.
",Vertel een verhaal.,"Er waren eens drie vriendjes: Max, Lukas en Sander. Ze waren erg leuk en speelden samen.

Een dag gingen ze op avontuur in de bos. Ze liepen door het zachte gras en keken naar de bloemen. Ze zagen een kleine vogel in een boom zitten.

Max zei: ""Kijk, een vogel!"" Lukas zei: ""Ja, wat een prachtig vogeltje!"" Sander zei: ""Ik wil hem zien."" Ze keken naar de vogel tot hij wegvloog.

Toen gingen ze verder op avontuur. Ze ontdekten een beek waar ze hun voeten in konden steken. ""Het water is koud!"" zei Max. ""Ja, het is lekker!"" zei Lukas.

Sander viel in het water. ""Hé, Sander! Je bent nat!"" zeiden de andere twee vriendjes. Sander lachte en zei: ""Dat is leuk!"" Ze liepen verder en hadden een geweldig avontuur."
meta-llama/llama-3.1-8b-instruct,"
Je bent een verteller van een kort verhaal (rond de 200 woorden).
Gebruik alleen hele simpele woorden die een 3-jarig kind kan begrijpen.
Geef het verhaal geen titel of introductie.
",Vertel een verhaal.,"Hij heette Tim. Tim was een klein jongetje. Hij had een hond genaamd Max. Max was een leuke hond. Hij was zwart en had witte vlekken.

Een dag ging Tim en Max naar de speeltuin. Ze speelden op de trampoline. Tim springte hoog en Max sprong naast hem.

Toen gingen ze naar het park. Ze zagen een mooie vlieger. Max wilde de vlieger pakken. Hij sprong op de vlieger. De vlieger vloog weg.

Tim lachte. ""Haha, Max!"" zei hij. Max keek omhoog en zag de vlieger. Hij wilde de vlieger pakken. Hij sprong nog een keer. De vlieger vloog nog hoger.

Tim en Max gingen naar huis. Ze waren moe. Ze gingen slapen. De volgende dag gingen ze weer naar de speeltuin. Ze speelden nog een keer op de trampoline.

Tim en Max waren beste vrienden. Ze hadden veel plezier samen."
meta-llama/llama-3.1-8b-instruct,"
Je bent een verteller van een kort verhaal (rond de 200 woorden).
Gebruik alleen hele simpele woorden die een 3-jarig kind kan begrijpen.
Geef het verhaal geen titel of introductie.
",Vertel een verhaal.,"Er was eens een hond. Hij was een beetje dik. Hij liep naar het park. Daar zag hij een bal. De bal rolde weg. De hond ging achter de bal aan.

De bal rolde over de grond. De hond rende snel. Hij wilde de bal te pakken krijgen. Maar de bal ging onder een brug. De hond ging ook onder de brug.

Toen hij weer uitkwam, zag hij een kat. De kat keek hem aan. De hond zei: ""Hoe gaan jij en ik de bal te pakken krijgen?""

De kat zei: ""Ik kan klimmen."" De hond zei: ""Ik kan springen."" Ze gingen samen de bal te pakken krijgen.

De kat klom op een boom. De hond sprong naar de bal. De kat gaf hem een duw. De bal ging naar de hond. De hond pakte hem op. Hij was zo blij.

De hond en de kat werden vrienden. Ze speelden samen in het park. Ze hadden een leuke dag."
meta-llama/llama-3.1-8b-instruct,"
Je bent een verteller van een kort verhaal (rond de 200 woorden).
Gebruik alleen hele simpele woorden die een 3-jarig kind kan begrijpen.
Geef het verhaal geen titel of introductie.
",Vertel een verhaal.,"Er was eens een klein konijn. Het konijn had een mooie tuin. In de tuin groeiden bloemen en groene bladeren.

Een dag kwam er een regen. De regen maakte de tuin nat. Het konijn werd nat.

Het konijn ging naar binnen. Het konijn pakte een schommel. Het konijn ging op de schommel zitten.

Toen het konijn op de schommel zat, begon het te schommelen. Het konijn lachte en viel op de grond.

Het konijn stond op en ging naar buiten. De regen was gestopt. De zon scheen.

Het konijn ging naar de bloemen kijken. De bloemen bloeiden. Het konijn lachte en nam een bloem.

Het konijn nam de bloem naar binnen. Het konijn gaf de bloem aan zijn moeder. Zijn moeder was blij met de bloem."
meta-llama/llama-3.1-8b-instruct,"
Je bent een verteller van een kort verhaal (rond de 200 woorden).
Gebruik alleen hele simpele woorden die een 3-jarig kind kan begrijpen.
Geef het verhaal geen titel of introductie.
",Vertel een verhaal.,"Een kleine duif had een klein nest. Ze woonde bij een grote boom. De duif had een klein ei. Haar ei was wit en hard.

De duif legde zich neer op het ei. Ze wachtte. Dag en nacht wachtte ze. Veel tijd ging voorbij.

Toen het ei begon te schudden, voelde de duif zich blij. Ze wachtte niet meer. Ze keek naar het ei. Er kwam een kleine duif uit. De kleine duif was wit en klein.

De kleine duif kwam op de grond. Hij keek naar de grote boom. Hij keek naar zijn moeder. Zijn moeder keek naar hem.

De kleine duif liep naar zijn moeder. Hij kwam dichtbij. Hij zei niet veel. Hij zei alleen ""Mama"".

De kleine duif keek naar zijn moeder. Hij keek naar zijn ei. Hij was klein en sterk. Hij was een kleine duif.

De duif en haar zoon liepen samen. Ze gingen naar de boom. Ze keken naar de wereld. Ze waren blij."
meta-llama/llama-3.1-8b-instruct,"
Je bent een verteller van een kort verhaal (rond de 200 woorden).
Gebruik alleen hele simpele woorden die een 3-jarig kind kan begrijpen.
Geef het verhaal geen titel of introductie.
",Vertel een verhaal.,"Er was eens een klein konijntje. Het konijntje was heel snel en kon overal heen rennen. Het was erg moeiteloos.

Eenmaal was het konijntje heel hongerig. Het ging naar de wei om gras te eten. Maar toen het konijntje bij de wei kwam, zag het een groot stuk kaas liggen.

Het konijntje dacht: ""Ooh, kaas! Dat smaakt zo lekker."" En het konijntje ging kaas eten.

Maar de kaas was heel hard en het konijntje kon hem niet doorslikken. Het konijntje begon te huilen.

Net op tijd kwam een vriendelijke kat. De kat zei: ""Rustig maar, kleine konijntje. Ik help je."" De kat slikte de kaas door en gaf hem aan het konijntje.

Het konijntje was heel dankbaar en zei: ""Dank je wel, vriendelijke kat. Je bent een goed vriend."" En de twee werden vrienden."
meta-llama/llama-3.1-8b-instruct,"
Je bent een verteller van een kort verhaal (rond de 200 woorden).
Gebruik alleen hele simpele woorden die een 3-jarig kind kan begrijpen.
Geef het verhaal geen titel of introductie.
",Vertel een verhaal.,"Er woonde een klein jongetje. Hij had een hond. De hond heette Max. Max was heel snel. 

Een dag ging de jongetje en Max naar het park. Ze speelden op de speelplaats. Max rende rond en blafte. De jongetje lachte veel.

Toen zagen ze een klein vogeltje. Het vogeltje had een brede vleugel en was blauw. Max wilde het vogeltje achterna. Maar de jongetje zei: ""Max, laat het vogeltje met rust.""

Max gehoorde de jongetje. Hij ging naast de jongetje zitten. Ze keken naar het vogeltje. Het vogeltje vloog weg.

De jongetje zei: ""Ik ben blij dat Max het vogeltje niet kwaad deed."" Max blafte tevreden en de jongetje gaf hem een knuffel. Ze gingen naar huis."
meta-llama/llama-3.1-8b-instruct,"
Je bent een verteller van een kort verhaal (rond de 200 woorden).
Gebruik alleen hele simpele woorden die een 3-jarig kind kan begrijpen.
Geef het verhaal geen titel of introductie.
",Vertel een verhaal.,"Er woonde een leuke hond genaamd Max. Max had een vriendje, een jongen genaamd Tim. Ze speelden samen in de tuin van Tim.

Een dag vond Max een klein zandloperje in de tuin. Hij pakte het op en bracht het naar Tim. Tim was heel blij met het zandloperje.

Samen gingen Max en Tim naar de speeltuin. Daar speelden ze op de schommels en klommen in de kast. Max was een beetje bang voor het klimmen, maar Tim hielp hem.

Na een tijdje gingen ze naar het park. Daar speelden ze met een bal en renden ze over het gras. Max was heel snel en Tim begon te lachen.

Na een heerlijke dag speelden ze eindelijk thuiskomend. Max en Tim waren beiden heel blij en moe. Ze gingen slapen, met mooie dromen over hun leuke dag."
meta-llama/llama-3.1-8b-instruct,"
Je bent een verteller van een kort verhaal (rond de 200 woorden).
Gebruik alleen hele simpele woorden die een 3-jarig kind kan begrijpen.
Geef het verhaal geen titel of introductie.
",Vertel een verhaal.,"Een kleine vogel vloog door de lucht. Hij had een mooi groen verenkleed. De vogel zocht naar eten. Hij vond een klein broodje. Hij pakte het broodje en at het op.

Na het eten vond de vogel een schone beek. Hij dronk water uit de beek. Hij voelde zich gelukkig. De vogel vloog verder.

Hij zag een kleine kat. De kat zag de vogel. De kat wilde de vogel vangen. Maar de vogel was snel. Hij vloog weg voordat de kat hem kon pakken.

De vogel vloog verder en vond een prachtig bos. Hij vloog tussen de bomen door. Hij voelde zich heel vrij.

Een grote vogel zag de kleine vogel. De grote vogel was een moeder. Ze vond de kleine vogel en nam hem onder haar vleugels. Ze hielp hem veilig terug naar zijn nest."
meta-llama/llama-3.1-8b-instruct,"
Je bent een verteller van een kort verhaal (rond de 200 woorden).
Gebruik alleen hele simpele woorden die een 3-jarig kind kan begrijpen.
Geef het verhaal geen titel of introductie.
",Vertel een verhaal.,"Een kleine roodharige meid. Ze heet Lieve. Lieve had een schattig hondje. Ze noemde het hondje Max. Max was groot en zacht. Lieve hield van Max.

Een dag ging Lieve op een wandeling met Max. Ze liepen over een groene heuvel. Daar zagen ze een klein vogeltje. Het vogeltje had een blauw pootje. Lieve wilde een bloem plukken. Maar Max zag het vogeltje. Het vogeltje vloog weg. Max rende ook weg. Hij rende naar het vogeltje.

Lieve lachte hard. ""Max, kom terug!"" Ze holde achter Max aan. Max kwam terug. Hij kwam met een blauw pootje in zijn bek. Lieve was blij. Ze gaf Max een knuffel. ""Dank je, Max."" Lieve en Max gingen weer naar huis. Max had een speciaal pootje in zijn mand."
meta-llama/llama-3.1-8b-instruct,"
Je bent een verteller van een kort verhaal (rond de 200 woorden).
Gebruik alleen hele simpele woorden die een 3-jarig kind kan begrijpen.
Geef het verhaal geen titel of introductie.
",Vertel een verhaal.,"Er was een klein beertje. Het beertje heette Bert. Bert was heel lief. Hij hield van appelblokjes.

Een dag ging Bert naar de bos. Hij vond een klein appeltje. Bert was heel blij en at het appeltje op.

Daarna ging Bert naar de rivier. Hij wilde een bootje varen. Hij vond een klein bootje. Bert stapte in het bootje en voer over de rivier.

Toen hij op de andere oever was, zag hij een andere beertje. Dat beertje heette Bram. Bram was even lief als Bert.

Bram en Bert werden vrienden. Ze speelden samen in het bos. Ze aten appelblokjes en vlogen op een wip van de boom.

Zo leefden Bram en Bert samen. Hun liefde voor appelblokjes bracht hen bij elkaar. Ze waren vooral blij om bij elkaar te zijn."
meta-llama/llama-3.1-8b-instruct,"
Je bent een verteller van een kort verhaal (rond de 200 woorden).
Gebruik alleen hele simpele woorden die een 3-jarig kind kan begrijpen.
Geef het verhaal geen titel of introductie.
",Vertel een verhaal.,"Er was eens een leuke hond genaamd Max. Max had een klein huis met zijn baas. Ze woonden in een leuk dorpje bij het water.

Een dag had Max zin om op avontuur uit te gaan. Hij liep naar het water en sprong in het water. Hij zwom en zwom totdat hij een klein eiland vond.

Op het eiland vond Max een leuke kat. De kat heette Whiskers. Ze werd gehouden door een vriendelijke oude dame. De oude dame was erg blij dat Max en Whiskers elkaar leerden kennen.

Max en Whiskers werden dikke vrienden. Ze speelden samen op het eiland en gingen zwemmen. De oude dame was erg blij dat Max en Whiskers samen waren.

Max ging terug naar zijn huis, maar hij was tevreden dat hij Whiskers had ontmoet. Hij kon niet wachten om weer op het eiland te gaan en met Whiskers te spelen."
meta-llama/llama-3.1-8b-instruct,"
Je bent een verteller van een kort verhaal (rond de 200 woorden).
Gebruik alleen hele simpele woorden die een 3-jarig kind kan begrijpen.
Geef het verhaal geen titel of introductie.
",Vertel een verhaal.,"Er leefde een jongetje genaamd Max. Hij woonde in een klein stadje op het platteland. Max had een zwarte hond genaamd Rex. Rex was heel snel.

Een keer ging Max en Rex naar het bos. Ze zochten naar appels. Max wilde appelcake bakken voor zijn moeder.

Rex vond een appelboom. Max klom in de boom. Hij plukte veel appels. Rex bleef beneden liggen.

Toen Max klaar was, klom hij weer naar beneden. Hij gaf Rex een appel. Rex at het appeltje op.

Max en Rex gingen terug naar huis. Ze namen de appels mee. Max' moeder was heel blij met de appels. Ze bakte een lekker appelcake.

Max en Rex aten van de appelcake. Ze vonden hem heel lekker. Max was blij met Rex. Hij was een goede hond."
meta-llama/llama-3.1-8b-instruct,"
Je bent een verteller van een kort verhaal (rond de 200 woorden).
Gebruik alleen hele simpele woorden die een 3-jarig kind kan begrijpen.
Geef het verhaal geen titel of introductie.
",Vertel een verhaal.,"Er woonde een kleine eend. Hij heette Eddy. Eddy woonde bij een lief klein meer. Hij had vrienden die ook bij het meer woonden. Ze waren een vis, een zwaan en een konijn.

Een dag ging Eddy zwemmen. Hij zwom over het meer. Hij zag een grote vis. Die vis was dik en rood. Eddy had veel honger. De vis had ook honger. Hij wilde niet worden gegeten.

Eddy zei: ""Hallo, grote vis! Ik wil je niet eten. Ik wil je helpen."" De vis was blij. Hij zei: ""Dank je wel, Eddy. Hier is een appel. Dit is voor jou.""

Eddy en de vis werden vrienden. Ze speelden samen bij het meer. Ze gingen zwemmen en vissen. Eddy en de vis hadden veel plezier.

De zwaan en het konijn kwamen ook bij hen. Ze speelden samen. Ze hadden een feestje bij het meer. Eddy en zijn vrienden hadden veel plezier samen."
meta-llama/llama-3.1-8b-instruct,"
Je bent een verteller van een kort verhaal (rond de 200 woorden).
Gebruik alleen hele simpele woorden die een 3-jarig kind kan begrijpen.
Geef het verhaal geen titel of introductie.
",Vertel een verhaal.,"Er was eens een kleine hond. Hij heette Max. Max was heel lief. Hij had een rood hondje-vestje aan.

Max had een beste vriend. Hij heette Tom. Tom was een grote kat. Hij was heel sterk.

Een dag ging Max en Tom naar de park. Het was een zonnige dag. Max en Tom speelden samen.

Ze speelden met bal en touw. Ze renden snel rond. Max en Tom waren heel blij.

Toen begon het te regenen. Max en Tom gingen snel naar huis. Ze waren allebei nat.

Max en Tom droogden zich af bij de haard. Ze waren heel moe. Ze sliepen snel in.

De volgende ochtend ging Max en Tom weer naar buiten. Ze speelden weer samen. Ze waren heel blij. Max en Tom waren de beste vrienden. Ze waren heel lief voor elkaar."
meta-llama/llama-3.1-8b-instruct,"
Je bent een verteller van een kort verhaal (rond de 200 woorden).
Gebruik alleen hele simpele woorden die een 3-jarig kind kan begrijpen.
Geef het verhaal geen titel of introductie.
",Vertel een verhaal.,"Een klein hondje woonde in een klein huisje. Het hondje heette Max. Max was een leuk hondje. Hij had een rood hoofd en een witte staart.

Max hield van spelen. Hij ging naar buiten om te rennen. Hij kwam een konijn tegen. Max wilde het konijn vangen. Maar het konijn ging te snel. Max rende zo snel hij kon.

Max kwam bij een beekje. Hij ging drinken. Hij voelde zich koud. Toen hij uit de beek kwam, zag hij een mooie bloem. Hij ging erbij zitten.

Max voelde zich gelukkig. Hij had een leuke dag gehad. Hij ging terug naar zijn huisje. Hij ging slapen.

De volgende dag deed Max hetzelfde. Hij ging naar buiten om te rennen. Hij kwam weer een konijn tegen. Maar deze keer ving hij het konijn. Het konijn was blij. Max was blij. Hij had een leuke dag gehad."
meta-llama/llama-3.1-8b-instruct,"
Je bent een verteller van een kort verhaal (rond de 200 woorden).
Gebruik alleen hele simpele woorden die een 3-jarig kind kan begrijpen.
Geef het verhaal geen titel of introductie.
",Vertel een verhaal.,"Een kleurige vogel vloog over een groene weiland. Ze zocht naar appelbloesems. Ze vond een appelboom met mooie roze bloesems. De vogel vloog naar de boom. Ze at van de bloesems. Ze vond een appel die op de grond lag. Ze pakte de appel op en vloog weg.

Ze ging naar een vijver. Ze vond een bootje op de vijver. De vogel sprong in het bootje. Ze begon te zingen. Haar stem was heel lief. Het water was kalm. Het bootje gleed naar de overkant van de vijver.

Een hond kwam naar de vijver. Hij wilde spelen. De hond sprong in het water. De vogel vloog weg. Ze ging naar huis. Ze sliep in haar nest. De vogel sliep heel diep."
meta-llama/llama-3.1-8b-instruct,"
Je bent een verteller van een kort verhaal (rond de 200 woorden).
Gebruik alleen hele simpele woorden die een 3-jarig kind kan begrijpen.
Geef het verhaal geen titel of introductie.
",Vertel een verhaal.,"Er woonde een hond met een rood vacht. Hij heette Max. Max was lief en speelde graag met zijn vrienden. Een keer ging Max naar het park.

In het park zag Max een bal liggen. Hij vond hem leuk en wilde hem oppakken. Max pakte de bal in zijn bek en liep ermee terug naar zijn eigen huis.

Zijn vrienden zagen hem lopen en begonnen te spelen met hem. Ze gingen rondrennen en schreeuwden van vreugde. Max was blij dat zijn vrienden hem zagen en wilde nog meer spelen.

Toen de zon begon te zakken ging Max naar binnen om uit te rusten. Hij was moe van al het spel. Zijn vrienden bleven buiten spelen, maar Max viel in slaap. Hij had een fijne dag gehad. En hij wist dat hij de volgende dag weer naar het park zou gaan."
meta-llama/llama-3.1-8b-instruct,"
Je bent een verteller van een kort verhaal (rond de 200 woorden).
Gebruik alleen hele simpele woorden die een 3-jarig kind kan begrijpen.
Geef het verhaal geen titel of introductie.
",Vertel een verhaal.,"Er woonde een kleine hond. Hij was rood en hij had een lange staart. Hij hield van spelen. Elke dag ging hij met zijn vrienden naar het park.

Zijn naam was Roxy. Hij was erg lief. Hij gaf altijd een zoen aan zijn vriendinnen. Zijn beste vriend was een hond genaamd Max. Hij was blauw en hij kon heel hard rennen.

Een dag ging Roxy naar het park. Hij zag een bal liggen. Hij wilde de bal hebben. Maar Max wilde hem ook hebben. Ze begonnen te rennen naar de bal. Roxy was snel, maar Max was sneller.

Max kwam als eerste aan de bal. Roxy was trots op hem. Hij gaf zijn vriend een zoen. Max gaf hem terug. Ze speelden nog een tijdje en daarna gingen ze terug naar huis. Ze waren allebei moe.

Roxy en Max sliepen samen. Ze waren dikke vrienden. En ze speelden weer de volgende dag."
meta-llama/llama-3.1-8b-instruct,"
Je bent een verteller van een kort verhaal (rond de 200 woorden).
Gebruik alleen hele simpele woorden die een 3-jarig kind kan begrijpen.
Geef het verhaal geen titel of introductie.
",Vertel een verhaal.,"Er was eens een klein konijnje. Het konijnje heette Fluffy. Fluffy woonde in een zonnige tuin met veel bloemen.

Fluffy was heel blij in de tuin. Hij kon hard rennen en spelen met de vogels. Maar Fluffy had een probleem. Hij kon niet zwemmen.

Een dag ging Fluffy aan het water. Hij wilde graag het water in. Maar hij durfde niet. Toen zag hij een vis. De vis heette Finny. Finny zei: ""Kom maar, Fluffy! Ik help je.""

Finny nam Fluffy op zijn rug. Ze gingen samen in het water. Fluffy was heel bang. Maar Finny zei: ""Rustig maar, Fluffy! Ik heb je.""

Fluffy begon te lachen. Hij was zo blij dat hij het water in kon zonder angst. Vanaf die dag was Fluffy heel goed in het water en hij speelde samen met Finny. Ze waren de beste vrienden."
meta-llama/llama-3.1-8b-instruct,"
Je bent een verteller van een kort verhaal (rond de 200 woorden).
Gebruik alleen hele simpele woorden die een 3-jarig kind kan begrijpen.
Geef het verhaal geen titel of introductie.
",Vertel een verhaal.,"Er was eens een kleinebeer. Hij woonde in een klein huisje. Het huisje stond in een prachtig bos.

De kleinebeer ging naar buiten en keek om zich heen. Hij zag bloemen, bomen en vogels. Hij liep naar een rivier en liet zijn voetjes in het water zakken.

Toen hij naar het water keek, zag hij een vis. De vis kwam naar hem toe en begon te praten. ""Hallo kleinebeer, waar kom je vandaan?""

""Ik woon in dat huisje,"" zei de kleinebeer. ""Ik hou van het bos.""

""Dat is fijn,"" zei de vis. ""Ik hou ook van het bos. Ik kom hier veel vissen.""

De kleinebeer en de vis waren goede vrienden. Ze speelden samen in het bos en in de rivier. Ze hadden een leuk avontuur."
meta-llama/llama-3.1-8b-instruct,"
Je bent een verteller van een kort verhaal (rond de 200 woorden).
Gebruik alleen hele simpele woorden die een 3-jarig kind kan begrijpen.
Geef het verhaal geen titel of introductie.
",Vertel een verhaal.,"Er woonde een meisje dat genoemd werd Lente. Lente had een hondje dat hij kon noemen Rusty. Rusty was een rood hondje met een witte snuit.

Lente en Rusty waren beste vrienden. Ze liepen elke dag naar het park. In het park waren bloemen en appelbomen. Lente hield van de appelbloesems. Rusty hield van de bal die Lente altijd bij zich had.

Een dag ging Lente naar het park zonder een bal. Rusty was erg verdrietig. Maar toen zag hij een bal die in het gras lag. Rusty pakte de bal in zijn bek en liep naar Lente. Lente was zo blij met Rusty en nam de bal van hem af.

Lente en Rusty gingen weer naar huis. Ze speelden met de bal en renden door het park. Lente was blij met haar hondje en Rusty was blij met Lente. Ze waren beide gelukkig."
meta-llama/llama-3.1-8b-instruct,"
Je bent een verteller van een kort verhaal (rond de 200 woorden).
Gebruik alleen hele simpele woorden die een 3-jarig kind kan begrijpen.
Geef het verhaal geen titel of introductie.
",Vertel een verhaal.,"Er was eens een kleine hond. Hij heette Max. Max was heel lief en hij hield van spelen. Max woonde bij een jong meisje genaamd Emma.

Emma en Max gingen altijd samen wandelen. Ze gingen naar het park en ze speelden met ballen. Max was heel snel en hij kon de bal zo hard gooien dat Emma moest rennen om hem te vangen.

Eenmaal waren Emma en Max bij het strand. Ze gingen op een glijbaan en ze gingen heel hard naar beneden. Max had zo veel plezier dat hij begon te janken van vreugde.

Toen was het tijd om naar huis te gaan. Emma en Max gingen hand in paw naar huis. Ze waren heel gelukkig en ze wisten dat ze de beste vrienden waren.

Max ging naar bed en hij droomde van het strand en de glijbaan. Hij wist dat hij de volgende dag weer met Emma zou gaan spelen. En dat wist Emma ook."
meta-llama/llama-3.1-8b-instruct,"
Je bent een verteller van een kort verhaal (rond de 200 woorden).
Gebruik alleen hele simpele woorden die een 3-jarig kind kan begrijpen.
Geef het verhaal geen titel of introductie.
",Vertel een verhaal.,"Er was een klein hondje genaamd Max. Max was heel lief en had een rood hoofd. Hij woonde bij een meisje genaamd Emily.

Emily en Max gingen elke dag naar het park. Ze speelden samen op de schommels en op het zand. Max liep altijd voor Emily uit en blafte blij als hij een hond of een vogel zag.

Een dag viel Max in een plas water. Hij werd nat en rilde. Emily lachte en zei: 'Max, je bent nat!' Max blafte en rende naar Emily. Ze haalden hem uit de plas en droogden hem af.

Daarna gingen ze weer naar het zand. Max rolde zich op en liet de zon op zijn rug schijnen. Emily gaf hem een knuffel en zei: 'Ik hou van je, Max.' Max blafte blij en kuste Emily's gezicht."
meta-llama/llama-3.1-8b-instruct,"
Je bent een verteller van een kort verhaal (rond de 200 woorden).
Gebruik alleen hele simpele woorden die een 3-jarig kind kan begrijpen.
Geef het verhaal geen titel of introductie.
",Vertel een verhaal.,"Er was eens een klein konijn. Hij heette Benny. Benny woonde in een mooi bos met veel bomen. Hij had een klein huisje onder een boom.

Benny was erg slim. Hij hield van spelletjes. Elke dag ging hij naar het bos om te spelen. Hij rende en sprong door het bos.

Eén dag kwam Benny een meisje tegen. Ze heette Sophie. Sophie was ook slim. Ze had een knuffelbeertje met haar.

Benny en Sophie werden vrienden. Ze speelden samen in het bos. Ze renden en sprongen door de bladeren. Ze lachten en schaterden.

Een dag vonden Benny en Sophie een schat. Het was een klein doosje met een puzzel in. Ze wilden weten hoe het werkte. Benny en Sophie werkten samen. Ze sloten het doosje open.

Binnenin vonden ze een klein briefje. Het stond erop: ""Je bent een goede vriend!"" Benny en Sophie waren blij. Ze gaven elkaar een knuffel. Ze bleven vrienden en speelden nog veel meer."
meta-llama/llama-3.1-8b-instruct,"
Je bent een verteller van een kort verhaal (rond de 200 woorden).
Gebruik alleen hele simpele woorden die een 3-jarig kind kan begrijpen.
Geef het verhaal geen titel of introductie.
",Vertel een verhaal.,"Er was eens een klein konijntje. Het konijntje had een prachtig witte vacht en grote bruine ogen.

Het konijntje woonde in een grote tuin met veel bloemen en groene bladeren. Het konijntje hield van rennen en springen door de tuin.

Een keer zag het konijntje een bloem die heel erg mooi was. De bloem heette een zonnebloem. Het konijntje wilde heel graag de zonnebloem zien, maar ze was heel diep in de aarde.

Het konijntje dacht even na, en toen had het een idee. Het konijntje begon te graven in de aarde. Het graven ging heel langzaam, maar uiteindelijk was het konijntje bij de zonnebloem.

Het konijntje wilde heel graag de zonnebloem zien. Het tilde de zonnebloem uit de aarde en zag er mooi uit. Het konijntje was heel trots op zichzelf dat het de zonnebloem had gevonden. Het konijntje ging terug naar zijn nest en sliep wat."
meta-llama/llama-3.1-8b-instruct,"
Je bent een verteller van een kort verhaal (rond de 200 woorden).
Gebruik alleen hele simpele woorden die een 3-jarig kind kan begrijpen.
Geef het verhaal geen titel of introductie.
",Vertel een verhaal.,"Er was eens een klein koninkje. Het koninkje had een prachtige paard. Maar het paard was niet normaal. Het kon vliegen.

Het koninkje zat op zijn paard en ze vlogen over de lucht. Ze zagen wolken, vogels en zelfs een vliegtuig.

Het koninkje vroeg zijn paard: ""Paard, waar zijn we?""

Het paard antwoordde: ""We zijn in de lucht, koning. We vliegen over de hemel.""

Het koninkje vond het geweldig. Hij had nog nooit zo hoog gezeten. Hij voelde zich als een echte held.

Toen ze terug naar het koninkrijk keerden, stuurde het koninkje een brief aan alle kinderen. Hij schreef: ""Ik heb een paard dat kan vliegen! Kom en zie het zelf!""

Veel kinderen kwamen naar het koninkrijk om het prachtige vliegende paard te zien. En het koninkje was heel gelukkig."
meta-llama/llama-3.1-8b-instruct,"
Je bent een verteller van een kort verhaal (rond de 200 woorden).
Gebruik alleen hele simpele woorden die een 3-jarig kind kan begrijpen.
Geef het verhaal geen titel of introductie.
",Vertel een verhaal.,"Er was eens een klein konijn. Het konijn woonde in het bos. Het bos was heel groot en heel mooi. Er waren veel bomen, veel bloemen en veel vogels.

Het konijn had een vriend, een eekhoorn. De eekhoorn woonde in een boom. Hij had een prachtige woning met een kap en een deur.

Een dag besloot het konijn om bij de eekhoorn te gaan logeren. Het konijn liep door het bos naar de boom van de eekhoorn. Toen het konijn bij de boom aankwam, zei de eekhoorn: ""Hallo, kleine vriend! Kom je logeren?""

Het konijn zei: ""Ja, ik kom logeren."" De eekhoorn deed de deur open en liet het konijn binnen. Het konijn had een heel leuke tijd bij de eekhoorn. Hij at veel appel en hij speelde met de vogels.

De volgende dag ging het konijn terug naar huis. Hij zei tegen de eekhoorn: ""Dank je wel voor de leuke tijd!"" De eekhoorn zei: ""Kom maar terug als je wilt!"""
meta-llama/llama-3.1-8b-instruct,"
Je bent een verteller van een kort verhaal (rond de 200 woorden).
Gebruik alleen hele simpele woorden die een 3-jarig kind kan begrijpen.
Geef het verhaal geen titel of introductie.
",Vertel een verhaal.,"Er was eens een kleine vos. De vos heette Vosje. Vosje was heel snel. Hij kon hard rennen.

Een dag ging Vosje naar de bos. Hij zocht naar voedsel. Hij vond een kleine muizenbol. Vosje was heel blij.

Maar toen kwam een grote hond. De hond zag de muisbol en wilde hem hebben. Hij kwam naar Vosje toe.

Vosje moest vluchten. Hij rende heel hard. Hij ging onder een boom en bleef stil liggen. De hond kwam langs de boom en ging naar een andere kant.

Vosje was heel blij. Hij had de hond gemist. Hij ging terug naar zijn hol. Hij at zijn muisbol op en viel in slaap.

De volgende dag ging Vosje opnieuw naar de bos. Hij vond een andere muisbol. Hij was heel blij en at hem op. Hij was een wereldberoemde vos!"
meta-llama/llama-3.1-8b-instruct,"
Je bent een verteller van een kort verhaal (rond de 200 woorden).
Gebruik alleen hele simpele woorden die een 3-jarig kind kan begrijpen.
Geef het verhaal geen titel of introductie.
",Vertel een verhaal.,"Er was eens een klein beertje. Hij heette Bertje. Bertje woonde in een prachtig bos. In het bos groeiden lekkere bessen en appels. Bertje hield van appels.

Een dag ging Bertje op ontdekkingstocht. Hij liep door het bos en vond een mooie appelboom. Hij klom de boom in en plukte een appel. Hij nam een grote hap en ... Oei! De appel was zo sappig.

Bertje ging verder en kwam aan een vijver. Daar zat een leuke eend. De eend heette Eline. Eline vroeg Bertje: ""Wil je met me zwemmen?"" Bertje zei ja. Samen zwommen ze in de vijver.

Een tijdje later kwamen Bertje en Eline aan een strootje. Daar zaten twee vrienden, een konijn en een vogel. Ze lieten Bertje en Eline hun strootje zien. Bertje en Eline zagen wat moois.

Als het donker werd ging Bertje naar huis. Hij was moe van al dat lekkers doen. Hij sliep heel lekker."
meta-llama/llama-3.1-8b-instruct,"
Je bent een verteller van een kort verhaal (rond de 200 woorden).
Gebruik alleen hele simpele woorden die een 3-jarig kind kan begrijpen.
Geef het verhaal geen titel of introductie.
",Vertel een verhaal.,"Er was eens een klein konijntje. Het konijntje heette Flo. Flo woonde in een prachtige tuin met veel bloemen en groen gras.

Flo was erg dol op eten. Zijn favoriete voedsel was appel. Hij at elke dag een appel. Maar dan zag hij iets leuks. In de tuin groeide een appelboom!

Flo dacht: ""Ooh, een appelboom! Dat is geweldig!"" Hij liep naar de appelboom en begon te klimmen. Hij klom zo hoog dat hij bij de appelbladeren was.

Flo plukte een appel van de boom en at hem op. De appel was zoetzweet. Flo vond hem heerlijk. Hij at alle dagen een appel van de appelboom.

De tuinheer was erg blij dat Flo de appelboom zo leuk vond. Hij gaf Flo nog meer appels om te eten. Flo was zo gelukkig! Hij was de enige konijn die de appelboom kon klimmen.

Flo woonde nog lang in de tuin en at nog lang appels uit de appelboom."
meta-llama/llama-3.1-8b-instruct,"
Je bent een verteller van een kort verhaal (rond de 200 woorden).
Gebruik alleen hele simpele woorden die een 3-jarig kind kan begrijpen.
Geef het verhaal geen titel of introductie.
",Vertel een verhaal.,"Er was eens een jonge zwanenmeisje. Het had witte veren en een lange hals. Het woonde bij het meer met zijn moeder.

Een dag ging het zwanenmeisje een eitje zoeken. Het vond een prachtig groen eitje. Het nam het eitje mee naar de moeder.

De moeder was blij met het eitje. Ze zei: ""Dank je wel, kind! Nu hebben we een prachtig eitje voor het eten.""

Toen het eitje boven het vuur werd gezet, begon het te koken. Het zwanenmeisje zei: ""Moeder, het eitje is te heet!""

Maar de moeder zei: ""Nee, kind. Het eitje is goed. Kom, eten we het samen.""

Toen het eitje uit het vuur werd gehaald, aten de moeder en het zwanenmeisje het samen op. Het was echt heerlijk!"
meta-llama/llama-3.1-8b-instruct,"
Je bent een verteller van een kort verhaal (rond de 200 woorden).
Gebruik alleen hele simpele woorden die een 3-jarig kind kan begrijpen.
Geef het verhaal geen titel of introductie.
",Vertel een verhaal.,"Er was eens een klein konijntje. Het konijntje woonde in een groen bos. Het had een lekker warm huisje onder een boom.

Een dag ging het konijntje naar buiten. Het was mooi weer. Het konijntje vond mooie bloemen en lekker groene grassen.

Het konijntje zag een grote boer. De boer had een grote wagen vol met appels. Het konijntje vond de appels zo lekker.

Het konijntje ging naar de boer en vroeg: ""Mag ik een appel?""

De boer zei: ""Ja, neem een paar.""

Het konijntje nam twee appels en ging terug naar zijn huisje. Het at de appels en vond ze zo lekker.

Het konijntje was heel gelukkig. Het had een mooie dag gehad en had lekker gegeten."
meta-llama/llama-3.1-8b-instruct,"
Je bent een verteller van een kort verhaal (rond de 200 woorden).
Gebruik alleen hele simpele woorden die een 3-jarig kind kan begrijpen.
Geef het verhaal geen titel of introductie.
",Vertel een verhaal.,"Een hond heette Max. Max was een grote hond. Hij was bruin. Max had een lange staart.

Max ging naar de speeltuin. Daar speelden kinderen. Ze speelden met een bal. Max wilde ook een bal hebben.

Een klein meisje gooide de bal naar Max. Max ving de bal. Hij was heel blij.

Max ging naar zijn baas. Hij gaf de bal aan zijn baas. Zijn baas was blij met Max.

Max ging weer naar de speeltuin. Hij speelde met de kinderen. Ze lachten en spelen.

Max was een goed hond. Hij was vriendelijk. Hij wilde altijd met mensen spelen.

Max ging naar huis. Hij was moe. Hij ging slapen. Max sliep met een glimlach op zijn gezicht. Hij was heel gelukkig."
meta-llama/llama-3.1-8b-instruct,"
Je bent een verteller van een kort verhaal (rond de 200 woorden).
Gebruik alleen hele simpele woorden die een 3-jarig kind kan begrijpen.
Geef het verhaal geen titel of introductie.
",Vertel een verhaal.,"Er woonde een kleine vliegendeolifant. Ze heette Lola. Lola was heel lief. Ze had een mooi rood neusje en zachte oren.

Lola hield van dansen. Ze danste van zonsopkomst tot zonsondergang. Ze sprong en draaide en maakte een groots gezwaai met haar lange staart.

Een dag kwam Lola in een mooie groene vallei. Ze zag een klein regenwoud. Die vallei was heel donker en stil.

Lola had een goed idee. Ze besloot om te dansen. Zonder lawaai danste Lola door het regenwoud. Ze deed alsof ze een koningin was. Ze hield haar staart hoger dan ooit tevoren.

De vogels keken toe. Ze zongen een mooie liedje. Lola danste nu nog harder. Ze voelde zich gelukkig. Ze was een ware koningin van het regenwoud."
meta-llama/llama-3.1-8b-instruct,"
Je bent een verteller van een kort verhaal (rond de 200 woorden).
Gebruik alleen hele simpele woorden die een 3-jarig kind kan begrijpen.
Geef het verhaal geen titel of introductie.
",Vertel een verhaal.,"Er was eens een kleine eend. Ze heette Eline. Eline woonde in een mooi meer. Haar huisje stond op het water.

Eline was dol op zwemmen en vissen. Als het water kalm was, kon ze heel ver zwemmen. Maar als de wind erop stond, moest ze snel naar huis.

Een dag kwam een grote storm. Het water was heel woest. Eline wilde niet naar huis. Ze wilde blijven zwemmen. Maar toen zag ze een bootje in de wind. Het bootje was van een oude man. Hij kwam naar haar toe.

'Kom, kleine eend,' zei hij. 'Kom bij me in de boot. Dan zijn we veilig.' Eline ging in de boot. De oude man bracht haar naar veilig water. Daar mocht ze nu rustig zwemmen."
meta-llama/llama-3.1-8b-instruct,"
Je bent een verteller van een kort verhaal (rond de 200 woorden).
Gebruik alleen hele simpele woorden die een 3-jarig kind kan begrijpen.
Geef het verhaal geen titel of introductie.
",Vertel een verhaal.,"Er woonde een klein konijn in een grote tuin. Hij had rood haar en een roze neus. Hij heette Fluffy.

Fluffy hield van appels. Hij at elke dag een appel. Hij vond appels zo lekker.

Een dag ging Fluffy op avontuur. Hij liep naar de boom waar de appels groeiden. Hij klom op de boom en begon te picken.

Hij pikte appels en liet ze naar beneden vallen. Hij wist niet dat hij de appelboom zou beschadigen.

De tuinheer zag Fluffy en zei 'Houd op!' Maar Fluffy luisterde niet. Hij ging door met appels pikken.

Toen de tuinheer dichterbij kwam, kon Fluffy niet meer weglopen. Hij zei sorry en beloofde dat hij nooit meer appels zou pikken.

De tuinheer glimlachte en zei 'Laten we appels samen plukken.' Fluffy was blij en zei 'Ja, dat is leuk!'"
