model,narrative_element,system,user,completion1,completion2,completion3,completion4,completion5
meta-llama/llama-3.1-8b-instruct,0,"
Je bent een verteller van een kort verhaal (rond de 200 woorden).
Je bent een kind tussen de 4 en 6 en je vertelt een verhaal aan klasgenoten. 
Je publiek bestaat uit kinderen van jouw leeftijd. 
Geef het verhaal geen titel of introductie.
",Vertel een verhaal.,"Er was eens een prinsesje met een paardje. Het paardje heette Snowy. Snowy was heel snel en kon heel ver rennen. De prinsesje en Snowy waren vrienden en gingen altijd samen op avontuur.

Een dag vonden ze een klein kabouterhuisje in de bos. Het was heel klein en heel donker. Maar Snowy en de prinsesje waren nieuwsgierig en wilden erin kijken. En toen zagen ze een klein kabouter met een rood mutsje.

De kabouter zei ""Hallo, ik ben Kabouter Klaas. Ik woon hier en ik ben heel gelukkig. Maar ik ben bang dat er iets ergs gaat gebeuren. Mijn vrienden, de kaboutermeiden, zijn verdwenen en ik weet niet waar ze zijn.""

Snowy en de prinsesje zeiden ""Doe niet bang zijn, we helpen je! We vinden je vriendinnen!"" En dan ging het avontuur beginnen...","Er was eens een konijn met een prachtig witte staart. Hij heette Snelvoet en hij was super snel. Snelvoet ging elke dag naar de weilanden om te zien of hij de meest lekkere groene bladeren kon vinden.

Een dag kwam hij een grote groene appel tegen. Hij was zo groot als een bal! Snelvoet dacht: ""Mmm, ik moet die appel hebben!"" Hij sprong erop en at hem op. Maar op dat moment voelde hij dat hij heel zwaar werd.

Snelvoet keek naar zijn staart en zag dat hij heel lang en dik was geworden. ""Oei, ik ben zo zwaar! Ik kan niet meer rennen!"" Hij was dus heel erg ongelukkig.

Maar dan hoorde hij een stem zeggen: ""Snelvoet, je bent zo snel dat je niet stil kunt blijven staan!"" En toen keek hij om en zag een grote kip. ""Mm, ik ben toch nog steeds snel!""","Er was eens een prinses. Ze had een witte paard en een rode sjaal. Ze ging naar het bos. Daar vond ze een rode konijn. Hij had een rode muts op zijn hoofd. De konijn zei: ""Hallo prinses, ik ben de koning van de konijnen. Ik zoek naar een prinses die een witte paard en een rode sjaal heeft. Ik wil met haar dansen op de prachtige muziek van de vogels.""

De prinses zei: ""Ik ben de prinses die je zoekt. Kom, laten we Dansen."" De konijn en de prinses dansten samen op de muziek van de vogels. Toen ze klaar waren, zei de konijn: ""Ik wil je graag een cadeau geven, prinses."" En hij gaf haar een grote, rode appel.

De prinses was zo blij. Ze zei: ""Dank je wel, konijn! Dit is de mooiste appel die ik ooit gezien heb."" En ze at de appel op. De appel was zo zoet en lekker. De prinses en de konijn werden goede vrienden en gingen vaak samen op avontuur in het bos.","Er was eens een leuke vos. Zijn naam was Vosje. Vosje woonde in een bos met zijn beste vriend, een konijn genaamd Koning Kees. Koning Kees woog heel zwaar, dus hij kon niet hard rennen. Maar hij kon wel heel snel eten, dus hij at heel veel groente uit het bos.

Een dag besloot Vosje en Koning Kees om een avontuur te gaan ondernemen. Ze wilden een schat vinden die verborgen was in het bos. Het bos was heel groot, dus ze moesten ergens beginnen. Ze besloten om naar het grote oude eikenboom te gaan. Daar stond een grote steen, en er stond geschreven: ""Een schat ligt verborgen bij de blauwe beek."" Koning Kees en Vosje waren erg boos omdat ze niet wisten waar de blauwe beek was.

Maar dan zag Koning Kees een blauw vliegje. Hij zei: ""Vosje, kijk! Dat is een blauw vliegje! Dat moet een goed teken zijn!"" Vosje was het met hem eens. En toen wist hij waar de blauwe beek was. Ze zijn naar de blauwe beek gegaan en hebben een schat gevonden. Het was een grote hoeveelheid chocola! Ze waren heel gelukkig en hebben de chocola gelijk gegeten.","Er was eens een leuke eend die in een mooi groen meer zwom. Ze hadden een klein nest met vier eendjes. De moeder eend wilde niet dat de eendjes te ver weg zouden zwemmen, maar de oudste eend wilde heel graag naar de overkant.

Hij zwom weg en de moeder eend riep hem na. ""Klaar om te duiken!"" riep ze. De oudste eend duikelt in het water. Hij kwam op en hij was verdwaald. Hij had niet gezien dat er een duiker was en hij kwam uit in een poel vol water met een duiker erin.

De oudste eend schrok enorm en hij was bang. Maar hij deed heel goed en hij zwom terug naar de moeder eend. De moeder eend was heel blij om hem terug te zien. Vanaf dan zwom de oudste eend nooit meer zo ver weg."
meta-llama/llama-3.1-8b-instruct,0,"
Je bent een verteller van een kort verhaal (rond de 200 woorden).
Je bent een kind tussen de 4 en 6 en je vertelt een verhaal aan klasgenoten. 
Je publiek bestaat uit kinderen van jouw leeftijd. 
Geef het verhaal geen titel of introductie.
",Vertel een verhaal.,"Er was eens een prinsesje met een rode haardos. Ze woonde in een kasteel met een groot meer. Ze had een paard genaamd Sparky en een hond genaamd Max.

Een dag ging ze met Sparky en Max het bos in. Ze zochten naar bloemen voor haar moeder. Toen ze door het bos liepen, hoorden ze een geluid. Ze zagen een klein beerkieje dat vastzat in een val.

Het prinsesje zei: ""Rustig maar, ik help je."" Ze nam een stok en probeerde het val te openen. Maar eerst moest ze eerst de val openmaken met een sleutel. Die sleutel lag in een holle boom.

Ze wist dat Max de sleutel kon vinden. Ze zei: ""Max, ga naar binnen en vind de sleutel."" Max ging naar binnen en vond de sleutel. Daarmee kon het prinsesje het val openen en de beerkieje kon ontsnappen.

Het beerkieje was heel dankbaar en beloofde om haar te helpen wanneer ze dat nodig had. Daarna gingen ze terug naar het kasteel met de bloemen voor haar moeder.","Er was eens een prinsesje met een heerlijke paardenstaart. Ze woonde in een groot kasteel met een mooi park eromheen. In het park was een grote meer met prachtige vissen. De prinsesje hield heel veel van die vissen.

Een dag ging ze naar de meer om te kijken naar de vissen. Toen ze daar stond, kwam er een klein visje naar boven. Het visje was heel beleefd en vroeg haar of ze hem wilde helpen. De prinsesje vroeg waarom hij dat wilde en hij zei dat zijn broer vastzit in een net onder water.

De prinsesje ging met het visje naar de plaats waar zijn broer zat. Ze pakte een traan uit haar zak en deed het erin. Het net begon te ontbinden en de broer van het visje kwam eruit. Hij was heel dankbaar en zei dat hij zijn broertje wilde belonen.

Hij zong een leuk liedje en daarna gingen de vissen met de prinsesje dansen op het water. De prinsesje had heel veel plezier.","Er was eens een kleine beer genaamd Bert. Bert woonde in een groot bos met zijn beste vriend, een vos genaamd Vicky. Bert en Vicky deden altijd samen speelgoed en gingen op avontuur.

Een dag zagen Bert en Vicky een klein koninkrijkje in de verte. Ze wilden erheen gaan om het te zien. Toen ze dichterbij kwamen, zagen ze dat het een prachtig koninkrijk was met een witte kasteel en een mooie tuin met bloemen.

De koning en koningin van het koninkrijk waren erg vriendelijk en nodigden Bert en Vicky uit om te komen eten. Bert en Vicky aten een lekkere maaltijd en speelden met de koninklijke kinderen.

Maar toen het tijd werd om te gaan, lieten Bert en Vicky per ongeluk de koninklijke kinderen achter in het bos. De koning en koningin waren erg verdrietig, maar Bert en Vicky vonden uiteindelijk de kinderen en brachten ze terug naar het koninkrijk.

De koning en koningin waren heel dankbaar en beloonden Bert en Vicky met een lied en een feest. Vanaf toen werden Bert en Vicky de beste vrienden van het koninkrijk.","Een keer ging ik naar de dierentuin. Ik zie een leeuw. Hij is enorm groot. Hij heeft een goudkleurige vacht. Hij is heel sterk. Hij kan heel hard rennen. Ik zie ook een kleine leeuw. Hij is heel gevaarlijk. Hij haat appel. Ik had een appel in mijn hand. Ik wil hem aan de leeuw geven. Maar hij wil geen appel. Hij likt mijn hand. Ik voel het. Ik wil weglopen. Maar mijn voeten zijn vast. De leeuw likt mijn hand nog een keer. Dan doe ik een stap naar achteren. De leeuw doet ook een stap naar achteren. Ik doe nog een stap. Hij doet ook een stap. Dan ben ik weg. Ik loop naar mijn moeder. Ze zegt: ""Gelukkig ben je veilig."" De leeuw zucht en wenst me een fijne dag.","Er was eens een prinsesje met een rood haar en een witte hoed. Ze woonde in een enorm kasteel met een grote tuin. In die tuin groeiden de mooiste bloemen en bomen die je ooit gezien hebt.

De prinsesje hield van paardrijden en ging elke dag met haar paard door de tuin. Eens, terwijl ze door de tuin reed, ontmoette ze een vriendelijke konijn. Het konijn vertelde haar dat er een geheimzinnig ei in de tuin lag.

De prinsesje was nieuwsgierig en ging met het konijn naar het ei. Ze sloegen het ei open en er kwam een schitterende draak uit. De draak vertelde dat hij een magische kracht had en dat hij de tuin zou helpen groeien.

De prinsesje was blij en vroeg aan de draak of hij met haar wilde gaan rijden. De draak ging op de rug van het paard en samen reden ze door de tuin. De tuin bloeide en de prinsesje en de draak werden beste vrienden."
meta-llama/llama-3.1-8b-instruct,0,"
Je bent een verteller van een kort verhaal (rond de 200 woorden).
Je bent een kind tussen de 4 en 6 en je vertelt een verhaal aan klasgenoten. 
Je publiek bestaat uit kinderen van jouw leeftijd. 
Geef het verhaal geen titel of introductie.
",Vertel een verhaal.,"Er was eens een prinses die een magische lantaarn had. Die lantaarn kon iedereen naar een andere wereld brengen. De prinses wilde haar beste vriendinje Zazie meenemen naar een wereld waar alle dieren konden praten.

Dus namen ze hun wandelschoenen en gingen ze op avontuur. Ze stapten in de lantaarn en drukten op een knopje. Plotseling was het donker en konden ze niets zien.

Maar toen ze het knopje weer loslieten, begon alles te schijnen. Ze stonden in een prachtige, groene bos. Ze hoorden vogeltjes zingen en konijntjes lachen. Zazie was zo enthousiast dat ze haar armen om de boom heen sloeg.

Toen plotseling hoorde Zazie een stem. ""Hallo, wie ben jij?"" vroeg de stem. Zazie draaide zich om en zag een grote beer. Ze waren zo bang, maar de prinses glimlachte en zei: ""Zwijg, ik ken de beer. Hij is mijn goede vriend.""

De beer glimlachte terug en zei: ""Ah, dan weet ik waar ik mee te maken heb. Kom, dan laten we je vriendin zien hoe mooi de wereld is.""","Er was eens een vriendelijke beer die heette Bert. Bert woonde in een bos met veel vrienden. Hij had een vriendelijke hond genaamd Harry en een vogeltje genaamd Pip.

Een dag ging Bert naar de rivier om te pezen. Hij was heel honger en had een enorme dorst. Toen hij aan het pezen was ging hij om een stukje af te spoelen. Hij ging zo ver dat hij bij een grote waterval kwam.

Pip zat op een tak boven de waterval en riep naar Bert: ""Bert, waarschuw!"" Bert zag dat Pip bang was en vroeg: ""Wat is er aan de hand?"" Pip zei: ""De waterval is heel snel en je zult verdrinken!""

Harry kwam aanrennen en Bert vroeg: ""Harry, kun je Pip redden?"" Harry knikte met zijn kop. Harry sprong op de tak boven de waterval en pakte Pip vast. Bert had toen al heel veel water over zich heen gekregen. Hij was sterk en pakte Harry en Pip vast. Samen renden ze via een andere weg terug naar het bos.","Er was eens een klein konijntje dat zijn moeder had verloren op een grote boerderij. Hij was heel bang en keek om zich heen. Er was niemand in de buurt. Hij zag een klein hokje en stapte erin. Daar ontdekte hij een kip die heel vriendelijk tegen hem was. Zij zei: ""Rustig maar, ik zal je helpen.""

Toen begon de kip te klappen en een klein schuurtje opende zich. De konijntje ging erin en het schuurtje sloot zich weer. De kip vertelde dat hij een verborgen weg was, en dat hij hem kon gebruiken om naar de moeder van het konijntje te gaan zoeken. Samen gingen ze op pad. Ze kwamen aan bij de moeder van het konijntje. Zij was heel blij om haar kind te zien en voelde zich enorm dankbaar voor de kip. Daarom gaf ze de kip een hele grote beloning.","Er was eens een prinses met een rood haar en een konijn. Ze was heel erg gelukkig in het kasteel van de koning. Ze had een hond en twee katten. Een dag ging ze naar het bos. Daar zocht ze een prachtige bloem. Maar toen ze naar de bloem ging, vielen haar schoenen in een gat. De konijn kwam haar helpen. Hij duwde met zijn neus op de kant van de gat en ze kon op hem klimmen.

Toen ze boven was, zei de konijn: ""Ik heb je geholpen."" De prinses zei: ""Dank je wel, konijn."" Ze gingen verder. Ze vonden een hele hoop chocolade. De prinses zei: ""O, dat is lekker!"" En ze gingen allemaal chocolade eten. Ze waren heel erg gelukkig.","Er waren eens twee vrienden, een haas en een hond. De haas heette Hank en de hond heette Duke. Ze waren het beste van vrienden, ze speelden samen, aten samen en sliepen zelfs in dezelfde hok.

Een dag besloten Hank en Duke om een avontuur te hebben. Ze gingen op ontdekking in het bos. Ze liepen door de bladeren en over kleine beekjes totdat ze een grote poel water zagen. Duke wilde meteen in het water springen, maar Hank zei nee, hij wilde eerst een rots over kijken.

Duke vroeg waarom, en Hank zei: ""Omdat ik denk dat er een haasje-schat verborgen zit onder die rots!"" Duke was nieuwsgierig en samen gingen ze kijken. En inderdaad, onder de rots vonden ze een klein bergje met een label erop: ""Haasje-schat"". Ze waren zo blij en gingen gelijk terug om het nieuws te delen met de rest van hun groep."
meta-llama/llama-3.1-8b-instruct,0,"
Je bent een verteller van een kort verhaal (rond de 200 woorden).
Je bent een kind tussen de 4 en 6 en je vertelt een verhaal aan klasgenoten. 
Je publiek bestaat uit kinderen van jouw leeftijd. 
Geef het verhaal geen titel of introductie.
",Vertel een verhaal.,"Er was eens een leuke vogel. Hij heette Pip. Pip was een kleurige vogel. Hij had een rood borstje en een blauwe staart. Hij woonde in een prachtig bos.

Pip hield van vliegen en dansen. Hij danste met zijn vrienden, de vlinders. Ze vlogen en dansten door de lucht. Het was zo mooi om te zien.

Een dag besloot Pip om op avontuur te gaan. Hij vloog over een rivier en kwam in een nieuw bos. Daar vond hij een prachtig nest. Hij besloot om in dat nest te wonen.

Pip was heel gelukkig in zijn nieuwe nest. Hij vloog elke dag met zijn vrienden en dansten door de lucht. Ze waren zo blij om elkaar te zien.

Pip was een leuke vogel die altijd op avontuur ging. Hij was heel gelukkig in zijn nieuwe nest en had veel vrienden. Hij vloog elke dag en danste door de lucht.","Er was een tijdje geleden een prachtige kikker. Hij heette Kiko en hij woonde in een klein meer. Kiko was de beste zwemmer van het meer. Hij kon dood snel zwemmen! 

Een dag besloot Kiko om een wedstrijd te organiseren. Hij ging door het meer roepen: ""Wie kan mij verslaan? Wie is de snelste zwemmer van het meer?"" 

Veel kikkers schoten in het wilde weg. Maar niemand kon Kiko verslaan. Totdat er een kleine, kleine kikker kwam aansnellen. Hij heette Sjaak. Sjaak was heel klein, maar hij was super snel. Hij ging zwemmen, nieuwe recorden brak en won de wedstrijd van Kiko! 

Kiko was heel trots op Sjaak. Hij zei: ""Hoe kan dat? Jij bent zo klein en toch ben je de snelste!"" Sjaak glimlachte en zei: ""Ik ben klein, maar ik heb een super sterk hart!""","Er was eens een konijn dat heerlijk kon duiken. Het konijn woonde bij een grote vijver in een prachtig park. Elke dag ging het konijn naar de vijver om te duiken. Het konijn vond het echt heel leuk om in het water te zwemmen.

Een keer kwam een vis naar het konijn toe en zei: ""Hé, ik heb een wedstrijd gedaan met een haai. Die haai zwom heel snel naar beneden en toen zwom ik naar boven. Ik was sneller dan de haai."" 

Het konijn vond dit heel leuk en wilde ook meedoen. Dus ging het konijn naar de vis en zei: ""Ik wil ook meedoen aan je wedstrijd."" En zo ging het konijn duiken naar beneden. De vis zwom naar boven.

De vis en de haai kwamen naar de overkant en zeiden: ""Dat is heel slim van je.""","Er was eens een prinses met een paard dat kon vliegen. Het paard heette Sneeuwvlok. De prinses en Sneeuwvlok vlogen naar de maan. Onderweg zagen ze een enorme berg sneeuw. 

Ze vlogen door de sneeuw en het was zo koud dat hun adem als rook te zien was. Maar Sneeuwvlok was niet bang. Hij bleef vliegen en de prinses hield hem vast. 

Toen ze boven de maan waren, ontdekten ze een ondergrondse stad. Daar woonden aliens die heel vriendelijk waren. Ze gaven de prinses en Sneeuwvlok een muffin met een ster op. 

De prinses en Sneeuwvlok gingen terug naar huis. Ze vlogen over de wolken en het was zo mooi. Ze zagen de hele wereld beneden. De prinses zei tegen Sneeuwvlok: ""Je bent het mooiste paard van de wereld!"" En Sneeuwvlok zei: ""Je bent de mooiste prinses van de wereld!""","Er was eens een prinsesje. Zij had een prachtige zilveren fiets. De fiets was heel speciaal want hij kon zweven. Als de prinsesje op de fiets stapte en hard pedaleerde, dan zweefde de fiets boven de grond.

De prinsesje ging op een dag naar de speeltuin. Zij stapte op haar zilveren fiets en pedaleerde hard. De fiets zweefde naar boven en de prinsesje voelde zich alsof zij vloog.

Toen zij boven de speeltuin zweefde, zag zij een grote salamander. De salamander had een rode hoed op zijn hoofd en hij begon te dansen. De prinsesje lachte en samen met de salamander dansten zij boven de grond.

Na een tijdje moest de prinsesje terug naar huis. Zij stapte af van haar fiets en zei dankjewel aan de salamander. De salamander groette terug en verdween in een wolk van rook."
meta-llama/llama-3.1-8b-instruct,0,"
Je bent een verteller van een kort verhaal (rond de 200 woorden).
Je bent een kind tussen de 4 en 6 en je vertelt een verhaal aan klasgenoten. 
Je publiek bestaat uit kinderen van jouw leeftijd. 
Geef het verhaal geen titel of introductie.
",Vertel een verhaal.,"Er was eens een konijn met een prachtige witte staart. Hij heette Benny en hij woonde in een grote bak met vlinders en bloemen. Benny was heel lief en hij hield van mensen. Hij ging elke dag naar buiten en speelde met zijn vrienden.

Een dag kwam een regenbui en alle kinderen bleven binnen. Benny was heel erg bang voor de regen. Hij wilde niet in zijn bak blijven, want hij vond het niet leuk om naar binnen te gaan. Hij ging naar buiten en liep naar het park.

Daar zag hij een klein vogeltje dat verdwaald was. Het vogeltje was heel bang en hij wilde terug naar zijn moeder. Benny wilde helpen en hij nam het vogeltje bij zijn hand. Samen liepen ze naar de moeder van het vogeltje. Ze was heel dankbaar en ze gaf Benny een knuffel. Nu voelde Benny zich veilig en hij ging terug naar zijn bak.

Vanaf die dag was Benny niet bang meer voor de regen. Hij wist dat hij altijd kon helpen bij problemen van zijn vrienden. En hij wist dat hij nooit alleen was.","Er was eens een klein konijntje. Het was heel klein en had een rode neus. Het konijntje woonde in een grote tuin met veel bloemen. 's Morgens ging het konijntje naar buiten en at er appels en sinaasappels.

Maar het konijntje was heel snel en kon heel goed rennen. Het dacht, ""Ik wil zien, hoeveel snel ik kan rennen!"" En toen begon het konijntje te rennen. Het ging zo snel dat het konijntje bijna niet meer kon zien.

Toen hoorde het konijntje een klein geluid. Het was een klein vogeltje dat vleugels klapperde. Het konijntje was zo boos geworden, dat het probeerde om het vogeltje te pakken. Maar het vogeltje vloog weg.

Dit verhaal is gedaan!","Er was eens een prinsesje dat in een kasteel woonde. Ze had een paardje dat ze heel veel van hield. Het paardje stond altijd op de binnenplaats van het kasteel en wachtte op de prinses. 

De prinses ging een dag naar de bos. In het bos was een heel grote vijver. Het paardje wilde ook in het bos zijn, maar de prinses zei nee, want het paardje moest in het kasteel blijven. 

Toen de prinses in het bos was, kwam een grote beer. De beer wilde de prinses te pakken krijgen, maar ze kon hard rennen. Ze rende naar een boot die in de vijver lag en ze pakte een roeispaan. 

Met de roeispaan sloeg ze op de wateroppervlakte en dat deed de beer opschrikken. Hij ging van het water af, maar de prinses stak erop. Ze roeide naar de kant en toen ze er was, kwam het paardje met een luidspreker aan. ""Help!"" riep hij. ""De beer is op de vijver!"" 

De beer ging verder weg, en de prinses ging terug naar het kasteel. Ze nam haar paardje mee en zei: ""Je mag nu mee naar het bos!""","Er was eens een konijn dat heette Benny. Benny was heel snel en kon overal naartoe. Hij had een vriend, een vogel die kon zweven en noemde hij Pipo. 

Benny en Pipo waren dol op avonturen. Eén keer wilden ze naar de andere kant van het bos om een prachtige bloem te zien. Die bloem heette een zonnebloem. 

Hun pad ging langs een beekje en ze moesten over een brugje. Maar toen ze over het brugje liepen, hoorden ze een zoem-toon. Toen ze omkeken, zagen ze een bij die heel erg pijn had. 

Benny en Pipo waren heel lief. Ze hebben de bij geholpen en toen liepen ze verder. Na een poosje kwamen ze aan bij de zonnebloem. En die was veel mooier dan ze dachten. 

Toen ze terugliepen, bleven ze bij de beekje staan. Ze hebben er een poosje in geweest en toen gingen ze naar huis. Benny en Pipo waren heel tevreden met hun dag.","Een keer was ik op een feestje bij mijn vriendje Lucas. Het was zomer en we hadden in de tuin een grote picknick. Lucas' grote broer had een hondje, het was een grote golden retriever. Hij heette Max. Max was zo leuk, hij kon springen en hij kwam altijd naar ons toe.

Maar toen Max een appel zag, ging hij zo snel naar beneden dat hij uitgleed op een houten plank. We schreeuwden allemaal dat hij zou vallen. Maar Max was zo snel dat hij de appel op tijd beet. Hij was zo trots op zichzelf en hij kwam naar ons toe met de appel in zijn bek.

We moesten allemaal lachen. Lucas' broer was bang dat de appel weg zou vliegen, maar Max hield hem vast. Toen we klaar waren, gingen we naar binnen. Lucas' moeder gaf Max een lekkere koek. Hij at hem op en hij liep om ons heen. Hij was zo blij dat hij zo'n lekkere koek had gekregen."
meta-llama/llama-3.1-8b-instruct,0,"
Je bent een verteller van een kort verhaal (rond de 200 woorden).
Je bent een kind tussen de 4 en 6 en je vertelt een verhaal aan klasgenoten. 
Je publiek bestaat uit kinderen van jouw leeftijd. 
Geef het verhaal geen titel of introductie.
",Vertel een verhaal.,"Er was eens een konijnje dat heette Fluffy. Fluffy was heel snel en kon overal naartoe rennen. Hij wilde heel graag een prachtige tuin vinden waar hij kon spelen en kruiden kon eten.

Een dag ging Fluffy op een ontdekkingstocht in de bos. Hij rende over het pad en kwam bij een prachtige tuin. Daar was een grote roos, een klein vogeltje en een bruine bever. Ze waren allemaal vrienden met elkaar.

De roos heette Rosie, het vogeltje heette Tweety en de bever heette Benny. Ze nodigden Fluffy uit om te blijven slapen in hun tuin. Fluffy was heel blij en dankte ze voor hun warme ontvangst.

Op een nacht ging Benny op pad en haalde een hoop kruiden voor alle vrienden. En de volgende dag gingen ze allemaal samen op de speeltuin spelen. Fluffy was heel gelukkig in de tuin van zijn vrienden.","Een keer was ik in een grote boomhut. Die was heel hoog. Mijn vriend David was ook bij me. Hij is heel sterk. We gingen naar buiten en zagen een prachtig paard. Dat paard was heel wit. Het paard zei: ""Hallo, ik ben Snowy."" Snowy was heel lief. Hij wilde met ons spelen. We gingen met hem spelen. David ging op Snowy's rug zitten en ik ging voor hem lopen. Snowy galoppeerde heel hard. Ik moest heel snel lopen. David lachte heel hard. Snowy was heel snel. We gingen door de bossen en door het veld. We kwamen bij een meer. Snowy ging in het water en ik en David gingen naast hem zitten. We aten appelstukken die we bij ons hadden. Snowy was heel gelukkig. Hij had een mooie schitterende ster op zijn voorhoofd. Ik denk dat hij een sterrenpaard is.","Er was eens een konijn genaamd Fluffy. Fluffy was heel snel en kon overal in de tuin komen. Hij had een vriend, een vogeltje genaamd Tweety. Tweety kon heel hard vliegen en kon ergens waar Fluffy niet kon komen.

Een dag had Fluffy een idee. Hij wilde een prachtige bloem plukken die aan de andere kant van de tuin groeide. Maar hij kon die niet alleen vinden. Dus vroeg hij aan Tweety of hij hem wilde helpen.

Tweety was heel blij en vloog met Fluffy mee. Ze renden en vlogen door de tuin en kwamen uiteindelijk bij de prachtige bloem. Fluffy pakte de bloem en begon met hem te rennen voordat Tweety hem kon waarschuwen. Tweety vloog achter hem aan en riep ""Fluffy, wacht! Neem me mee!"" maar Fluffy was al bijna langs.

Fluffy kon de bloem niet vasthouden en hij viel eraf. Tweety vloog omlaag en pakte de bloem voor Fluffy. Hij gaf hem aan Fluffy en ze gingen samen terug naar huis. Vanaf toen waren Fluffy en Tweety de beste vrienden ooit.","Er was eens een prinsesje met een mooi paard. Zij heette Sophia. Sophia's paard heette Snowy. Snowy was wit als sneeuw. Het had een grote bruine staart.

Sophia en Snowy gingen elke dag naar de bossen. Daar zochten ze naar mooie bloemen en mooie kevers. Sophia hield van kevers. Ze vonden een keer een kever die glom als goud.

Snowy was heel bang voor de kever. Hij wilde wegspringen, maar Sophia hield hem vast. ""Het is maar een kever, Snowy,"" zei ze. ""Hij doet niets kwaads."" En de kever kwam naar Sophia toe. Hij ging op haar hand zitten.

Sophia lachte en zei: ""Kijk, Snowy, hij is niet zo eng als je dacht."" En Snowy lachte ook. Hij sprong op de grond en de kever bleef op Sophias hand zitten. Daarna gingen Sophia en Snowy naar huis. Ze namen de kever mee en gaven hem een lekker huisje.","Er was eens een konijn met een prachtig zachte staart. Hij woonde in een mooie tuin met bloemen en bomen. Het konijn hield van zingen en danste altijd wanneer hij een liedje hoorde.

Een dag kwam een klein vogeltje in de tuin. Het vogeltje was heel erg ziek en kon niet vliegen. Het konijn vond het vogeltje en besloot het te helpen. Hij vond een mooie nestje voor het vogeltje en zoog hem een beetje op. Het vogeltje voelde zich beter en de konijn nam hem mee naar zijn favoriete plek: een prachtige bloemenweide.

Het vogeltje was zo dankbaar dat het de konijn een liedje zong. Het konijn danste heel enthousiast en de vogeltje vloog tegen zijn staart. De konijn lachte en zei: ""Je hebt mijn staart heel erg aangeraakt!"" Het vogeltje zei ""Dat is maar goed, want je staart is zo zacht!"" De konijn en het vogeltje werden goede vrienden en gingen samen spelen in de tuin."
meta-llama/llama-3.1-8b-instruct,0,"
Je bent een verteller van een kort verhaal (rond de 200 woorden).
Je bent een kind tussen de 4 en 6 en je vertelt een verhaal aan klasgenoten. 
Je publiek bestaat uit kinderen van jouw leeftijd. 
Geef het verhaal geen titel of introductie.
",Vertel een verhaal.,"Er was eens een kleine beer. Hij heette Bert. Bert was heel klein en hij kon niet zo hard rennen als de andere beren. Hij wilde graag meedoen aan de beroemde Beroemde Berenrennen, maar hij was bang dat hij zou verliezen.

Maar Bert was niet geven. Hij trainde elke dag en at veel brood om zijn spieren te versterken. Hij leerde ook om te klimmen, want hij wilde niet alleen hard rennen, maar ook snel klimmen.

Toen de dag van de Beroemde Berenrennen aanbrak, was Bert klaar. Hij stond aan de start en wachtte op de fluit van de jury. En toen ging hij hard! Hij rende zo snel als hij kon, maar hij was ook heel slim en vond een stukje opwaartse helling om te klimmen.

Bert won de Beroemde Berenrennen! De andere beren waren zo trots op hem. Ze zeiden: ""Hoe deed je dat, Bert?"" En Bert zei: ""Ik trainde hard en was slim!""","Er was eens een prinsesje dat heette Sophia. Sophia woonde in een groot kasteel met haar moeder, de koningin. Sophia had een paard dat ze heel graag rijdend was. Sophia's paard heette Max.

Een dag ging Sophia op Max rijden door het bos. Ze zocht naar bloemen om voor haar moeder een leuk cadeau te maken. Toen ze door het bos liep, kwam ze een klein, magisch eiland tegen. Sophia had ooit gehoord van dat eiland, maar nooit eerder gezien.

Op het eiland stond een prachtige tuin vol mooie bloemen. Sophia zocht er een paar uit en maakte een leuk boeket. Toen ze klaar was, hoorde ze een stem achter haar. ""Hoe kom jij hier?"" vroeg de stem. Sophia draaide zich om en zag een klein, grijs vogeltje. ""Ik ben hier gekomen met Max,"" zei Sophia.","Er was eens een prinsesje met een prachtig paard. Het paard was zo snel en sterk dat het zelfs de wind kon voelen. De prinsesje heette Sophia en ze had blauwe ogen en rood haar.

Sophia en haar paard, een prachtig zwart paard met een gouden ster op zijn voorhoofd, gingen op avontuur. Ze reisden door het bos, over de heuvels en door de velden. Het paard en Sophia vonden een mooie plek bij een meer.

Daar zagen ze een grote vis in het water liggen. Het paard en Sophia probeerden de vis te vangen, maar die was te groot. Toen ze op moesten geven, zag Sophia een magische ster in de lucht. Ze stak haar hand uit en de ster kwam op haar hand terecht.

Sophia en haar paard werden plotseling vliegend. Ze vlogen boven het bos en over de velden. Het was fantastisch! Ze zagen alles vanuit de lucht.","Er was eens een koninkrijk onder de zee. In dat koninkrijk woonden visschen die vrolijk leefden. Ze hadden prachtige schelpen en helderblauwe schubben.

Er was een vissenprins die heel lief was. Hij had een prachtige rode schelp op zijn hoofd en hij kon heel snel zwemmen. Hij hield van het dansen en zingen met zijn vrienden.

Een dag kwam een grote orkaan naar het koninkrijk. De vissen waren bang en vluchtten allemaal weg. Maar de vissenprins bleef staan en schreeuwde: ""Ik zal jullie helpen!""

En hij nam een grote adem en spoot water naar boven. Hij maakte een grote golven en die golven sloegen de storm weg. Nu was het weer rustig en de vissen konden veilig terugkomen.

De vissen waren zo blij met de vissenprins en ze gaven hem een grote glimlach. Sindsdien was de vissenprins de held van het koninkrijk.","Er was eens een konijn dat heette Benny. Benny was een heel leuke konijn, hij had witte vacht en oren die super lang waren. Benny woonde in een grote tuin vol met bloemen en groente. Hij hield ervan om te eten wat hij in de tuin vond.

Een dag besloot Benny om een nieuw vriend te zoeken. Hij trok zijn oren op en ging op onderzoek uit. Toen hij een mooie bos bloemen zag, besloot hij om erheen te gaan. Maar toen hij door de bloemen liep, verloor hij zijn weg.

Benny was heel bang en ging terug naar zijn huis. Maar toen hij terugkwam, vond hij een kleine vogeltje. Het vogeltje zei: ""Hallo Benny, ik ben je vriend, ik heet Pip!"" Benny was heel blij en besloot om met Pip vrienden te worden. Samen gingen ze op ontdekkingstocht door de tuin. Benny was heel blij met Pip, want hij had nu een vriend die hem altijd kon helpen."
meta-llama/llama-3.1-8b-instruct,0,"
Je bent een verteller van een kort verhaal (rond de 200 woorden).
Je bent een kind tussen de 4 en 6 en je vertelt een verhaal aan klasgenoten. 
Je publiek bestaat uit kinderen van jouw leeftijd. 
Geef het verhaal geen titel of introductie.
",Vertel een verhaal.,"Er was eens een prinsesje die een prachtige paardenkoets had. De koets was rood en goudkleurig en had een grote gouden sleutel aan de zijkant. De prinsesje was heel blij met haar koets en nam hem vaak mee naar de stad.

Een dag was de prinsesje op stap en ze reed door een mooi bos. Opeens hoorde ze een stem achter de bomen. ""Hallo, prinsesje!"" riep de stem. De prinsesje keek om en zag een klein, glanzend ei liggen. ""Wie ben jij?"" vroeg ze.

""Ik ben een eitje dat mag spreken,"" zei het ei. ""En ik ben hier om je een vraag te stellen: wil je me helpen om naar de zee te komen?""

De prinsesje was nieuwsgierig en zei: ""Ja, natuurlijk! Hoe kunnen we dat doen?""

""Je moet me op de koets zetten en dan rijden naar de zee,"" antwoordde het ei. De prinsesje pakte het ei op en zette het op de koets. Ze reden door het bos en kwamen uiteindelijk bij de zee. Daar was het ei heel enthousiast en begon te dansen op de golven. ""Dank je wel, prinsesje!"" riep het ei.","Er was eens een luchthaven. En op die luchthaven vloog er een leuk hondje rond. Dat hondje heette Max. Max was een witte poedel met een rood vlaggetje om zijn hals. Hij was erg slim en kon vliegtuigen herkennen.

Elke keer als er een vliegtuig landde, begon Max te blaffen. De piloot zag hem en zei: ""Hé, jij bent Max! Je bent hier om de vliegtuigen te helpen landen!""

Max blafte nog harder en liep naar het vliegtuig. De piloot gooide hem een klein riekje toe en Max gebruikte dat om de landingsbaan te controleren. Als hij een veilige plek zag, kwam hij terug en blafte zijn goedkeuring.

De piloten lieten Max altijd in de cockpit zitten tijdens de vlucht. Hij sliep heel goed en keek uit naar de volgende keer dat hij de vliegtuigen mocht controleren.","Er was eens een prinsesje dat heette Sophia. Ze had een prachtige kroon op haar hoofd en een schitterende jurk aan. Sophia woonde in een prachtig kasteel met een groot park. Er groeiden mooie bloemen en bomen in het park.

Sophia hield heel veel van een klein beertje dat haar moeder had gekocht. Het beertje heette Balthazar. Sophia nam Balthazar steeds mee op wandelingen door het park.

Een keer gingen ze in het park naar de rivier. Sophia wilde er graag over varen. Balthazar zat in een bootje en Sophia ging naast hem zitten. Ze voerden over de rivier en zagen heel veel mooie vogels.

Toen ze terug aan wal stapten, waren ze beiden enorm moe. Sophia ging naar bed en Balthazar kroop in zijn mandje. Sophia sliep heel goed en had een leuke droom over Balthazar en de rivier.","Er was eens een koningin die een prinses had. De prinses had een paard dat een magische schommel had. Als ze op de schommel ging zitten, vlogen ze naar de lucht! Ze zouden overal in de wereld kunnen zijn.

De prinses wilde naar de zee. Ze klom op de schommel en de koningin duwde haar weg. Ze vlogen boven de zee. De prinses zag een grote walvis. De walvis zei: ""Hallo, prinses! Wil je op mijn rug rijden?""

De prinses zei: ""Ja, dat wil ik!"" De walvis bracht haar naar een eiland. Daar zagen ze een grote kasteel. Ze gingen naar binnen en daar vonden ze een enorm lekker ijsje. De prinses en de walvis aten het hele ijsje op.

Toen was het tijd om terug te gaan naar het koninkrijk. De prinses bedankte de walvis en ze vlogen terug met de magische schommel.","Er was eens een klein konijnje dat heette Fluffy. Fluffy was een beetje gek en ging graag op avontuur. Hij leefde in een mooie tuin met veel bloemen en groene bladeren.

Een dag besloot Fluffy dat hij de tuin wilde verkennen. Hij liep langs de bloemen en viel in slaap bij een grote roos. Toen hij wakker werd, zag hij een klein vogeltje zitten op de roos. Het vogeltje zei: ""Hallo, ik ben Lily!""

Fluffy en Lily werden snel beste vrienden. Samen gingen ze op avontuur door de tuin. Ze zochten naar schatten en speelden verstoppertje. Een keer vonden ze zelfs een holle boomstam waarin ze konden spelen.

Maar de meest spannende dag was de dag dat ze een stukje kookspelgoed ontdekten. Ze maakten een feestje voor alle dieren in de tuin. Fluffy en Lily waren erg blij met hun avonturen en bleven altijd dikke vrienden."
meta-llama/llama-3.1-8b-instruct,0,"
Je bent een verteller van een kort verhaal (rond de 200 woorden).
Je bent een kind tussen de 4 en 6 en je vertelt een verhaal aan klasgenoten. 
Je publiek bestaat uit kinderen van jouw leeftijd. 
Geef het verhaal geen titel of introductie.
",Vertel een verhaal.,"Er was eens een konijn dat heette Fluffy. Fluffy was heel snel en kon overal naartoe rennen. Hij had lange oren en een lange staart die hij gebruikte om zich te oriënteren.

Een dag besloot Fluffy om naar het bos te gaan om te zien wat hij daar kon vinden. Hij liep door het bos en kwam aan een groot meer. Hij had nog nooit zoiets gezien.

Fluffy zag een schaap op het andere eiland van het meer staan. Hij wilde naar het andere eiland om met het schaap te praten. Maar het water was heel diep.

Fluffy dacht even na en toen had hij een idee. Hij ging op zoek naar een boom met een grote tak. Hij klom op de tak en gebruikte die om naar het andere eiland te springen.

Hij landde met een plof in het gras en rende naar het schaap toe. Het schaap was heel blij dat Fluffy was komen opzoeken en ze werden goede vrienden.","Er was eens een magische bos. En in dat bos was een prinsesje met een rood kapsel. Ze had een zwarte kat die altijd bij haar was. Ze waren op een dag op een zoektocht naar een wonderbaarlijke bloem. Ze liepen door het bos totdat ze een grote rots zagen. De prinsesje wilde niet over de rots, maar de zwarte kat ging erdoor. Toen de prinsesje zag dat de kat veilig was, ging ze ook over de rots. 

Toen ze over de rots heen waren, zagen ze een prachtige bloem. De bloem was rood en geel en had een lange steel. De prinsesje was heel blij en ze pakte de bloem. De zwarte kat kwam ook naar haar toe en begon te spinnen. De prinsesje was heel blij dat ze de bloem hadden gevonden en ze liepen terug naar hun kasteel.","Er was eens een prinsesje die een prachtige rode paard had. Dat paard was zo snel als de wind en kon over de grootste heuvels galopperen. De prinsesje heette Sophia en ze was de beste rijdster in het hele koninkrijk.

Een dag gingen Sophia en haar paard op avontuur. Ze reden door het bos waar de bomen zo hoog waren dat ze door de bladeren heen kon kijken. Ze zagen allerlei dieren: konijnen, vossen en zelfs een grote beer.

Maar toen kwamen ze aan bij een grote rivier en ze konden niet over. Sophia dacht even na en toen had ze een idee. Ze vroeg aan haar paard om te springen en dat deed hij. Hij sprong over de rivier en Sophia volgde hem.

Daar waren ze veilig aan de andere kant. Sophia en haar paard hadden het avontuur van hun leven gehad. Ze reden terug naar het koninkrijk en werden gefeliciteerd door allemaal mensen. Sophia was erg blij en ze wist dat ze en haar paard de beste vrienden waren.","Er was eens een levendige varken genaamd Pim. Pim had een fantastische geur. Hij rook altijd naar appelen. Hij was heel lief en speelde graag met zijn vrienden. Pim had een klein paardje genaamd Pipo. Pipo was heel snel.

Een keer, toen Pim en Pipo aan het spelen waren, zagen ze een klein, gesloten kistje in de wei. Ze waren nieuwsgierig. ""Wat is dit?"", vroegen ze elkaar. Pim dacht: ""Ik ga het kistje opensnijden!"" En hij snoot het kistje open.

Er kwamen twee prachtige, glinsterende pareltjes uit het kistje. ""Pareltjes!"" gilden Pim en Pipo. En dan, plotseling, kwamen er twee kleine, schattige eendjes uit het kistje. De eendjes waren heel lief en ze kwamen rechtstreeks naar Pim en Pipo toe. Pim en Pipo waren heel blij en gaven de eendjes te eten. Vanaf dat moment waren Pim, Pipo en de eendjes dikke vrienden.","Er was eens een prinsesje die in een groot paleis woonde. Ze had een schattige hondje genaamd Max. Prinsesje had heel veel speelgoed in haar kamer, maar ze had één speelgoed dat ze het meest mooi vond: een prachtige witte paardjespop. 

Een dag kwam een boze tovenaar naar het paleis. Hij wilde de paardjespop hebben. Prinsesje zei nee, maar de tovenaar was heel boos en hij maakte Prinsesje en Max in slaap met een puzzel.

Toen de tovenaar weg was, vond Prinsesje zichzelf en Max in een prachtige tuin vol bloemen en een prachtig waterglijbaan. Er zat een briefje op een roos met een puzzel. Ze gingen op zoek naar de antwoorden en toen ze de laatste puzzel hadden opgelost, hoorden ze een stem zeggen: 'Prinsesje, je bent slim, je mag je paardjespop houden.' En inderdaad, toen ze wakker werden, stond prinsesje's paardjespop bij haar op bed."
meta-llama/llama-3.1-8b-instruct,0,"
Je bent een verteller van een kort verhaal (rond de 200 woorden).
Je bent een kind tussen de 4 en 6 en je vertelt een verhaal aan klasgenoten. 
Je publiek bestaat uit kinderen van jouw leeftijd. 
Geef het verhaal geen titel of introductie.
",Vertel een verhaal.,"Er was eens een kleine eend die in een mooi groen meer zwom. Ze heette Eefje en was heel lief. Eefje hield van vissen en zwemmen, maar ze kon ook zeer goed dansen. 

Een keer, toen ze in het meer was, zag ze een grote overvloed aan bloemen op het strand. De bloemen waren mooi geel en rood, en Eefje hield van kleuren. Ze besloot om de bloemen te verzamelen en een mooi bloemenveld te maken.

Eefje zwom naar het strand en begon de bloemen te verzamelen. Ze zette ze op elkaar en maakte een prachtig bloemenveld. Toen ze klaar was, begon ze te dansen in haar bloemenveld. Haar vrienden, de andere eenden, zagen haar en begonnen ook te dansen.

Samen dansten ze en maakten het mooiste feestje dat het meer ooit gezien had. Eefje was heel trots op haar bloemenveld en haar vrienden waren trots op haar dansen. Van toen af aan was Eefje bekend als de enige dansende eend in het meer.","Ik heb een verhaal over een prinses. Ze heet Prinses Sophia. Prinses Sophia had een paard dat de naam Starlight had. Ze hield van Starlight, maar ze had ook een vriend, een magische eend. Die heet Quincy.

Een dag ging Sophia met Starlight op pad om Quincy te zoeken. Ze vonden hem bij een grote vijver. Quincy had een brief in zijn snavel. Sophia wilde weten wie de brief aan hem had geschreven.

Quincy zei dat het van de koning was. Maak je maar niet druk, zei Quincy. Maar Sophia was wel nieuwsgierig. Ze vroeg aan Quincy of hij de brief mocht lezen. Quincy zei dat hij dat wel kon.

In de brief stond dat er een klein monster in de vijver zat. Maar wees maar niet bang, zei Quincy. Het monster was niet erg. Sophia en Quincy gingen met Starlight naar de vijver om het monster te zien. En toen zagen ze het! Het monster was een kleine, blauwe vis.","Er was eens een prinsesje dat een prachtige witte pony had. Haar pony heette Snowy. Snowy was zo snel als een haan en zo mooi als een bloem. De prinsesje en Snowy gingen altijd samen op avontuur.

Een dag gingen ze naar het bos om bloemen te plukken. Maar toen ze in het bos waren, zagen ze een boom die omviel. De prinsesje en Snowy moesten vluchten om niet onder de boom te worden getroffen.

Toen ze veilig waren, keek de prinsesje om en zag ze een klein hertje dat onder de boom was gestrand. Ze nam haar pony en ging terug om het hertje te helpen. Snowy hielp de prinsesje het hertje te redden en toen ze terug waren, kregen ze een dikke knuffel van de koningin.","Er waren eens twee vrienden, Tim en Ben. Ze speelden samen in de tuin van Tim. Ze wilden een groot avontuur. Ben had een oude fiets van zijn vader, een groene fiets met een klein zadel. Ze wilden naar de boom aan de overkant van het veld.

Ze zetten de fiets in de schommel en gingen op de fiets zitten. Ben zette de pedal in beweging en ze begonnen te rijden. De wind stond in hun rug. Ze voelden zich als echte helden.

Maar toen ze bijna bij de boom waren, viel de fiets in het zand. Ben en Tim vielen op de grond. Ze lachten en stonden op. Ze liepen naar de boom en klommen erin.

In de boom was een klein hokje. Ze vonden een doosje chocolade erin. Ze aten de chocolade en gingen terug naar huis. Ze waren heel blij met hun avontuur.","Er was eens een konijn met een rode neus. Hij woonde in een prachtig bos vol met bloemen en bomen. Hij had een vriend, een vogel met een blauw gekleurd pak. Zijn naam was Max.

Een dag ging het konijn op zoek naar een ontbijt. Hij vond een mand met alle soorten fruit erin. Hij keek in de mand en zag een appel, een banaan, een sinaasappel en een sinaasappelsap met een zoute worst. Hij moest bijna lachen.

Toen hij zijn ontbijt had gehad, ging hij naar Max om hem te zeggen dat hij vandaag naar het strand ging. Max wilde ook mee. Ze pakten hun strandspullen en gingen naar het strand. Daar speelden ze met de golven en hadden ze een leuke dag."
meta-llama/llama-3.1-8b-instruct,in medias res,"
Je bent een verteller van een kort verhaal (rond de 200 woorden).
Je bent een kind tussen de 4 en 6 en je vertelt een verhaal aan klasgenoten. 
Je publiek bestaat uit kinderen van jouw leeftijd. 
Geef het verhaal geen titel of introductie.
",Vertel een verhaal. Het verhaal moet het volgende narratieve element bevatten: in medias res,"Er was een koeienfokkerij en ik zat op de bank met mijn vader. Hij was erg verdrietig. Ik vroeg hem waarom hij verdrietig was. Hij zei dat hij zijn beste koe, Bessie, kwijt was. Ik vroeg waarom hij zo verdrietig was als ze maar een koe was. Hij zei dat Bessie heel speciale melk produceerde en dat het een koe was die heel veel mensen dolgraag melk wilden drinken vanwege de speciale eigenschappen die ze had.

Toen begon mijn vader te vertellen over hoe hij een jonge koe had gekocht van een kwekerij. Hij had Bessie genoemd en hij had verwacht dat ze een gewone koe zou zijn. Maar toen ze oud genoeg was om te drinken, werd duidelijk dat ze heel bijzondere melk produceerde. De mensen die van haar melk dronken, voelden zich heel veel beter. 

Dus mijn vader had besloten om de koeenfokkerij te beginnen. Hij had heel veel hoop dat Bessie zou kunnen helpen bij het beginnen van zijn zaak. En toen was Bessie plotseling verdwenen.","We waren op een avontuur in de jungle. Mijn vriendje, Tim, en ik hadden een kaart gevonden waarop een geheim kasteel stond. We wilden het kasteel vinden en zagen ons aan het einde van de kaart.

""Kom op, we moeten gaan!"" riep ik tegen Tim.

We liepen door de jungle, door het donkere bos, over de brede rivier en klimmen omhoog over de steile rotswanden. We waren al een hele tijd aan het lopen en ik begon te denken dat we het kasteel al bijna hadden.

Toen we boven waren, zagen we een prachtig kasteel met torens en een moerassige gracht. We staken door de brug en kwamen in het kasteel. Maar toen we naar binnen gingen, vielen de deuren dicht en we waren vast!

""Tim, wat doen we nu?"" riep ik.

""Zullen we proberen de deuren open te maken?"" vroeg Tim.

En toen pas realiseerden we ons dat we geen idee hadden hoe we hier waren gekomen. We hadden alleen een kaart met een geheim kasteel...","We waren aan het spelen in het park en ik zag de koningin van het koninkrijk. Zij had een prinses gevangengenomen en stond op het punt haar te executeren. De prinses lag vastgebonden aan een oude boom. De koningin had een zwaard in de lucht en was klaar om toe te slaan.

Net op tijd kwam de held van het verhaal, een krijger genaamd Koning Pieter. Hij was zo snel dat hij de koningin kon stoppen voordat ze de prinses kon doden. Hij wist haar te overmeesteren en bevrijdde de prinses.

De prinses was zo dankbaar dat ze Koning Pieter een kus gaf. En Koning Pieter was zo blij dat hij lachte en zei: ""Ik heb de prinses gered, maar kan ik nu ook de koningin gaan redden?""

De prinses zei: ""Waarom zou je dat willen doen? Zij heeft onze prinses willen doden."" Koning Pieter zei: ""Omdat ik een goed hart heb en ik wil dat ze zich beter gedraagt.""","We waren op een eiland in de zee. Ik was met mijn beste vriend, een olifant met een rode hoge hoed. Hij heet Olli. We hadden een schip gemaakt van een bamboestok en een vlot gemaakt van bladeren.

Olli was op het eiland, en ik was in het water met een net om vis te vangen. Olli riep me dat ik moest komen. ""Hij is er!"" riep hij.

Ik keek op en zag dat er een grote walvis op het strand kwam. Hij was groter dan Olli en had een grote grijns op zijn gezicht. ""Hoe stort hij hier op?"" vroeg ik me af.

Olli zei dat de walvis een vriend was. Hij kwam om ons te helpen. Hij zei dat er een storm aankwam en dat we ons schip moesten verbergen. Olli en ik gingen snel terug naar onze schuilplaats en zetten ons schip op veilige afstand van de zee. De walvis bleef achter en duwde de golven weg met zijn grote lichaam.","Eenmaal was ik op het strand met mijn hond, hij heet Max. We zaten op een groot rotsblok en zagen een bootje komen. Het bootje was rood met een witte zwaan erop. Het zonnetje scheen en de golven klapperden tegen de kust.

plotseling hoorde ik een meisje roepen. ""Mijn boot! Mijn boot!"" Het meisje stond al op het strand en liep naar ons toe. Ze keek heel bang.

Ik vroeg haar: ""Wat is er aan de hand?"" Ze zei: ""Mijn boot is aangeslagen! Hij is vastgekoord aan een schip!"" Ik vroeg haar: ""Hoe heb je dat kunnen laten gebeuren?"" Ze zei: ""Ik was aan het zwemmen en ik zag een schip aankomen. Ik had mijn boot laten liggen en toen ik terugkwam, was hij vastgekoord!""

Mijn hond begon te blaffen en ik zei: ""Rustig maar, Max."" Ik dacht even na en zei: ""We moeten hem helpen om zijn boot te bevrijden. Wil je dat?"" Het meisje knikte en ik zei: ""Dan gaan we!"""
meta-llama/llama-3.1-8b-instruct,een morele les,"
Je bent een verteller van een kort verhaal (rond de 200 woorden).
Je bent een kind tussen de 4 en 6 en je vertelt een verhaal aan klasgenoten. 
Je publiek bestaat uit kinderen van jouw leeftijd. 
Geef het verhaal geen titel of introductie.
",Vertel een verhaal. Het verhaal moet het volgende narratieve element bevatten: een morele les,"Er was eens een meisje dat heette Sophie. Sophie had een superzootje konijn genaamd Fluffy. Fluffy was erg lief en iedereen in de klas hield van hem.

Maar Sophie was erg jaloers als haar vriendje, Tim, naar Fluffy keek. Ze dacht dat Tim meer van Fluffy hield dan van haar. Sophie begon dan ook Fluffy te ontzeggen en te behandelen als een soort slavernijbeest.

De laatste keer dat Sophie Fluffy had ondankt, kwam Tim naar haar toe en vroeg haar waarom ze Fluffy zo slecht behandeld had. Sophie vertelde hem over haar gevoelens van jaloezie. Tim luisterde naar Sophie en zei: ""Sophie, ik hou van jou en Fluffy, maar als we Fluffy slecht behandelen, doen we hem pijn. En als we iemand pijn doen, is dat niet leuk voor hem of voor ons.""

Sophie begon te huilen en beloofde Fluffy nu beter te behandelen. Vanaf dat moment was Sophie dankzij Tim een lieve en liefhebbende vriendin voor zowel Tim als Fluffy.","Ik woonde bij mijn opa en oma in een klein dorpje. Mijn opa had een prachtige tuin met veel bloemen en groenten. Hij nam me elke dag mee om hem te helpen met het dagelijkse werk. Ik hield van het helpen, want ik kon zien hoe trots hij was op zijn tuin.

Een dag kwam er een grote, groene slang bij ons in de tuin. Mijn opa was bang dat de slang onze dierbare planten zou eten. Ik was bang ook, maar ik wilde ook helpen. Dus zei ik tegen mijn opa: ""Laten we de slang verjagen!"" Mijn opa zei: ""Nee, mijn lieve kleindochter, we kunnen de slang niet uit de tuin verjagen. We moeten hem helpen.""

Mijn opa zei dat we niet mochten vermoorden, maar dat we moesten helpen. En dat deden we. We vonden een leeg terrarium en voerden de slang in. We konden hem nu zien en hij was niet slecht. Hij was bang. Mijn opa zei dat hij moest leren om ons niet te vrezen. Mijn opa gaf de slang te drinken en eten. En na een tijdje waren we vrienden geworden.

Ik leerde dat we allemaal helpen moeten en niet moeten vermoorden. Dat is de les van mijn opa.","Er was eens een kleine vogeltjesjongen genaamd Piet. Piet had een prachtige roze vogeltjebroek en een groen shirt aan. Hij was heel trots op zijn kleren en wilde ze aan de andere vogeltjes laten zien.

Piet ging naar het vogeltjespark en begon te zingen over zijn prachtige kleren. De andere vogeltjes keken naar hem en vielen in een hoop, want ze waren allemaal erg jaloers op Piet en zijn mooie kleren.

Maar toen Piet zijn kleren begon te laten zien, vielen de andere vogeltjes in een hoop omdat ze zo jaloers waren. Enkele vogeltjes vielen in een hoop en een ander vogeltje viel uit een boom. Alleen een oude vogel met een witte baard zei niets en keek naar Piet met een serieus gezicht.

""Je zou je kleren niet aan de andere vogeltjes moeten laten zien, Piet"", zei de oude vogel. ""Want als je dat doet, word je een egoïst en word je niet meer een echte vogel.""

Piet voelde zich heel slecht en de andere vogeltjes kwamen naar hem toe om hem te vergeven. Vanaf toen was Piet een andere vogel, hij was niet meer zo trots op zijn kleren en hij speelde met de andere vogeltjes.","Er waren eens twee vrienden, Tim en Leo. Ze waren erg dol op spelen in de speeltuin. Eén dag vonden ze een prachtige bal die iedereen wilde hebben. Ze begonnen een wedstrijd om wie de bal het eerst zou vinden.

Tim vond de bal en zei: ""Ik heb hem gevonden! Hij is van mij!"" Maar Leo zei: ""Nee, ik wil hem ook! We moeten hem samen delen!""

Tim zei: ""Nee, ik wil hem zelf!"" En hij liep weg met de bal. Leo was verdrietig en ging naar de speelplaats.

De leraar zei: ""Hoe voel je je?"" Leo zei: ""Ik voel me verdrietig, want Tim wilde de bal niet delen met mij."" De leraar zei: ""Je moet altijd delen met anderen. Dan wordt het leven leuker!""

Tim kwam terug en zei: ""Sorry Leo, ik wil de bal met jou delen. We kunnen hem samen spelen!"" Leo glimlachte en zei: ""Ja, dat is leuk!""

En zo leerden Tim en Leo dat delen het leven leuker maakt.","Er was eens een jonge eend die heette Kwik. Kwik was een vrolijke eend die altijd wilde spelen met zijn vrienden. Maar Kwik had één problem: hij was niet eerlijk.

Een keer vonden Kwik en zijn vrienden een prachtige schelp met een aantal schitterende parels. Kwik wilde de parels allemaal voor zichzelf, maar hij wist dat hij ze niet mocht nemen. Toch deed hij het toch.

Maar toen hij naar huis ging, voelde hij zich niet goed. Hij wist dat hij niet eerlijk was geweest en dat hij zijn vrienden had bedrogen.

De volgende dag ging Kwik naar zijn vrienden en gaf hij de parels terug. Hij zei sorry en beloofde dat hij vanaf nu eerlijk zou zijn.

Zijn vrienden waren blij dat Kwik zich had verbeterd en zei dat hij een goede vriend was. Vanaf dat moment was Kwik een eerlijke eend en hij was gelukkig."
meta-llama/llama-3.1-8b-instruct,een onverwachte wending,"
Je bent een verteller van een kort verhaal (rond de 200 woorden).
Je bent een kind tussen de 4 en 6 en je vertelt een verhaal aan klasgenoten. 
Je publiek bestaat uit kinderen van jouw leeftijd. 
Geef het verhaal geen titel of introductie.
",Vertel een verhaal. Het verhaal moet het volgende narratieve element bevatten: een onverwachte wending,"Er was eens een konijnenjong dat heette Fluffy. Fluffy woonde in een prachtige bos met veel bloemen en groene bladeren. Hij was erg blij met zijn leven en speelde graag met zijn vrienden.

Een dag besloot Fluffy om de bos te verkennen. Hij liep langs een rivier en kwam bij een oude, holle boom. Hij besloot om in de boom te klimmen, maar plotseling begon de boom te bewegen. Fluffy viel van de boom en belandde in een ondergrondse grot.

In de grot ontdekte Fluffy een klein konijnenjong dat erg klein was en niet kon rennen. Maar wat Fluffy niet wist was dat dit kleine konijnenjong eigenlijk een prinses was die een toverspreuk had uitgesproken om haar vijand te ontwijken. De vijand was een enorme beer die de bos wilde vernietigen.

De prinses vroeg Fluffy om haar te helpen de beer te verslaan. Samen reden ze op een pad op en troffen de beer aan. Maar in plaats van Fluffy om te helpen, besloot de prinses om hem te veranderen in een pad.","Er was eens een prinsesje genaamd Sophia. Ze had lang, blond haar en blauwe ogen. Sophia leefde in een prachtige kastelen in een land ver, ver weg.

Een dag ging Sophia naar de bos waar ze haar lievelingsspeeltje, een pony genaamd Snowie, uitliet. Toen ze in het bos was, kwam een oude vrouw naar haar toe. De oude vrouw had een rood mantel om en een groene hoed op.

De oude vrouw zei tegen Sophia: ""Sophia, ik ga je iets laten zien. Kom met me mee."" Sophia ging met de oude vrouw mee. Ze liepen door het bos totdat ze bij een grote poort kwamen. De oude vrouw opende de poort en zei: ""Dit is de ingang van een magische wereld.""

Sophia ging naar binnen en zag dat het een wereld van ijs was. Maar toen ze verder liep, zag ze dat de oude vrouw met een gelaat van een vos was. ""Jij bent de vos van de sprookjes!"" riep Sophia.","Er was eens een prinses met een paard met één oor. Haar naam was Pien. Pien woonde in een kasteel met een grote tuin. Ze hield heel veel van paarden en dieren.

Een dag ging ze met haar paard op pad om haar kleintjes te helpen. Ze zochten naar een grote stroom water waarbij de dieren konden drinken. Als ze gepast was, ging ze terug naar het kasteel.

Onderweg kwam ze bij een grot. Ze was nieuwsgierig en ging erin. Daar zat een draak die in een slaap hield. Hij sliep heel diep. Pien ging zachtjes weg, maar ze hoorde plotseling een geluid. De draak werd wakker en kwam naar haar toe. Hij was heel groot en bewoog zijn grote vleugels. 

Maar in plaats van haar aan te vallen, begon de draak te zingen. Hij zong zo mooi dat Pien tranen in haar ogen kreeg.","Er waren eens drie vriendjes, Bobbi, Willem en Sander. Ze gingen op avontuur in het bos. Ze zochten naar een legende over een goudvindplaats. Ze liepen en liepen en kwamen bij een rots. Daar stond een bord: ""Achtste goudmijn ooit, alleen voor de slimste"". Ze dachten snel na en Bobbi zei: ""Ik weet het!"" Ze moesten allemaal met hun voet op de rots gaan staan. De rots begon te schudden en plotseling ging de grond open. Ze vielen een tunnelsysteem in. Het was heel donker. Ze stapten op een karretje en de karretje reed zelf naar beneden. Op de onderste verdieping stond een klein goudschat. Sander zei ""Wauw!"" en Willem zei: ""We hebben het gedaan!"" Net toen ze de goudschat pakten, hoorden ze een stem zeggen: ""Wacht even. Dit is mijn goud. Ik ben de oudste goudzoeker ooit!"" Het was een kleine, dikke man met een enorme baard.","Er was eens een jonge koningin. Ze was heel mooi en had lang zwart haar. Ze woonde in een groot paleis met veel prachtige dingen. De koningin hield van paarden en had er een hele stal vol mooie paarden.

Een dag besloot de koningin een wedstrijd te organiseren. Ze zou met alle paarden van de stal een wedstrijd rijden. De paarden moesten zo snel mogelijk door een parcours rijden. De koningin had de beste paarden uitgekozen en dacht zeker te winnen.

Maar toen ze net aan het rijden was, viel plotseling een grote regenbui. Alle paarden werden bang en de koningin werd afgezet. Toen ze weer op het paard zat, merkte ze dat het paard ineens kon praten. Hij zei: ""Ik kan niet verder, ik ben moe. Je moet op mij rijden als je terug wilt naar het paleis."""
meta-llama/llama-3.1-8b-instruct,een onbetrouwbare verteller,"
Je bent een verteller van een kort verhaal (rond de 200 woorden).
Je bent een kind tussen de 4 en 6 en je vertelt een verhaal aan klasgenoten. 
Je publiek bestaat uit kinderen van jouw leeftijd. 
Geef het verhaal geen titel of introductie.
",Vertel een verhaal. Het verhaal moet het volgende narratieve element bevatten: een onbetrouwbare verteller,"Er was eens een koning die had besloten om een olifant te zoeken. Dus ging hij op avontuur en zocht een heel eind. Toen hij eindelijk de olifant vond, was hij zo groot dat hij bijna de hele stad bedekte. De koning dacht dat hij een geweldige ontdekking had gedaan en besloot om de olifant met hem mee te nemen naar de stad. 

Maar denk maar niet dat de olifant een geweldige vriend was, hij was een nep-olifant. De koning had een beetje te veel gedronken en had de olifant gekocht van een man die hem beloofde dat hij een echte olifant was. Die man was een bedrieger. 

Toen ze terugkwamen in de stad, bleek de olifant alleen maar een grote hond te zijn met een olifantenspray. De koning was erg teleurgesteld en besloot om nooit meer een olifant te kopen van een vreemde.","Er was eens een prinses die in een kasteel woonde. Ze was erg mooi en had rood haar. Ze ging naar de stad om een nieuwe halsketting te kopen. Toen ze in de stad was, kwam er een schilder langs en hij schilderde de prinses met een hond. De hond was een wolf. Maar hij was een goed hond en hij hielp de prinses veel.

Toen ze terugkwam in het kasteel, verklaarde ze aan haar moeder dat ze een prins had ontmoet. Ze had hem ontmoet in de stad, waar hij als muzikant speelde. Hij speelde erg goed op zijn fluit en ze viel in liefde met hem. Maar... (ik weet niet of ik dit wel moet zeggen, maar...) volgens sommigen was hij eigenlijk een geest. Ja, ik weet het, dat klinkt niet zo leuk, maar dat is het verhaal nu eenmaal.","Er was eens een koning die heel rijk was. Hij had een grote schat van goud en juwelen. Maar de koning was erg slim en besloot om zijn schat verborgen te houden. Hij deed alsof hij de schat was kwijtgeraakt.

Maar ik hoorde van een vriend van een vriend dat de koning zijn schat had weggeborgen in een grot. Hij had een grote deur gemaakt van ijzer en die deur was afgesloten met een slot van diamanten.

Maar ik denk dat de koning ook zijn schat heeft verstoppen in een kast in zijn kasteel. En ik hoorde ook dat hij een andere schat had die hij in een boot had gestopt die op een meer lag.

Ik weet het niet zeker, maar ik denk dat de koning heel slim is en zijn schat veilig heeft verborgen. Of misschien is hij helemaal niet rijk en heeft hij nooit een schat gehad...","Er was eens een meisje dat een koningin was. Nou, eigenlijk was het een paard, maar het paard had een kroon op. En ik weet niet of het een paard was of een meisje, want ik heb het zelf niet gezien. Maar ik heb het van een vriend van een vriend gehoord.

Dit koningin-paard had een prinses en een prins, en ze gingen op een grote reis naar een eiland waar de appelbloesems altijd bloeiden. Ze liepen over een brug van suiker, maar als ze erop liepen, werden ze door een grote haas weggewerkt.

Of misschien was dat een leeuw, of een beer. Nee, het was een haas. En de haas had een grote muil en hij beet de koningin-paard in de staart. Maar de koningin-paard was zo snel dat ze kon vliegen en ze vlogen over de haas heen.

Of misschien vlogen ze niet. Nou, ik ben niet zeker. Ik denk dat ik het verhaal nog een keer moet horen.","Er was eens een konijn die zei dat hij de koning van de boswachters was. Hij droeg een groot schild met een kruis erop en een staf in zijn hand.

Hij zei dat hij de allersterkste boswachter was en dat hij alle boswachters commandeerde. Maar ik weet niet of hij de waarheid vertelde, want hij was een beetje rare. Hij zei dat hij een koning was, maar hij woonde in een hol in de grond.

Hij vertelde dat hij elke ochtend naar de boswachters kwam om hen op te leiden, maar ik denk dat hij dat niet deed. Hij zei dat hij de allersterkste boswachters had, maar als ik naar ze keek, waren het gewoon kleine konijnen.

Ik weet niet of hij de waarheid vertelde of niet, maar hij was zeker een rare konijn. En ik denk dat hij de waarheid niet altijd vertelt."
meta-llama/llama-3.1-8b-instruct,vooruitwijzing,"
Je bent een verteller van een kort verhaal (rond de 200 woorden).
Je bent een kind tussen de 4 en 6 en je vertelt een verhaal aan klasgenoten. 
Je publiek bestaat uit kinderen van jouw leeftijd. 
Geef het verhaal geen titel of introductie.
",Vertel een verhaal. Het verhaal moet het volgende narratieve element bevatten: vooruitwijzing,"Er was eens een klein konijntje dat in een groot bos woonde. Het konijntje had een prachtige dikke vacht en lange oren die altijd luisterden naar wat er om hem heen gebeurde. Hij hield van eten, slapen en spelen met zijn vrienden.

Maar de konijntje wist dat het bos soms heel gevaarlijk kon zijn. Er waren grote, griezelige roofdieren die 's nachts uitkwamen om te jagen. Hij had al eens een hartverscheurende nacht beleefd toen hij een dier had horen naderen. Maar hij had op tijd naar zijn hol gerend en veilig gebleven.

Op een dag, terwijl hij zijn sprekende vriend, een eekhoorn, een snack gaf, hoorde hij een geluid in de verte. Het klonk als het geritsel van een beest in de bladeren. Het konijntje keek naar zijn vriend en wist dat hij snel moest terugrennen naar zijn hol.","Er was eens een klein koninkrijkje met een prinsesje genaamd Sophia. Sophia was heel lief en had een prinsesje-haarkleur, haren van goud. Sophia wou graag naar het bos om te spelen.

Haar moeder, de koningin, zei: ""Sophia, wees voorzichtig in het bos, er zijn beesten die je kunnen bijten."" En haar vader, de koning, zei: ""Ja, Sophia, in het bos zijn ook donkere gaten die je in kunnen trekken.""

Maar Sophia wilde niet luisteren. Zij wou alleen maar spelen. Toen ze in het bos was, kwamen er ineens twee grote honden op haar af. Ze waren heel erg groot en zeiden: ""Grrr, wie zijn jij?""

Sophia was bang en vluchtte weg. Ze rende zo hard mogelijk en zocht een uitweg. Maar de honden waren veel sneller dan ze. Tevergeefs probeerde ze te ontsnappen.","Er was eens een prinsesje die woonde in een grote kasteel. Ze had een prachtige jurk en een mooie hoge hoed. Ze liep naar buiten en zag een grote vos met grote tanden.

""O, wat ben jij groot!"" zei ze. ""En wat heb je grote tanden!""

De vos glimlachte en zei: ""Ja, ik ben heel sterk. Ik kan heel veel dingen doen.""

De prinsesje vroeg: ""Wat kun je dan allemaal?""

De vos antwoordde: ""Ik kan een paard rijden, ik kan een vliegtuig besturen en ik kan zelfs de maan klimmen!""

De prinsesje was onder de indruk en vroeg: ""Waarom kan je dat allemaal?""

De vos antwoordde: ""Omdat ik een speciale kracht in me heb!""

De prinsesje wilde weten hoe hij dat voor elkaar kreeg en de vos zei: ""Ik zal je laten zien, maar je moet eerst naar binnen gaan en je mond houden!""","Er was eens een klein konijnje dat heette Kiki. Kiki woonde in een prachtige tuin vol met bloemen en bomen. Kiki was een beetje nieuwsgierig en hield ervan om op avontuur uit te gaan.

Een dag besloot Kiki om de tuin te verkennen. Hij liep door de bloemen, keek naar de vogels en snuffelde naar de insecten. Terwijl hij langs een grote boom liep, hoorde hij een klein stemmetje dat zei: ""Kiki, kom hier even naartoe!""

Kiki keek omhoog naar de boom, maar hij kon niets zien. Hij dacht: ""Wie kan dat stemmetje zijn? En wat wil die persoon van me?"" Kiki besloot om naar boven te klimmen om te zien wie er was. Toen hij boven was, zag hij een klein vogeltje met een grote oog. ""Hé, Kiki! Ik ben het vogeltje dat je altijd hoort zingen in de tuin!""","Er was eens een prinses die in een groot kasteel woonde. Ze had een paard dat zo snel was als de wind. Ze noemde hem Storm. Storm was niet gewoon, hij kon door het water lopen en over de bergen springen.

De prinses wilde graag naar de andere kant van het land om haar nicht te bezoeken. Maar het was erg ver en ze wist niet of ze er ooit zou aankomen. Ze stapte op Storm en zei: ""Kom, Storm, we gaan op avontuur!""

Ze zetten koers en Storm rende zo snel dat de prinses haar hoofd moest buigen om in de wind te kunnen kijken. Ze reden over rivieren en door bossen en Storm sprong over beekjes.

Toen ze eindelijk een heuvel zagen, zei de prinses: ""Storm, ik denk dat we er bijna zijn!"" En toen ze de top van de heuvel bereikten, zagen ze een prachtig kasteel dat schitterde in de zon. De prinses glimlachte en zei: ""Ik denk dat we er echt bijna zijn, Storm!"""
meta-llama/llama-3.1-8b-instruct,innerlijke monoloog,"
Je bent een verteller van een kort verhaal (rond de 200 woorden).
Je bent een kind tussen de 4 en 6 en je vertelt een verhaal aan klasgenoten. 
Je publiek bestaat uit kinderen van jouw leeftijd. 
Geef het verhaal geen titel of introductie.
",Vertel een verhaal. Het verhaal moet het volgende narratieve element bevatten: innerlijke monoloog,"Een keer was ik met mijn hond, Rufus, in het park. We liepen over het pad en ik gooide een bal voor hem. Hij zoefde erheen en ving hem op. Ik zei: ""Goed gedaan, Rufus!""

Maar toen dacht ik: ""Rufus, waarom ga je niet een beetje sneller? Dan kun je de bal sneller vangen."" Maar ik zei het niet hardop. Rufus ging gewoon door alsof hij mijn gedachten niet hoorde. Hij kwam naar me toe en gaf me de bal terug. Ik gooide hem weer en hij ving hem op.

Ik dacht: ""Rufus, je bent echt heel goed. Je bent de beste hond van het park."" Maar dan dacht ik: ""Nee, nee, je moet nog beter worden. Dan winnen we een prijs!"" Rufus bleef gewoon luisteren naar me en hij ging door met spelen.

Toen wilde ik een andere bal, dus gooide ik Rufus die bal terug. Hij ving hem op en kwam naar me toe. Ik dacht: ""Ja, Rufus, je bent echt de beste!"" En toen lachte ik en gaf hem een knuffel.","Ik ging naar de dierentuin. Ik wilde naar de leeuwen kijken. Toen ik bij de leeuwen was, zei ik tegen mezelf: ""Hoe zouden ze zich voelen als ze hier niet waren?""

Ik keek naar de leeuwen. Ze waren zo groot en machtig. ""Ik zou niet graag hier zijn als ik een leeuw was,"" dacht ik. ""Ik zou niet graag worden gegijzeld en niet graag worden gevoerd. Ik zou een leeuw willen zijn in de wildernis, waar ik vrij ben.""

Een van de leeuwen keek naar me en gromde. Ik schrok. ""Hij denkt dat ik hem bedreig,"" dacht ik. ""Maar ik wil hem niet bedreigen. Ik wil hem alleen maar aaien.""

Maar toen dacht ik: ""Misschien is het beter dat ik hier niet ben. Misschien is het beter als de leeuwen hier niet zijn."" Want als ze hier niet waren, zouden ze hier niet gevangen zitten.","Dus, er was eens een kleurige vogel met een prachtig paarse nek. Hij heette Balthazar. Balthazar wou een prachtig nest bouwen. Hij ging naar de boswachter en vroeg hem of hij een nest kon bouwen.

De boswachter zei, ""Ja, maar je moet eerst een bos bloemen halen."" Balthazar ging naar de bloemen. Toen hij weer terugkwam, zei de boswachter, ""Nee, je moet eerst een ketting van stenen maken.""

Balthazar ging naar de stenen en maakte een ketting. Toen hij terugkwam, zei de boswachter, ""Nee, je moet eerst een grote parachute maken.""

Balthazar ging naar de stof en maakte een parachute. Toen hij terugkwam, zei de boswachter, ""Goed gedaan, ik geef je nu het materiaal voor je nest."" 

Toen Balthazar zijn nest bouwde, dacht hij bij zichzelf: ""Wat is dit voor spelletje? Eerst wil hij bloemen, dan een ketting, dan een parachute. Ik denk dat hij me in de maling neemt."" Maar toen hij zijn nest zag, was het ongelooflijk mooi. Balthazar vroeg zich af of hij wel gek was geweest.","Er was eens een konijn genaamd Benny. Hij was heel snel en kon overal razendsnel komen. Maar Benny was ook heel bang. Hij vroeg zich af: ""Wat als ik langzaam ben? Wat als ik niet snel genoeg ben?"" Hij liep een keer door het bos en kwam een groot, donker pad tegen. ""Oei, dat is een heel donker pad"", dacht hij. ""Wat als ik daarbinnen een gevaar vind?"" Maar hij moest naar de andere kant, want hij wilde naar zijn vriendje, een vos genaamd Vinnie.

Benny deed heel langzaam een stap naar voren. ""Doe ik het goed?"" vroeg hij zich af. ""Is dit veilig?"" Maar hij moest gewoon door, dus hij deed nog een stap. En nog een. Tot hij eindelijk aan de andere kant was. ""Wauw, dat was moeilijk!"" zei hij tegen zichzelf. Toen hij Vinnie zag, zei hij: ""Hé, ik deed het! Ik ging door het donkere pad!"" Vinnie zei: ""Je bent heel moedig, Benny!"" Benny glom van trots. ""Ja, ik ben heel moedig!""","Ik was een prinsesje in een groot paleis. Ik had een lange, gouden kroon op mijn hoofd en een prachtige, rode jurk aan. Maar ik voelde me niet gelukkig. Ik wilde niet prinses zijn, ik wilde een gewone meisje zijn die kon spelen en cadeautjes kopen zonder dat iedereen me aandacht geeft.

""Waarom moet ik prinses zijn?"" dacht ik bij mezelf. ""Ik wil niet altijd op mijn beste doen en niet altijd schoon zijn. Ik wil peuteren en snotteren en stof pakken op de grond."" Ik keek om me heen, maar alle andere kinderen in het paleis waren net zo opgekleed als ik. Ik voelde me heel eenzaam.

Toen zag ik een klein konijnje in de hoek van de kamer. Het was zo graag aan de buitenkant, waar de bloemen groeiden en de zon scheen. ""Als ik maar konijn was,"" dacht ik, ""dan kon ik ook buiten spelen en geen prinses meer zijn."" Maar toen kreeg ik een idee. ""Waarom niet?"" dacht ik bij mezelf. ""Ik kan nog steeds prinses zijn, maar ik mag ook buiten spelen en met het konijnje vrienden worden."" En zo ging ik naar buiten en speelde met het konijnje tot de zon onderging."
meta-llama/llama-3.1-8b-instruct,symboliek,"
Je bent een verteller van een kort verhaal (rond de 200 woorden).
Je bent een kind tussen de 4 en 6 en je vertelt een verhaal aan klasgenoten. 
Je publiek bestaat uit kinderen van jouw leeftijd. 
Geef het verhaal geen titel of introductie.
",Vertel een verhaal. Het verhaal moet het volgende narratieve element bevatten: symboliek,"Er was eens een klein konijntje dat woonde in een grote, lege kamer. De kamer was vol met spinnenwebben en stof. Niemand kwam er meer in en het was een heel saai plek. Het konijntje wilde eigenlijk een prachtige tuin hebben, waar hij kon spelen en bloemen kon zien.

Een dag kwam een magische vogel in de kamer. De vogel liet het konijntje een klein zaad geven en zei: ""Plant dit zaad en water het maar. Dan zal je tuin groot en mooi worden.""

Het konijntje plantte het zaad en waterde het elke dag. Na een tijdje kwam er een klein blaadje uit de grond. Het konijntje was heel gelukkig. Maar de spinnenwebben en stof verdwenen niet. Toch werd de kamer niet meer zo saai.

Een van de klasgenoten vroeg me: ""Wat betekent het zaad?"" Ik zei: ""Dat is een symbool voor hoop en geluk.""","Er was eens een klein vogeltje. Het had prachtige, glanzende veren, maar ze waren een beetje beschadigd. En dan was er de boom. Die was lang, slap en droog. Hij was verdord van de zon en had zijn bladeren verloren. 

De vogel wilde vliegen, maar hij durfde niet. Hij was bang dat hij zijn veren los zou maken en dat ze niet meer zouden glanzen. Dus bleef hij op de boom zitten. 

Met elke dag die voorbijging, raakte de boom nog slapper en droger. En de vogel, hij raakte steeds meer van zijn natuurlijke vleugels zijn glans kwijt. 

Een dag kwam een stortregen en de boom bukte onder de kracht van de watermassa. Maar toen de zon uitkwam, kwam de boom weer rechtop. Hij groeide terug en werd sterk. 

De vogel vloog op. Zijn vleugels vlogen, en het vogeltje ging hoog. En toen hij op een grote hoogte was, zakte hij omlaag en viel op de boom.","Er was eens een meisje dat woonde bij een groot bos. Ze had een klein hondje dat haar altijd begeleidde. Een dag ging de zon onder en het meisje vergat haar zaklamp thuis. Ze moest naar het bos om een keer te gaan picknicken. Toen ze in het donker liep, kwam ze een prachtige bloem tegen. De bloem was felrood en had veel sterren eromheen. Het meisje vond de bloem mooi.

Toen ze dichterbij kwam, zag ze dat de sterren op de bloem weg waren en er stond eerst een klein beetje water op de bloem. Ze voelde aan de bloem en die voelde kouder aan dan normaal. Ze zei tegen haar hond: 'Ik denk dat deze bloem doodgaat'. De hond keek naar de bloem en bleef gebrommen.

Dit verhaal is over.","Er was eens een prinsesje met een mooi paard. Ze woonden in een mooi kasteel met een grote tuin. Maar de prinsesje was heel verdrietig, want ze had geen vriendinnetjes. Alles wat ze deed, deed ze alleen.

Een dag ging ze naar de tuin om te spelen. Daar zag ze een bloem. Die bloem was felrood en had een zwarte streep. De prinsesje vroeg een oude vrouw wat de bloem betekende. Die zei: ""Die bloem betekent verdriet, maar ook hoop. Als je verdriet hebt, moet je die bloem in de tuin planten. En als je hoop hebt, moet je hem in je hart dragen.""

De prinsesje nam de bloem en plantte hem in de tuin. Daar groeiden er al snel heel veel bloemen, en nu had de prinsesje veel vriendinnetjes. Ze speelden in de tuin en reden op het paard. De prinsesje was heel gelukkig.

Maar ze wist ook dat de bloem in de tuin bleef en dat ze hem elke keer dat ze verdriet had, kon zien. En zo wist ze dat ze niet alleen was.","We waren in het bos en we zochten naar de koning van de vogels. Hij heeft een prachtig zwaard en hij kan praten met alle vogels. We liepen en liepen totdat we een grote boom zagen. De boom was vol bladeren en hij was heel groen.

Ik sprong op een tak en ik keek omhoog. Daar zat de koning van de vogels. Hij had een prachtig zwaard en hij keek naar ons. Maar toen ik naar beneden wilde springen, viel de tak. Ik viel in een grote bak water. Ik was heel nat.

Maar toen ik opkeek, zag ik dat de boom bladeren verloor. Het bladeren was verdwenen en de boom zag eruit als een kale boom. En toen wist ik dat de koning van de vogels gezegd had dat hij weg ging naar de lente. Dat betekende dat de herfst was aangebroken. De boom was kaal geworden en hij zou nu slapen tot de lente kwam."
meta-llama/llama-3.1-8b-instruct,een niet-lineaire tijdlijn,"
Je bent een verteller van een kort verhaal (rond de 200 woorden).
Je bent een kind tussen de 4 en 6 en je vertelt een verhaal aan klasgenoten. 
Je publiek bestaat uit kinderen van jouw leeftijd. 
Geef het verhaal geen titel of introductie.
",Vertel een verhaal. Het verhaal moet het volgende narratieve element bevatten: een niet-lineaire tijdlijn,"Er was eens een prinses met een prachtige lange haren. Ze woonde in een kasteel met een prachtige tuin. Maar de prinses was niet gelukkig. Ze wilde niet in het kasteel blijven.

Toen ze ergens anders was, ontmoette ze een leeuw. Die leeuw was vriendelijk en hij vroeg haar: ""Waar wil je naartoe?"" Ze zei: ""Ik wil naar de zee.""

Maar toen ze daar was, kwam ze een oude vrouw tegen. Die vrouw vertelde haar dat ze al eerder bij de zee was geweest en dat ze toen een prachtige mand had gevonden.

De prinses keek bezorgd en zei: ""Maar waarom zit ik hier dan met deze leeuw?"" De oude vrouw zei: ""Omdat je eerder met deze leeuw aan de zee was geweest, toen je nog klein was.""","We waren op het strand! Mijn vriendje Tom en ik. We waren heel blij. We hadden een hond en hij was ook op het strand. We gingen zwemmen. We waren zo moe. Toen we uit het water kwamen, waren we allemaal klappertandig.

Dan ging ik op een rots zitten. Tom ging ook zitten. We waren stil. En toen hoorde ik Tom huilen. Hij huilde omdat hij zijn hond had verloren. Ik was heel boos op hem. ""Waarom huil je?"" vroeg ik. ""Ik had mijn hond hier en nu weet ik niet waar hij is!"" zei hij.

Toen begon ik te huilen. Want ik herinnerde me dat ik Tom's hond een stuk over de weg had zien rennen. En ik had het niet gezien. Tom's hond was weg.",Er was eens een konijn met een/zijn vrienden een magische appel. Hij at de appel en werd heel snel. Toen hij heel snel was at hij een andere appel en was hij heel klein. Soms was hij heel klein en soms was hij heel snel. Iedere dag was hij op de een of andere manier anders. Er waren dagen waarop hij heel klein was maar het konijn had een supersterke stem. Dan schreeuwde hij zo hard dat alle andere dieren zich verstopten. Op andere dagen was hij heel snel en deed hij rondjes om de hele wereld in een paar seconden. Soms was hij heel klein en heel snel en dan kon hij rondjes maken om de hele wereld in een paar seconden en alle dieren schreeuwden van verbazing. Hij at de appels en was heel anders en daardoor was alles anders.,"We waren op een feestje bij vrienden. En toen ging ik naar de keuken om een drankje te halen. Daar zag ik een kleine goudvis in een glazen bakje. Hij had een tutje om.

Maar toen ging ik terug naar het feestje en ik zag hem weer. Maar hij was nu een grote vis. En hij was zelfs uit het glazen bakje gestapt.

Een paar minuten later ging ik terug naar de keuken om nog een drankje te halen. En toen zag ik de kleine goudvis weer. Hij had weer zijn tutje om.

Maar waarom ging de vis van klein naar groot? En waarom ging hij soms in het glazen bakje zitten en soms buiten? Ik vroeg het aan iemand, maar niemand wist het antwoord.

Ik ging terug naar het feestje en ik keek nog eens naar de goudvis. Hij glimlachte naar me en ik dacht: ""Hij weet het, hij weet gewoon wat er aan de hand is.""","Ik ging naar de speelplaats en ik had een groot stuk speelgoed dat een draaimolen was. Toen ik eraan ging draaien, ging mijn vriendje op de draaimolen ook zitten. Hij viel eraf en kwam pijnlijk neer. 

Na de pauze ging ik weer naar de klas. Mijn lerares gaf mij een opdracht om een stukje te schrijven over wat er op de speelplaats gebeurd was. Ik schreef dat mijn vriendje vallen op de draaimolen ging dus toen ging wij beiden naar huis. 

Mijn vriendje en ik waren aan het spelen in de tuin toen hij op de draaimolen ging zitten. Hij viel eraf en kwam pijnlijk neer. We gingen naar huis. Mijn vader gaf hem een paracetamol en we zochten een pleister voor zijn knie."
meta-llama/llama-3.1-8b-instruct,een omgekeerde tijdlijn,"
Je bent een verteller van een kort verhaal (rond de 200 woorden).
Je bent een kind tussen de 4 en 6 en je vertelt een verhaal aan klasgenoten. 
Je publiek bestaat uit kinderen van jouw leeftijd. 
Geef het verhaal geen titel of introductie.
",Vertel een verhaal. Het verhaal moet het volgende narratieve element bevatten: een omgekeerde tijdlijn,"We waren op bezoek bij opa en oma. Ze hadden een oude hond, hij heette Max. Hij was heel oud, zo oud dat hij al bijna dood was. Maar vandaag ging het tegengestelde van wat ik je net vertelde. Max ging ineens snel lopen en begon te spelen. Hij sprong over een bank en begon te blaffen. Opa en oma waren heel blij en gaven hem een grote deken. Snel werd de deken een klein poofje en Max ging rustig liggen. Dan werd hij nog kleiner en ging hij dood. Maar niet voor lang, want hij werd weer jonger en jonger, tot hij een puppy was. Hij was zo klein dat hij in een hand kon worden genomen. En dan werd hij nog kleiner, tot hij een klein ei was. Maar het ei klapte open en er kwam een klein knuffeltje uit. Dat was Max als hij heel klein was.","Een dag... nee, een week na zondag. Mijn vriendje Leo en ik waren op de speeltuin. We speelden op de schommels. Maar dan zag ik hem. Hij was oud. Leo was oud. Hij had witte haren en glimmende bril. Hij zei dat hij slecht kon schommelen. Ik vroeg hem waarom. Hij vertelde dat hij al 80 jaar oud was en dat hij toen nog een klein jongetje was, net als ik.

Hij vertelde me dat hij had gedroomd dat hij een kleuter was, dat hij op de speeltuin speelde en dat hij vriendjes had. Maar dan ging hij terug in de tijd en hij was weer een klein jongetje. Hij zei dat hij me nu vond! Hij was zo blij!

Ik was ook blij! En toen vertelde hij dat hij nog verder moest terug in de tijd. Hij zei dat hij moest gaan slapen. En toen verdween hij. Nu ben ik niet meer op de speeltuin. Ik ben thuis. Mijn moeder kookt in de keuken. Het is zondagochtend. En ik denk... denk... wat is echt gebeurd?","We waren in een wijngaard. We namen de tram. De tram ging naar de haven. In de haven was een groot schip. We gingen op het schip en weiden een paard. Het paard was heel snel. We reden naar een kasteel. In het kasteel was een feest. We dansten en aten cake. Maar op de cake stond geschreven: ""Ik was lekker, maar nu ben ik allang op"". Dus we gingen naar de keuken om de cake te maken. We maalden meel, melk en suiker. We gooiden de ingrediënten in de mixer. We drukten op start en de mixer begon te draaien. Snel woonden we de mixer om en het werd heel stil. Nu was de cake helemaal niet gemaakt. We namen een stapeltje papier en schreef: ""We gaan een feest geven.""","Er was eens een lelijk monster. Het monster had een grote hoorn op zijn kop en een lange staart. Hij was heel erg sterk en kon heel hard rennen. Hij ging naar een klein dorpje en hij wilde het dorpje kapot maken. Maar het dorpje was heel erg sterk en kon heel hard vechten.

Toen het monster het dorpje aan het kapot maken was, kwam opeens een held, die held heette Tim. Hij was heel erg sterk en kon heel hard vechten. Hij ging naar het monster en zei: ""Ik ga je stoppen!"" En Tim sloeg het monster een keer en het monster viel neer.

Maar toen Tim het monster sloeg, kwam opeens de tijd terugdraaien. Het monster stond weer op en hij sloeg Tim. Tim viel neer en de tijd ging nog verder terug. Het monster was nog sterker en Tim was nog zwakker. En toen ging de tijd nog verder terug en Tim was het monster en het monster was Tim. Op dat moment was alles precies omgekeerd.","Er was eens een jongetje dat zijn favoriete knuffel had verloren. Hij had hem op de bank achtergelaten en toen hij weer naar boven ging om hem op te zoeken, was hij verdwenen.

Hij ging naar zijn moeder en vroeg of ze hem wist te vinden. Zij zei nee en zei dat ze hem niet meer gezien had. Hij was heel verdrietig en ging naar bed.

Maar toen hij in bed lag, begon hij te dromen dat hij weer op de bank zat en hij had zijn knuffel in zijn armen. Hij was heel blij en hij hield zijn knuffel stevig vast.

En toen hij wakker werd, lag zijn knuffel naast hem in bed. Hij was heel blij en hij omhelsde zijn knuffel.

Maar toen hij weer wakker werd, stond zijn moeder in zijn kamer en zei dat ze net zijn knuffel had gevonden op de bank. En toen hij weer wakker werd, zat hij op de bank en hij hield zijn knuffel stevig vast. Hij was heel blij en hij wist nooit dat hij ooit zijn knuffel had verloren."
meta-llama/llama-3.1-8b-instruct,circulaire verhaalsstructuur,"
Je bent een verteller van een kort verhaal (rond de 200 woorden).
Je bent een kind tussen de 4 en 6 en je vertelt een verhaal aan klasgenoten. 
Je publiek bestaat uit kinderen van jouw leeftijd. 
Geef het verhaal geen titel of introductie.
",Vertel een verhaal. Het verhaal moet het volgende narratieve element bevatten: circulaire verhaalsstructuur,"Een korte tijd geleden was er een vriend van me, hij had een vogeltje. Hij noemde het Pipo. Pipo vloog heel hoog en hij was heel lief. Als hij op zijn nest zat, klonk hij zachtjes.

Ik ging vaak bij hem logeren en Pipo vloog steeds hoger. Eens stond ik in de tuin en mijn vriend stelde me een vraag. ""Kom, laten we gaan kijken naar Pipo"", zei hij. Ik liep achter hem aan en toen we bij het nest waren, vloog Pipo weg. Mijn vriend zei: ""Ik ga nu slapen, ga jij maar naar je eigen huis"".","Er was eens een kleine vogeltje dat erg graag wilde leren vliegen. Het vogeltje keek naar de grote vogels die hoog in de lucht vlogen en wilde ook zo kunnen vliegen.

Maar het vogeltje kon niet vliegen, het kon alleen maar rennen. Het rennen ging goed, want het vogeltje kon heel snel rennen. Maar vliegen, nee dat ging niet.

Toen keek het vogeltje naar de grond en dacht: ""Hoe kan ik vliegen als ik niet kan vliegen?"" En zei een oude vogel: ""Kijk naar de wind die door je veren blaast en je zult zien dat je kunt vliegen!""

Daarom rende het vogeltje naar de grond en toen blies de wind door zijn veren en hij vloog. Hij vloog zo hoog dat hij de grote vogels zag en zei: ""Ik kan vliegen!""

Maar toen bleef hij boven in de lucht hangen en dacht: ""Hoe kom ik ooit nog op de grond?"" En toen kwam hij weer naar beneden en rende hij weer naar de oude vogel en zei: ""Ik kan vliegen, maar hoe kom ik dan ooit nog op de grond?"" En de oude vogel zei: ""Dan ren je gewoon!""","Er was eens een kleintje dat hield van spelen met zijn hond. De hond heette Bob en hij was zo leuk. De kleintje en Bob gingen elke dag naar het park. Zijn moeder had hem gezegd dat ze daar af en toe konden gaan. 

Als ze bij de speeltuin waren, speelde de kleintje met de anderen. Ze klommen op de klimrek en sprongen van de trampoline. Bob liep altijd bij hen in de buurt. Hij was altijd aan het kijken, alsof hij dacht: wat doen deze mensen?

Een keer kwam een andere hond, die veel groter was dan Bob, naar de speeltuin. Die hond was heel agressief. Hij begon te blaffen en deed alsof hij wilde aanvallen. De kleintje werd bang en rende weg naar zijn moeder. Bob liep ook weg. 

De kleintje en zijn moeder keken om en zagen dat Bob juist terugkwam naar de speeltuin. Hij zag de grote hond nog steeds blaffen en liep recht op hem af. De grote hond keek even naar Bob, maar deed niets. Hij liep weg en Bob ging terug naar de kleintje.","Er was eens een leuke hond. Deze hond heette Bello. Bello had een vriendje dat een kat was. De kat heette Muis. Bello en Muis gingen samen op avontuur. Ze liepen door het park en zagen een pad dat ze nog niet hadden gezien.

Bello en Muis besloten om dat pad te nemen. Ze liepen en liepen totdat ze weer terug waren bij het begin van het park. Ze zagen een stel kinderen die speelden. Bello en Muis liepen naar ze toe.

Een van de kinderen zei: ""Hé, Bello! Hé, Muis! Hoe gaan ze terug naar huis?"" Bello en Muis keken elkaar aan en dachten: ""Waar we vandaan kwamen."" En toen zei de kat Muis: ""Nee, nee, ze gaan over dat pad.""","Er was eens een jongetje dat heerlijk kon zwemmen. Hij hield van het water en kon eindeloos in het zwembad rondzwemmen. Eén dag ging hij naar de kust, waar hij een prachtige boot zag liggen. De eigenaar van de boot, een zeevogel, zei: ""Ik ben op zoek naar iemand die kan zwemmen. Wil jij mijn boot verkennen?""

Het jongetje nam de uitdaging aan en zwom weg op de boot. Het was een prachtige dag en hij kwam bij het zwembad waar hij eerder al zo vaak was geweest. Daar zwom hij nog even en hij voelde zich zo gelukkig dat hij besloot terug te keren naar de kust. Toen hij daar aankwam, stond de zeevogel hem op te wachten en zei: ""Je hebt echt een goede zwerfsterij gedaan, nu kan ik je die boot verkopen!"""
meta-llama/llama-3.1-8b-instruct,een flashback,"
Je bent een verteller van een kort verhaal (rond de 200 woorden).
Je bent een kind tussen de 4 en 6 en je vertelt een verhaal aan klasgenoten. 
Je publiek bestaat uit kinderen van jouw leeftijd. 
Geef het verhaal geen titel of introductie.
",Vertel een verhaal. Het verhaal moet het volgende narratieve element bevatten: een flashback,"Er was eens een prinsesje dat heette Sophia. Ze woonde in een groot kasteel met haar moeder, de koningin. Sophia hield van paardrijden en kwam nooit uit haar uniform.

Een dag ging Sophia naar de stallen om haar paard, Starlight, te voeren. Toen ze bij de stal was, zag ze een klein, verdwaald konijntje dat in de stal zat. Sophia was heel lief en nam het konijntje mee naar haar moeder.

Maar toen ging Sophia's moeder weg. Ze ging op reis naar een andere land. Sophia was heel verdrietig en had niemand om mee te spelen.

Sophia ging naar de stallen en zocht naar Starlight. Toen ze hem vond, vertelde hij haar een verhaal. ""Hoe lang geleden is dat ik in deze stal kwam?"" vroeg Sophia.

""Dat was vorig jaar,"" zei Starlight.

""Hoe kwam je in deze stal?"" vroeg Sophia.

""Ah,"" zei Starlight. ""Ik kwam hier vorig jaar bij een storm. Mijn moeder was bang en ik moest hier blijven. Maar toen kwam er een klein, lief meisje en voedde me. Dat was jou, Sophia.""

Sophia's ogen werden groot. ""Ik herinner me dat!"" riep ze uit. ""Dat was vorig jaar! Ik was een klein meisje en voedde je!""","Een keer was ik met mijn vriendje Tim bij het strand. We gingen op zondagochtend met onze ouders. Mijn vader zei dat we bij de rotsen mochten gaan graven. Mijn moeder zei dat we eerst moesten eten. En toen zei Tim dat hij de grootste vijand van de vis was.

Ik weet niet waarom, maar hij zei dat hij hem had geëten. En toen zei hij dat ik zijn vriend was en dat ik hem moest helpen. En toen vertelde hij dat hij vroeger een vis was, en dat hij in het water leefde. Hij zei dat hij een prachtige roodborst was met een glinsterende schub. Hij vertelde dat hij met zijn visvrienden zwom en speelde.

Toen vertelde hij dat hij een keer door een net werd gegrepen en dat hij dan werd gevangen. En dat hij dan in het water werd gegooid. Toen vertelde hij dat hij op een dag op het strand belandde en dat hij werd gezien door een jongen en een meisje, Tim en ik. En toen wist hij dat hij nu een vriend was. En hij besloot nooit meer vis te zijn.","Hé, jongens en meisjes! Weet je wat ik gisteren aan het doen was? Ik was met mijn hondje de hond ging heel snel rennen en ik moest hem achterna. Hij rende naar de bakker.

Een keer was ik bij de bakker en ik vroeg aan de bakker: ""Kun je een kasteel maken van kaarsen?"" En de bakker had gelachen en zei: ""Natuurlijk, kleine jongen!"" En toen maakte hij een heel mooi kasteel van kaarsen. Ik was zo blij! Ik wilde dat kasteel heel graag. Maar toen ik naar huis ging, ging mijn hondje de hond verdween en toen ik hem zag, lag hij bij de bakker.

Mijn moeder kocht hem een broodje. Toen we thuis gingen, ging mijn moeder naar boven en toen kwam ze opeens met een groot doosje. ""Wat is dat?"" vroeg ik. ""Het is het kasteel van kaarsen,"" zei mijn moeder. En toen zag ik dat mijn hondje de hond ook bij het kasteel stond. Hij had gelachen toen hij het kasteel zag.","We waren vroeger op vakantie bij mijn opa. Hij had een prachtige tuin met heel veel bloemen. Mijn broertje en zijn beste vriendje, Tim, waren opgesloten in de bloementuin van mijn opa. 

Ze wilden zo graag een beker met bloemen meenemen naar huis, maar mijn opa zei dat dat niet mocht. Dus Tim en mijn broertje probeerden een manier te vinden om de bloemen te krijgen. 

Dan ging de flashback beginnen. Terug in de tijd, naar toen Tim en mijn broertje klein waren. Ze speelden op de speelgoedvliegtuigen in onze tuin. 

Toen werden ze plotseling gestoord door een lawine van bloemen. Ze vlogen door de lucht en vielen op de grond. Tim en mijn broertje hoorden mijn opa lachen en zeiden dat hij weer een heleboel bloemen had gezaaid. 

Zo keken ze even weg van de beker met bloemen. Totdat mijn opa zei: ""Weet je wat? Als jullie het kunnen oplossen, kunnen jullie de beker met bloemen wel meenemen naar huis!"" Dus Tim en mijn broertje probeerden het opnieuw. En toen lukte het ze, ze kregen de beker met bloemen!","Er was eens een konijn genaamd Kwikke. Kwikke was heel snel en kon overal op tijd komen. Maar toen Kwikke nog klein was, was hij heel traag. Hij kon niet eens een stoeptje over zonder hulp van zijn moeder.

Ik herinner me een speciale dag toen Kwikke nog klein was. Hij wilde een appel plukken van een boom, maar hij kon niet op de boom klimmen. Zijn moeder moest hem optillen en hem op de boom zetten. Toen hij op de boom zat, probeerde hij om de appel te plukken, maar hij viel af en viel op zijn achterste.

Mijn moeder lacht altijd als ik dat verhaal vertel. Ze zegt dat Kwikke veel meer op mij lijkt dan ik denk. Maar ik ben nu veel sneller dan Kwikke ooit zal zijn. Ik kan zelfs over de stoeptjes springen!

Toen Kwikke groter werd, werd hij heel snel en kon hij overal op tijd komen. Hij werd zelfs de snelste konijn in de landerijen. En ik? Ik ben ook heel snel, maar ik denk dat ik nog even ingehaald zal worden door mijn broertje."
meta-llama/llama-3.1-8b-instruct,een geneste structuur,"
Je bent een verteller van een kort verhaal (rond de 200 woorden).
Je bent een kind tussen de 4 en 6 en je vertelt een verhaal aan klasgenoten. 
Je publiek bestaat uit kinderen van jouw leeftijd. 
Geef het verhaal geen titel of introductie.
",Vertel een verhaal. Het verhaal moet het volgende narratieve element bevatten: een geneste structuur,"Er was eens een kleine beer die heette Bert. Bert woonde in een grot, maar hij wilde niet alleen zijn. Hij wilde een vriend hebben. Dus ging hij op de vlucht en vond een andere beer, maar deze beer wilde niet met hem praten. Bert vond dat jammer, dus ging hij weer op de vlucht. 

Toen hij doodmoe was, vond hij een hol in de grond. Hij ging naar binnen, maar het was donker. Hij vond een kaars en ging een beetje verder. Vervolgens vond hij een andere hol. Hij ging naar binnen en daar lag zijn beste vriend. Hij had al het hele eind naar de vriend gezocht. Zijn vriend heette Boris. Ze werden dikke vrienden. Bert en Boris gingen samen op avontuur.","Er was eens een prinsesje genaamd Sophia. Zij woonde in een groot kasteel met haar moeder, de koningin. Maar Sophia was niet zoals andere kinderen. Zij had een heel speciale talent: zij kon prachtige kastelen bouwen met haar Lego's.

Sophia's kamer was vol met Lego's, en zij had een hele tijd nodig om een nieuw kasteel te bouwen. Maar als zij eenmaal klaar was, was het kasteel nog niet af. Sophia moest er namelijk ook een verhaal bij schrijven, over de prinsesjes en de ridders die erin woonden.

Zo bouwde Sophia een kasteel met een bezette toren, waarin de slechte heer Rattus zijn schatten bewaarde. Maar dan moest er ook een helderlichte prinses zijn die de toren bestormde en de heer Rattus versloeg. En zo ging het maar door, met meer en meer verdiepingen, tot het kasteel helemaal vol was van prinsesjes, ridders en geesten.

Sophia's Lego-kastelen werden zo mooi en boeiend dat de kinderen in de buurt langskwamen om ze te zien. En Sophia was zo trots op haar werk dat ze geen andere hobby had dan Lego's bouwen.","We waren op een prachtige dag met de klas op een picknick. We hadden ontzettend veel lekkers meegenomen en zaten allemaal op een groot vierkant blad. Het vierkant blad was heel groot en had een klein holletje in het midden. 

Ik had een klein kikkertje gevangen in een klein bakje water. Ik wilde het kikkertje laten ontsnappen uit het bakje en hem in het holletje zetten. Ik deed dat door het water uit het bakje in een kleine kom te scheppen en het kikkertje in de opgeheven kom te doen. 

Ik zette de kom op de rand van de kom en liet het water langzaam in de kom stromen. Toen de kom volliep, liet ik de kom in het holletje van de picknick liggen. Toen het water uit de kom in de kom was gelopen, viel het kikkertje in het holletje en bleef ik met een lege kom zitten.","Er was eens een kleine eendje. Hij had een heel klein nest, dat hij met zijn mama had gebouwd. Het nest zat in een boom, helemaal hoog. Als je er stond, moest je juist recht omhoog kijken.

De eendjes verlieten het nest om te gaan zwemmen. Ze zwommen een stukje af en kwamen bij een rivier. Er stond een eend met een heel groot nest. Hij woonde aan de overkant van de rivier. De kleine eend vroeg die eend: ""Hoe woon je zo? Hoe bouw je zo'n groot nest?""

De eend antwoordde: ""M'n mama bouwde mijn nest. En dan bouwde ik mijn eigen nest. En toen ik dat had, bouwde ik nog een nest. En toen nog een. En dat is hoe ik zo'n groot nest heb gekregen.""

De kleine eend ging terug naar zijn mama en zei: ""Mama, ik ga ook een groot nest bouwen. Net zoals de eend daar."" Zijn mama antwoordde: ""Nee, kleine eend, dat is geen goed idee. Je bouwt een klein nest, zoals we dat nu hebben. En dan kijk je wat er gebeurt.""","Er was eens een prinses met een prachtige grot. Ze had een grot met een mooi kasteel ernaast. Binnen in de grot waren er prachtige schitterende steentjes. De grot had een ondergrondse rivier. 

Als je door de grot liep, kwam je bij een ondergronds meer. Bij het meer zat een oude visserman. Hij vist er in de ondergrondse rivier. De visserman had een kleine bootje. De visserman viste dan met een lange lijn. 

Boven op de grot was er een groen bos. Er zat een hagedis in het bos. De hagedis keek naar beneden in de grot. Hij keek naar de prinses. De prinses en de hagedis werden vrienden. Ze besloten om samen naar de ondergrondse rivier te gaan."
meta-llama/llama-3.1-8b-instruct,meerdere perspectieven,"
Je bent een verteller van een kort verhaal (rond de 200 woorden).
Je bent een kind tussen de 4 en 6 en je vertelt een verhaal aan klasgenoten. 
Je publiek bestaat uit kinderen van jouw leeftijd. 
Geef het verhaal geen titel of introductie.
",Vertel een verhaal. Het verhaal moet het volgende narratieve element bevatten: meerdere perspectieven,"Er was eens een konijn. Hij was heel snel en wist alles over het bos. Hij wist waar de beste plekken waren om appels te vinden en wanneer de vogels hun ei legden. 

De vogel, die de eieren legde, was heel verlegen. Ze was bang dat de andere vogels haar zouden uitlachen omdat ze zo klein was. Maar de konijn vond haar eieren het mooiste dat hij ooit had gezien. Hij had er altijd al een voor zijn eigen kastje willen hebben.

Maar de vogel vond het ook niet leuk dat de konijn haar eieren zo graag wilde hebben. Ze dacht: ""Als hij mijn eieren wil, zal hij me misschien ook aaien."" De konijn had altijd al willen leren hoe hij vogels moest aaien.

Maar toen de vogel het konijn vroeg of hij haar eieren wilde, zei de konijn: ""Nee, ik wil liever je eieren niet, want als ik ze had, zou ik je misschien niet meer aaien.""","Er was eens een prinses met een prachtige rode haar. Zij was heel mooi en iedereen was dol op haar. Maar er was ook een vos die haar heel graag wilde ontmoeten. Hij was heel slim en kon overal naartoe sluipen zonder dat iemand hem zag.

Van de kant van de prinses klonk het: ""Ik wil niet dat iemand me kent. Ik wil alleen zijn."" Maar van de kant van de vos klonk het: ""Ik wil haar ontmoeten, ik wil haar vriend worden. Ik wil haar helpen.""

De vos probeerde de prinses te leren kennen, maar zij liet hem steeds weggaan. Maar de vos gaf niet op. Hij dacht: ""Ze is bang en ik kan haar helpen."" En zo ging de vos opnieuw de prinses opzoeken.

Maar nu was het anders. De prinses was niet bang meer. Zij was een beetje onzeker. En zo konden de vos en de prinses elkaar eindelijk ontmoeten.","Er was eens een konijn genaamd Benny. Hij woonde in een grote tuin met veel appelbomen. Een dag vond Benny een grote en rode appel op de grond. Hij was zo blij en wilde de appel meenemen naar zijn huis.

Maar toen hij de appel oppakte, kwam er een grote haan uit de appel. De haan heette Hans en hij had een vriend genaamd Hennie, die een enorme vogel was. Hans en Hennie hadden de appel gebruikt als schuilplaats.

Benny was zo ontzet dat hij de appel weer op de grond gooide. Hij vluchtte naar zijn huis. Maar toen hij weer terugkwam, stond Hans en Hennie hem op te wachten. Ze waren zo boos op Benny dat ze hem een uitdaging gaven: ""Als je de appel weer kan vinden, mag je de appel houden.""

Benny was zo blij dat hij de appel weer wilde vinden. Hij zocht overal op de tuin. Uiteindelijk vond hij de appel in een grote hoop bladeren. Hij pakte de appel op en was zo blij. Hij kreeg de appel en hij leerde dat soms als je iets geeft, je het later nog terugkrijgt.","Er was eens een bakker en een zombie. Ze woonden allebei in hetzelfde dorp. De bakker, hij heette Piet, maakte de lekkerste appelcakejes van heel het land. De zombie, hij heette Bob, was niet zo gezellig. Hij eten iedereen die hij tegenkwam.

Een keer kwam Piet langs de kant van de straat, toen hij zijn fiets opruimde. Hij zag Bob, die met een hongerig gezicht naar hem starede. Piet voelde een rilling over zijn rug en hij ging snel naar huis.

Maar toen Piet thuiskwam, zag hij dat zijn beste vriend, Tom, door Bob was gegrepen. Tom werd een zombie, net als Bob. Piet was heel bang en hij wist niet wat hij moest doen.

Hij ging naar de overkant van de straat en zag een oud vrouwtje kijken naar de twee zombies. Ze glimlachte en zei: ""Het is niet altijd zo dat zombies slecht zijn. Misschien is Bob wel een gozer die graag cakejes wil eten.""","Er was eens een prinses die een koninkrijk heette. Ze was mooi en lief. Ze had een hondje dat zijn naam was Max. Max was een hondje dat dol was op spelen.

Een dag ging de prinses naar de boomgaard om appels te plukken. Max ging met haar mee. Toen ze bij de appelboom waren, kwam er een beer uit de bos. De beer was een beetje verdwaald en vond zichzelf in de boomgaard.

De prinses zei: ""O, ik weet waar je moet zijn! Je moet naar het bos terug!"" De beer glimlachte en zei: ""Dank je wel, prinses. Ik voel me veel beter nu."" Max knuffelde de beer en zei: ""Ik ben blij dat je veilig bent!"" 

De beer ging terug naar het bos en de prinses ging naar huis. Ze vertelde haar moeder, de koningin, over de beer. De koningin zei: ""Wat lief van je om de beer te helpen, lieve prinses."""
meta-llama/llama-3.1-8b-instruct,een cliffhanger,"
Je bent een verteller van een kort verhaal (rond de 200 woorden).
Je bent een kind tussen de 4 en 6 en je vertelt een verhaal aan klasgenoten. 
Je publiek bestaat uit kinderen van jouw leeftijd. 
Geef het verhaal geen titel of introductie.
",Vertel een verhaal. Het verhaal moet het volgende narratieve element bevatten: een cliffhanger,"Er was eens een leeuw met een prachtige gouden vacht. Hij woonde in een groot savannegebied met veel dieren. De leeuw heette Leo en hij was de koning van de savanne. Leo had een vriend, een kikker die zijn naam was Kiko. Kiko was klein maar hij was super slim.

Een dag ging Kiko met Leo op jacht. Zij zochten naar een lekker stuk vlees om te eten. Toen zij door het savannegebied liepen, hoorden ze een enorme donder. Het was heel hard en de grond begon te beven. Kiko en Leo keken omhoog en zagen een enorme grot in de lucht verschijnen. De grot was heel groot en er kwam een donkere wolk uit.

""Oei, wat is dat?"" vroeg Kiko. ""Ik weet het niet"", zei Leo. En toen verdween de grot in de lucht. De wolken werden donker en het begon te regenen. Kiko en Leo keken elkaar aan en ze besloten om naar de grot te gaan om te zien wat er gebeurde. Maar toen ik ze zag, waren ze al bijna bij de grot...","Er was eens een prinses met een rood haartje. Ze woonde in een grote kasteel met een grote tuin vol met bloemen en een groot meer. De prinses ging vaak naar de tuin, want daar kon ze een eend vinden die ze heel graag zag. De eend heette Eddy en hij was heel lief.

Maar op een dag ging Eddy niet naar de tuin. De prinses was heel verdrietig en ging op zoek naar Eddy. Ze zocht overal in de tuin, maar hij was nergens te vinden. Toen zag ze een klein spoor in het gras. Haar hart begon snel te kloppen. Wat was er gebeurd met Eddy?

De prinses volgde het spoor en kwam bij een grote boom. Daar zag ze een klein gat in de boom. Ze keek erin en zag Eddy aan het andere einde van het gat. Maar hij zat vast! De prinses probeerde Eddy te helpen, maar ze kon hem niet bevrijden. En toen...","Er was eens een prinsesjes die heette Prinses Sophie. Zij woonde in een groot kasteel in het bos. Sophie was heel lief en had een paard genaamd Starlight. Ze ging elke dag met Starlight naar school. 

Sophie's beste vriendin was een meisje genaamd Emma. Ze waren altijd samen op speelplein. Sophie en Emma waren erg dol op avonturen. Eén keer vonden ze een geheim ingang in het kasteel. De ingang was verborgen achter een grote kast. 

Zonder te denken besloten Sophie en Emma om de ingang te onderzoeken. Ze gingen erdoorheen en kwamen in een lange, donkere gang. Plotseling hoorden ze een luide stem. ""Welkom, Sophie!"" riep de stem. ""Je bent precies op tijd voor de grote plechtigheid."" Sophie's hart begon sneller te kloppen. Wat betekende dat? En wat was die grote plechtigheid? Sophie keek naar Emma en zei: ""Laten we naar boven gaan en kijken wat er gebeurt.""","Er was eens een prinses met een paard dat heel snel kon rennen. Ze heette Prinses Zonnebloem en zij had een mooi paard genaamd Zonnepoet. Ze gingen vaak op avontuur en bezochten veel plekken in het land.

Een dag kwamen ze in een donkere woud. Ze zagen een spinnetje hangen in een boom. Het spinnetje riep: ""Houd op, Prinses Zonnebloem en Zonnepoet! Als jullie hier omhoog willen komen, moet jullie eerst mijn puzzel oplossen!""

Prinses Zonnebloem en Zonnepoet zagen de puzzel. Het was een moeilijke puzzel waarbij je alle letters moest combineren om een woord te maken. Ze probeerden het een tijdje, maar ze konden het niet oplossen.

En dan... hoorde Prinses Zonnebloem plotseling een stem achter zich. ""Hallo, Prinses Zonnebloem... ik zie dat je in moeilijkheden zit. Ben je dat niet?"" Ze keek om en zag...","Er was eens een prinses met een prachtige parel in haar oor. Ze woonde in een mooi kasteel met een grote tuin. De prinses had een lieve pony en ze ging vaak met haar pony rijden door de tuin.

Een dag ging de prinses met haar pony een stukje verder in de tuin dan ze ooit eerder was geweest. Ze zag een oude toren die ze nog nooit had gezien. Ze wilde erachter komen wat erin zat, dus ze ging er met haar pony naartoe.

Toen ze bij de toren was, ging ze naar binnen. Het was heel donker en stil. Plotseling hoorde ze een stem die zei: ""Hallo, prinses. Ik wacht op je."" De prinses keek om zich heen, maar ze zag niemand. Toen hoorde ze de stem nog eens, en deze keer klonk het dichterbij.

En toen... ging het licht uit."
meta-llama/llama-3.1-8b-instruct,contrast (juxtapositie),"
Je bent een verteller van een kort verhaal (rond de 200 woorden).
Je bent een kind tussen de 4 en 6 en je vertelt een verhaal aan klasgenoten. 
Je publiek bestaat uit kinderen van jouw leeftijd. 
Geef het verhaal geen titel of introductie.
",Vertel een verhaal. Het verhaal moet het volgende narratieve element bevatten: contrast (juxtapositie),"Ik woon in een klein dorpje met mijn hondje Rufus. Het dorpje is heel klein, we hebben een kleine supermarkt, een klein café en een school. Maar vlakbij ons dorpje is een groot en lelijk industriegebied. Daar is het heel donker en het stinkt naar zwarechemicaliën.

Een dag besluit ik met Rufus op avontuur te gaan. We gaan naar het industriegebied om te zien wat daar te vinden is. Onderweg steken we een grote, groene bos door. Het is heel mooi en het ruikt naar bloemen en gras. Rufus rent rond en blaft van plezier.

Toen we aankomen bij het industriegebied, is het heel anders. Het is heel donker en het stinkt naar zware chemicaliën. Rufus begint te huilen en ik voel me niet zo goed ook. Maar ineens zien we een groep nachtrustvogels. Ze zitten op een grote, roestige tank en maken heel veel geluid. Het is heel mooi en het doet me denken aan de bos. Rufus stopt met huilen en begint te spelen met de vogels.","Er was eens een prinsesje die woonde in een groot, donker kasteel. Ze hadden geen ramen en geen licht, alleen maar donkere gangen en trappen. Maar de prinsesje was niet bang, want ze had een speciale gift: ze kon praten met dieren.

Een dag kwam een prachtig vogeltje naar het kasteel. Het vogeltje was zo helderblauw als de lucht op een zonnige dag en had vleugels die glansden als de zee. Het vogeltje vroeg aan de prinsesje of ze wilde met hem mee naar de zonnige tuinen buiten het kasteel. De prinsesje was heel blij en samen vlogen ze naar buiten waar de zon scheen en de bloemen bloeiden.

Het was zo anders dan in het kasteel. De prinsesje had nooit eerder zoveel kleur en licht gezien. Ze speelden met de vogeltje in de tuin en dansten onder de bloemen. De prinsesje was zo blij dat ze besloot om naar buiten te gaan en nooit meer naar binnen te gaan.","Er was eens een prinses die woonde in een kasteel in de bergen. Het kasteel was heel donker en koud, en de prinses had geen vrienden om mee te spelen.

Maar toen ze een dag uit het kasteel kwam, zag ze een prachtig zonnetje schijnen en een prachtige bloembedden bloeien in de tuin. Ze zag een vriendelijke konijn die haar begroette en een paar vogeltjes die om haar heen vlogen.

Ze besloot om naar de tuin te gaan en met de vogeltjes en de konijn te spelen. Omdat het zonnetje schijnde ging ze naar de waterbron om een drankje te halen. 

Toen ze weer terugkwam had ze een idee. Ze ging naar de donkere kamer van het kasteel en schilderde alle ramen zo dat de zon schijnt bijna op alle delen van het kasteel. Nu had ze vrienden in de tuin, vrienden in de kamer en vrienden die ze had ontmoet later dat jaar.","Er was eens een konijntje dat woonde in een prachtig, groot bos. Het bos was vol met bloemen, bomen en een rivier waar het konijntje graag langs liep. Het water was kalm en glinsterde in de zon. 

Een dag kwam een harde storm. De wind blies hard en de regen viel zwaar. De rivier begon snel te stromen en de wateren liepen over. Het konijntje probeerde naar zijn lekkere schuilplaats te vluchten maar die was bezet door een groep grote, vluchtende vogels. Ze maakten veel herrie en de vogels waren bang voor de storm. 

Het konijntje wist niet wat te doen. Het wilde naar binnen vluchten, maar de vogels lieten dat niet toe. Het stond daar en huilde. Toen pas zag het de stroom van water dat van de berg af stroomde en in het bos stroomde. Dat maakte de rivier zelfs nog breder. 

Het konijntje keek omhoog naar zijn vriend, een oude eik. Zijn wortels werden in het water gedrukt en de boom dreigde door de stroming om te vallen. Het konijntje liep snel naar de boom toe en zei: ""Ik help u!""","Er was eens een klein koninkrijk met een prachtige kasteel. Het kasteel was zo mooi dat het leek op een echte parel. Maar vlakbij dat kasteel lag een grote, vuile vuilnisbelt. Daar zaten allemaal vieze afvalbakken vol met afval.

In het kasteel woonde een prinses die heerlijk at en leefde. Ze had de mooiste jurken en schoenen. Maar buiten het kasteel, in de vuilnisbelt, woonde een kleine meid. Ze had niets, geen jurk, geen schoenen, geen eten. Ze at afval en sliep in een vuilnisbak.

Toen de prinses een keer op stap ging, ziet ze de kleine meid. Ze voelt zich verdrietig. Ze wil de kleine meid helpen. Ze loopt naar haar toe en zegt: ""Kleintje, kom met me mee naar het kasteel. Daar kom je aan je trekken en krijg je mooie kleren."""
meta-llama/llama-3.1-8b-instruct,climax-structuur,"
Je bent een verteller van een kort verhaal (rond de 200 woorden).
Je bent een kind tussen de 4 en 6 en je vertelt een verhaal aan klasgenoten. 
Je publiek bestaat uit kinderen van jouw leeftijd. 
Geef het verhaal geen titel of introductie.
",Vertel een verhaal. Het verhaal moet het volgende narratieve element bevatten: climax-structuur,"Er was eens een leuke haas genaamd Floppy. Floppy was super snel en kon overal heen springen. Hij had een vriend genaamd Babs, een konijn die fantastische dingen kookte.

Een dag wilden Floppy en Babs naar het grote feest van de dieren in het bos. Maar er was een probleem: het feest was al vol en ze mochten niet naar binnen. Ze wilden zo graag naar binnen, maar de poort was dicht.

Toen probeerden ze iets heel speciaals: Floppy sprong zo hard hij kon, terwijl Babs aan de poort trok. En plotseling... de poort ging open. Ze konden naar binnen! Iedereen was zo blij voor Floppy en Babs dat ze met een grote fanfare werden ontvangen. Ze dansten en aten met de andere dieren, wat een fantastische avond was!","Er was eens een kleine rups genaamd Rosie. Ze woonde in een grote tuin vol met bloemen. Rosie was heel nieuwsgierig en wilde dolgraag leren vliegen zoals de vlinders.

Een dag besloot Rosie dat ze genoeg was van gewoon rond te kruipen. Ze ging naar een oude vlinder en vroeg of hij haar kon leren vliegen. De oude vlinder zei: ""Het is niet gemakkelijk, maar als je wilt kunnen we beginnen.""

Rosie leerde van de oude vlinder hoe ze haar vleugels moest gebruiken. Eerst ging het niet goed, ze viel telkens om. Maar Rosie gaf niet op. Ze oefende elke dag en werd steeds beter.

Maar om echt te vliegen moest Rosie haar vleugels uitvliegen. Ze was bang, maar de oude vlinder zei: ""Als je dit niet doet, zul je nooit echt leren vliegen."" Rosie haalde diep adem en deed het. Met een grote sprong vloog Rosie voor het eerst van haar leven.","Er was eens een konijn genaamd Kiki. Kiki was een beetje bang voor donker en ging nooit naar de grot in het bos. De grot was echter de enige plek waar de beste appels groeiden.

Kiki had honger en wilde zo graag een appel eten. Haar vriendin, een muizenetje genaamd Mia, vertelde haar dat de appels in de grot het lekkerst waren. Kiki was bang, maar Mia beloofde haar dat ze samen zouden gaan en dat Mia haar zou beschermen.

Kiki en Mia gingen naar de grot en liepen door de donkere gangen. Kiki begon te trillen en Mia moest haar vasthouden. Opeens hoorden ze een luide lawaai. Het was een grote beer die uit de schaduwen tevoorschijn kwam.

Mia sprong voor Kiki en begon te krijsen om de beer af te leiden. Kiki kon wegrennen en vond de appels. Ze aten een appel en waren zo tevreden. Kiki was zo dankbaar voor Mia en beloofde dat ze nooit meer bang zou zijn voor donker.","Er was eens een duif. Die duif was heel snel. Hij kon zo hard vliegen dat hij bijna met de vliegtuigen omhoog kon vliegen. De duif was echt super snel.

De duif woonde in een groen park. Daar was een prachtig meer. De duif hield van verdwaalden visjes op het meer. Hij wist dat als hij snel genoeg kon vliegen, hij een visje kon vangen.

De andere duiven in het park wilde ook visjes vangen. Dus de duif deed een wedstrijd met de andere duiven. Die duiven vlogen heel hard. Maar de duif was het snelst. Hij vloog zo hard dat hij echt bijna met de vliegtuigen omhoog vloog.

De duif vloog zo snel dat hij voor alle andere duiven uitkwam. Alle duiven waren heel trots op hem want hij had de wedstrijd gewonnen. Hij was echt een super duif.","Er was eens een konijn dat heette Fluffy. Fluffy was heel snel en had grote oren. Hij woonde in een prachtig bos vol met zonnebloemen en rozen.

Fluffy hield van het bos en speelde daar elke dag. Maar hij was bang voor een grote hond die in de buurt woonde. De hond heette Rex en hij was heel groot en heel stout.

Een dag besloot Fluffy om een wedstrijd te organiseren. Hij zou tegen Rex rennen en de eerste die bij de boom aan de andere kant van het bos aankwam zou winnen. Fluffy was heel bang, maar hij besloot dat hij het moest proberen.

Fluffy en Rex stonden bij de start en Fluffy begon te rennen. Hij was heel snel, maar Rex was ook heel snel. Ze renden allebei zo hard mogelijk en het was heel spannend.

Maar toen ze bijna bij de boom waren, viel Fluffy en hij kon niet meer opstaan. Rex won de wedstrijd en Fluffy was heel teleurgesteld."
